vendor_id,vendor_name,roadmap_url,roadmap_title,roadmap_type,publish_date,last_verified_date,coverage_notes,downloadable,local_file,status,deprecated_at,deprecated_reason
VND-001,Amazon Web Services Inc.,https://aws.amazon.com/about-aws/whats-new/2026/04/aws-secrets-manager-post-quantum-tls/,AWS Secrets Manager Hybrid Post-Quantum TLS,official_doc,2026-04,2026-08-11,"AWS Secrets Manager Agent (v2.0.0+), Lambda Extension (v19+), Secrets and Configuration Provider (v2.0.0+), and SDKs (Rust, Go, Node.js, Kotlin, Python, Java v2) now support hybrid post-quantum TLS combining classical key exchange with ML-KEM. GA; no code/config changes required for clients already on the latest versions. (Apr 2026)",yes,vendor-roadmaps/VND-001_Amazon_Web_Services_Inc.html,active,,
VND-002,Apple Inc.,https://support.apple.com/guide/security/quantum-secure-cryptography-apple-devices-secc7c82e533/web,Quantum-secure cryptography in Apple operating systems,official_doc,2026-01-28,2026-07-01,(2026-07-01: page content has materially expanded since original 2024-02-21 capture -- re-archived.),yes,vendor-roadmaps/VND-002_Apple_Inc..html,deprecated,2026-07-12,"Scope arbitration (qwen3.6:27b, run vendor-roadmap-scope-arbitration full sweep): DUPLICATE — matches existing pqc_product_catalog row for 'iOS 26 / macOS 26' (same/near-identical URL). Not a company-wide roadmap."
VND-005,BlackBerry Limited,https://www.prnewswire.com/news-releases/blackberry-and-nxp-join-forces-to-help-companies-prepare-for-and-prevent-y2q-post-quantum-cyber-attacks-301554427.html,BlackBerry & NXP: Preparing Against Y2Q Post-Quantum Cyber Attacks (Certicom + QNX),press_release,2022-05-25,2026-06-06,"BlackBerry has no single consolidated PQC roadmap page; its PQC work runs through the Certicom division and QNX. Official BlackBerry/NXP press release describes Certicom Code Signing & Key Management Server using CRYSTALS-Dilithium (ML-DSA) for quantum-resistant code/firmware/OTA signing and SBOMs on NXP S32G; QNX secure boot uses quantum-safe signatures. BlackBerry/Certicom states it is deploying finalized NIST standards (ML-KEM, ML-DSA, SLH-DSA, HQC). | Milestone: BlackBerry Certicom Code Signing and Key Management Server uses CRYSTALS-Dilithium (ML-DSA) for quantum-resistant secure boot, fi",yes,vendor-roadmaps/VND-005_BlackBerry_Limited.html,deprecated,2026-07-12,"Scope arbitration (qwen3.6:27b, run vendor-roadmap-scope-arbitration full sweep): DUPLICATE — matches existing pqc_product_catalog row for 'BlackBerry QNX Hypervisor 8.0 for Safety' (same/near-identical URL). Not a company-wide roadmap."
VND-008,Cisco Systems Inc.,https://blogs.cisco.com/security/preparing-for-post-quantum-cryptography-the-secure-firewall-roadmap,Cisco Secure Firewall: Post-Quantum Cryptography Roadmap,official_doc,2026-04-13,2026-06-06,"Cisco Secure Firewall PQC roadmap: ML-KEM arrives in FTD 10.5 / ASA 9.25 (GA late 2026) for IPsec VPN and SKIP key management; ML-DSA and SLH-DSA planned for FTD/ASA 11.0 in H2 2027 with broader TLS decryption, Remote Access VPN and management access. Driven by NSA NSS Jan 2027 purchase requirements and CNSA 2.0 deadlines through 2035. Broader Cisco PQC spans IOS XE/XR, Meraki, Webex, AnyConnect. | Milestone: ML-KEM in Secure Firewall Threat Defense (FTD) 10.5 and ASA 9.25 targeted GA late 2026 (IPsec VPN + SKIP key management); ML-DSA/SLH-DSA planned for FTD/ASA 11.0 in H2 CY2027 with broader",yes,vendor-roadmaps/VND-008_Cisco_Systems_Inc..html,deprecated,2026-07-12,"Scope arbitration (qwen3.6:27b, run vendor-roadmap-scope-arbitration full sweep): DUPLICATE — matches existing pqc_product_catalog row for 'Cisco ASA (Adaptive Security Appliance' (same/near-identical URL). Not a company-wide roadmap."
VND-012,DigiCert Inc.,https://www.digicert.com/post-quantum-cryptography,DigiCert Post-Quantum Cryptography — Trust Lifecycle Manager,product_page,2025-01-01,2026-06-06,"DigiCert PQC product page centered on Trust Lifecycle Manager (DigiCert ONE) and crypto-agility: discover, inventory and manage certificates at scale to prepare for ML-KEM/ML-DSA migration. Supporting resources include PQC test servers/playgrounds (DigiCert Labs), a 'PQC for Dummies' ebook and readiness webinars. Page is undated and gives no explicit per-algorithm GA timeline. | Milestone: DigiCert positions Trust Lifecycle Manager (DigiCert ONE) for crypto-agility — continuous certificate discovery/inventory and at-scale management to enable transition to NIST ML-KEM/ML-DSA; provides PQC test",yes,vendor-roadmaps/VND-012_DigiCert_Inc..html,deprecated,2026-07-12,"Scope arbitration (qwen3.6:27b, run vendor-roadmap-scope-arbitration full sweep): DUPLICATE — matches existing pqc_product_catalog row for 'DigiCert Trust Lifecycle Manager' (same/near-identical URL). Not a company-wide roadmap."
VND-013,Entrust Corporation,https://www.entrust.com/solutions/post-quantum-cryptography,Entrust Post-Quantum Cryptography Solutions,official_doc,2024-01-01,2026-06-06,"Entrust PQC solutions page covering nShield HSMs, KeyControl, PKI and Certificate Services, and identity solutions for the quantum-safe transition (NIST ML-KEM/ML-DSA). Content could not be re-read this pass due to a server block. | Milestone: Entrust quantum-safe portfolio across nShield HSMs, KeyControl, PKI/Certificate Services and identity solutions supporting NIST ML-KEM/ML-DSA; specific dated milestones not confirmable this pass.",yes,vendor-roadmaps/VND-013_Entrust_Corporation.html,deprecated,2026-07-12,"Scope arbitration (qwen3.6:27b, run vendor-roadmap-scope-arbitration full sweep): DUPLICATE — matches existing pqc_product_catalog row for 'Entrust PKI' (same/near-identical URL). Not a company-wide roadmap."
VND-014,F5 Networks Inc.,https://www.f5.com/company/blog/f5-big-ip-v21-1-is-now-generally-available-bringing-pqc-and-ai-security-enhancements,F5 BIG-IP v21.1 GA: Post-Quantum Cryptography & AI Security Enhancements,blog_post,2026-05-06,2026-06-06,"F5 PQC readiness: BIG-IP began hybrid X25519+ML-KEM-768 TLS 1.3 in v17.5.0/17.5.1; v21.1 (GA 2026-05-06) adds FIPS 203 ML-KEM hybrid cipher groups SecP256r1ML-KEM-768 and SecP384r1ML-KEM-1024 for client/server TLS and quantum-resistant TLS/SSL VPN tunneling. NGINX Plus enables PQC for APIs/microservices; SSL Orchestrator centralizes quantum-safe management; F5 Distributed Cloud included. | Milestone: BIG-IP v21.1 (GA May 2026) adds NIST FIPS 203 ML-KEM hybrid cipher groups SecP256r1ML-KEM-768 and SecP384r1ML-KEM-1024 for client- and server-side TLS, plus quantum-resistant TLS/SSL VPN tunneling",yes,vendor-roadmaps/VND-014_F5_Networks_Inc..html,deprecated,2026-07-12,"Scope arbitration (qwen3.6:27b, run vendor-roadmap-scope-arbitration full sweep): DUPLICATE — matches existing pqc_product_catalog row for 'F5 BIG-IP' (same/near-identical URL). Not a company-wide roadmap."
VND-016,Fortinet Inc.,https://www.fortinet.com/solutions/quantum-security,Fortinet Quantum Security Solutions,official_doc,2025-07-22,2026-07-01,,yes,vendor-roadmaps/VND-016_Fortinet_Inc..html,deprecated,2026-07-12,"Scope arbitration (qwen3.6:27b): SINGLE_PRODUCT_NEW — Although the title suggests a portfolio-wide strategy, the extracted evidence explicitly limits the scope to 'FortiOS' and describes features native to that specific operating system, which is already covered by existing product-level entries. Supplementary evidence appended to existing pqc_product_catalog row 'fortinet-fortios'."
VND-017,Futurex Inc.,https://www.futurex.com/news/futurex-announces-post-quantum-hybrid-certificate-authority-solution,Futurex Post-Quantum Hybrid Certificate Authority Solution,blog_post,2020-02-20,2026-08-11,"(2026-07-01: verified publish date is 2020-02-20 (KMES Series 3 announcement), not 2026-06-05 as previously recorded; page shows a 2024-09-20 republish stamp but no new content. No more-current Futurex PQC announcement found.)",yes,vendor-roadmaps/VND-017_Futurex_Inc..html,active,,
VND-018,Google LLC,https://cloud.google.com/security/resources/post-quantum-cryptography,Google Cloud Post-Quantum Cryptography,official_doc,2025-10-01,2026-08-12,"Google Cloud PQC: ML-KEM migrated for internal/network traffic and default Cloud network encryption; Cloud KMS quantum-safe digital signatures (ML-DSA-65, SLH-DSA-SHA2-128S) preview Feb 2025 and KEM support preview Oct 2025, committing to FIPS 203/204/205 in both Cloud KMS (software) and Cloud HSM (hardware). Implementations open-sourced via BoringCrypto/BoringSSL and Tink (HPKE for Java/C++/Go/Python). Chrome and Android PQC support. Infra connection rollout targeted 2026. | Milestone: Quantum-safe KEMs in Cloud KMS in preview (Oct 2025); quantum-safe digital signatures (ML-DSA-65, SLH-DSA-SH",yes,vendor-roadmaps/VND-018_Google_LLC.html,active,,
VND-019,IBM Corporation,https://research.ibm.com/blog/quantum-safe-roadmap,IBM Quantum-Safe Roadmap,blog_post,2023-05-10,2026-08-11,"IBM Quantum-Safe Roadmap (page dated 2023-05-10, unchanged) outlines crypto-agility via the IBM Quantum Safe portfolio: Explorer (code scanning / cryptographic artifact discovery), Advisor (posture & compliance analysis, CBOM), and Remediator (test/implement hybrid quantum-safe remediation). Phased path: inventory (2023), adopt NIST standards (2024), CNSA 2.0 preference (2025). Also Guardium, z/OS, OpenSSL integrations. | Milestone: IBM Quantum Safe Explorer/Advisor/Remediator for crypto inventory (CBOM), risk analysis, and hybrid quantum-safe remediation; aligned to NIST 2024 standards and 20",yes,vendor-roadmaps/VND-019_IBM_Corporation.html,active,,
VND-021,Infineon Technologies AG,https://www.infineon.com/promo/postquantumcryptography,Infineon Post-Quantum Cryptography,official_doc,2025-10-15,2026-08-12,"Infineon PQC hub: SLC27 security controller (TEGRION family, Integrity Guard 32) launched Oct 2025 with Common Criteria-certified PQC library (ML-KEM, ML-DSA), crypto-agility and in-field updates, hardened against fault/side-channel. PSOC Control C3 Performance Line samples by end-2025, production 2026 adding ML-DSA on-device key gen/signing and ML-KEM for TLS. Automotive MCUs upgraded for PQC; LMS support. | Milestone: SLC27 PQC-certified contactless/dual-interface security controller launched Oct 2025 with CC-certified ML-KEM + ML-DSA crypto library (TEGRION family, Integrity Guard 32); PSOC",yes,vendor-roadmaps/VND-021_Infineon_Technologies_AG.html,active,,
VND-024,Keyfactor Inc.,https://www.keyfactor.com/post-quantum-cryptography-lab/,Keyfactor Post-Quantum Cryptography Lab,official_doc,2023-06-21,2026-08-11,"Keyfactor PQC Lab is a resource hub (webinars, sandboxed test envs, toolkits) emphasizing crypto-agility ahead of the 2035 deadline. EJBCA 9.1 and SignServer 7.1 add quantum-safe algorithms (Dilithium/ML-DSA, SPHINCS+/SLH-DSA, Falcon) via Bouncy Castle APIs; Keyfactor Command for certificate lifecycle/IoT PKI; ACME support. Free trials on Azure Marketplace. | Milestone: EJBCA 9.1 and SignServer 7.1 deliver PQC: issuance/signing with ML-DSA (Dilithium), SLH-DSA (SPHINCS+) and Falcon via Bouncy Castle; Command available for crypto-agile PKI/cert lifecycle",yes,vendor-roadmaps/VND-024_Keyfactor_Inc..html,active,,
VND-025,The Legion of the Bouncy Castle Inc.,https://www.bouncycastle.org/resources/latest-nist-pqc-standards-and-more-bouncy-castle-java-1-79/,Bouncy Castle: NIST PQC Standards Support (Java 1.79+),blog_post,2024-10-31,2026-06-06,"Bouncy Castle Java 1.79 (released 2024-10-31) adds the finalized NIST PQC algorithms ML-KEM, ML-DSA and SLH-DSA, CMS KEM support (RFC 9269), enhanced OpenPGP (Argon2, v6 sigs), and draft Composite Signatures / Delta-Chameleon support for migration planning. PQC Almanac provides Java and C# (.NET) migration guidance. | Milestone: Bouncy Castle Java 1.79 ships finalized NIST PQC: ML-KEM, ML-DSA, SLH-DSA; CMS KEM support per RFC 9269; draft Composite Signatures and Delta/Chameleon for migration testing",yes,vendor-roadmaps/VND-025_The_Legion_of_the_Bouncy_Castle_Inc..html,deprecated,2026-07-12,"Scope arbitration (qwen3.6:27b): SINGLE_PRODUCT_NEW — The evidence details specific PQC algorithm support (ML-KEM, ML-DSA, SLH-DSA) in Bouncy Castle Java 1.79, which is a materially different and more detailed product-level update than the existing entries that only list release versions without PQC specifics. Supplementary evidence appended to existing pqc_product_catalog row 'bouncy-castle-java'."
VND-027,Microsoft Corporation,https://www.microsoft.com/en-us/security/blog/2026/06/30/microsoft-advances-quantum-safe-security-as-the-risk-timeline-shifts/,Accelerating the quantum-safe timeline | Microsoft Security Blog,official_doc,2026-06-30,2026-08-11,"Microsoft has committed to transitioning critical products and services to post-quantum cryptography by 2029, incorporating PQC requirements into its Secure Future Initiative (SFI). Product-level rollout detail not yet specified in this source. (Jun 2026 blog post)",yes,vendor-roadmaps/VND-027_Microsoft_Corporation.html,active,,
VND-028,NXP Semiconductors N.V.,https://www.nxp.com/company/about-nxp/smarter-world-blog/BL-POST-QUANTUM-SECURITY-WITH-FRODOKEM,Conservative Post-Quantum Security with FrodoKEM,blog_post,2023-05-24,2026-08-11,"(2026-07-01: original URL (BL-NXP-STANDS-POST-QUANTUM-CRYPTOGRAPHY) returns HTTP 404; replaced with a current, confirmed-live NXP PQC blog post.) (2026-07-01 r1: publish_date corrected 2025-11-18 -> 2023-05-24 per JSON-LD datePublished and visible ""May 24, 2023"" byline in the archived HTML; 2025-11-18 is the page dateModified. url_needs_review: roadmap_url returns HTTP 404 to automated checks (WebFetch + browser-UA curl), but nxp.com serves 404 to ALL automated fetches including the homepage (bot blocking), so liveness could not be verified programmatically; the URL remains the canonical search-indexed location and no relocated/alternate URL for the same FrodoKEM post was found. Archived HTML in local_file is the durable proof.)",yes,vendor-roadmaps/VND-028_NXP_Semiconductors_N.V..html,active,,
VND-029,Oracle Corporation,https://blogs.oracle.com/security/post-quantum-cryptography,Preparing for Post Quantum Cryptography | Oracle Security,blog_post,2025-11-18,2026-08-11,"Discusses challenges of adopting post-quantum cryptography, including the need for standards, interoperability, and new APIs, and addresses risks like ""harvest now and decrypt later"" attacks on data at rest and in transit.",yes,vendor-roadmaps/VND-029_Oracle_Corporation.html,active,,
VND-030,PQShield Ltd.,https://pqshield.com/products/pqc-sdk/,PQShield PQCryptoLib-SDK: ML-KEM and ML-DSA,official_doc,2025-09-01,2026-06-06,"PQShield's PQCryptoLib-Core is FIPS 140-3 CMVP-certified (ML-KEM/FIPS 203 + ML-DSA/FIPS 204, hybrid ECDH+ML-KEM) and listed on NIST's Implementation Under Test list. Product family: PQCryptoLib-SDK (OpenSSL 3.x integration), PQMicroLib-Core, hardware IP cores (PQPlatform-CoPro, PQPerform-Flare/Inferno/Flex), PQE2E messaging. FIPS 203/204/205 coverage. | Milestone: PQCryptoLib-Core achieved FIPS 140-3 CMVP certification (incl. ML-KEM FIPS 203 + ML-DSA FIPS 204 and hybrid ECDH+ML-KEM); now progressing on NIST IUT/MIP list toward expanded validation.",yes,vendor-roadmaps/VND-030_PQShield_Ltd..html,deprecated,2026-07-12,"Scope arbitration (qwen3.6:27b): SINGLE_PRODUCT_NEW — The evidence focuses specifically on the PQCryptoLib-SDK and its core library, which is a distinct product entry from the existing 'PQShield PQSDK' catalog item, and does not constitute a company-wide roadmap. Supplementary evidence appended to existing pqc_product_catalog row 'pqshield-pqsdk'."
VND-031,Palo Alto Networks Inc.,https://docs.paloaltonetworks.com/network-security/quantum-security/administration/quantum-security-concepts/post-quantum-migration-planning-and-preparation,Palo Alto Networks Post-Quantum Migration Planning and Preparation,official_doc,2026-05-26,2026-08-12,"Official PQC migration planning guidance (updated May 2026). Five-step migration framework (resources, responsibilities, crypto inventory, evaluation/testing, monitoring) and Mosca model for urgency. Quantum-resistant IKEv2 VPNs on PAN-OS 11.1+ via RFC 8784, plus RFC 9242/9370 multi/hybrid key exchange; Quantum-Safe Security app for cryptographic inventory. | Milestone: PAN-OS 11.1+ quantum-resistant IKEv2 VPNs via RFC 8784 (immediate priority), with RFC 9242/9370 for multiple/hybrid IKEv2 key exchanges; Quantum-Safe Security app for crypto inventory.",yes,vendor-roadmaps/VND-031_Palo_Alto_Networks_Inc..html,deprecated,2026-07-12,"Scope arbitration (qwen3.6:27b): SINGLE_PRODUCT_NEW — The evidence describes a migration planning framework and specific technical implementations (IKEv2 VPNs, RFC 8784) that are primarily scoped to PAN-OS and its associated Quantum-Safe Security app, rather than a distinct company-wide strategy covering multiple unrelated product lines. Supplementary evidence appended to existing pqc_product_catalog row 'palo-alto-pan-os'."
VND-032,Red Hat Inc.,https://www.redhat.com/en/blog/building-levee-why-red-hats-post-quantum-strategy-already-production,Building the levee: Red Hat's post-quantum strategy is already in production,blog_post,2026-05-20,2026-08-11,(2026-07-01: corrected publish_date from 2025-05-01 to 2026-05-25 per the byline on the live page.),yes,vendor-roadmaps/VND-032_Red_Hat_Inc..html,active,,
VND-035,Samsung Electronics Co. Ltd.,https://news.samsung.com/global/the-first-step-to-a-quantum-safe-future-with-samsung-knox,The First Step to a Quantum-Safe Future With Samsung Knox,blog_post,2025-01-22,2026-06-06,"Samsung Knox Matrix gains Post-Quantum Enhanced Data Protection (EDP) using ML-KEM (FIPS 203, lattice-based), debuting on Galaxy S25 (first device on One UI 7) — industry-first PQC-based cloud/cross-device data protection. Extends quantum-safe protection across the Knox cross-device trust ecosystem. | Milestone: Galaxy S25 (One UI 7) is first to support PQC-based cloud data protection: ML-KEM (FIPS 203) integrated into Knox Matrix via Post-Quantum Enhanced Data Protection (EDP).",yes,vendor-roadmaps/VND-035_Samsung_Electronics_Co._Ltd..html,deprecated,2026-07-12,"Scope arbitration (qwen3.6:27b, run vendor-roadmap-scope-arbitration full sweep): DUPLICATE — matches existing pqc_product_catalog row for 'Samsung Knox Quantum-Safe' (same/near-identical URL). Not a company-wide roadmap."
VND-037,Securosys SA,https://www.securosys.com/en/hsm/post-quantum-cryptography,Securosys Post-Quantum Cryptography HSM,official_doc,2024-08-20,2026-06-06,"Securosys PQC HSM offering across Primus CyberVault on-prem HSMs and CloudHSM (Economy/Sandbox tiers). Supports the five NIST-standardized PQC algorithms — ML-KEM, ML-DSA, SLH-DSA, HSS-LMS, XMSS — and hybrid classical+PQC operations for gradual migration. Collaborates with HSLU researchers on PQC TLS performance (key agreement + authentication). | Milestone: Primus X CyberVault HSM and CloudHSM support all five NIST PQC algorithms (ML-KEM, ML-DSA, SLH-DSA, HSS-LMS, XMSS) with hybrid RSA/ECC+PQC operations.",yes,vendor-roadmaps/VND-037_Securosys_SA.html,deprecated,2026-07-12,"Scope arbitration (qwen3.6:27b, run vendor-roadmap-scope-arbitration full sweep): DUPLICATE — matches existing pqc_product_catalog row for 'Securosys Primus HSM' (same/near-identical URL). Not a company-wide roadmap."
VND-041,Thales Group,https://cpl.thalesgroup.com/encryption/post-quantum-crypto-agility,Post-Quantum Crypto Agility | Thales CPL,official_doc,2025-07-29,2026-08-12,"Thales's PQC-ready portfolio spans Luna HSMs (ML-KEM/ML-DSA/SLH-DSA support built into core firmware), High Speed Encryptors (FPGA-based, field-upgradable for crypto-agile network encryption with QKD/QRNG integration and a Transport Independent Mode that avoids public key exchange to mitigate harvest-now-decrypt-later risk), and general PQC-readiness assessment services. Positioned as a portfolio-wide crypto-agility strategy rather than a single product.",yes,vendor-roadmaps/VND-041_Thales_Group.html,active,,
VND-042,Utimaco IS GmbH,https://utimaco.com/data-protection/gp-hsm/application-package/quantum-protect,Utimaco Quantum Protect — PQC Application Package for GP HSM,official_doc,2025-04-02,2026-06-06,"Utimaco Quantum Protect extends u.trust General Purpose HSM Se-Series with PQC via in-field firmware upgrade (no hardware swap). Supports ML-KEM (FIPS 203), ML-DSA (FIPS 204), and hash-based LMS/HSS/XMSS/XMSS-MT; SLH-DSA (FIPS 205) on the roadmap (in progress). Crypto-agile design plus a free PQC simulator for pre-deployment evaluation. | Milestone: Quantum Protect on u.trust GP HSM Se-Series supports ML-KEM (FIPS 203) + ML-DSA (FIPS 204) and LMS/HSS/XMSS/XMSS-MT today; SLH-DSA (FIPS 205) in progress.",yes,vendor-roadmaps/VND-042_Utimaco_IS_GmbH.html,deprecated,2026-07-12,"Scope arbitration (qwen3.6:27b): SINGLE_PRODUCT_NEW — The evidence details a specific PQC application package for the u.trust General Purpose HSM Se-Series, which is a distinct product entry from the generic 'Utimaco uTrust HSM' listed in the existing catalog, and focuses on a single product rather than a company-wide strategy. Supplementary evidence appended to existing pqc_product_catalog row 'utimaco-utrust-hsm'."
VND-045,wolfSSL Inc.,https://www.wolfssl.com/support-for-the-official-post-quantum-standards-ml-kem-and-ml-dsa/,wolfSSL Support for NIST PQC Standards (ML-KEM & ML-DSA),blog_post,2024-10-01,2026-08-11,"wolfSSL/wolfCrypt have full production support for ML-KEM (FIPS 203) and ML-DSA (FIPS 204), usable across wolfSSL, wolfBoot and wolfPKCS11 for embedded/IoT/TLS. SLH-DSA (FIPS 205) offered for specialized applications on request. Page revised Sep/Oct 2024. | Milestone: Full ML-KEM (FIPS 203) and ML-DSA (FIPS 204) implementation shipping in wolfSSL/wolfCrypt today; SLH-DSA available on request",yes,vendor-roadmaps/VND-045_wolfSSL_Inc..html,active,,
VND-057,Cloudflare Inc.,https://blog.cloudflare.com/post-quantum-eo-2026/,The White House's post-quantum executive order is an important milestone. It's time to get to work,blog_post,2026-06-23,2026-08-11,"Cloudflare moved its full post-quantum security target to 2029; already shipped PQC (ML-KEM, ML-DSA) across most products (Cloudflare One, TLS, MASQUE, IPsec) at no extra cost to any plan. References NIST FIPS and the 2026 federal PQC EO deadlines (agency key-establishment by 2030-12-31, digital signatures by 2031-12-31, covered-contractor FIPS compliance by 2030-12-31).",yes,vendor-roadmaps/VND-057_Cloudflare_Inc.html,active,,
VND-058,HashiCorp Inc.,https://www.hashicorp.com/en/blog/nist-s-post-quantum-cryptography-standards-our-plans,HashiCorp Post-Quantum Cryptography Plans,blog_post,2024-09-04,2026-08-12,"HashiCorp plans phased PQC adoption beginning with the Vault transit secrets engine, incorporating the three NIST algorithms (ML-KEM first; ML-DSA/SLH-DSA later) and hybrid classical+PQ schemes, expanding to other products as Go and standards bodies converge. No firm version/release dates given. | Milestone: Staged PQC rollout in Vault starting with the transit secrets engine, adopting NIST ML-KEM/ML-DSA/SLH-DSA and hybrid schemes as Go/standards support matures",yes,vendor-roadmaps/VND-058_HashiCorp_Inc..html,active,,
VND-059,Venafi Inc.,https://docs.venafi.com/Docs/24.3/TopNav/Content/CodeSigning/t-codesigning-pqc.php,"Venafi/CyberArk: Experimental PQC Support (TLS + CodeSign Protect, TPP 24.3)",official_doc,2025-07-01,2026-06-06,"Venafi/CyberArk Trust Protection Platform 24.3 provides experimental PQC support: ML-DSA and SLH-DSA in CodeSign Protect (with libhsm/PKCS#11), and Falcon limited to TLS certificates in TLS Protect. Marked experimental to aid PQC migration planning. Doc topic updated 01 Jul 2025. | Milestone: Experimental PQC support in Trust Protection Platform 24.3 — ML-DSA & SLH-DSA in CodeSign Protect, Falcon for TLS certificates",yes,vendor-roadmaps/VND-059_Venafi_Inc..html,deprecated,2026-07-12,"Scope arbitration (qwen3.6:27b, run vendor-roadmap-scope-arbitration full sweep): DUPLICATE — matches existing pqc_product_catalog row for 'Venafi CodeSign Protect' (same/near-identical URL). Not a company-wide roadmap."
VND-060,Okta Inc.,https://www.okta.com/blog/customers-and-partners/okta-ventures-request-for-builders-five-key-focus-areas-in-identity-and-security/,Okta Ventures: PQC as Strategic Focus Area,blog_post,2025-04-01,2026-06-06,"Okta's only public PQC-related statement is via Okta Ventures' 'Request for Builders' (Apr 1, 2025), naming post-quantum cryptography as one of five identity/security investment focus areas. This is advisory/investment-oriented, not an Okta product roadmap; no concrete Okta product PQC milestones or dates published. | Milestone: No concrete Okta product PQC milestone; PQC named as an Okta Ventures investment focus area only",yes,vendor-roadmaps/VND-060_Okta_Inc..html,deprecated,2026-07-12,"Scope arbitration follow-up (direct raw-evidence check, 2026-07-12): confirmed the page's only PQC-related text is Okta Ventures' investment-thesis language ('preparing for the quantum era') — no Okta product, roadmap, or PQC capability named. Not a vendor roadmap by any reading, not just a scope question."
VND-106,Hex Trust,,No public PQC roadmap found,,,2026-06-06,"No published post-quantum cryptography roadmap found for Hex Trust. Press releases and insights cover custody (Hex Safe on IBM LinuxONE/HSM), staking, stablecoins and DeFi but make no mention of PQC, quantum-resistant cryptography, or crypto-agility milestones. Industry commentary references quantum custody risk generally but no Hex Trust-specific commitment.",no-url,,deprecated,2026-06-06,no published PQC roadmap confirmed 2026-06-06
VND-108,Komainu,,No public PQC roadmap found,,,2026-06-06,"No published post-quantum cryptography roadmap found for Komainu. Its expertise/custody-technology pages describe HSM and MPC key management (noting MPC offers cryptographic agility) but contain no explicit PQC, ML-KEM/ML-DSA, or quantum-transition roadmap or target dates.",no-url,,deprecated,2026-06-06,no published PQC roadmap confirmed 2026-06-06
VND-112,Metaco / Ripple,https://ripple.com/insights/post-quantum-readiness-on-the-xrp-ledger/,Post-Quantum Readiness on the XRP Ledger,blog_post,2026-04-20,2026-06-06,"Ripple's official PQC roadmap (Apr 20, 2026) lays out a four-phase XRPL plan: (1) ongoing Q-Day readiness/contingency planning, (2) proactive planning & experimentation in H1 2026, (3) exploration of post-quantum primitives in H2 2026, (4) full transition to PQ signatures targeting 2028. Includes custody prototype work with Project Eleven and quantum-safe signature research. No Metaco-branded PQC roadmap; Ripple is the parent/relevant source. | Milestone: Full transition to post-quantum signatures on the XRP Ledger targeting 2028; PQ primitive exploration in H2 2026",yes,vendor-roadmaps/VND-112_Metaco_Ripple.html,deprecated,2026-07-12,"Scope arbitration (qwen3.6:27b, run vendor-roadmap-scope-arbitration full sweep): DUPLICATE — matches existing pqc_product_catalog row for 'Metaco Harmonize' (same/near-identical URL). Not a company-wide roadmap."
VND-116,Signal Foundation,https://signal.org/blog/pqxdh/,Signal PQXDH: Post-Quantum Key Agreement,blog_post,2023-09-19,2026-06-06,Signal app PQXDH protocol combines X25519 ECDH with CRYSTALS-Kyber (ML-KEM) for quantum-resistant initial key agreement; implemented in libsignal and live in client apps. Subsequent SPQR (Sparse Post-Quantum Ratchet) work extends PQC beyond the handshake. | Milestone: PQXDH (X25519 + CRYSTALS-Kyber/ML-KEM hybrid) shipped in Signal clients and libsignal; default for new chats with plan to phase out classic X3DH. Follow-on SPQR/Triple Ratchet work extends PQC to the ongoing ratchet.,yes,vendor-roadmaps/VND-116_Signal_Foundation.html,deprecated,2026-07-12,"Scope arbitration (qwen3.6:27b): SINGLE_PRODUCT_NEW — The evidence describes the PQXDH protocol implementation for the Signal client application, which is a distinct product-level update from the existing SPQR entry and does not constitute a company-wide roadmap. Not catalogued from this evidence alone; flagged for dedicated evidence discovery if this product should be added to pqc_product_catalog."
VND-127,Broadcom Inc.,https://blogs.vmware.com/cloud-foundation/2026/04/28/post-quantum-readiness-on-vcf/,VMware Cloud Foundation Post-Quantum Readiness,blog_post,2026-04-28,2026-06-06,VMware Cloud Foundation - vSAN/VM/vMotion AES-256 data-at-rest; Avi (NSX ALB) hybrid PQC TLS key exchange live; CNSA 2.0-aligned rollout with full transition by 2035; FIPS-gated ML-KEM/ML-DSA integration; CBOM/crypto-agility initiative. | Milestone: Broadcom commits VCF to CNSA 2.0 timelines with full quantum-resistant transition by 2035. Today VCF uses AES-256 for vSAN/VM/vMotion encryption; Avi Load Balancer already supports hybrid PQC key exchange in TLS. Broader PQC adoption gated on FIPS-certified libraries (FIPS 206 expected late 2026/early 2027) and TPM 2.0 v185 ML-KEM/ML-DSA support.,yes,vendor-roadmaps/VND-127_Broadcom_Inc..html,deprecated,2026-07-12,"Scope arbitration (qwen3.6:27b, run vendor-roadmap-scope-arbitration full sweep): DUPLICATE — matches existing pqc_product_catalog row for 'VMware Horizon' (same/near-identical URL). Not a company-wide roadmap."
VND-136,Descope,,No public roadmap found,,,2026-06-06,No published Descope-specific post-quantum cryptography roadmap found. Descope (authentication/CIAM platform) has no public PQC roadmap or timeline as of June 2026.,no-url,,deprecated,2026-06-06,no published PQC roadmap confirmed 2026-06-06
VND-138,Stytch,,No public roadmap found,,,2026-06-06,No published Stytch-specific post-quantum cryptography roadmap found. Stytch (authentication/CIAM platform) has no public PQC roadmap or timeline as of June 2026.,no-url,,deprecated,2026-06-06,no published PQC roadmap confirmed 2026-06-06
VND-146,Robust Intelligence (Cisco AI Defense),https://www.cisco.com/site/us/en/about/trust-center/post-quantum-cryptography.html,Cisco Post-Quantum Cryptography (Trust Center),official_doc,2026-02-01,2026-08-12,Robust Intelligence is now part of Cisco (AI Defense / Foundation AI); it has no separate PQC roadmap and inherits Cisco's program. Cisco Quantum Resilience Framework (quantum-safe communications + quantum-safe products) targets quantum-safe communications across most core products by Dec 2026; IOS XE 26 full-stack PQC; ML-KEM/ML-DSA/SLH-DSA rollout 2026-2027. | Milestone: Cisco commits to quantum-safe communications across most of its core portfolio by December 2026 under its Quantum Resilience Framework. Network examples: FTD 10.5/ASA 9.25 (ML-KEM VPN) targeted late 2026; FTD/ASA 11.0 add ML,yes,vendor-roadmaps/VND-146_Robust_Intelligence_Cisco_AI_Defense_.html,active,,
VND-147,Galileo,,No public roadmap found,,,2026-06-06,"No published post-quantum cryptography roadmap found for Galileo (the AI evaluation/observability company, galileo.ai). Search surfaced only unrelated academic work on the EU Galileo GNSS/OSNMA satellite system, which is a different entity. As an AI app-layer vendor, Galileo relies on underlying TLS/cloud providers and has no public PQC roadmap.",no-url,,deprecated,2026-06-06,no published PQC roadmap confirmed 2026-06-06
VND-149,Arm Ltd.,https://lists.trustedfirmware.org/archives/list/mbed-tls@lists.trustedfirmware.org/thread/D73QWEQBW5LHMFMG35S3IPV62NTKR4SO/,"Mbed TLS PQC plan (ML-DSA first (2026), ML-KEM later) — planned, not yet released",official_doc,,2026-07-01,"Arm-stewarded Mbed TLS: official roadmap plans ML-DSA initial support for 2026 CQ2, with ML-KEM listed under Future with no timeline; neither is in official releases yet; only LMS hash-based signatures supported today. Roadmap signal (no GA PQC). Supersedes prior ""no public roadmap found"". Re-validated 2026-06-19. (2026-07-01: local_file was empty despite downloadable=yes -- archiving this mailing-list thread now since it is community-hosted and content is explicitly in flux.) (2026-07-01 r1: algorithm order corrected per the official Mbed TLS roadmap (mbed-tls.readthedocs.io/en/latest/project/roadmap/): ML-DSA initial support 2026 CQ2; ML-KEM under Future, no timeline. Previous wording had ML-KEM first.)",yes,vendor-roadmaps/VND-149_Arm_Ltd..html,deprecated,2026-07-12,"Scope arbitration (qwen3.6:27b): SINGLE_PRODUCT_NEW — The evidence details a specific roadmap for Mbed TLS (and its crypto library TF-PSA-Crypto), which is a single product scope, but provides materially new and specific timeline data (2026 CQ2 for ML-DSA) that supersedes the prior 'no public roadmap found' status for this existing product. Supplementary evidence appended to existing pqc_product_catalog row 'mbed-tls'."
VND-151,Microchip Technology Inc.,https://www.microchip.com/en-us/solutions/technologies/embedded-security/post-quantum-cryptography,Microchip Technology Post-Quantum Cryptography (PQC),official_doc,2026-04-28,2026-06-06,"Trust Shield PQC-ready portfolio: TS1800 Platform Root of Trust, TS500/TS501 secure boot controllers with hybrid PQC + classical firmware authentication (NIST SP 800-193 PFR, rollback protection, crisis recovery); x86 and Arm Cortex compatible; secure provisioning and crypto-agile architectures for CNSA 2.0 compliance. | Milestone: Microchip expanded its PQC-ready Trust Shield root-of-trust family (announced 2026-04-28): TS1800 Platform Root of Trust and TS50x secure boot controllers (TS500 in-line SoC-to-SPI-Flash, TS501 with integrated SPI Flash) using hybrid PQC + classical signature verifi",yes,vendor-roadmaps/VND-151_Microchip_Technology_Inc..html,deprecated,2026-07-12,"Scope arbitration (qwen3.6:27b, run vendor-roadmap-scope-arbitration full sweep): DUPLICATE — matches existing pqc_product_catalog row for 'Microchip CryptoAutomotive TA100' (same/near-identical URL). Not a company-wide roadmap."
VND-160,BeyondTrust,,No public PQC roadmap found,,,2026-06-06,"No official BeyondTrust-published PQC roadmap. Security/encryption docs (EPM, Remote Support) mention TLS/storage encryption but no quantum-safe migration plan or PQC algorithm commitments. 2023 trend blog references quantum computing generically only.",no-url,,deprecated,2026-06-06,no published PQC roadmap confirmed 2026-06-06
VND-161,CrowdStrike Holdings Inc.,,No public PQC roadmap found,,,2026-06-06,"CrowdStrike has no self-published PQC roadmap. Falcon for IT advertises 'post-quantum cryptography readiness' use cases, and a Marketplace integration with InfoSec Global AgileSec Analytics provides PQC discovery/monitoring across infrastructure, but these are partner-enabled discovery capabilities, not a CrowdStrike PQC migration roadmap with dated milestones.",no-url,,deprecated,2026-06-06,no published PQC roadmap confirmed 2026-06-06
VND-164,Qualys Inc.,https://docs.qualys.com/en/certview/latest/assets_certificates/pqc_details.htm,Qualys CertView/Platform: PQC Detection Support,official_doc,2026-04-01,2026-06-06,"Qualys provides PQC scanning/detection capability: QID 38994 reports server support for PQC (KEM) key-exchange algorithms; coverage spans VM, Certificate View, WAS, EASM and authenticated VM scans. Doc is current (April 2026 copyright). User documentation for an existing capability rather than a forward-looking roadmap; no specific algorithm names or future milestone dates listed. | Milestone: PQC key-exchange detection across VM, CertView, WAS, EASM and VM_AUTH scans via QID 38994 (reports whether a server supports PQC KEM key exchange).",yes,vendor-roadmaps/VND-164_Qualys_Inc..html,deprecated,2026-07-12,"Scope arbitration (qwen3.6:27b, run vendor-roadmap-scope-arbitration full sweep): DUPLICATE — matches existing pqc_product_catalog row for 'Qualys Cloud Platform' (same/near-identical URL). Not a company-wide roadmap."
VND-168,Arqit Quantum Inc.,https://arqitgroup.com/company/our-approach,Arqit Quantum-Safe Security Approach,product_page,2025,2026-08-12,"Arqit's quantum-safe approach centers on the SKA Platform (Symmetric Key Agreement) delivering quantum-safe key agreement with perfect forward secrecy; products: PQC Migration / Encryption Intelligence (crypto discovery), SKA Edge & Central Controllers, NetworkSecure. FIPS 140-3 validated, hybrid/crypto-agile, supports symmetric-only provisioning. Formally verified (Tamarin, Univ. of Surrey). Recent 2024-2025 industry awards. | Milestone: FIPS 140-3 validated Symmetric Key Agreement (SKA) Platform with hybrid crypto-agility; software-only SKA Edge/Central Controllers plus NetworkSecure and PQC",yes,vendor-roadmaps/VND-168_Arqit_Quantum_Inc..html,active,,
VND-171,DocuSign,https://www.docusign.com/de-de/blog/post-quanten-kryptografie,"DocuSign: Post-Quantum-Kryptografie (Post-Quantum Cryptography, DE)",blog_post,2026-02-24,2026-08-11,"DocuSign outlines a PQC strategy referencing ML-DSA (signatures), ML-KEM (key encapsulation) and SLH-DSA/SPHINCS+. Core approach is hybrid cryptography (RSA + ML-DSA) for crypto-agile, paced migration; three pillars: early planning, gradual hybrid transition, lifecycle protection of agreements. Note: English URL (/blog/post-quantum-cryptography) returns 404; canonical live page is the DE blog. | Milestone: Hybrid cryptography for e-signatures combining traditional algorithms (RSA) with PQC (ML-DSA), enabling phased migration; protecting agreements across full lifecycle against Harvest-Now-Decr",yes,vendor-roadmaps/VND-171_DocuSign.html,active,,
VND-173,GlobalSign Ltd.,https://www.globalsign.com/en/post-quantum-computing,GlobalSign Post-Quantum Computing,official_doc,2025-01-01,2026-06-06,"GlobalSign's PQC plan: Dilithium3 (->ML-DSA-65) for Root/Intermediate CA hierarchy, with ML-DSA likely for TLS/X.509 leaf certs and Kyber (ML-KEM) for PQ-safe TLS handshakes; updating OCSP/CRL status checks to PQ-safe methods. Emphasis on crypto-agility and inventory now; no firm calendar dates given. | Milestone: Dilithium3 (to become ML-DSA-65 at FIPS finalization) used for Root/Intermediate CAs; planned ML-DSA option for TLS/X.509 leaf certs and Kyber/ML-KEM for PQ-safe TLS handshakes; PQ-safe OCSP/CRL.",yes,vendor-roadmaps/VND-173_GlobalSign_Ltd..html,deprecated,2026-07-12,"Scope arbitration (qwen3.6:27b, run vendor-roadmap-scope-arbitration full sweep): DUPLICATE — matches existing pqc_product_catalog row for 'GlobalSign Atlas CLM' (same/near-identical URL). Not a company-wide roadmap."
VND-178,Ping Identity Holdings Corp.,https://www.pingidentity.com/en/resources/blog/post/quantum-threat-us-fed-gov.html,Ping Identity: Addressing the Quantum Threat in US Federal Government,blog_post,2025-02-27,2026-08-11,"Advisory blog (publ. 2025-02-27) covering NIST FIPS 203 (ML-KEM), 204 (ML-DSA), 205 (SLH-DSA) and the need for crypto-agility in IAM for federal buyers. Guidance/positioning piece - no specific Ping product PQC roadmap or dated milestones. | Milestone: No concrete product GA milestone; positions IAM around crypto-agility to transition to NIST FIPS 203 (ML-KEM), 204 (ML-DSA), 205 (SLH-DSA).",yes,vendor-roadmaps/VND-178_Ping_Identity_Holdings_Corp..html,active,,
VND-181,Sectigo Ltd.,https://www.sectigo.com/enterprise-solutions/certificate-manager/private-pqc,Sectigo Certificate Manager: Private PQC (ML-DSA),product_page,2026-04-14,2026-06-06,"Sectigo Certificate Manager offers Private PQC: issue and manage private PQC certificates directly in SCM using supported ML-DSA algorithms (RFC 9881). Adoption guided by the Q.U.A.N.T. framework (Quantum exposure inventory, Uncover risk, Assess/strategize, Navigate implementation, Track/manage). References ~2030 quantum risk horizon. Page focuses on SCM Private PKI PQC; IoT/Code Signing PQC not detailed on this specific page. | Milestone: Private PQC in Sectigo Certificate Manager (SCM): issue/manage private PQC certificates using ML-DSA algorithms per RFC 9881; phased adoption via Q.U.A.N.T.",yes,vendor-roadmaps/VND-181_Sectigo_Ltd..html,deprecated,2026-07-12,"Scope arbitration (qwen3.6:27b, run vendor-roadmap-scope-arbitration full sweep): DUPLICATE — matches existing pqc_product_catalog row for 'Sectigo Certificate Manager (SCM' (same/near-identical URL). Not a company-wide roadmap."
VND-183,Splunk Inc. (Cisco),https://www.splunk.com/en_us/blog/learn/quantum-safe-cryptography-standards.html,"Quantum-Safe Cryptography & Standards: QSC, PQC, QKD & More",blog_post,2023-08-23,2026-06-06,"Educational Splunk blog explaining quantum-safe cryptography terminology (QSC, PQC, QKD) and the NIST-selected algorithms CRYSTALS-Kyber, CRYSTALS-Dilithium, FALCON, SPHINCS+. Advises waiting for standardized, tested implementations. Contains NO Splunk-specific product roadmap, GA dates, or concrete migration commitments. As Splunk is now a Cisco company, product PQC direction tracks Cisco's crypto-agility roadmap. Best available official Splunk source on PQC. | Milestone: No Splunk product-level PQC milestone published; article is educational only. Splunk (acquired by Cisco) defers to Cisco's",yes,vendor-roadmaps/VND-183_Splunk_Inc._Cisco_.html,deprecated,2026-06-06,Cisco subsidiary since Mar 2024 acquisition; PQC roadmap consolidated under VND-008 Cisco Systems
VND-191,AnyDesk,,No public roadmap found,,,2026-06-06,"No published AnyDesk PQC/quantum-safe roadmap found. AnyDesk currently secures connections with TLS 1.2 and AES-256 session encryption (RSA-2048 key exchange per their security docs); no post-quantum (ML-KEM/ML-DSA or hybrid TLS) commitment, target date, or roadmap has been announced as of June 2026.",no-url,,deprecated,2026-06-06,no published PQC roadmap confirmed 2026-06-06
VND-056,SEALSQ Corp.,https://www.globenewswire.com/news-release/2026/04/02/3267476/0/en/SEALSQ-and-IC-Alps-Achieve-Key-Common-Criteria-Certification-Milestones-Publish-Full-Post-Quantum-Certification-Roadmap.html,"SEALSQ and IC'Alps Achieve Key Common Criteria Certification Milestones, Publish Full Post-Quantum Certification Roadmap",press_release,2026-04-02,2026-08-11,"SEALSQ published a 'Full Post-Quantum Certification Roadmap' covering its QS7001 secure element and QVault TPM families with dated milestones (production samples, wafer fab-out, FIPS 140-3 submission, TCG/Common Criteria certification), explicitly aligned to the NSA CNSA 2.0 January 2027 compliance timeline. Supports ML-KEM, ML-DSA, FALCON in EAL5+ hardware. | Milestone: QS7001 V2 wafer fab-out targeted April 21, 2026; QVault TPM 183/185 FIPS 140-3 submission Sept 2026 and TCG certification Oct 2026; positioning ahead of CNSA 2.0 (Jan 2027).",yes,vendor-roadmaps/VND-056_SEALSQ_Corp..html,deprecated,2026-07-12,"Scope arbitration (qwen3.6:27b, run vendor-roadmap-scope-arbitration full sweep): DUPLICATE — matches existing pqc_product_catalog row for 'SEALSQ Quantum Shield' (same/near-identical URL). Not a company-wide roadmap."
VND-225,Proton AG,https://proton.me/blog/post-quantum-encryption,Proton is building quantum-safe PGP encryption for everyone,blog_post,2023-10-24,2026-08-11,"Official Proton blog laying out their quantum-safe strategy: standardizing a post-quantum extension to OpenPGP (with German BSI and others since 2021), hybrid algorithms (CRYSTALS-Kyber + X25519 for encryption, CRYSTALS-Dilithium + Ed25519 for signatures), and a sequence of future steps (community standardization, symmetric-key/message re-encryption). May 2026 follow-through: Proton Mail rolled out post-quantum encryption to all users. | Milestone: May 2026 general rollout of post-quantum (OpenPGP v6, hybrid) encryption to all Proton Mail users; next: cross-provider interoperability (Thunderbi",yes,vendor-roadmaps/VND-225_Proton_AG.html,active,,
VND-009,Citrix Systems Inc.,https://www.citrix.com/blogs/2025/07/30/leading-the-quantum-ready-transition/,Leading the quantum-ready transition: How NetScaler helps prevent a silent data breach decades in the making,blog_post,2025-07-30,2026-06-06,"Official Citrix blog laying out NetScaler's PQC transition plan: hybrid NIST-aligned PQC (X25519 + ML-KEM768), private tech preview April 2025, general availability August 2025 (v14.1.51), plus a recommended customer migration timeline (Q2 2025 test in non-prod, Q3 2025 map critical systems, Q4 2025 phased rollout) and industry deadlines (2030 phase-out of deprecated crypto, 2035 fully disallowed). | Milestone: NetScaler hybrid PQC (X25519 + ML-KEM768) generally available since August 2025 via v14.1.51; recommended customer phased rollout through Q4 2025.",yes,vendor-roadmaps/VND-009_Citrix_Systems_Inc..html,deprecated,2026-07-12,"Scope arbitration (qwen3.6:27b): SINGLE_PRODUCT_NEW — The evidence focuses exclusively on NetScaler's PQC roadmap and timeline, which is a single product scope, but provides materially different and more detailed migration milestones (specific GA dates and customer action phases) than the existing documentation link. Supplementary evidence appended to existing pqc_product_catalog row 'citrix-adc-netscaler'."
VND-231,Wiz Inc.,https://www.wiz.io/blog/wiz-for-pqc-readiness,From Cryptographic Blind Spots to Post-Quantum Agility: Introducing Wiz for PQC Readiness,blog_post,2026-05-18,2026-06-06,"Official Wiz blog introducing the PQC Readiness Framework, a structured, priority-ordered migration roadmap with three phases: (1) Legacy Resiliency (urgent—weak RSA, 3DES/RC4, insecure TLS/SSH), (2) HNDL Risk (key exchange/KEMs like ML-KEM), (3) Identity & Signature Resiliency (long-term PKI migration). Includes PQC Lens visualization, continuous crypto inventory, PQC-aware code scanning, and CI/CD guardrails. References accelerated 2029 readiness deadline. | Milestone: Wiz for PQC Readiness launched (May 2026) with three-phase PQC Readiness Framework and PQC Lens; expanding to PQC-aware code",yes,vendor-roadmaps/VND-231_Wiz_Inc..html,deprecated,2026-07-12,"Scope arbitration (qwen3.6:27b, run vendor-roadmap-scope-arbitration full sweep): DUPLICATE — matches existing pqc_product_catalog row for 'Wiz Cloud Security PQC' (same/near-identical URL). Not a company-wide roadmap."
VND-304,"Akamai Technologies, Inc.",https://www.akamai.com/blog/security/taking-steps-to-prepare-for-quantum-advantage,Taking Steps to Prepare for Quantum Advantage,blog_post,2024-08-12,2026-08-11,"Akamai's phased PQC roadmap for end-to-end quantum-safe support across its platform, covering client-to-Akamai, Akamai-to-origin (G2O), and internal mid-tier connections. Uses TLS 1.3 hybrid X25519MLKEM768 (NIST FIPS 203 ML-KEM) and platform-wide crypto-agility upgrades; aligned with NSA/CISA/NIST quantum-readiness guidance. | Milestone: PQC enabled by default for all Enhanced TLS customers and G2O origin connections in Q1 2026; all Akamai-to-Akamai mid-tier connections quantum-safe by March 2026.",yes,vendor-roadmaps/VND-304_Akamai_Technologies__Inc..html,active,,
VND-089,BTQ Technologies Corp.,https://www.btq.com/blog/2025-year-end-letter-to-shareholders,2025 Year-End Letter to Shareholders,blog_post,2025-12-29,2026-08-12,"BTQ's strategic full-stack post-quantum roadmap built on three pillars: Quantum Secure Systems & Networks (incl. QSSN stablecoin settlement and Bitcoin Quantum), QCIM hardware acceleration / secure elements, and QPerfect neutral-atom platforms. Aims to enable PQC transition without disrupting existing infrastructure. | Milestone: 2025: first NIST-standard PQC signature verification demonstrated on Solana (with Bonsol Labs). 2026 targets: deliver QCIM test silicon to customers, expand QSSN from PoC to regulator-aligned deployments, and advance Bitcoin Quantum toward public testnet/mainnet/enter",yes,vendor-roadmaps/VND-089_BTQ_Technologies_Corp..html,active,,
VND-054,QuSecure Inc.,https://www.hpcwire.com/off-the-wire/qusecure-and-nists-nccoe-partner-to-address-post-quantum-algorithm-migration/,QuSecure and NIST NCCoE Partner on Post-Quantum Algorithm Migration,official_doc,2026-03-31,2026-08-11,,yes,vendor-roadmaps/VND-054_QuSecure_Inc.html,active,,
VND-064,Internet Security Research Group,https://letsencrypt.org/2026/06/03/pq-certs,A Post-Quantum Future for Let's Encrypt,blog_post,2026-06-03,2026-08-11,"Official Let's Encrypt (ISRG) post laying out their post-quantum Web PKI plan. They have chosen Merkle Tree Certificates (MTCs) as the route to quantum-safe certificates, batching a post-quantum signature across many certificates to keep TLS handshakes small. Cites CNSA 2.0 (2030-2035), NIST RSA-2048/P-256 deprecation after 2030, and the EU coordinated roadmap as drivers. Participating in IETF PLANTS/ACME working groups; tracking ML-DSA in X.509/TLS. | Milestone: Targeting a staging environment issuing MTCs in late 2026 and production-ready MTC issuance in 2027; nothing changes for existing ce",yes,vendor-roadmaps/VND-064_Internet_Security_Research_Group.html,active,,
VND-007,Check Point Software Technologies Ltd.,https://blog.checkpoint.com/innovation/quantum-safe-cyber-security-current-capabilities-and-the-road-ahead/,Quantum-Safe Cybersecurity with Check Point: Current Capabilities and the Road Ahead,blog_post,2025-09-25,2026-08-11,"Official Check Point blog laying out a phased PQC roadmap to integrate NIST standards. Current (R82): hybrid IKEv2 site-to-site VPN combining classical DH with ML-KEM; quantum-safe TLS/HTTPS inspection (R82.10). Roadmap items: extend quantum-safe key exchange to remote access VPN clients (Windows/macOS/Linux), RFC 8784 PQ pre-shared keys, ML-DSA/SLH-DSA signatures as PKI matures, LMS/XMSS for software/firmware signing, and QKD integration for high-assurance environments. SIC framework designed to shift to ML-DSA when FIPS libraries are available. | Milestone: R82.10 General Availability (with",yes,vendor-roadmaps/VND-007_Check_Point_Software_Technologies_Ltd..html,active,,
VND-015,Fortanix Inc.,https://www.fortanix.com/solutions/use-case/post-quantum-cryptography,Post Quantum Cryptography Solutions,product_page,2024-12-16,2026-08-11,"Fortanix publishes a four-step PQC transition framework: (1) Discover — inventory cryptographic posture/keys across environments; (2) PQC Assessment — prioritize quantum-vulnerable, high-risk assets via dashboards/heat maps (PQC Central); (3) PQC Transition — migrate to NIST/CNSA 2.0-aligned algorithms (ML-KEM/ML-DSA) with centralized key management and testing; (4) Crypto-agility — continuously adopt future algorithms without hardware changes. Algorithms implemented in Fortanix DSM.",yes,vendor-roadmaps/VND-015_Fortanix_Inc.html,active,,
VND-022,Intel Corporation,https://www.intel.com/content/www/us/en/developer/articles/technical/post-quantum-cryptography.html,Post-Quantum Security with Intel Cryptography,official_doc,,2026-06-06,"Intel lays out a phased PQC strategy with an explicit goal of being Y2Q (quantum-resistant) ready by 2030, aligned to the NIST migration deadline to phase out RSA/ECC. The approach addresses harvest-now-decrypt-later first (larger symmetric keys/digests), then hardens code signing/firmware authentication and internet security with NIST-standardized algorithms (FIPS 203 ML-KEM, FIPS 204/205), using hybrid schemes (e.g. Kyber512 + X25519). Built-in crypto acceleration starts with 3rd Gen Xeon Scalable. Intel co-developed FIPS 205 SPHINCS+. Companion strategy content also at intel.com/.../researc",yes,vendor-roadmaps/VND-022_Intel_Corporation.html,deprecated,2026-07-12,"Scope arbitration (qwen3.6:27b): SINGLE_PRODUCT_NEW — The evidence focuses specifically on the 'Intel Cryptography Primitives Library' as a single software product, which is distinct from the existing hardware-focused entries (TDX and PTT) and does not constitute a company-wide roadmap. Not catalogued from this evidence alone; flagged for dedicated evidence discovery if this product should be added to pqc_product_catalog."
VND-157,ID Quantique SA,https://www.idquantique.com/quantum-safe-security/migrating-to-quantum-safe-infrastructure/,Migrating to quantum-safe infrastructure,product_page,,2026-08-12,"ID Quantique publishes a quantum-safe migration strategy laying out a defense-in-depth, hybrid approach that combines PQC (software, deployable now), QKD (hardware/quantum-physics based), QRNG and Quantum Key Management (Q-KMS), with strong emphasis on cryptographic hybridization and crypto-agility to de-risk a migration that 'won't happen overnight' (decade-plus) against harvest-now-decrypt-later. Clarion KX is positioned as the platform for flexible QKD+PQC deployments. Strategic/positioning content rather than a dated milestone timeline, so classified as a migration strategy page. | Milesto",yes,vendor-roadmaps/VND-157_ID_Quantique_SA.html,active,,
VND-152,Adtran Networks SE (formerly ADVA),https://www.adtran.com/en/solutions/quantum-safe-communications,Quantum-Safe Communications | Adtran,official_doc,,2026-08-12,(2026-07-01: no true publish date discoverable on-page or via Wayback -- left publish_date blank rather than fabricate one.),yes,vendor-roadmaps/VND-152_Adtran_Networks_SE_formerly_ADVA_.html,active,,
VND-006,Canonical Ltd.,https://discourse.ubuntu.com/t/post-quantum-support-in-the-upcoming-26-04-lts/76840,Post Quantum Support in the upcoming 26.04 LTS,official_doc,2026-02-12,2026-06-06,"Official Canonical plan (Ubuntu Community Hub / Foundations team, author Ravi Sharma) detailing Ubuntu's PQC roadmap with a clear release timeline: 25.10 already ships PQC in OpenSSL 3.5, OpenSSH 10.0+, libgcrypt, wolfssl, rustls; 26.04 LTS makes hybrid key exchange (e.g. X25519MLKEM768) the default for TLS/SSH automatically; 28.04 LTS targets Hybrid Secure Boot with classical + post-quantum signatures. Implements NIST 2024 standards ML-KEM, ML-DSA, SLH-DSA in hybrid mode for interoperability. Corroborated by ubuntu.com/blog PQC posts (25.10 security, building quantum-safe telecom). | Mileston",yes,vendor-roadmaps/VND-006_Canonical_Ltd..html,deprecated,2026-07-12,"Scope arbitration (qwen3.6:27b): SINGLE_PRODUCT_NEW — The evidence details the PQC roadmap specifically for the Ubuntu operating system (versions 25.10, 26.04, 28.04) and its integrated components, which constitutes a single product line rather than a strategy spanning multiple distinct Canonical products. Not catalogued from this evidence alone; flagged for dedicated evidence discovery if this product should be added to pqc_product_catalog."
VND-155,Nokia Corporation,https://www.nokia.com/industries/quantum-safe-networks/,Quantum-safe networks,official_doc,,2026-08-12,"Nokia publishes a Quantum Safe Network (QSN) strategy and the white paper 'The road to quantum-safe networks' (nokia.com/asset/i/214685/), advocating a pragmatic, layered defense-in-depth roadmap that bundles PQC, Symmetric Key Infrastructure (SKI), and QKD into a hybrid, crypto-agile migration. Nokia is engaging NIST on building blocks and its optical networking was first in industry to achieve FIPS 140-3 Security Level 2 validation. Supporting strategy blog 'Get ahead of the quantum threat with a quantum-safe network strategy' (returned 403 to automated fetch but confirmed live via Nokia-sou",yes,vendor-roadmaps/VND-155_Nokia_Corporation.html,active,,
VND-190,Zscaler Inc.,https://www.zscaler.com/blogs/product-insights/primer-quantum-threat-strategic-shift-post-quantum-cryptography-pqc,Preparing for 'Q Day': A Primer on the Quantum Threat and the Strategic Shift to Post-Quantum Cryptography,blog_post,2025-10-31,2026-08-11,"Zscaler has published a strategic PQC program: a multi-part 'Strategic Shift to Post-Quantum Cryptography' blog series (primer published Oct 31, 2025) plus a 'Quantum-Ready Security Service Edge' innovation launch. It lays out a hybrid ECC+ML-KEM key-exchange strategy, inline PQC TLS decryption/inspection, IPsec tunnels with post-quantum pre-shared keys, crypto-discovery via SI partners (EY, HCLTech), and phased customer migration guidance across the Zero Trust Exchange. | Milestone: Quantum-ready SSE: inline inspection of ML-KEM hybrid PQC TLS traffic and IPsec tunnels with post-quantum pre-s",yes,vendor-roadmaps/VND-190_Zscaler_Inc..html,active,,
VND-011,CryptoNext Security,https://www.cryptonext-security.com/en/,Switch to post-quantum crypto-agility with CryptoNext (4-phase PQC migration strategy),official_doc,2025-04-29,2026-08-11,"CryptoNext publishes a structured PQC migration strategy/methodology on its official site organized in four phases: (1) PQC Evaluation/Test & Learn via prototypes, (2) Cryptographic Discovery & Inventory (CryptoNext COMPASS Discovery, launched June 2025), (3) PQC Remediation by integrating standards-based PQC into hardware/software, and (4) Crypto-Agility management for evolving standards. Supported by a blog series on discovery, testing before migration, and crypto-agility; CryptoNext is also engaged in NIST's PQC collaboration project. | Milestone: Crypto-agility/COMPASS Discovery driven mig",yes,vendor-roadmaps/VND-011_CryptoNext_Security.html,active,,
VND-230,Confluent Inc.,https://www.confluent.io/blog/confluent-cloud-post-quantum-cryptography-roadmap/,Post-Quantum Cryptography in Confluent Cloud,blog_post,2026-03-05,2026-06-06,"Official Confluent blog laying out a multi-phase PQC strategy for Confluent Cloud addressing 'harvest now, decrypt later'. Covers data-in-transit (TLS 1.3 default, hybrid key exchange investigating ML-KEM/ML-DSA/SLH-DSA), data-at-rest (already AES-256 / PQC-compliant on AWS & GCP, investigating Azure HSM), and crypto-agility. Aligns with NIST FIPS 203/204/205 and references the Cloud Security Alliance 2030 deadline. | Milestone: TLS 1.3 becomes default for all newly provisioned and existing (non-Dedicated) clusters by April 30, 2026; moving toward hybrid classical+PQC key exchange.",yes,vendor-roadmaps/VND-230_Confluent_Inc..html,deprecated,2026-07-12,"Scope arbitration (qwen3.6:27b, run vendor-roadmap-scope-arbitration full sweep): DUPLICATE — matches existing pqc_product_catalog row for 'Confluent Cloud Kafka PQC' (same/near-identical URL). Not a company-wide roadmap."
VND-039,STMicroelectronics N.V.,https://www.st.com/content/st_com/en/about/innovation-and-technology/post-quantum-cryptography.html,Post-Quantum Cryptography - STMicroelectronics,official_doc,,2026-08-12,"Official ST corporate page describing its post-quantum cryptography program: contributing to standardization, developing crypto-agile hardware accelerators and software libraries for general-purpose and secure MCUs, and ensuring a seamless transition to crypto-agile ecosystems supporting a mix of quantum-safe and classical algorithms. Notes ST's Keccak role in NIST-standardized algorithms (ML-KEM, ML-DSA, SLH-DSA, FALCON). | Milestone: Crypto-agile hardware/software PQC assets ready (X-CUBE-PQC library; first Common Criteria-certified STSAFE-TPM with LMS-signed firmware update) supporting secu",yes,vendor-roadmaps/VND-039_STMicroelectronics_N.V..html,active,,
VND-379,Hewlett Packard Enterprise,https://www.businesswire.com/news/home/20260324083438/en/HPE-Introduces-Sweeping-Security-Advancements-to-Secure-AI-Adoption-and-Strengthen-Enterprise-Resiliency,HPE Introduces Sweeping Security Advancements to Secure AI Adoption and Strengthen Enterprise Resiliency,press_release,2026-03-24,2026-08-11,"HPE press release describing portfolio-wide quantum-safe security advancements with a phased crypto-agility approach: NIST FIPS 203/204 alignment, PQC-ready Junos OS Evolved (with broader Junos PQC support, software signing on FIPS 204, and Quantum Buffer for SSH), and PQC-capable HPE ProLiant Gen12 / iLO 7 silicon root of trust aligned to CNSA 2.0. Emphasizes standards alignment, supply-chain security, and customer migration paths. | Milestone: PQC support to extend more broadly across Junos OS in summer 2026 (FIPS 203/204 libraries); HPE ProLiant Gen12 with iLO 7 embedded PQC/CNSA 2.0 capabi",yes,vendor-roadmaps/VND-379_Hewlett_Packard_Enterprise.html,deprecated,2026-08-14,"deprecation-sweep (unspecified): all fetch tiers failed (last: crawl4ai, status=err, reason=Blocked by anti-bot protection: HTTP 403 with HTML content (714 bytes))"
VND-312,"Netskope, Inc.",https://www.netskope.com/resources/white-papers/preparing-for-a-future-with-post-quantum-cryptography,Preparing for a Future with Post-Quantum Cryptography,whitepaper,,2026-06-06,"Official Netskope white paper (authored by CTO Krishna Narayanaswamy), complemented by the 'Planning for a Post-quantum World, Now!' blog, outlining how encryption is implemented across the Netskope One platform and the company's strategy to address quantum threats. Netskope evaluated five places in the Netskope One architecture using encryption and is adopting NIST PQC algorithms (ML-KEM-768) to build protections. | Milestone: Quantum-resilient Netskope One in development, intended to be available for customer sandbox testing; standardizing on ML-KEM-768.",yes,vendor-roadmaps/VND-312_Netskope_Inc..html,deprecated,2026-07-12,"Scope arbitration (qwen3.6:27b, run vendor-roadmap-scope-arbitration full sweep): DUPLICATE — matches existing pqc_product_catalog row for 'Netskope One PQC' (same/near-identical URL). Not a company-wide roadmap."
VND-233,Huawei Technologies Co. Ltd.,https://www.huawei.com/en/trust-center/post-quantum-cryptography,Post-Quantum Cryptography - Huawei Trust Center,official_doc,,2026-08-12,"Official Huawei Trust Center page setting out the company's quantum-safe strategy: prioritizing quantum-safe key-agreement to counter store-now-decrypt-later, adopting hybrid schemes (classical Diffie-Hellman + PQC KEM) during transition, tracking NIST standardization, and committing to introduce quantum-safe algorithms into products early. Reviews the six PQC algorithm families and selection criteria (security maturity, complexity, performance). | Milestone: Deploy hybrid (classical + PQC) key-agreement in products in advance of finalized standards; align with NIST PQC standardization outcome",yes,vendor-roadmaps/VND-233_Huawei_Technologies_Co._Ltd..html,active,,
VND-235,Samsung SDS Co. Ltd.,https://www.samsungsds.com/en/research-blog/post-quantum-crypto-migration.html,"In the Era of Quantum Computing, SDS is Taking the Following Steps to Enhance Security - Participating in NIST Post-Quantum Cryptography Migration Project",blog_post,2025-06-18,2026-08-11,"Official Samsung SDS research blog describing its quantum-safe strategy across three pillars: building the Crypto Agility Platform / S-CAPE for enterprise PQC migration (identification, analysis, migration phases), active participation in NIST NCCoE Migration to PQC project (founding member since June 2022), and advancing domestic KPQC standards (AIMer selected 2025). PQC piloted in Samsung Cloud Platform communications with planned expansion. | Milestone: Provide S-CAPE PQC migration via Samsung Cloud Platform and expand PQC application in SCP communication segments; presented Software-Define",yes,vendor-roadmaps/VND-235_Samsung_SDS_Co._Ltd..html,active,,
VND-239,Eviden SAS (Atos Group),https://eviden.com/solutions/cybersecurity/post-quantum-security-pqc/,Post-Quantum Cryptography (PQC) | Eviden,official_doc,2024-03-14,2026-08-11,"Official Eviden PQC page presenting a structured quantum-safe migration framework: a 4-step approach (awareness/education, cryptography inventory, risk assessment, implementation) plus a referenced 6-step PQC migration framework whitepaper. Frames urgency (quantum maturity ~2037; irreducible ~3-year migration timeline per CSA) and supports migration with PQC Explorer tooling, C-QSR Quantum Safe Remediation suite, and quantum-ready products (Trustway HSM/IP Protect, IDnomic PKI, PQC HSMaaS). | Milestone: Drive customer migration via cryptography inventory + risk assessment toward hybrid PQC; qu",yes,vendor-roadmaps/VND-239_Eviden_SAS_Atos_Group_.html,active,,
VND-240,Orange S.A.,https://www.orange-business.com/en/solutions/orange-quantum-defender,Orange Quantum Defender — quantum-safe / PQC adoption service,product_page,2025,2026-07-01,"Orange Quantum Defender service: guidance and support adopting/integrating quantum-safe cryptography incl. Post-Quantum Cryptography (PQC); positioned as available to protect enterprises against future quantum attacks. (Re-validated 2026-06-19, stronger source than prior 2025 blog.)",yes,vendor-roadmaps/VND-240_Orange_S.A..html,deprecated,2026-07-12,"Scope arbitration (qwen3.6:27b): SINGLE_PRODUCT_NEW — The evidence describes 'Orange Quantum Defender', a specific service offering for PQC adoption support, which is distinct from the existing 'Orange Business PQC WAN' product entry. Not catalogued from this evidence alone; flagged for dedicated evidence discovery if this product should be added to pqc_product_catalog."
VND-251,Department of Science and Technology (DST) India,https://dst.gov.in/quantum-safe-ecosystem-in-india,Quantum Safe Ecosystem in India - Report of the Task Force on Implementation of Quantum Safe Ecosystem in India,official_doc,2026-02-04,2026-08-12,"Official DST India page (verified via WebFetch) presenting the national PQC migration roadmap produced by the DST Task Force under the National Quantum Mission (chaired by Dr. Rajkumar Upadhyay, CEO C-DOT). Sets time-bound national targets, phased migration guidelines, recommended PQC standards (NIST-aligned plus evaluation of indigenous algorithms), national testing/certification infrastructure, hybrid deployment, crypto-agile PKI, and PQC-QKD composite testbeds. Linked full report PDF dated 4 Feb 2026; page last updated 01 Jun 2026. | Milestone: Quantum resiliency across Critical Information",yes,vendor-roadmaps/VND-251_Department_of_Science_and_Technology_DST_India.html,active,,
VND-258,NetSfere (Infinite Convergence Solutions),https://netsfere.com/Resources/pqc,The NetSfere Edge — Post-Quantum Cryptography,product_page,2025-03-27,2026-06-06,"NetSfere publishes a dedicated PQC strategy page ('The NetSfere Edge') describing its crypto-agile, quantum-proof secure-communication architecture. Built on four pillars (Modular Architecture, NIST Standard Compliance, Automated Updates, Backward Compatibility), using Rust-based ML-KEM 1024 (FIPS 203, evolved from CRYSTALS-Kyber) paired with AES-256. Architecture is designed for seamless transition to future quantum-safe standards. Backed by a March 2025 press release unveiling the enterprise-ready quantum-proof platform; crypto-agile architecture first announced at NetSfere Connections 2024",yes,vendor-roadmaps/VND-258_NetSfere_Infinite_Convergence_Solutions_.html,deprecated,2026-07-12,"Scope arbitration (qwen3.6:27b, run vendor-roadmap-scope-arbitration full sweep): DUPLICATE — matches existing pqc_product_catalog row for 'NetSfere PQC Messaging' (same/near-identical URL). Not a company-wide roadmap."
VND-259,Cellcrypt Limited,https://www.cellcrypt.com/post/post-quantum-cryptography-and-the-store-now-decrypt-later-threat/,"Store Now, Decrypt Later: The Quantum Computing Threat (PQC strategy & phased migration)",blog_post,2024-10-17,2026-08-11,"Cellcrypt's blog 'Store Now, Decrypt Later' (17 Oct 2024) lays out its dual-layer PQC strategy combining CRYSTALS-Kyber (ML-KEM, lattice-based) with Classic McEliece (code-based) plus an agile post-quantum crypto layer for easy algorithm replacement, and includes a 12-month phased migration roadmap (Phase 1 inventory/months 1-2; Phase 2 hybrid deployment/months 3-6; Phase 3 PQ-only or dual-layer migration + audit/months 7-12). Modules certified FIPS 140-3 Level 3. | Milestone: Dual-layer PQC (CRYSTALS-Kyber + Classic McEliece) with agile crypto layer live in product; FIPS 140-3 Level 3 validat",yes,vendor-roadmaps/VND-259_Cellcrypt_Limited.html,active,,
VND-261,XWiki SAS (CryptPad),https://blueprints.cryptpad.org/review/agility/,Towards More Cryptographic Agility — CryptPad Blueprints (PQC integration),official_doc,2025-09-05,2026-06-06,"CryptPad (XWiki SAS) documents a PQC integration plan via its blog and Blueprints. After a 6-month internship, the team chose the Crystals suite (ML-KEM and ML-DSA) after benchmarking NIST candidates, implemented a proof-of-concept, and added crypto-agility to allow easy switching of cryptographic libraries. The 'Towards More Cryptographic Agility' blueprint and status posts describe the path toward quantum-resilient cryptography, with acknowledged low-level/UX blockers before production deployment. | Milestone: PQC proof-of-concept (ML-KEM + ML-DSA) and crypto-agility refactor completed; depl",yes,vendor-roadmaps/VND-261_XWiki_SAS_CryptPad_.html,deprecated,2026-07-12,"Scope arbitration (qwen3.6:27b): SINGLE_PRODUCT_NEW — The evidence focuses exclusively on the CryptPad product's architectural roadmap for cryptographic agility and PQC integration, which is distinct from the existing entry's focus on the 2025 overview, and does not cover multiple distinct products to qualify as company-wide. Supplementary evidence appended to existing pqc_product_catalog row 'cryptpad-pqc-collaboration'."
VND-263,Quranium,https://docs.quranium.org/,Quranium Blockchain Documentation / 2025 Roadmap,official_doc,2025-12-22,2026-06-19,"Quranium: quantum-secure L1 blockchain adopting SLH-DSA (FIPS 205) for signatures; published roadmap lists mainnet launch (Q3 2025 plan) with testnets live. Confirmed roadmap, re-validated 2026-06-19.",yes,vendor-roadmaps/VND-263_Quranium.html,deprecated,2026-07-12,"Scope arbitration (qwen3.6:27b): SINGLE_PRODUCT_NEW — The evidence describes the PQC strategy for the Quranium Blockchain (a single product), which is distinct from the existing catalog entry that references a specific news article about the mainnet launch rather than the official documentation/roadmap itself. Not catalogued from this evidence alone; flagged for dedicated evidence discovery if this product should be added to pqc_product_catalog."
VND-114,1Password Inc.,https://1password.com/blog/post-quantum-cryptography,A first step toward post-quantum security,blog_post,2026-03-31,2026-06-06,"Official 1Password blog announcing the first phase of a broader, sequential post-quantum roadmap. Risk-prioritized approach targeting parts of the architecture most exposed to harvest-now-decrypt-later attacks, starting with internet-facing web traffic, with future phases extending PQC across products. | Milestone: Deployed hybrid post-quantum key exchange (X25519MLKEM768) for all 1Password web application TLS connections; data protected today on PQC-capable browsers (Chrome, Firefox). Phase 1 of broader roadmap complete.",yes,vendor-roadmaps/VND-114_1Password_Inc..html,deprecated,2026-07-12,"Scope arbitration (qwen3.6:27b, run vendor-roadmap-scope-arbitration full sweep): DUPLICATE — matches existing pqc_product_catalog row for '1Password' (same/near-identical URL). Not a company-wide roadmap."
VND-367,Cohesity,https://www.cohesity.com/blogs/the-cohesity-post-quantum-cryptography-strategy/,The Cohesity post-quantum cryptography strategy,blog_post,2024-12-12,2026-06-06,"Official Cohesity blog laying out a four-phase PQC strategy: monitor (track quantum advances), extend (prolong current crypto viability, e.g. migrate to 4096-bit RSA), adopt (implement NIST-standardized PQC algorithms standardized summer 2024), and wait (transition to quantum cryptography later). References regulatory timelines (NSM-10 transition by 2035, NIST deprecation after 2030 / disallow after 2035) and notes AES-256 remains resilient against quantum attacks. | Milestone: Adopt phase: implementing NIST-standardized PQC algorithms and extending current cryptography (4096-bit RSA) while al",yes,vendor-roadmaps/VND-367_Cohesity.html,deprecated,2026-07-12,"Scope arbitration (qwen3.6:27b, run vendor-roadmap-scope-arbitration full sweep): DUPLICATE — matches existing pqc_product_catalog row for 'Cohesity DataCloud' (same/near-identical URL). Not a company-wide roadmap."
VND-368,Commvault,https://www.commvault.com/blogs/future-proofing-your-data-post-quantum-cryptography-and-beyond,Future-Proofing Your Data: Post-Quantum Cryptography and Beyond,blog_post,,2026-06-06,"Commvault maintains a dedicated PQC content hub (commvault.com/explore/post-quantum-cryptography) plus strategy blogs describing a crypto-agility framework that lets customers update algorithms without overhauling systems. Commvault Cloud (CPR 2024) uses CRYSTALS-Kyber (KEM) and CRYSTALS-Dilithium3/FALCON (signatures), supports SPHINCS+, and added NIST's HQC algorithm to defend against harvest-now-decrypt-later, aligning to NIST FIPS 203/204/205 (Aug 2024). | Milestone: Integrated NIST's HQC algorithm and expanded crypto-agile PQC support (Kyber/Dilithium/FALCON/SPHINCS+) within Commvault Clou",yes,vendor-roadmaps/VND-368_Commvault.html,deprecated,2026-07-12,"Scope arbitration (qwen3.6:27b): SINGLE_PRODUCT_NEW — The evidence focuses specifically on Commvault Cloud CPR 2024 and its PQC implementation, which is a single product scope, but provides materially different and more detailed algorithmic evidence (including HQC and specific NIST FIPS alignments) than the existing entry. Supplementary evidence appended to existing pqc_product_catalog row 'commvault-cloud'."
VND-169,Cryptomathic A/S,https://www.cryptomathic.com/a-bankers-guide-to-quantum-safe-cryptography-part-3-roadmap-to-pqc-migration-for-financial-institutions-cryptomathic,A Banker's Guide to Quantum Safe Cryptography - Part 3: Roadmap to PQC Migration for Financial Institutions,whitepaper,,2026-08-12,"Part 3 of Cryptomathic's three-part 'Banker's Guide to Quantum Safe Cryptography'. Lays out an explicit five-phase PQC migration roadmap with month-based timelines: Phase 1 (0-6mo) crypto inventory and governance; Phase 2 (3-12mo) centralized key management and deprecating SHA-1/1024-bit RSA/3DES; Phase 3 (9-18mo) hybrid classical-PQC pilots and HSM/library upgrades; Phase 4 (18-36mo) broad deployment prioritizing high-risk systems; Phase 5 (36mo+) legacy decommission and crypto agility. Aligned to DORA, NIS2, PCI DSS 4.0 and EU coordinated roadmap targets. | Milestone: Hybrid classical-PQC en",yes,vendor-roadmaps/VND-169_Cryptomathic_A_S.html,active,,
VND-291,Cybernetica AS,https://cyber.ee/resources/news/estonia-pqc-transition/,Cybernetica to lead Estonia's transition to quantum-safe e-governance,press_release,2025-11-10,2026-08-11,"Cybernetica won three Estonian government procurements to lead the national PQC transition and develop Estonia's national PQC roadmap. The roadmap follows three phases: (1) cryptographic inventory of existing systems, (2) detailed transition planning with timelines and priorities, (3) implementation across Estonia's digital infrastructure (eID/ID-card, Mobile-ID, Smart-ID, X-Road, public e-services, i-voting). Includes a Population Register security assessment and updated cryptographic-algorithm lifecycle research. Modeled on Cybernetica's earlier X-Road SHA-1 to SHA-512 migration. | Milestone",yes,vendor-roadmaps/VND-291_Cybernetica_AS.html,active,,
VND-154,Ericsson AB,https://www.ericsson.com/en/security/quantum-safe-networks,Quantum-safe networks explained,official_doc,2025,2026-08-11,"Official Ericsson strategy page for transitioning telecom networks to quantum-resistant cryptography, referencing NIST ML-KEM/ML-DSA/SLH-DSA, NSA CNSA 2.0, and standardization work in 3GPP, IETF, GSMA. Lays out a phased migration: PQC likely introduced in 5G releases 20/21, with 6G (release 21) quantum-resistant from the start. | Milestone: PQC expected to be introduced in 5G era (3GPP releases 20/21) and 6G fully quantum-resistant from the start (~release 21), aligned with NSA 2030 phase-out guidance.",yes,vendor-roadmaps/VND-154_Ericsson_AB.html,deprecated,2026-07-12,"Scope arbitration (qwen3.6:27b, run vendor-roadmap-scope-arbitration full sweep): DUPLICATE — matches existing pqc_product_catalog row for 'Ericsson Quantum-Safe 5G' (same/near-identical URL). Not a company-wide roadmap."
VND-300,EU NIS Cooperation Group,https://digital-strategy.ec.europa.eu/en/library/coordinated-implementation-roadmap-transition-post-quantum-cryptography,A Coordinated Implementation Roadmap for the Transition to Post-Quantum Cryptography,official_doc,2025-06-23,2026-06-06,"Roadmap produced by the PQC work stream of the NIS Cooperation Group (alongside the European Commission), released to Member States 23 June 2025. Sets coordinated milestones: start transition by end-2026, protect critical infrastructure with PQC by end-2030, complete transition where feasible by 2035, favoring hybrid PQC schemes. | Milestone: Member States to begin PQC transition by end of 2026; critical infrastructure to PQC by end of 2030; broad completion by 2035.",yes,vendor-roadmaps/VND-300_EU_NIS_Cooperation_Group.html,deprecated,2026-06-06,Duplicate of VND-220 European Commission; NIS Cooperation Group outputs are hosted on the EC domain
VND-220,European Commission,https://digital-strategy.ec.europa.eu/en/library/coordinated-implementation-roadmap-transition-post-quantum-cryptography,A Coordinated Implementation Roadmap for the Transition to Post-Quantum Cryptography,official_doc,2025-06,2026-08-11,"Official European Commission roadmap (developed with the NIS Cooperation Group PQC work stream), building on the Commission's 11 April 2024 Recommendation. Provides coordinated, phased EU-wide PQC transition guidance using hybrid schemes across public administration and critical infrastructure. | Milestone: Member States to start PQC transition by end of 2026; critical infrastructure protected with PQC by end of 2030; transition completed for as many systems as feasible by 2035.",yes,vendor-roadmaps/VND-220_European_Commission.html,active,,
VND-374,F5,https://www.f5.com/company/blog/understanding-pqc-standards-and-timelines,Understanding PQC Standards and Timelines,blog_post,2025-07-24,2026-06-06,"F5 strategic PQC transition guide outlining NIST-finalized algorithms (FIPS 203/204/205, HQC expected 2027) and a phased migration: 2025-2027 inventory crypto assets and deploy PQC at the edge, US federal migration by 2030, national security systems fully quantum-resistant by 2035. Complemented by F5's PQC readiness solutions page and hybrid TLS approach. | Milestone: 2025-2027: inventory cryptographic assets and deploy hybrid PQC (quantum-safe TLS) at the network edge, ahead of the 2030 federal migration target.",yes,vendor-roadmaps/VND-374_F5.html,deprecated,2026-06-06,"Duplicate of VND-014 F5 Networks Inc.; F5 rebranded from ""F5 Networks"" to ""F5 Inc."" in Nov 2021"
VND-140,Forward Edge-AI Inc.,https://www.forwardedge.ai/pages/isidore-pqc-readiness,Global PQC Readiness – ForwardEdge AI (12-month Implementation Playbook),official_doc,2026-03-13,2026-08-12,"(2026-07-01: page loads and matches title/content, but the full playbook is gated behind a password prompt -- flagging in case the gate tightens further.)",yes,vendor-roadmaps/VND-140_Forward_Edge-AI_Inc..html,active,,
VND-423,IBM Research (CBOMkit),https://research.ibm.com/blog/quantum-safe-roadmap,IBM bringing organizations along the quantum-safe journey (IBM Quantum Safe roadmap),official_doc,2023-05-10,2026-06-06,"IBM Research's official Quantum Safe roadmap presenting a three-phase strategic blueprint: Discover (cryptography inventory / CBOM via Explorer and Advisor), Observe (analyze cryptographic posture and prioritize vulnerabilities), and Transform (remediate with crypto-agility). The roadmap ties phases to external milestones: NIST publishing PQC standards in 2024 and NSA/CNSA requirements for quantum-safe algorithms in national security systems by 2025. CBOMkit (now contributed to the Post-Quantum Cryptography Alliance) supports the Discover phase. This is a genuine strategic timeline document, n",yes,vendor-roadmaps/VND-423_IBM_Research_CBOMkit_.html,deprecated,2026-06-06,"Duplicate of VND-019 IBM Corporation; CBOMkit is now a PQCA open-source project, not a standalone vendor"
VND-269,Kryptus Soluções em TI Ltda.,https://kryptus.com/practical-guide-to-quantum-safe-transition/,"The Quantum Countdown: A Practical Guide to Sovereign, Quantum-Safe Transition with Kryptus",blog_post,2025-10-31,2026-08-11,"Official Kryptus guide laying out a four-step PQC migration roadmap: (1) Discover and Prioritize - inventory public-key crypto usage, prioritizing mission-critical assets; (2) Fortify the Core - deploy kNET HSM as central crypto root of trust for PQC keys/certs; (3) Secure the Arteries - roll out CommGuard network encryptors with hybrid classical/PQC key exchange; (4) Extend to the Edge - deploy KeyGuardian devices to remote personnel for end-to-end quantum-resistant protection. Built around the BruitBlanc ecosystem; emphasizes crypto-agility. A companion EU-focused piece (post-quantum-cryptog",yes,vendor-roadmaps/VND-269_Kryptus_Solu_es_em_TI_Ltda..html,active,,
VND-341,Mastercard Incorporated,https://www.mastercard.com/global/en/news-and-trends/Insights/2025/post-quantum-cryptography-white-paper.html,Migration to post-quantum cryptography (Mastercard R&D white paper),whitepaper,2025-10-20,2026-08-11,"Mastercard R&D white paper (co-authored with NTU Singapore and PQStation) on migrating the financial sector to post-quantum cryptography. Covers the Harvest-Now-Decrypt-Later threat, compares PQC vs QKD (concluding PQC is more practical), and gives strategic migration guidance: build cryptographic inventories, adopt hybrid classical/PQC solutions where practical with full PQC migration later as standards mature. Mastercard is among the most aggressive card networks on PQC (quantum-resistant Ecos contactless cards since Oct 2022, Quantum Security and Communications project, participation in Eur",yes,vendor-roadmaps/VND-341_Mastercard_Incorporated.html,active,,
VND-118,Meta Platforms Inc.,https://engineering.fb.com/2026/04/16/security/post-quantum-cryptography-migration-at-meta-framework-lessons-and-takeaways/,"Post-Quantum Cryptography Migration at Meta: Framework, Lessons, and Takeaways",blog_post,2026-04-16,2026-08-11,"Official Meta Engineering blog laying out Meta's PQC migration framework: five PQC Migration Maturity Levels (PQ-Unaware through PQ-Enabled) and a six-step strategy (prioritize risks, inventory crypto assets, address external dependencies, design PQC components, implement guardrails, integrate PQC components). Uses NIST ML-KEM768 and ML-DSA65, prefers hybrid deployment; Meta co-authored HQC as a fallback algorithm. Described as multi-year phased work. | Milestone: Begun deploying post-quantum protections across significant portions of internal traffic using hybrid X25519/ML-KEM768; recommends",yes,vendor-roadmaps/VND-118_Meta_Platforms_Inc..html,active,,
VND-119,Mullvad VPN AB,https://mullvad.net/en/blog/introducing-post-quantum-vpn-mullvads-strategy-future-problem,"Introducing a post-quantum VPN, Mullvad's strategy for a future problem",blog_post,2017-12-08,2026-06-06,"Mullvad published an explicit post-quantum strategy: a conservative multi-algorithm key exchange combining at least three algorithms based on different math problems so traffic stays safe if at least one is PQ-secure. Began with New Hope (2017), moved to NIST finalists (Classic McEliece + Kyber/ML-KEM, 2022), stabilized in desktop app v2023.3, and extended PQ-safe WireGuard tunnels across all platforms (Linux, Windows, macOS, Android, iOS). Strategy is tracked through follow-up blog posts. | Milestone: Quantum-resistant (Classic McEliece + ML-KEM) WireGuard tunnels available and stabilized acr",yes,vendor-roadmaps/VND-119_Mullvad_VPN_AB.html,deprecated,2026-07-12,"Scope arbitration (qwen3.6:27b): SINGLE_PRODUCT_NEW — The evidence describes a PQC strategy specifically for the WireGuard protocol implementation, which is a distinct product/service from the existing 'Mullvad VPN App' entry, and the URL is a blog post rather than the app's changelog. Not catalogued from this evidence alone; flagged for dedicated evidence discovery if this product should be added to pqc_product_catalog."
VND-390,NetApp,https://www.netapp.com/cyber-resilience/post-quantum-cryptography/,Post-Quantum Cryptography | NetApp,product_page,2025-04-14,2026-08-11,"NetApp maintains a dedicated cyber-resilience PQC strategy hub describing its plan to embed NIST-approved PQC algorithms (CRYSTALS-Kyber/ML-KEM, Dilithium) for data at rest and in flight, using hybrid cryptography to let enterprises transition to quantum-safe encryption with minimal disruption and without architectural overhauls. Backed by a 'NetApp Roadmap Brief' solution PDF and a partnership with F5 (BIG-IP hybrid key agreement for StorageGRID). | Milestone: PQC for data at rest declared NIST-PQC compliant and integrated into ONTAP (PQC in ONTAP 9.18.1); joint F5+NetApp AI + PQC security so",yes,vendor-roadmaps/VND-390_NetApp.html,active,,
VND-391,Nord Security,https://nordsecurity.com/press-area/nordvpn-launches-post-quantum-encryption-across-all-its-applications,NordVPN launches post-quantum encryption across all applications,press_release,2025-05-22,2026-07-01,"(2026-07-01: backfilled publish_date to 2025-05-22, determined from the press release content.)",yes,vendor-roadmaps/VND-391_Nord_Security.html,deprecated,2026-07-12,"Scope arbitration (qwen3.6:27b, run vendor-roadmap-scope-arbitration full sweep): DUPLICATE — matches existing pqc_product_catalog row for 'NordVPN' (same/near-identical URL). Not a company-wide roadmap."
VND-433,OpenBao (LF Edge),https://github.com/openbao/openbao/issues/496,RFC - Post-Quantum Cryptography Migration Roadmap,official_doc,2024-08-30,2026-06-06,"Official OpenBao RFC design document laying out a phased PQC migration plan following NIST's Aug 2024 standards finalization. Catalogs cryptographic uses across impact, migration difficulty, and failure risk; priority areas include TLS listeners, PKI/SSH CAs, Transit keys, auto-unseal, and JWT/OIDC. Addresses harvest-now-decrypt-later risk and emphasizes incremental, independent migration of each subsystem with user-selectable hybrid/pure PQC algorithms in Transit and PKI. | Milestone: RFC-stage roadmap defining blocking requirements (crypto library availability via Go stdlib/CIRCL, X.509/TLS/",yes,vendor-roadmaps/VND-433_OpenBao_LF_Edge_.html,deprecated,2026-07-12,"Scope arbitration (qwen3.6:27b): SINGLE_PRODUCT_NEW — The evidence describes a specific RFC and migration roadmap for the OpenBao product itself, which is distinct from the existing entry that only references the Transit secrets documentation. Supplementary evidence appended to existing pqc_product_catalog row 'openbao'."
VND-395,OpenText,https://blogs.opentext.com/preparing-for-post-quantum-cryptography-with-opentext-sast-and-dast/,Preparing for post-quantum cryptography with OpenText SAST and DAST,blog_post,2025-10-23,2026-06-06,"OpenText blog outlining a phased PQC capability plan for its application security tools. SAST/DAST 25.4 (Oct 2025) add detection of quantum-vulnerable cryptography (new 'Weak Encryption: Non-PQC Resilient Algorithm' category; DAST flags servers lacking TLS 1.3 X25519MLKEM768 hybrid key exchange). Roadmap extensions: expand coverage beyond RSA/DSA, key-length adequacy analysis, multi-language SAST support, and additional ML-KEM permutations and standardized PQC handshakes for DAST. | Milestone: OpenText SAST and DAST 25.4 (Oct 2025) shipped detection of quantum-vulnerable algorithms and absence",yes,vendor-roadmaps/VND-395_OpenText.html,deprecated,2026-07-12,"Scope arbitration (qwen3.6:27b, run vendor-roadmap-scope-arbitration full sweep): DUPLICATE — matches existing pqc_product_catalog row for 'OpenText Content Cloud' (same/near-identical URL). Not a company-wide roadmap."
VND-318,QANplatform,https://learn.qanplatform.com/about-us/roadmap,Roadmap | QANplatform,official_doc,,2026-06-06,"Official QANplatform roadmap page laying out development/audit milestones for its quantum-resistant hybrid Layer-1 blockchain (Dilithium/ML-DSA signatures, XLINK quantum-resistant migration component). Shows QVM Audit and XLINK Audit complete, Integration Audit in progress, MainNet to follow. | Milestone: XLINK (quantum-resistant security component) audit completed; currently in comprehensive Integration Audit (QVM, XLINK, RPC, consensus, governance) ahead of MainNet launch.",yes,vendor-roadmaps/VND-318_QANplatform.html,deprecated,2026-07-12,"Scope arbitration (qwen3.6:27b): SINGLE_PRODUCT_NEW — The evidence describes the roadmap for the QANplatform Layer-1 blockchain itself (including its QVM and XLINK components), which is a distinct product entry from the specific 'QAN XLINK PQC' audit report already listed. Not catalogued from this evidence alone; flagged for dedicated evidence discovery if this product should be added to pqc_product_catalog."
VND-319,QNu Labs Pvt. Ltd.,https://www.qnulabs.com/blog/cert-in-quantum-cyber-readiness-roadmap,A Strategic Roadmap for Transitioning to Quantum Cyber Readiness,blog_post,,2026-08-12,"Published QNu Labs strategic roadmap (aligned with CERT-In) for transitioning to quantum-safe cryptography. Four phases: foundational assessment & CBOM/QBOM inventory; technology readiness with hybrid PQC (Kyber/ML-KEM) and QRNG; phased organizational rollout (0-1y groundwork, 1-3y high-risk upgrades, 3+y enterprise-wide); resilience/crypto-agility with QKD.",yes,vendor-roadmaps/VND-319_QNu_Labs_Pvt_Ltd.html,active,,
VND-371,Red Hat (Dogtag),https://www.redhat.com/en/blog/red-hats-path-post-quantum-cryptography,Red Hat's path to post-quantum cryptography,blog_post,2024-07-15,2026-06-06,"Red Hat published a strategic three-phase PQC roadmap (Classical -> Post-Quantum Capable -> Post-Quantum Ready) aligning with US/EU/Czech/German/French government timelines and NIST standardization. A follow-up strategy update, 'Building the levee: Why Red Hat's post-quantum strategy is already in production' (2026-05-25, https://www.redhat.com/en/blog/building-levee-why-red-hats-post-quantum-strategy-already-production), details concrete milestones: RHEL 10 first practical PQC steps (May 2025), RHEL 10.1 enabling PQC by default and being the first major distro to sign RPM packages with ML-DSA",yes,vendor-roadmaps/VND-371_Red_Hat_Dogtag_.html,deprecated,2026-06-06,Duplicate of VND-032 Red Hat Inc.; Dogtag Certificate System is a Red Hat-maintained upstream project
VND-034,SafeLogic Inc.,https://www.safelogic.com/products-and-services/post-quantum-cryptography,Post-Quantum Cryptography (PQC) | SafeLogic PQC Migration Roadmap,official_doc,,2026-08-12,"SafeLogic publishes a PQC Migration Roadmap and CMAP (Cryptography Maturity Action Plan) framework with a phased methodology: assess crypto systems, build migration plans, embrace crypto-agility, align with FIPS 140-3. CryptoComply suite delivers ML-KEM/ML-DSA/SLH-DSA with hybrid mode. SafeLogic CEO leads NIST NCCoE PQC Migration Project Risk Management workstream. | Milestone: CryptoComply 140-3 FIPS Provider with PQC submitted to NIST CMVP on 2026-05-19; CryptoComply Go v4.0 with full PQC support generally available.",yes,vendor-roadmaps/VND-034_SafeLogic_Inc..html,active,,
VND-351,SatoshiLabs s.r.o.,https://trezor.io/guides/trezor-devices/trezor-safe-7/going-quantum,Going quantum: our choices for Trezor Safe 7's quantum readiness,official_doc,,2026-06-06,SatoshiLabs (Trezor) published its quantum-readiness strategy for the Trezor Safe 7 hardware wallet. Three-layer security architecture (boardloader/bootloader/firmware) designed for post-quantum verification. Uses SLH-DSA-128 (hybrid with Ed25519) for quantum-secure boot and ML-DSA-44 for device attestation; each device ships with a post-quantum device certificate. References NIST 2035 transition framework as forward context. | Milestone: Trezor Safe 7 launched as the first quantum-ready hardware wallet with PQC-protected boot (SLH-DSA-128) and device attestation (ML-DSA-44); positioned for fu,yes,vendor-roadmaps/VND-351_SatoshiLabs_s.r.o..html,deprecated,2026-07-12,"Scope arbitration (qwen3.6:27b, run vendor-roadmap-scope-arbitration full sweep): DUPLICATE — matches existing pqc_product_catalog row for 'Trezor Safe 7 PQC' (same/near-identical URL). Not a company-wide roadmap."
VND-038,Senetas Corporation Ltd.,https://www.senetas.com/cybersecurity-challenges/post-quantum-encryption-security/,Quantum Resistant Encryption Security - Senetas (5-step Quantum Security roadmap),official_doc,2020-06-19,2026-08-11,"Senetas publishes a post-quantum encryption strategy with a 5-step roadmap to quantum security: crypto-agility, risk assessment, QRNG, QKD, and adoption of NIST-standardized quantum-resistant algorithms. Hybrid approach combining conventional and quantum-resistant crypto; crypto-agile FPGA design updatable in-field. Aligns with NIST 2024 standards and ETSI QKD standards. | Milestone: First-to-market high-speed network encryptors with Quantum Resistant Encryption (QRE) supporting all NIST-selected PQC algorithms; offered to existing customers (direct in AU/NZ, via Thales globally) for in-field",yes,vendor-roadmaps/VND-038_Senetas_Corporation_Ltd..html,active,,
VND-322,Society for Worldwide Interbank Financial Telecommunication SC,https://www.swift.com/news-events/news/future-proofing-financial-ecosystem,Future-proofing the financial ecosystem,blog_post,,2026-06-19,"CORRECTION 2026-06-19: the cited 'Future-proofing the financial ecosystem' article is a general piece with only a passing PQC mention, NOT a dedicated PQC roadmap. SWIFT's concrete PQC work is the BIS Project Leap Phase-2 pilot (post-quantum signatures in an operational payment test). Treat as engaged/experimental, not a published roadmap doc.",yes,vendor-roadmaps/VND-322_Society_for_Worldwide_Interbank_Financial_Telecommunication_SC.html,deprecated,2026-07-12,"Scope arbitration follow-up (direct raw-evidence check, 2026-07-12): confirmed only a single passing PQC mention in the raw page text, consistent with this row's own prior 2026-06-19 correction note ('NOT a dedicated PQC roadmap ... treat as engaged/experimental'). SWIFT's real PQC work is BIS Project Leap Phase-2, not this article."
VND-040,SUSE LLC,https://www.suse.com/c/suse-state-of-and-strategy-for-post-quantum-cryptography-at-the-end-of-2025/,SUSE state of and strategy for Post Quantum Cryptography at the end of 2025,blog_post,2025-12-04,2026-08-11,"Official SUSE Communities strategy blog laying out SUSE's PQC approach: adopt NIST standards (ML-KEM/ML-DSA/SLH-DSA, FIPS 203-205) and upstream implementations as they mature, delivering via maintenance updates and new product revisions, using hybrid classical+PQC ciphers during transition. Covers progressive rollout across SLES 15 SP6/SP7, SL Micro 6.0-6.2, and SLES 16, integrating PQC into OpenSSL, GnuTLS, libgcrypt, NSS, OpenSSH 10+, strongSwan 6.0+, and Go. | Milestone: SLES 16.0 and SL Micro 6.2 expand PQC support across OpenSSL, GnuTLS, libgcrypt, and leancrypto; hybrid x25519mlkem768 ke",yes,vendor-roadmaps/VND-040_SUSE_LLC.html,active,,
VND-227,SUSE LLC (openSUSE),https://www.suse.com/c/suse-state-of-and-strategy-for-post-quantum-cryptography-at-the-end-of-2025/,SUSE state of and strategy for Post Quantum Cryptography at the end of 2025,blog_post,2025-12-04,2026-06-06,"SUSE's official PQC strategy blog explicitly covers both SUSE Linux Enterprise and openSUSE: adopt NIST standards and upstream implementations quickly, use hybrid ciphers during transition. openSUSE Tumbleweed/Leap have landed hybrid PQC (ML-KEM-768 + X25519), including the libzupt cryptographic library (announced openSUSE news, 2026-04-28). | Milestone: Hybrid PQC (ML-KEM-768 + X25519) available in openSUSE Tumbleweed and Leap; libzupt PQC library released (April 2026).",yes,vendor-roadmaps/VND-227_SUSE_LLC_openSUSE_.html,deprecated,2026-06-06,"Duplicate of VND-040 SUSE LLC; openSUSE is a community project sponsored by SUSE, not a separate commercial vendor"
VND-327,Tailscale Inc.,https://tailscale.com/kb/1460/post-quantum-cryptography,Post-quantum cryptography - Tailscale Docs,official_doc,2025-05-02,2026-06-06,"Official Tailscale KB doc explaining its PQC strategy. Tailscale's WireGuard is not yet post-quantum secure; rather than altering WireGuard's protocol, Tailscale plans to leverage WireGuard's pre-shared key (PSK) feature and build automatic PSK provisioning/distribution, with the distribution mechanism itself using post-quantum cryptography (e.g., TLS with ML-KEM), to make Tailscale post-quantum secure out of the box in the future. | Milestone: Planned: automatic PSK provisioning/distribution (using ML-KEM-secured distribution) to deliver out-of-the-box post-quantum security; no committed date",yes,vendor-roadmaps/VND-327_Tailscale_Inc..html,deprecated,2026-07-12,"Scope arbitration (qwen3.6:27b, run vendor-roadmap-scope-arbitration full sweep): DUPLICATE — matches existing pqc_product_catalog row for 'Tailscale PQC' (same/near-identical URL). Not a company-wide roadmap."
VND-273,Telefonica S.A.,https://www.telefonica.com/en/sustainability-innovation/innovation/quantum-safe-networks/,Quantum-Safe Networks - Telefonica,official_doc,2025-02-21,2026-08-11,"Official Telefonica innovation page outlining its quantum-safe strategy across three pillars: networks (extra quantum-safe layer combining traditional + post-quantum cryptography), customer solutions (protecting against store-now-decrypt-later), and technology (NIST-standardised post-quantum algorithms with crypto-agility). Backed by a dedicated quantum Centre of Excellence and QKD deployment in EuroQCI. Telefonica also published a formal contribution to the EU PQC Roadmap (2025-09-29 PDF). | Milestone: Live quantum-safe deployments: subsea infrastructure protection, IoT/eSIM quantum-safe cert",yes,vendor-roadmaps/VND-273_Telefonica_S.A..html,active,,
VND-352,TOPPAN Digital Inc.,https://www.holdings.toppan.com/en/news/2024/10/newsrelease241007_1.html,"TOPPAN Digital, NICT, and ISARA Develop Smart Card System Employing Hybrid Methodology to Support Post-Quantum Cryptography and Current Public-key Cryptography",press_release,2024-10-07,2026-06-06,"TOPPAN Digital (subsidiary of TOPPAN Holdings) lays out a phased PQC migration roadmap for its smart-card/secure-element products. SecureBridge uses a hybrid methodology supporting both ML-DSA (NIST PQC signature, Aug 2024) and ECDSA, enabling phased migration and continued use of existing crypto-assets. Roadmap: limited practical implementations in 2025 in high-security sectors (healthcare, finance), targeting full-scale deployment of SecureBridge in 2030. Related products (Edge Safe, Secure Activate Service, PQC CARD) extend PQC across IoT and card systems. Timeline corroborated by The Quant",yes,vendor-roadmaps/VND-352_TOPPAN_Digital_Inc..html,deprecated,2026-07-12,"Scope arbitration (qwen3.6:27b, run vendor-roadmap-scope-arbitration full sweep): DUPLICATE — matches existing pqc_product_catalog row for 'TOPPAN SecureBridge HPKI PQC' (same/near-identical URL). Not a company-wide roadmap."
VND-355,Trezor Company s.r.o.,https://trezor.io/blog/security/what-quantum-ready-crypto-security-means-and-why-it-matters,What quantum-ready crypto security means and why it matters,blog_post,2026-03-16,2026-06-06,"SatoshiLabs/Trezor blog framing quantum readiness as a two-layer problem (blockchains and the wallets securing keys), focused on device-level security it controls. Trezor Safe 7 ships with NIST-standardized PQC built into manufacturing: SLH-DSA-128 (hybrid with EdDSA/Ed25519) for boot/firmware-signature verification and ML-DSA-44 for device attestation. Positions itself as 'prepared by principle' for threats over the next decade, aligned to NIST's 2035 transition target. | Milestone: Trezor Safe 7 shipping with PQC-protected boot (SLH-DSA-128) and device attestation (ML-DSA-44); plans to exten",yes,vendor-roadmaps/VND-355_Trezor_Company_s.r.o..html,deprecated,2026-07-12,"Scope arbitration (qwen3.6:27b): SINGLE_PRODUCT_NEW — The evidence focuses exclusively on the Trezor Safe 7 product and its specific PQC implementation details, rather than outlining a company-wide strategy across multiple distinct products. Not catalogued from this evidence alone; flagged for dedicated evidence discovery if this product should be added to pqc_product_catalog."
VND-187,Tuta GmbH,https://tuta.com/blog/post-quantum-cryptography,Tuta Launches Post Quantum Cryptography For Email (TutaCrypt),blog_post,2024-03-11,2026-06-06,"Tuta details its hybrid PQC protocol TutaCrypt (CRYSTALS-Kyber-1024 KEM + X25519 ECDH, AES-256/HMAC-SHA-256, Argon2/HKDF), enabled by default for all new accounts. Roadmap includes gradual migration of existing users via key-rotation mechanism, formal protocol verification with University of Wuppertal, full PQMail protocol for Perfect Forward Secrecy, and the PQDrive project (German-government-funded) building post-quantum-secure cloud storage (Tuta Drive). | Milestone: Quantum-safe encryption enabled by default in Tuta Mail and Calendar; rolling out to existing single-user accounts; key verif",yes,vendor-roadmaps/VND-187_Tuta_GmbH.html,deprecated,2026-07-12,"Scope arbitration (qwen3.6:27b, run vendor-roadmap-scope-arbitration full sweep): DUPLICATE — matches existing pqc_product_catalog row for 'Tuta Mail' (same/near-identical URL). Not a company-wide roadmap."
VND-409,Veeam,https://www.veeam.com/blog/quantum-readiness-pqc.html,Veeam on Quantum Readiness: Preparing for PQC,blog_post,2026-04-24,2026-08-11,"Veeam outlines a three-principle PQC adoption strategy: align to NIST standards/authoritative guidance (FIPS 203/204/205), coordinate with upstream cryptographic providers (OpenSSL) and platform vendors, and design for crypto agility with staged adoption. Expects 2027-2030 ecosystem readiness window; will integrate PQC when underlying libraries are enterprise-ready, validated, and supportable. Maintains FIPS 140-3 (cert #5156); partnered with Entrust for PQC-backed cyber recovery. | Milestone: Veeam Data Platform v13.1 introduces post-quantum cryptography to safeguard backups; broader rollout",yes,vendor-roadmaps/VND-409_Veeam.html,active,,
VND-329,"Versa Networks, Inc.",https://versa-networks.com/blog/post-quantum-cryptography-pqc-and-versa-future-proofing-enterprise-security-against-quantum-threats/,Post-Quantum Cryptography (PQC) and Versa: Future-Proofing Enterprise Security Against Quantum Threats,blog_post,2025-03-12,2026-06-06,"Official Versa Networks blog describing the company's quantum-safe strategy for its Universal SASE platform: phased, hybrid PQC approach maintaining backward compatibility, with X25519Kyber768 hybrid key exchange integrated and three negotiation fallback scenarios. Aligned to FIPS 140-3 / NIAP. Strategic in scope but lacks explicit dated milestones, so it reads as a strategy blog rather than a dated roadmap. | Milestone: Integration of X25519Kyber768 hybrid PQC key exchange into the Versa SASE platform with dynamic hybrid PQC negotiation/fallback (as of March 2025).",yes,vendor-roadmaps/VND-329_Versa_Networks_Inc..html,deprecated,2026-07-12,"Scope arbitration (qwen3.6:27b, run vendor-roadmap-scope-arbitration full sweep): DUPLICATE — matches existing pqc_product_catalog row for 'Versa Networks SASE PQC' (same/near-identical URL). Not a company-wide roadmap."
VND-308,"Fastly, Inc.",https://www.fastly.com/blog/future-proofing-tls-encryption-against-quantum-threats,Future-proofing TLS encryption against quantum threats,blog_post,2025-04-02,2026-07-07,"Rollout of ML-KEM across Fastly's global CDN fleet starting April 2025, automatic for TLS 1.3 customers, with measured early adoption data (~5% of TLS 1.3 clients at time of writing). Added 2026-07-07 via migrate-data remediation; independently re-fetched before adding.",yes,vendor-roadmaps/VND-308_Fastly_Inc..html,deprecated,2026-07-12,"Scope arbitration (qwen3.6:27b, run vendor-roadmap-scope-arbitration full sweep): DUPLICATE — matches existing pqc_product_catalog row for 'Fastly Edge Cloud' (same/near-identical URL). Not a company-wide roadmap."
VND-238,Toshiba Research Europe Ltd.,https://www.toshiba-clip.com/en/detail/p=5165,Toshiba Cambridge Research Laboratory satellite QKD milestones,press_release,2026-04-24,2026-07-07,"Completed milestone (Jan 2026): compact satellite QKD transmitter, ground-demonstrated. Target milestone (FY2027): long-distance LEO-satellite-to-ground QKD communication, building on 25 years of Cambridge QKD research. Added 2026-07-07 via migrate-data remediation; independently re-fetched before adding.",yes,vendor-roadmaps/VND-238_Toshiba_Research_Europe_Ltd..html,deprecated,2026-07-12,"Scope arbitration (qwen3.6:27b): SINGLE_PRODUCT_NEW — The evidence describes a specific satellite QKD hardware milestone and research timeline, which is a distinct product focus from the existing 'Integrated PQC-QKD Platform' entry and does not constitute a company-wide PQC strategy. Not catalogued from this evidence alone; flagged for dedicated evidence discovery if this product should be added to pqc_product_catalog."
VND-234,NTT Corporation,https://group.ntt/en/newsrelease/2024/10/30/241030a.html,NTT quantum-safe secure transport system,press_release,2024-10-30,2026-07-07,"NTT's 'quantum-safe secure transport system' using proprietary Elastic Key Control to switch cryptographic methods without service interruption, deployed on the Japan-Taiwan IOWN all-photonics network; framed around the '2030 Cryptography Problem.' Added 2026-07-07 via migrate-data remediation; independently re-fetched before adding.",yes,vendor-roadmaps/VND-234_NTT_Corporation.html,deprecated,2026-07-12,"Scope arbitration (qwen3.6:27b, run vendor-roadmap-scope-arbitration full sweep): DUPLICATE — matches existing pqc_product_catalog row for 'NTT PQC Secure Transport' (same/near-identical URL). Not a company-wide roadmap."
VND-244,HP Inc.,https://www.hp.com/us-en/newsroom/blogs/2024/hp-launches-business-pc-to-protect-against-quantum-computer-hacks.html,HP business PCs with quantum-resistant firmware protection,press_release,2024-03-07,2026-07-07,"HP shipped business PCs with an upgraded Endpoint Security Controller (ESC) chip using quantum-resistant cryptography to protect firmware integrity, positioned ahead of US government guidance (quantum-resistant crypto recommended from 2025, required from 2030 for sensitive systems). Added 2026-07-07 via migrate-data remediation; independently re-fetched before adding.",yes,vendor-roadmaps/VND-244_HP_Inc..html,deprecated,2026-07-12,Scope arbitration (qwen3.6:27b): SINGLE_PRODUCT_NEW — The evidence describes a specific product launch (business PCs with 5th gen ESC chip) which is distinct from the existing entries for Enterprise Printers and the generic ESC Cryptographic Library certification. Not catalogued from this evidence alone; flagged for dedicated evidence discovery if this product should be added to pqc_product_catalog.
VND-020,IDEMIA Group,https://www.idemia.com/post-quantum-security-consulting,Post-Quantum Security Consulting,official_doc,,2026-07-12,"PQC advisory service covering cryptographic risk assessment, long-term secure design, migration support (integrating into IDEMIA Sphere CryptoLib and HSM products across cloud, embedded, secure elements), and performance optimization. No specific algorithm names or dates cited.",yes,vendor-roadmaps/VND-020_IDEMIA_Group.html,deprecated,2026-07-12,"Scope arbitration (qwen3.6:27b): SINGLE_PRODUCT_NEW — The evidence describes a specific consulting service offering rather than a company-wide product roadmap, and it references specific products (Sphere CryptoLib, Sphere HSM) that are not listed in the existing product catalog entries. Not catalogued from this evidence alone; flagged for dedicated evidence discovery if this product should be added to pqc_product_catalog."
VND-036,SandboxAQ Inc.,https://www.sandboxaq.com/post/q-day-moved-closer-pqc-migration-timelines-just-shifted-left,Q-Day Moved Closer: PQC Migration Timelines Just Shifted Left,blog_post,2026-04-02,2026-07-12,"Thought-leadership blog on accelerated PQC migration urgency (2029 target vs. earlier 2031-2035 baseline, citing Google's roadmap shift). References their AQtive Guard product (aqtiveguard.com/cryptography-pqc) for PQC discovery/migration but defers technical detail off-page.",yes,vendor-roadmaps/VND-036_SandboxAQ_Inc.html,deprecated,2026-07-12,"Scope arbitration (qwen3.6:27b): SINGLE_PRODUCT_NEW — evidence is about AQtive Guard specifically, not a company-wide roadmap. Supplementary evidence appended to existing pqc_product_catalog row sandboxaq-aqtive-guard."
VND-048,Open Quantum Safe Project,https://openquantumsafe.org/post-quantum-crypto.html,Post-quantum cryptography,official_doc,,2026-08-12,"Project's own PQC primer: liboqs implements ML-KEM (Kyber), ML-DSA (Dilithium), SLH-DSA (SPHINCS+), plus Falcon/XMSS/LMS. Cites NIST FIPS 202/203/204 (2024). Covers TLS/SSH/X.509/S/MIME integration and benchmarking.",yes,vendor-roadmaps/VND-048_Open_Quantum_Safe_Project.html,active,,
VND-053,ISARA Corporation,https://isara.com/products/isara-radiate-quantum-safe-library.html,ISARA Radiate™ Quantum-safe Library,official_doc,,2026-07-12,"ISARA Radiate SDK for integrating ML-KEM/ML-DSA and other NIST-standardized PQC algorithms; NIST PQC Security Level 5. Embedded + Standard variants, MISRA-C compliant, hybrid certificate validation for transitions. Targets financial services, government, energy/utilities.",yes,vendor-roadmaps/VND-053_ISARA_Corporation.html,deprecated,2026-07-12,"Scope arbitration (qwen3.6:27b, run vendor-roadmap-scope-20260713-023326): DUPLICATE — matches existing pqc_product_catalog row isara-radiate (same URL/product). Not a company-wide roadmap."
VND-139,Qrypt Inc.,https://www.qrypt.com/resources/post-quantum-secure-vpn/,Post-Quantum Secure VPN (Qrypt BLAST),blog_post,,2026-07-12,"Qrypt BLAST: quantum-secure entropy plugin for strongSwan VPN using ML-KEM-768 + AES-256-GCM, generating keys independently at endpoints rather than distributing shared secrets. Jetson Orin Nano/NX support now; Jetson Thor AGX port planned for Feb 2026.",yes,vendor-roadmaps/VND-139_Qrypt_Inc.html,deprecated,2026-07-12,"Scope arbitration (qwen3.6:27b, run vendor-roadmap-scope-arbitration full sweep): DUPLICATE — matches existing pqc_product_catalog row qrypt-blast-sdk (same URL/product). Not a company-wide roadmap."
VND-159,Giesecke+Devrient GmbH,https://gi-de.com/en/digital-security/digital-infrastructures/post-quantum-cryptography,Post-quantum cryptography,official_doc,,2026-08-12,"References NIST FIPS 203 (ML-KEM), FIPS 204 (ML-DSA), FIPS 205 (SLH-DSA). Covers PQC SIM/eSIM (mobile/IoT) and SINA-by-secunet hardware platforms addressing store-now-decrypt-later. Describes prototypes + active standardization participation, not yet widescale deployment.",yes,vendor-roadmaps/VND-159_Giesecke_Devrient_GmbH.html,active,,
VND-180,QuintessenceLabs Pty Ltd.,https://www.quintessencelabs.com/products#qconnect,qConnect Quantum Safe Key Distributor,official_doc,,2026-08-12,"qConnect: quantum-safe key distribution supporting ""NIST approved PQC algorithms"" (unnamed) and/or QKD, plus ETSI 014, Cisco SKIP, Nokia Key Output protocols. Hybrid PQC+QKD deployment options.",yes,vendor-roadmaps/VND-180_QuintessenceLabs_Pty_Ltd..html,active,,
VND-229,CyberZero,https://cyberzero.io/services/post-quantum-cryptography-readiness/,Post-Quantum Cryptography Readiness,official_doc,,2026-08-12,PQC readiness advisory service. Page blocks automated bot user-agents (403) but confirmed real and live via browser user-agent.,yes,vendor-roadmaps/VND-229_CyberZero.html,active,,
VND-247,Agence nationale de la sécurité des systèmes d'information (ANSSI),https://cyber.gouv.fr/enjeux-technologiques/cryptographie-post-quantique/,Cryptographie post-quantique (PQC),official_doc,2026-06-08,2026-08-11,"Official ANSSI PQC guidance (URL migrated from ssi.gouv.fr to cyber.gouv.fr, redirect confirmed). Recommends hybrid pre-quantum+PQC mechanisms; PQC required for product qualification starting 2027; advises against purchasing non-PQC products after 2030. Cites first CC certifications for Thales and Samsung PQC products. Scope: classified defense, SAIV, certified/qualified products.",yes,vendor-roadmaps/VND-247_Agence_nationale_de_la_s_curit_des_syst_mes_d_information_ANSSI_.html,active,,
VND-253,pQCee Inc.,https://www.pqcee.com/pages/post-quantum-cryptography-faq,Post Quantum Cryptography FAQ,blog_post,2025-02-23,2026-08-11,"Educational FAQ (authored by Tan Teik Guan) referencing 5 products (PacketQC, inoQulate, QKDLite, QuICScript, SafeQuard) without per-product algorithm detail. Cites 2028-2045 CRQC emergence estimates, 2030 as the commonly-used planning baseline.",yes,vendor-roadmaps/VND-253_pQCee_Inc..html,active,,
VND-254,Quantum Xchange Inc.,https://quantumxc.com/pqc-migration,PQC Migration,official_doc,2026-02-01,2026-08-11,Phio TX platform for PQC migration without infrastructure replacement; crypto-agility across cloud/virtual/on-prem. Cites FIPS 203 and FIPS 140-3; NIST entropy source validation. Quotes NIST's Dustin Moody and OMB's Mike Duffy.,yes,vendor-roadmaps/VND-254_Quantum_Xchange_Inc..html,active,,
VND-256,KiviCore Oy,https://kivicore.com/kivipqc-pqc-ip-cores,Post-Quantum-Cryptography (PQC) IP Cores,official_doc,,2026-08-12,"KiviPQC-KEM (ML-KEM/FIPS 203), KiviPQC-DSA (ML-DSA/FIPS 204), KiviPQC-Box (combined) -- FPGA IP cores for embedded/resource-constrained systems. KiviCore GmbH, Dresden, 20+ years FPGA cryptography experience.",yes,vendor-roadmaps/VND-256_KiviCore_Oy.html,active,,
VND-262,Technology Innovation Institute (TII),https://www.tii.ae/news/tii-founding-partner-new-global-standard-verifiable-quantum-safe-artificial-intelligence,"TII Founding Partner of a New Global Standard for Verifiable, Quantum-Safe Artificial Intelligence",announcement,2026-06-24,2026-08-11,"Announcement of TII's role as founding partner in a new global standard for verifiable, quantum-safe AI. Page blocks automated bot user-agents (403) but confirmed real and live via browser user-agent.",yes,vendor-roadmaps/VND-262_Technology_Innovation_Institute_TII_.html,active,,
VND-286,Chelpis Quantum Corp.,https://www.chelpis.com/products-service,PQC Communication System — PQTunnel,official_doc,,2026-08-12,"Cites NIST FIPS 203/204/205 plus UOV and MAYO (via their CPQC library), NIST CAVP verification. Products: PQScan (algorithm inventory), PQTunnel (E2E encrypted comms), PQRP (post-quantum TLS upgrade), PQStorage, PQDrive, CPQC library, PQBox hardware. Cloud/on-prem/hybrid/hardware deployment across gov/healthcare/finance/AI/critical infrastructure.",yes,vendor-roadmaps/VND-286_Chelpis_Quantum_Corp..html,active,,
VND-288,Taiwan QSMC Migration Center,https://www.qsmc.org/2024-pqc-elite-program,2024 PQC Elite Program,announcement,2024-08-08,2026-08-12,"4th Annual PQC Elite Program (Academia Sinica, Taipei, 2024-08-08/09) -- educator training covering lattice-based (Kyber), code-based, multivariate (MQ), and hash-based cryptography. Real faculty from Academia Sinica and Chang Gung University.",yes,vendor-roadmaps/VND-288_Taiwan_QSMC_Migration_Center.html,active,,
VND-306,Fraunhofer Institute for Secure Information Technology (Dyber Project),https://www.sit.fraunhofer.de/de/postquantum/,Post-Quantum-Kryptografie,official_doc,,2026-08-12,"Institute competency page: efficient PQC methods, secure implementation for resource-constrained systems (vehicles, Industry 4.0), crypto-agility, migration strategy. Links the QuantumRISC project. No specific algorithm names or dates.",yes,vendor-roadmaps/VND-306_Fraunhofer_Institute_for_Secure_Information_Technology_Dyber_Project_.html,active,,
VND-085,Cosmian SAS,https://cosmian.com/data-protection-suite/cosmian-covercrypt/,Cosmian CoverCrypt,official_doc,,2026-07-12,"CoverCrypt: hybrid classical+ML-KEM (NIST-standardized PQC KEM) fine-grained/traceable encryption product. ETSI TS 104 015 standardized; follows ANSSI+BSI hybridization recommendations. Open-source (Rust), available on AWS/Azure/GCP marketplaces, integrates with Cosmian KMS. Found via broader site search after the initial homepage-nav scan surfaced only a generic risk-assessment page, not this specific product page.",yes,vendor-roadmaps/VND-085_Cosmian_SAS.html,deprecated,2026-07-12,"Scope arbitration (qwen3.6:27b): SINGLE_PRODUCT_NEW — evidence is a general homepage overview, not a company-wide roadmap. Names an uncatalogued product (Cosmian findex) but with no findex-specific PQC claim, so not catalogued from this evidence alone; flagged for dedicated evidence discovery."
VND-010,Crypto4A Technologies Inc.,https://crypto4a.com/news/,Crypto4A News: QxHSM/QxOS 5 Post-Quantum HSM Platform Updates,,2026-07-12,,,yes,vendor-roadmaps/VND-010_Crypto4A_Technologies_Inc.html,deprecated,2026-07-12,"Scope arbitration (qwen3.6:27b): SINGLE_PRODUCT_NEW — The evidence title explicitly references 'QxHSM/QxOS', which corresponds to the existing QxHSM product entry, and focuses on updates for that specific platform rather than a company-wide strategy across multiple distinct products. Supplementary evidence appended to existing pqc_product_catalog row 'crypto4a-qxhsm'."
VND-055,evolutionQ Inc.,https://evolutionq.com/services/quantum-risk-assessment,evolutionQ: Quantum Risk Assessment,,2026-07-13,,,yes,vendor-roadmaps/VND-055_evolutionQ_Inc.html,deprecated,2026-07-12,"Scope arbitration (qwen3.6:27b): SINGLE_PRODUCT_NEW — evidence is a general risk-assessment service page, not a company-wide roadmap. Products it names (BasejumpSKI, BasejumpQDN) are already independently evidenced in pqc_product_catalog; this page adds no product-specific PQC claim."
VND-008,Cisco Systems Inc.,https://blogs.cisco.com/security/preparing-for-post-quantum-cryptography-the-secure-firewall-roadmap,Cisco Secure Firewall: Post Quantum Cryptography Roadmap,,2026-07-15,,,yes,vendor-roadmaps/VND-008_Cisco_Systems_Inc.html,deprecated,2026-07-15,"Same URL already deprecated 2026-07-12 by scope arbitration (DUPLICATE — matches existing pqc_product_catalog row for 'Cisco ASA (Adaptive Security Appliance', not a company-wide roadmap). This stub was redrafted from a queue proposal that re-surfaced the identical URL; the scope problem is unchanged, so it's deprecated for the same reason rather than enriched."
VND-153,Ciena Corporation,https://www.ciena.com/solutions/quantum-safe-communications,Ciena Quantum-Safe Communications Solution,,2026-07-17,2026-08-12,"Ciena's WaveLogic 6 Extreme 1.6T quantum-safe encryption solution on the Waveserver platform supports QKD system interworking and NIST-certified PQC algorithms, delivering always-on, wire-speed encryption without impacting performance or adding operational complexity.",yes,vendor-roadmaps/VND-153_Ciena_Corporation.html,active,,
VND-192,Garantir Inc.,https://garantir.io/keeping-software-secure-in-a-post-quantum-world/,Garantir PQC Code Signing and CNSA 2.0 Migration,,2025-07-25,2026-08-11,"Garantir's GaraTrust platform provides quantum-safe code signing and certificate lifecycle management aligned with CNSA 2.0 (hash-based LMS/XMSS and lattice-based ML-DSA signature support), positioned against the NSA's CNSA 2.0 transition timeline (PQC default for software/firmware signing by 2025, RSA/ECC phase-out by 2030, full migration by 2035). GaraTrust is also listed on AWS Marketplace.",yes,vendor-roadmaps/VND-192_Garantir_Inc.html,active,,
VND-255,Quantum eMotion Inc.,https://www.quantumemotion.com/press-release/53/quantum-emotion-deploys-its-quantum-safe-security-platform-for-digital-therapeutics-in-landmark-comm,Quantum eMotion Deploys Its Quantum-Safe Security Platform,,2026-07-17,2026-08-12,"Source is a press-release announcement of a commercial partnership deploying the Sentry-Q platform for digital therapeutics; contains no PQC algorithm, timeline, or technical roadmap detail.",yes,vendor-roadmaps/VND-255_Quantum_eMotion_Inc.html,deprecated,2026-07-17,"Not a genuine company-wide PQC roadmap: real content read (LOW extraction quality, Coverage Verification=CONSISTENT with ""not specified"") shows this is a Dec 2024 press release about a commercial healthcare partnership (GreyBox/Becton Dickinson), mentioning the Sentry-Q platform and generic ""quantum-based cybersecurity"" marketing language -- no PQC algorithm, migration date, or concrete technical commitment. The 2026-07-12 discovery review approved this candidate from anchor text alone (""Read the Press Release""); real enrichment contradicts that approval."
VND-092,Algorand Foundation,https://algorand.co/blog/algorand-post-quantum-cryptography-roadmap,Algorand Post-Quantum Cryptography Roadmap,blog_post,2026-06-18,2026-08-11,"Algorand Foundation roadmap: native post-quantum accounts targeted for Q3 2026, native Falcon-512 support and multi-cryptography multisig support by end of 2026, broad quantum resilience targeted by 2027. Hybrid model uses both Ed25519 and Falcon signatures for consensus messages during transition; hybrid accounts merge ECC- and lattice-based keys. Algorithms: Falcon-512, Falcon-1024, FN-DSA, ML-DSA. (Jul 2026)",yes,vendor-roadmaps/VND-092_Algorand_Foundation.html,active,,
VND-527,European Space Agency,https://connectivity.esa.int/archives/projects/e2eqss,European Space Agency E2EQSS Post-Quantum Satellite Security,,2025-04-26,2026-08-11,"ESA's E2EQSS project delivers end-to-end quantum-safe security for satellite data links, combining PQC, PKI, QRNG, and CCSDS satellite protocols across two configurations: low-rate (<5Mbps, UHF/S/X-band monitoring & control) and high-rate (<10Gbps, X/K/optical payload data). Status as of Apr 23 2025: SRR complete, PDR in progress, CDR planned for Phase 2, QR as the final milestone. Partners: VisionSpace Technologies (Germany), Ateleris and ID Quantique (Switzerland), Fachhochschule Nordschweiz (Switzerland).",yes,vendor-roadmaps/VND-527_European_Space_Agency.html,active,,
VND-523,Gopher Security,https://www.gopher.security/mcp-security/2026-post-quantum-ai-infrastructure-security-roadmap,Gopher Security 2026 Post-Quantum AI Infrastructure Roadmap,,2026-07-02,2026-08-11,"Gopher MCP (on-demand MCP servers/gateways for AI infrastructure) plans ML-KEM (key encapsulation) and ML-DSA (signatures) adoption via a 3-phase strategy: inventory/assessment, implementing PQC primitives, then securing the 'agentic loop' with zero-trust encryption. Frames 2026 as the critical PQC transition deadline. Note: this vendor's site carries several near-identical SEO-style PQC/MCP posts, so treat as a general industry-positioning piece more than a firm company-wide commitment.",yes,vendor-roadmaps/VND-523_Gopher_Security.html,active,,
VND-522,GlobalFoundries U.S. Inc.,https://www.globenewswire.com/news-release/2026/07/08/3324047/0/en/SEALSQ-and-GlobalFoundries-Partner-to-Accelerate-Post-Quantum-Cryptography-and-Quantum-Computing-Technologies.html,GlobalFoundries Post-Quantum Cryptography Partnership with SEALSQ,,2026-07-08,2026-08-11,"SEALSQ and GlobalFoundries partnership (announced Jul 8 2026) to co-develop pre-certified PQC security IP (hard macro) blocks, Chiplet HSM (CHSM) components, and cryoelectronic ASICs for quantum computing, with GF subsidiary MIPS involved. Targets HSMs, secure enclaves, MFA tokens, smart energy, medical, defense, network infrastructure, automotive, and industrial automation. No specific NIST algorithm named; framed around EU/US sovereign semiconductor supply-chain priorities. No concrete development timeline given.",yes,vendor-roadmaps/VND-522_GlobalFoundries_U_S_Inc.html,active,,
VND-052,01 Quantum Ltd.,https://www.newsfilecorp.com/release/300832/01-Quantum-Announces-Strategic-Partnership-to-Deliver-PostQuantum-Cryptography-Solutions,01 Quantum Post-Quantum Cryptography Partnership,,2026-06-10,2026-08-11,"01 Quantum entered a PQC Engineering Partnership Agreement (announced Jun 10 2026) with a Canadian IT consulting/systems-integration firm to deliver its IronCAP (patented, US #11,271,715 and #11,669,833) PQC technology into public- and private-sector projects in Canada, covering digital assets, AI systems, email security, and enterprise infrastructure. No specific NIST algorithm named in the release; framed around Harvest-Now-Decrypt-Later urgency.",yes,vendor-roadmaps/VND-052_01_Quantum_Ltd.html,active,,
VND-456,"Quantum Knight, Inc.",https://www.executivebiz.com/articles/cgs-quantum-knight-post-quantum-cryptography-agencies,Quantum Knight Post-Quantum Cryptography for Federal Agencies,,2026-05-13,2026-08-11,"Chugach Government Solutions (CGS) entered a reseller agreement (announced May 13 2026) with Quantum Knight to deliver its CLEAR encryption system (supports Kyber/ML-KEM and Dilithium/ML-DSA, up to 10,240-bit strength, <500KB footprint, with Hyperkey biometric/MFA) to US federal defense, intelligence, healthcare, and civilian agencies. CLEAR secured FDA authorization for medical/digital-infrastructure use in Apr 2025.",yes,vendor-roadmaps/VND-456_Quantum_Knight_Inc.html,active,,
VND-524,Korea Telecom Corporation,https://www.digitaltoday.co.kr/en/view/77387/kt-joins-quantum-korea-2026-to-unveil-post-quantum-cryptography-and-quantum-key-distribution-technologies,KT Post-Quantum Cryptography and QKD at Quantum Korea 2026,,2026-07-02,2026-08-11,"KT showcased PQC + quantum key distribution (QKD) at Quantum Korea 2026 (Jul 2-4, Seoul): wired QKD at ~300 kbps, wireless QKD demonstrated over 4.8 km near Daejeon (goal: extend beyond 10 km), in-house QKD equipment tech-transferred to a domestic manufacturer. Deployments include a hybrid quantum security network with Shinhan Bank, AI medical data encryption at the National Cancer Center, and a Seoul-Busan quantum cryptography link, spanning public sector, financial services, and defense.",yes,vendor-roadmaps/VND-524_Korea_Telecom_Corporation.html,active,,
VND-525,OneSpan Inc.,https://www.onespan.com/blog/quantum-resistant-encryption-authentication-suite-server-SDK,OneSpan Quantum-Resistant Authentication Suite Server SDK,,2024-12-04,2026-08-11,"OneSpan's 'quantum-resistant' claim for Authentication Suite Server SDK is AES-256 (256-bit keys) for encrypting DPX-files/BLOBs, reasoned via Grover's-algorithm key-search cost — NOT a NIST-standardized PQC algorithm (no ML-KEM/ML-DSA/SLH-DSA/Kyber/Dilithium mentioned). References NIST/NCSC on Grover's algorithm's practical limits but does not adopt post-quantum primitives.",yes,vendor-roadmaps/VND-525_OneSpan_Inc.html,active,,
VND-526,Sigstore,https://blog.sigstore.dev/post-quantum-2025/,Sigstore Post-Quantum Cryptography Roadmap,,2025-06-06,2026-08-11,"Sigstore is prioritizing ML-DSA (FIPS 204) over SLH-DSA for its smaller signature size. Phased plan: Go 1.25 (Aug 2025) added SLH-DSA support, Go 1.26 (earliest Feb 2026) targets ML-DSA; client-side experimentation first (PQCA keys via sigstore-go), service-level crypto-agility (Fulcio/Rekor/timestamp authority) led by Trail of Bits comes later, with the public instance waiting on a vetted ML-DSA implementation in Go's standard crypto package. Notes NSA CNSSP 15 mandates CNSA 2.0 algorithms 2027-2031. Open questions remain on verification-material transition and hybrid-algorithm policy.",yes,vendor-roadmaps/VND-526_Sigstore.html,active,,
VND-528,Quantum Brilliance Pty Ltd,https://thequantuminsider.com/2025/10/01/quantum-brilliance-cyberseq-and-luxprovide-partner-to-advance-post-quantum-cryptography-with-certified-randomness/,Quantum Brilliance Post-Quantum Certified Randomness Partnership,,2025-10-01,2026-08-11,"Quantum Brilliance, CyberSeQ, and LuxProvide signed a letter of intent (Oct 1 2025) to integrate quantum-derived randomness into PQC algorithms. Quantum Brilliance supplies nondeterministic random numbers from a room-temperature virtual QPU; CyberSeQ incorporates 32-byte quantum-derived blocks into PQC algorithms and assesses entropy/certifiability; LuxProvide's MeluXina supercomputer validates the integrated systems. Targets financial services and data-security sectors seeking NIST/BSI/ENISA/ANSSI-aligned certified randomness. No concrete development timeline given beyond the LOI announcement.",yes,vendor-roadmaps/VND-528_Quantum_Brilliance_Pty_Ltd.html,active,,
VND-255,Quantum eMotion Inc.,https://www.quantumemotion.com/,Quantum eMotion QRNG and Quantum-Safe Security,,,2026-08-12,"Quantum eMotion combines electron-based QRNG (1.8 Gbps entropy) with NIST-aligned PQC. Software: Sentry-Q (quantum-safe comms, deployed Dec 2024), eFlux-Q (cloud entropy distribution), eCrypto-Q (QRNG+PQC dev SDK), eHot-Q (crypto-wallet engine; Qastle wallet launched Oct 2025 with Krown), eShield-Q (AI/cloud runtime security). Hardware (in development): eCore-Q, eCMOS-Q, eSOC-Q (with JMEM Tek), eVault-Q, eCold-Q. Milestones: 65nm CMOS design finalized + TSMC manufacturing started May 2025; IBM collaboration validation study completed Jun 2025.",yes,vendor-roadmaps/VND-255_Quantum_eMotion_Inc.html,active,,
VND-031,Palo Alto Networks Inc.,https://docs.paloaltonetworks.com/network-security/quantum-security/administration/quantum-security-concepts/post-quantum-migration-planning-and-preparation,Palo Alto Networks Post-Quantum Migration Planning,,,2026-08-12,,yes,vendor-roadmaps/VND-031_Palo_Alto_Networks_Inc.html,active,,
VND-049,The OpenSSL Corporation,https://openssl-corporation.org/post-quantum.html,OpenSSL Corporation Post-Quantum Readiness,,,2026-08-12,"OpenSSL has implemented all three NIST PQC standards: ML-KEM (FIPS 203), ML-DSA (FIPS 204), SLH-DSA (FIPS 205). X25519MLKEM768 hybrid key exchange is the TLS 1.3 default. Cites EU roadmap (2030 high-risk systems, 2035 completion) and US CNSA 2.0 (2030 deadline for national-security systems) as external milestones. OpenSSL 3.5 LTS supported through April 2030, with extended fixes available via commercial contracts.",yes,vendor-roadmaps/VND-049_The_OpenSSL_Corporation.html,active,,
VND-056,SEALSQ Corp.,https://www.sealsq.com/investors/news-releases/sealsq-announces-development-of-qasic-the-quantum-resistant-asic-by-icalps,"SEALSQ Announces Development of QASIC, the Quantum-Resistant ASIC, By IC'Alps",,2025-10-17,2026-08-11,"SEALSQ announced development of QASIC (Quantum ASIC), a custom quantum-resistant chip line, via its recently acquired ASIC design house IC'Alps. Roadmap phases: short-term commercialization of a ""PQC standard chip"", mid-term custom QASIC/security-IP solutions, long-term chiplet-based Hardware Security Modules (CHSMs) and Post-Quantum HSMs. First prototype targeted for 2026. No specific PQC algorithms named in this announcement (high-level strategic release, not a technical spec). | Milestone: first PQC standard chip commercialization (short-term); first QASIC prototype expected 2026.",yes,vendor-roadmaps/VND-056_SEALSQ_Corp.html,active,,
VND-154,Ericsson AB,https://www.ericsson.com/en/reports-and-papers/ericsson-technology-review/articles/migrating-telecom-to-quantum-resistant-cryptography,Migration to quantum-resistant cryptography - Ericsson,,2026-05-07,2026-08-11,"Ericsson's telecom PQC migration strategy covers ML-KEM, ML-DSA, SLH-DSA, FN-DSA, XMSS, and LMS (FIPS 203/204/205), using a hybrid approach combining traditional and PQC key exchange for key establishment. High-priority systems should migrate before 2031; full transition completed by 2035. General strategic overview, not product-level. | Milestone: high-priority systems migrated by 2031; full PQC transition by 2035.",yes,vendor-roadmaps/VND-154_Ericsson_AB.html,active,,
VND-249,National Cyber Security Centre (NCSC),https://www.ncsc.gov.uk/blogs/post-quantum-cryptography-pqc-migration-workshop-report,Post-quantum cryptography (PQC) migration workshop report,,2026-07-22,2026-08-11,"This is a UK NCSC workshop report synthesizing a Dec 2025 industry/academia/government workshop — general PQC migration guidance, not NCSC's own product roadmap. Cites NCSC's published migration milestones for 2028 and 2031, and urges immediate discovery/prioritisation/roadmap work plus supply-chain engagement.",yes,vendor-roadmaps/VND-249_National_Cyber_Security_Centre_NCSC.html,active,,
VND-236,Centre for Development of Telematics (C-DOT),https://www.cdot.in/cdotweb/web/product_category.php?lang=en&catId=10,Post Quantum Cryptography product category,,2026-07-29,2026-08-12,"Product catalog page lists PQC-branded hardware (e-QSAN quantum-safe network appliances, QSWP2P wireless P2P node, Q-SETU PINE secure IP-phone node, QSSVIP in-line network encryptor) but provides no algorithm names, dates, or technical roadmap detail.",yes,vendor-roadmaps/VND-236_Centre_for_Development_of_Telematics_C_DOT.html,active,,
VND-311,"IronCore Labs, Inc.",https://ironcorelabs.com/crypto-agility-post-quantum/,IronCore Labs — Crypto-Agility / Post-Quantum Cryptography,,2026-07-31,2026-08-12,,yes,vendor-roadmaps/VND-311_IronCore_Labs_Inc.html,active,,
VND-315,"PQSecure Technologies, Inc.",https://pqsecurity.com/pqsecure-software/,PQSecure Technologies — PQSecure Software Products,,2026-07-31,2026-08-12,,yes,vendor-roadmaps/VND-315_PQSecure_Technologies_Inc.html,active,,
VND-277,Turkcell Iletisim Hizmetleri A.S.,https://www.turkcell.com.tr,No public PQC roadmap found,no_public_roadmap,,2026-08-12,Homepage nav/footer anchors scanned 2026-07-29 via discover_run.py (discover-20260729-224500): no quantum-safe/PQC-themed links on the homepage. Weaker than a full site search — a vendor may publish a roadmap without linking it from the homepage; re-opened by the 60-day staleness sweep.,no,,active,,
VND-278,Hamad Bin Khalifa University (HBKU),https://www.hbku.edu.qa,No public PQC roadmap found,no_public_roadmap,,2026-08-12,Homepage nav/footer anchors scanned 2026-07-29 via discover_run.py (discover-20260729-224500): no quantum-safe/PQC-themed links on the homepage. Weaker than a full site search — a vendor may publish a roadmap without linking it from the homepage; re-opened by the 60-day staleness sweep.,no,,active,,
VND-279,African Institute for Mathematical Sciences (AIMS),https://qla.aimsric.org,No public PQC roadmap found,no_public_roadmap,2022-08-11,2026-08-11,Homepage nav/footer anchors scanned 2026-07-29 via discover_run.py (discover-20260729-224500): no quantum-safe/PQC-themed links on the homepage. Weaker than a full site search — a vendor may publish a roadmap without linking it from the homepage; re-opened by the 60-day staleness sweep.,no,,active,,
VND-281,China Telecom Corporation Limited,https://www.chinatelecom-h.com,No public PQC roadmap found,no_public_roadmap,,2026-08-12,Homepage nav/footer anchors scanned 2026-07-29 via discover_run.py (discover-20260729-224657): no quantum-safe/PQC-themed links on the homepage — and the page mentions no PQC term at all. Weaker than a full site search — a vendor may publish a roadmap without linking it from the homepage; re-opened by the 60-day staleness sweep.,no,,active,,
VND-282,ICCS China National Standards,https://www.sac.gov.cn,No public PQC roadmap found,no_public_roadmap,,2026-08-12,Homepage nav/footer anchors scanned 2026-07-29 via discover_run.py (discover-20260729-224657): no quantum-safe/PQC-themed links on the homepage — and the page mentions no PQC term at all. Weaker than a full site search — a vendor may publish a roadmap without linking it from the homepage; re-opened by the 60-day staleness sweep.,no,,active,,
VND-283,Toppan Inc.,https://www.holdings.toppan.com,No public PQC roadmap found,no_public_roadmap,2025-04,2026-08-11,Homepage nav/footer anchors scanned 2026-07-29 via discover_run.py (discover-20260729-224657): no quantum-safe/PQC-themed links on the homepage — and the page mentions no PQC term at all. Weaker than a full site search — a vendor may publish a roadmap without linking it from the homepage; re-opened by the 60-day staleness sweep.,no,,active,,
VND-284,Fujitsu Limited,https://www.fujitsu.com,No public PQC roadmap found,no_public_roadmap,,2026-08-12,Homepage nav/footer anchors scanned 2026-07-29 via discover_run.py (discover-20260729-224657): no quantum-safe/PQC-themed links on the homepage — and the page mentions no PQC term at all. Weaker than a full site search — a vendor may publish a roadmap without linking it from the homepage; re-opened by the 60-day staleness sweep.,no,,active,,
