id,Source_Name,Source_Type,Region,Primary_URL,Description,Leaders_CSV,Library_CSV,Algorithm_CSV,Threats_CSV,Timeline_CSV,Compliance_CSV,Migrate_CSV,Patents_CSV,Last_Verified_Date,primary_url_quality
cmu-cylab,Carnegie Mellon CyLab,Academic,Americas,https://www.cylab.cmu.edu/,Advanced PQC research including vulnerability analysis of NIST algorithms and quantum-safe protocol development,No,No,Yes,Yes,No,No,No,No,2026-05-06,url_authoritative
uc-berkeley-bqic,UC Berkeley BQIC,Academic,Americas,https://bqic.berkeley.edu/,Berkeley Quantum Information & Computation Center focusing on quantum cryptography and algorithm research,No,No,Yes,Yes,No,No,No,No,2026-05-06,url_authoritative
ruhr-university-bochum-cryptography,Ruhr University Bochum Cryptography,Academic,EMEA,https://www.crypto.rub.de/,Leading European PQC research; developers of NIST-selected CRYSTALS algorithms,No,No,Yes,Yes,No,No,No,No,2026-05-06,url_authoritative
max-planck-institute-security-and-privacy,Max Planck Institute Security and Privacy,Academic,EMEA,https://www.mpi-sp.org/,German research institute contributing to NIST PQC standardization efforts,No,No,Yes,Yes,No,No,No,No,2026-05-06,url_needs_review
brno-university-of-technology,Brno University of Technology,Academic,EMEA,https://www.vut.cz/en/,Coordinator of EU Horizon QARC project for quantum-resistant cryptography in practice (2026-2029),No,No,Yes,Yes,No,No,No,No,2026-05-06,url_needs_review
duke-university-quantum-center,Duke University Quantum Center,Academic,Americas,https://quantum.duke.edu/,Interdisciplinary quantum research including quantum-safe cryptography foundations,No,No,Yes,Yes,No,No,No,No,2026-05-06,url_authoritative
yale-university-quantum-institute,Yale University Quantum Institute,Academic,Americas,https://quantuminstitute.yale.edu/,Collaborative quantum research across physics engineering and computer science,No,No,Yes,Yes,No,No,No,No,2026-05-06,url_authoritative
virginia-tech-cybersecurity,Virginia Tech Cybersecurity,Academic,Americas,https://cyber.vt.edu/,Lattice-based cryptographic algorithm evaluation for NIST standardization,No,No,Yes,Yes,No,No,No,No,2026-05-06,url_authoritative
george-mason-university-crypto,George Mason University Crypto,Academic,Americas,https://csis.gmu.edu/,Hardware implementation and security analysis of PQC candidates,No,No,Yes,Yes,No,No,No,No,2026-05-06,url_authoritative
university-of-san-diego-crypto-group,UC San Diego Cryptography Group,Academic,Americas,https://cseweb.ucsd.edu/~nadiah/,PQC research publications and algorithm development,No,No,Yes,Yes,No,No,No,No,2026-05-06,url_authoritative
ibm-research,IBM Research Quantum-Safe,Vendor,Global,https://www.ibm.com/quantum/quantum-safe,Leading contributor to NIST PQC standards (ML-KEM ML-DSA SLH-DSA); crypto-agility solutions,No,No,Yes,No,No,No,No,No,2026-05-06,url_needs_review
quantum-safe-360-alliance,Quantum-Safe 360 Alliance,Industry_Workgroup,Global,https://www.ibm.com/consulting,Alliance of IBM Consulting Keyfactor Quantinuum and Thales for PQC migration services,No,No,No,No,No,No,No,No,2026-05-06,url_needs_review
resque-consortium,RESQUE Consortium,Industry_Workgroup,EMEA,https://www.thalesgroup.com/,French consortium (Thales TheGreenBow CryptoExperts CryptoNext ANSSI Inria) for secure communications,No,No,Yes,No,No,No,No,No,2026-05-06,url_needs_review
pqshield,PQShield,Vendor,Global,https://pqshield.com/,Commercial PQC solutions provider; quantum-resistant semiconductor IP and cryptography,Yes,No,Yes,No,Yes,No,Yes,No,2026-05-06,url_needs_review
sandboxaq,SandboxAQ,Vendor,Americas,https://www.sandboxaq.com/,Enterprise quantum-safe cryptography solutions; PQCA founding member,Yes,No,Yes,No,Yes,No,Yes,No,2026-05-06,url_needs_review
qusecure,QuSecure,Vendor,Americas,https://qusecure.com/,Quantum-resistant security solutions; PQCA founding member,No,No,No,No,No,No,Yes,No,2026-05-06,url_needs_review
qrypt,Qrypt,Vendor,Americas,https://www.qrypt.com/,Quantum-secure encryption company; PKI Consortium member since 2024,No,No,Yes,No,No,No,No,No,2026-05-06,url_needs_review
01-quantum,01 Quantum,Industry_Workgroup,Global,https://01quantum.com/,Early-stage quantum-safe security leader focusing on agile PQC deployment,No,No,No,No,No,No,No,No,2026-05-06,url_authoritative
cryptoexperts,CryptoExperts,Industry_Workgroup,EMEA,https://www.cryptoexperts.com/,Cryptography R&D consultancy; RESQUE consortium member,No,No,Yes,No,No,No,No,No,2026-05-06,url_needs_review
quantinuum,Quantinuum,Vendor,Global,https://www.quantinuum.com/,Quantum computing and quantum-safe solutions; Quantum-Safe 360 Alliance member,No,No,Yes,No,Yes,No,No,No,2026-05-06,url_needs_review
kudelski-iot,Kudelski IoT,Industry_Workgroup,EMEA,https://www.kudelski-iot.com/,IoT security with PQC implementation; PQCA founding member,No,No,Yes,No,No,No,No,No,2026-05-06,url_needs_review
intellecteu,IntellectEU,Industry_Workgroup,EMEA,https://www.intellecteu.com/,Enterprise blockchain and quantum-safe solutions; PQCA founding member,No,No,No,No,No,No,No,No,2026-05-06,url_needs_review
crypto-quantique,Crypto Quantique,Industry_Workgroup,EMEA,https://www.cryptoquantique.com/,Quantum-driven security for IoT devices,No,No,Yes,No,No,No,No,No,2026-05-06,url_needs_review
xiphera,Xiphera,Industry_Workgroup,EMEA,https://www.xiphera.com/,Hardware cryptographic IP cores including PQC implementations,No,No,Yes,No,No,No,No,No,2026-05-06,url_needs_review
resquant,ResQuant,Industry_Workgroup,EMEA,https://resquant.com/,Quantum risk assessment and PQC migration planning services,No,No,No,No,No,No,No,No,2026-05-06,url_needs_review
sixscape-communications,Sixscape Communications,Industry_Workgroup,Americas,https://www.sixscape.com/,IPv6 and quantum-safe network security solutions,No,No,No,No,No,No,No,No,2026-05-06,url_needs_review
archon-security,Archon Security,Industry_Workgroup,Global,https://www.archon.com/,Quantum-safe cryptographic solutions and consulting,No,No,No,No,No,No,No,No,2026-05-06,url_authoritative
mcgill-university-cryptography,McGill University Cryptography,Academic,Americas,https://crypto.cs.mcgill.ca/,PQCrypto steering committee member; advanced cryptographic research,No,No,Yes,Yes,No,No,No,No,2026-05-06,url_needs_review
university-of-cincinnati-crypto,University of Cincinnati Crypto,Academic,Americas,https://homepages.uc.edu/~coudtj/,PQCrypto steering committee representation; lattice cryptography research,No,No,Yes,Yes,No,No,No,No,2026-05-06,url_authoritative
norwegian-university-of-science-and-technology,Norwegian University of Science and Technology,Academic,EMEA,https://www.ntnu.edu/,PQCrypto steering committee member; Nordic PQC research leadership,No,No,Yes,Yes,No,No,No,No,2026-05-06,url_authoritative
pennsylvania-state-university-crypto,Pennsylvania State University Crypto,Academic,Americas,https://www.cse.psu.edu/,PQCrypto steering committee; code-based cryptography research,No,No,Yes,Yes,No,No,No,No,2026-05-06,url_authoritative
university-of-ryukyu,University of Ryukyu,Academic,APAC,https://www.u-ryukyu.ac.jp/en/,Japanese PQCrypto research; regional PQC standardization collaboration,No,No,Yes,Yes,No,No,No,No,2026-05-06,url_needs_review
university-of-limoges-xlim,University of Limoges XLIM,Academic,EMEA,https://www.xlim.fr/en,French research institute; PQCrypto steering committee member,No,No,Yes,Yes,No,No,No,No,2026-05-06,url_needs_review
indian-institute-of-information-technology-kurnool,Indian Institute of Information Technology Kurnool,Academic,APAC,https://www.iiitk.ac.in/,MeitY-sponsored PQC research projects (2025-2026),No,No,Yes,Yes,No,No,No,No,2026-05-06,url_needs_review
nist-csrc,NIST Computer Security Resource Center,Government,Americas,https://csrc.nist.gov/projects/post-quantum-cryptography,Primary PQC standardization authority; FIPS standards and technical specifications,No,No,Yes,No,No,No,No,No,2026-05-06,url_authoritative
nist-news,NIST News & Events,Government,Americas,https://www.nist.gov/news-events,Official NIST announcements for PQC milestones and algorithm selections,No,No,Yes,No,No,No,No,No,2026-05-06,url_authoritative
nsa-media,NSA Media Defense Portal,Government,Americas,https://media.defense.gov/,Official NSA/DoD technical documentation and FAQ releases,No,No,No,No,No,No,No,No,2026-05-06,url_authoritative
cisa,CISA Quantum Page,Government,Americas,https://www.cisa.gov/quantum,Federal PQC product categories and procurement guidance (updated Jan 2026),No,No,No,No,No,No,No,No,2026-05-06,url_authoritative
bsi,BSI Post-Quantum Cryptography,Government,EMEA,https://www.bsi.bund.de/EN/Themen/Unternehmen-und-Organisationen/Informationen-und-Empfehlungen/Quantentechnologien-und-Post-Quanten-Kryptografie/quantentechnologien-und-post-quanten-kryptografie_node.html,German Federal Office for Information Security PQC guidance and migration strategies,No,No,No,No,No,No,No,No,2026-05-06,url_authoritative
anssi,ANSSI Cryptography Guidelines,Government,EMEA,https://www.ssi.gouv.fr/en/,French cybersecurity agency quantum transition recommendations,No,No,No,No,No,No,No,No,2026-05-06,url_needs_review
ncsc-uk,NCSC UK Quantum Security,Government,EMEA,https://www.ncsc.gov.uk/whitepaper/quantum-safe-cryptography,UK National Cyber Security Centre quantum threat guidance,No,No,No,No,No,No,No,No,2026-05-06,url_authoritative
enisa,ENISA Post-Quantum Cryptography,Government,EMEA,https://www.enisa.europa.eu/topics/cryptography,EU cybersecurity agency PQC recommendations and threat analysis,No,No,No,No,No,No,No,No,2026-05-06,url_authoritative
acsc,ACSC Australian Signals Directorate,Government,APAC,https://www.cyber.gov.au/,Australian Cyber Security Centre quantum security guidance,No,No,No,No,No,No,No,No,2026-05-06,url_authoritative
cse,CSE Canadian Centre for Cyber Security,Government,Americas,https://cyber.gc.ca/en/,Canadian cybersecurity guidance on quantum threats and PQC migration,No,No,No,No,No,No,No,No,2026-05-06,url_authoritative
federal-reserve,Federal Reserve Economic Research,Government,Americas,https://www.federalreserve.gov/econres/feds/,Economic and security analysis including HNDL threats to financial systems,No,No,No,No,No,No,No,No,2026-05-06,url_authoritative
ietf,IETF Datatracker,Industry_Workgroup,Global,https://datatracker.ietf.org/,Internet protocol standards including TLS and PKI PQC specifications,No,No,Yes,No,No,No,No,No,2026-05-06,url_authoritative
iso-iec-sc27,ISO/IEC JTC 1 SC 27,Industry_Workgroup,Global,https://www.iso.org/committee/45306.html,International cryptography standards development,No,No,Yes,No,No,No,No,No,2026-05-06,url_authoritative
etsi-cyber,ETSI Cyber Security,Vendor,EMEA,https://www.etsi.org/technologies/quantum-safe-cryptography,European telecommunications standards for quantum-safe protocols,No,No,Yes,No,No,No,No,No,2026-05-06,url_authoritative
ieee,IEEE Standards Association,Industry_Workgroup,Global,https://standards.ieee.org/,Technical standards for quantum-safe implementations,No,No,Yes,No,No,No,No,No,2026-05-06,url_authoritative
pki-consortium,PKI Consortium,Industry_Workgroup,Global,https://pkic.org/,Public key infrastructure industry coordination and PQC conferences,Yes,Yes,No,No,Yes,No,No,No,2026-05-06,url_needs_review
pqca,PQCA (Post-Quantum Cryptography Alliance),Industry_Workgroup,Americas,https://www.pqca.org/,Industry alliance for PQC adoption and standards harmonization,No,No,No,No,No,No,No,No,2026-05-06,url_authoritative
tcg,Trusted Computing Group,Industry_Workgroup,Global,https://trustedcomputinggroup.org/,Hardware security standards including TPM PQC specifications,No,Yes,Yes,No,Yes,No,No,No,2026-05-06,url_needs_review
fs-isac,FS-ISAC Financial Services,Industry_Workgroup,Global,https://www.fs-isac.com/,Financial sector threat intelligence and PQC migration guidance,No,No,No,No,No,No,No,No,2026-05-06,url_authoritative
mit-csail,MIT CSAIL Cryptography Group,Academic,Americas,https://dci.mit.edu/,Post-quantum algorithm research and cryptanalysis,No,No,Yes,Yes,No,No,No,No,2026-05-06,url_authoritative
stanford-crypto,Stanford Applied Crypto Group,Academic,Americas,https://crypto.stanford.edu/,PQC protocol design and security analysis research,No,No,Yes,Yes,No,No,No,No,2026-05-06,url_authoritative
iqc,University of Waterloo IQC,Academic,Americas,https://uwaterloo.ca/institute-for-quantum-computing/,Quantum computing and post-quantum cryptography research institute,No,No,Yes,Yes,Yes,No,No,No,2026-05-06,url_needs_review
eth-zurich,ETH Zurich Cryptography Group,Academic,EMEA,https://crypto.ethz.ch/,European PQC algorithm development and analysis,No,No,Yes,Yes,No,No,No,No,2026-05-06,url_needs_review
inria,INRIA France Cryptography,Academic,EMEA,https://www.inria.fr/en,French national research institute for PQC algorithms,No,No,Yes,Yes,No,No,No,No,2026-05-06,url_needs_review
tue-coding,TU Eindhoven Coding Theory,Academic,EMEA,https://www.tue.nl/en/research/research-groups/coding-theory-and-cryptology,Code-based and lattice-based PQC research,No,No,Yes,Yes,No,No,No,No,2026-05-06,url_authoritative
cosic,KU Leuven COSIC,Academic,EMEA,https://www.esat.kuleuven.be/cosic/,Belgian cryptography and security research center,No,No,Yes,Yes,No,No,No,No,2026-05-06,url_needs_review
utoronto,University of Toronto Smart Grid Security,Academic,Americas,https://www.utoronto.ca/,Critical infrastructure quantum threat research,No,No,No,Yes,No,No,No,No,2026-05-06,url_needs_review
tsinghua-university-quantum-lab,Tsinghua University Quantum Lab,Academic,APAC,https://www.tsinghua.edu.cn/en/,Chinese quantum computing and PQC research,No,No,Yes,Yes,No,No,No,No,2026-05-06,url_needs_review
national-university-of-singapore-cqt,National University of Singapore CQT,Academic,APAC,https://www.quantumlah.org/,Centre for Quantum Technologies PQC research,No,No,Yes,Yes,No,No,No,No,2026-05-06,url_needs_review
university-of-tokyo-quantum,University of Tokyo Quantum,Academic,APAC,https://www.u-tokyo.ac.jp/en/,Japanese quantum security research programs,No,No,Yes,Yes,No,No,No,No,2026-05-06,url_needs_review
abi-research,ABI Research Technology Analysis,Industry_Workgroup,Global,https://www.abiresearch.com/,Industry technology forecasting including HSM and PQC adoption analysis,No,No,No,No,No,No,No,No,2026-05-06,url_needs_review
thales-research,Thales Data Threat Reports,Vendor,Global,https://cpl.thalesgroup.com/resources,Annual cybersecurity threat assessments including quantum risks,No,No,No,No,No,No,No,No,2026-05-06,url_needs_review
csa-cloud,Cloud Security Alliance,Industry_Workgroup,Global,https://cloudsecurityalliance.org/,Cloud security standards including quantum-safe guidance,No,No,No,Yes,No,No,No,No,2026-05-06,url_needs_review
owasp,OWASP Quantum,Industry_Workgroup,Global,https://owasp.org/,Application security guidance for quantum-safe development,No,No,No,No,No,No,No,No,2026-05-06,url_needs_review
lf-qsc,Linux Foundation QSC,Vendor,Global,https://www.linuxfoundation.org/,Open source quantum-safe cryptography implementations,No,No,Yes,No,No,No,No,No,2026-05-06,url_needs_review
nist-ir,NIST IR Publications,Government,Americas,https://csrc.nist.gov/publications/search,"Implementation guidance and technical reports (IR 8413, IR 8547)",No,No,Yes,No,No,No,No,No,2026-05-06,url_authoritative
cmvp,CMVP Cryptographic Module Validation,Government,Americas,https://csrc.nist.gov/projects/cryptographic-module-validation-program,FIPS 140-3 validation for PQC implementations,No,No,Yes,No,No,No,No,No,2026-05-06,url_authoritative
ncsc-nl,NCSC Netherlands Post-Quantum,Government,EMEA,https://www.ncsc.nl/,Dutch cybersecurity center quantum transition guidance,No,No,No,No,No,No,No,No,2026-05-06,url_authoritative
cccs-canadian-crypto-standards,CCCS Canadian Crypto Standards,Government,Americas,https://www.cyber.gc.ca/en/guidance/cryptographic-algorithms-unclassified-protected-protected-b-information-itsp40111,Canadian cryptographic algorithm guidance including PQC,No,No,Yes,No,No,No,No,No,2026-05-06,url_authoritative
cryptrec,Japan CRYPTREC,Government,APAC,https://www.cryptrec.go.jp/en/,Japanese cryptographic standards evaluation project,No,No,Yes,No,No,No,No,No,2026-05-06,url_needs_review
kisa,Korea KISA,Government,APAC,https://www.kisa.or.kr/eng/,Korean Internet & Security Agency PQC initiatives,No,No,No,No,No,No,No,No,2026-05-06,url_authoritative
csa-singapore,Singapore CSA Cybersecurity,Government,APAC,https://www.csa.gov.sg/,Singapore Cyber Security Agency quantum readiness,No,No,No,No,No,No,No,No,2026-05-06,url_needs_review
atarc-federal-technology,ATARC Federal Technology,Industry_Workgroup,Americas,https://www.atarc.org/,Advanced Technology Academic Research Center supporting CISA PQC initiatives,No,No,No,No,No,No,No,No,2026-05-06,url_needs_review
fips,FIPS Standards Repository,Government,Americas,https://csrc.nist.gov/publications/fips,Official FIPS 203/204/205/206 standards documentation,No,No,Yes,No,No,No,No,No,2026-05-06,url_authoritative
arxiv-crypto,arXiv Cryptography,Academic,Global,https://arxiv.org/list/cs.CR/recent,Pre-print repository for cutting-edge PQC research papers,No,Yes,Yes,Yes,No,No,No,No,2026-05-06,url_authoritative
iacr-eprint,IACR Cryptology ePrint,Academic,Global,https://eprint.iacr.org/,International Association for Cryptologic Research preprint archive,No,Yes,Yes,Yes,No,No,No,No,2026-05-06,url_authoritative
bundesdruckerei,Bundesdruckerei Quantum ID,Government,EMEA,https://www.bundesdruckerei.de/en,German government printer developing quantum-secure ID systems,No,No,No,No,No,No,No,No,2026-05-06,url_needs_review
g7-cyber,G7 Cyber Expert Group,Government,Global,https://home.treasury.gov/news/press-releases/sb0355,G7 CEG statement on coordinated PQC roadmap for financial sector (Jan 2026); 2035 migration target; chaired by U.S. Treasury and Bank of England,No,No,No,Yes,Yes,No,No,No,2026-05-06,url_authoritative
cisa-pqc,CISA PQC Product Categories,Government,Americas,https://www.cisa.gov/resources-tools/resources/product-categories-technologies-use-post-quantum-cryptography-standards,Federal procurement guidance for PQC-capable products (Jan 2026); identifies product categories where PQC is widely available,No,No,No,No,No,No,No,No,2026-05-06,url_authoritative
eth-foundation,Ethereum Foundation PQC,Industry_Workgroup,Global,https://ethereum.org/,Ethereum Foundation post-quantum security team (Jan 2026); dedicated PQC engineering with $2M research prizes and multi-client test networks,No,Yes,Yes,Yes,No,No,No,No,2026-05-06,url_needs_review
signal-messenger-protocol,Signal Messenger Protocol,Industry_Workgroup,Global,https://signal.org/docs/,"Signal’s official protocol documentation, including the PQXDH post-quantum key agreement specification. Signal deployed ML-KEM-based PQXDH in production in September 2023, making it one of the first widely-deployed PQC messaging protocols.",No,Yes,No,No,Yes,No,Yes,No,2026-05-06,url_needs_review
apple-security,Apple Security Research,Industry_Workgroup,Global,https://security.apple.com/,"Apple Security Engineering & Architecture blog and documentation. Source of the iMessage PQ3 protocol whitepaper (February 2024), which details Apple’s deployment of ML-KEM for quantum-safe messaging at scale.",No,Yes,No,No,Yes,No,Yes,No,2026-05-06,url_needs_review
aivd-mivd,AIVD/MIVD Netherlands Intelligence,Government,EMEA,https://english.aivd.nl/,Joint publications from the Dutch General Intelligence and Security Service (AIVD) and Military Intelligence and Security Service (MIVD) on quantum threat assessments and post-quantum cryptography migration guidance for the Netherlands.,No,Yes,No,No,No,No,No,No,2026-05-06,url_needs_review
etsi,ETSI — European Telecommunications Standards Institute,Standards_Body,EMEA,https://www.etsi.org/technologies/quantum-safe-cryptography,"ETSI Quantum Safe Cryptography (QSC) Working Group. Publishes ETSI TS/TR on PQC migration, hybrid key exchange, and QKD. ETSI TS 103 744 defines quantum-safe hybrid key exchange.",No,Yes,No,No,Yes,Yes,Yes,No,2026-05-06,url_authoritative
w3c,World Wide Web Consortium (W3C),Standards_Body,Global,https://www.w3.org/,W3C Web Cryptography API (WebCrypto) and Verifiable Credentials standards. PQC integration in web standards relevant to identity and browser cryptography.,No,Yes,No,No,No,No,Yes,No,2026-05-06,url_authoritative
nzism,New Zealand Information Security Manual (NZISM),Government,APAC,https://www.nzism.gcsb.govt.nz/,New Zealand national information security standard mandating PQC adoption timeline for government agencies. Aligns with Five Eyes PQC guidance.,No,No,No,No,Yes,Yes,No,No,2026-05-06,url_needs_review
sectigo,Sectigo,Vendor,Americas,https://www.sectigo.com/,CA/PKI vendor with active PQC certificate issuance capabilities. Sectigo is piloting hybrid PQC TLS certificates and PQC code-signing certificates.,Yes,No,No,No,No,No,Yes,No,2026-05-06,url_needs_review
google-quantum,Google Quantum AI,Vendor,Americas,https://quantumai.google/,Google's quantum computing and PQC research division. Published Willow chip results (2024). Active contributor to NIST PQC standardization and open-source PQC implementations (CIRCL).,Yes,Yes,Yes,Yes,No,No,Yes,No,2026-05-06,url_needs_review
dod-cio,U.S. Department of Defense CIO,Government,Americas,https://dodcio.defense.gov/,DoD CIO oversees CNSA 2.0 implementation across all DoD components. Issues PQC migration guidance and compliance timelines for NSS (National Security Systems).,No,No,No,No,Yes,Yes,Yes,No,2026-05-06,url_authoritative
microsoft-security,Microsoft Security,Vendor,Americas,https://www.microsoft.com/en-us/security/blog/,"Microsoft Security blog and research covering PQC migration, Azure PQC roadmap, and Windows/Office 365 quantum-safe cryptography implementation.",Yes,Yes,No,Yes,No,No,Yes,No,2026-05-06,url_needs_review
oasis,OASIS Open,Standards_Body,Global,https://www.oasis-open.org/,"OASIS standards body overseeing PKCS#11 TC (cryptographic token interface), KMIP (key management), and emerging PQC standards integration.",No,Yes,No,No,No,Yes,Yes,No,2026-05-06,url_needs_review
ibm-ibv,IBM Institute for Business Value,Vendor,Americas,https://www.ibm.com/thought-leadership/institute-business-value/,IBM IBV research on quantum risk and PQC enterprise adoption. Publishes annual quantum-safe readiness surveys and enterprise migration playbooks.,No,No,No,Yes,No,No,Yes,No,2026-05-06,url_needs_review
meta,Meta Engineering,Vendor,Americas,https://engineering.fb.com/,Meta's engineering blog covering PQC deployment at scale. Published research on PQC in messaging (Signal/WhatsApp) and internal infrastructure migration.,Yes,Yes,No,No,No,No,Yes,No,2026-05-06,url_needs_review
deloitte,Deloitte,Industry_Analyst,Global,https://www2.deloitte.com/,Deloitte quantum risk advisory and PQC readiness assessment frameworks. Published quantum vulnerability assessments for financial services and government sectors.,No,No,No,Yes,No,Yes,Yes,No,2026-05-06,url_needs_review
forrester-research,Forrester Research,Industry_Analyst,Americas,https://www.forrester.com/,"Forrester analyst coverage of PQC market landscape, vendor evaluations, and enterprise quantum security readiness assessments.",No,No,No,No,No,No,Yes,No,2026-05-06,url_needs_review
infosec-global,InfoSec Global,Vendor,Americas,https://www.infosecglobal.com/,Cryptographic asset discovery and PQC migration automation platform. AgileSec Analytics product maps cryptographic inventory for enterprise PQC migration planning.,Yes,No,No,No,No,No,Yes,No,2026-05-06,url_needs_review
applied-quantum,Applied Quantum,Vendor,Americas,https://www.appliedquantum.com/,PQC consulting and implementation services. Specializes in PQC migration for financial services and healthcare.,Yes,No,No,No,No,No,Yes,No,2026-05-06,url_needs_review
charter-of-trust,Charter of Trust,Industry_Workgroup,Global,https://www.charteroftrust.com/,Siemens-led cybersecurity coalition (19+ members) with PQC workstream. Publishes PQC migration recommendations for industrial and critical infrastructure.,Yes,No,No,Yes,No,Yes,Yes,No,2026-05-06,url_needs_review
cambridge-judge-business-school,Cambridge Judge Business School,Academic,EMEA,https://www.jbs.cam.ac.uk/,"Cambridge business research on quantum risk economics, PQC transition costs, and enterprise quantum readiness frameworks.",No,No,No,Yes,No,No,Yes,No,2026-05-06,"url_needs_review
"
aacs,AACS Licensing Administrator,Industry_Workgroup,Americas,https://www.aacsla.com/,AACS LA defines content-protection specifications for Blu-ray and other optical media — uses ECDSA/RSA hardware key management at scale.,No,No,No,Yes,No,No,No,No,2026-05-21,url_needs_review
apnic,APNIC,Industry_Workgroup,Asia-Pacific,https://www.apnic.net/,Asia-Pacific Network Information Centre — regional internet registry with RPKI / DNSSEC cryptographic infrastructure.,No,No,No,Yes,No,No,No,No,2026-05-21,url_needs_review
awwa,American Water Works Association,Industry_Workgroup,Americas,https://www.awwa.org/,Sector-specific cybersecurity guidance for US water utilities and AWIA Section 2013 risk assessments.,No,No,No,Yes,No,No,No,No,2026-05-21,url_needs_review
bis,Bank for International Settlements,Government,Global,https://www.bis.org/,BIS Papers + BCBS publications on quantum risks to financial stability and central-bank settlement infrastructure.,No,No,No,Yes,No,No,No,No,2026-05-21,url_needs_review
cabf,CA/Browser Forum,Industry_Workgroup,Global,https://cabforum.org/,Sets baseline requirements + Server Certificate working group ballots that drive PKI / browser trust-store policy.,No,No,No,Yes,No,No,No,No,2026-05-21,url_needs_review
ccss,CryptoCurrency Certification Consortium,Industry_Workgroup,Global,https://cryptoconsortium.org/standards/ccss/,Cryptocurrency Security Standard (CCSS) — controls for digital-asset custodians and wallet infrastructure.,No,No,No,Yes,No,No,No,No,2026-05-21,url_needs_review
dvb-project,DVB Project,Industry_Workgroup,Europe,https://dvb.org/,"Digital Video Broadcasting standards (CSA, CISSA, etc.) for conditional-access systems on satellite / cable / terrestrial TV.",No,No,No,Yes,No,No,No,No,2026-05-21,url_needs_review
ec,European Commission,Government,Europe,https://commission.europa.eu/,"Source of NIS2, eIDAS 2.0, and implementing decisions that govern PQC obligations across EU regulated sectors.",No,No,No,Yes,No,No,No,No,2026-05-21,url_needs_review
emvco,EMVCo,Industry_Workgroup,Global,https://www.emvco.com/,EMV chip-card payment specifications (Book 2 security + key management) — RSA/ECDSA across global card payment rails.,No,No,No,Yes,No,No,No,No,2026-05-21,url_needs_review
epa-us,US Environmental Protection Agency,Government,Americas,https://www.epa.gov/waterresilience,AWIA Section 2013 risk assessments and water-sector cybersecurity guidance.,No,No,No,Yes,No,No,No,No,2026-05-21,url_needs_review
era-rail,European Union Agency for Railways,Government,Europe,https://www.era.europa.eu/,EU rail safety + cybersecurity directives covering ETCS Baseline 3 euroradio + FRMCS standards.,No,No,No,Yes,No,No,No,No,2026-05-21,url_needs_review
fda,US Food and Drug Administration,Government,Americas,https://www.fda.gov/medical-devices/digital-health-center-excellence/cybersecurity,Pre-market + post-market cybersecurity guidance for medical devices and DSCSA enforcement for pharmaceutical supply chain.,No,No,No,Yes,No,No,No,No,2026-05-21,url_needs_review
ferc,Federal Energy Regulatory Commission,Government,Americas,https://www.ferc.gov/,Cybersecurity reporting (Order 848) + dam safety oversight for US hydropower and bulk-electric systems.,No,No,No,Yes,No,No,No,No,2026-05-21,url_needs_review
forescout,Forescout Research,Vendor,Americas,https://www.forescout.com/research-labs/,Device-risk research on connected / unmanaged IoT + OT cryptographic posture.,No,No,No,Yes,No,No,No,No,2026-05-21,url_needs_review
fpki,Federal PKI Policy Authority,Government,Americas,https://www.idmanagement.gov/fpki/,US Federal PKI common policy + certificate-profile governance under idmanagement.gov.,No,No,No,Yes,No,No,No,No,2026-05-21,url_needs_review
fra-us,US Federal Railroad Administration,Government,Americas,https://railroads.dot.gov/,PTC cybersecurity + freight/passenger rail safety regulations (49 CFR Part 236 Subpart I).,No,No,No,Yes,No,No,No,No,2026-05-21,url_needs_review
geneva-association,The Geneva Association,Industry_Analyst,Global,https://www.genevaassociation.org/,Insurance industry research on systemic cyber risks and quantum-era underwriting exposure.,No,No,No,Yes,No,No,No,No,2026-05-21,url_needs_review
gri,Global Risk Institute,Industry_Analyst,Americas,https://globalriskinstitute.org/,Annual Quantum Threat Timeline Report — definitive CRQC arrival probability estimates.,No,No,No,Yes,No,No,No,No,2026-05-21,url_needs_review
gs1,GS1,Industry_Workgroup,Global,https://www.gs1.org/,"Global standards body for identification keys, barcodes, and EPCIS — underpins retail / supply-chain authentication.",No,No,No,Yes,No,No,No,No,2026-05-21,url_needs_review
gsma,GSMA,Industry_Workgroup,Global,https://www.gsma.com/,Mobile telco trade body — Post-Quantum Telco Network Taskforce + FS-series security guidelines (FS.18 NESAS).,No,No,No,Yes,No,No,No,No,2026-05-21,url_needs_review
icao,International Civil Aviation Organization,Government,Global,https://www.icao.int/,UN aviation specialised agency — Assembly resolutions on aviation cybersecurity (A41-19) and ADS-B / SWIM specs.,No,No,No,Yes,No,No,No,No,2026-05-21,url_needs_review
iec,International Electrotechnical Commission,Standards_Body,Global,https://www.iec.ch/,"IEC 62351 (power-systems security), IEC 62443 (industrial automation), IEC 61850 (substation comms) standards.",No,No,No,Yes,No,No,No,No,2026-05-21,url_needs_review
imo,International Maritime Organization,Government,Global,https://www.imo.org/,UN agency for shipping — Resolution MSC.428(98) maritime cyber risk management in safety-management systems.,No,No,No,Yes,No,No,No,No,2026-05-21,url_needs_review
internet2,Internet2 / InCommon,Industry_Workgroup,Americas,https://www.internet2.edu/,US R&E federation operator (InCommon) + identity & trust infrastructure for higher-ed.,No,No,No,Yes,No,No,No,No,2026-05-21,url_needs_review
itu,International Telecommunication Union,Standards_Body,Global,https://www.itu.int/,UN specialised agency — global ICT standards (X-series security; ITU-T quantum-safe networking SG13/17).,No,No,No,Yes,No,No,No,No,2026-05-21,url_needs_review
nydfs,NY Department of Financial Services,Government,Americas,https://www.dfs.ny.gov/industry-guidance/cybersecurity,23 NYCRR Part 500 — cybersecurity regulation for NY-licensed financial institutions including insurers.,No,No,No,Yes,No,No,No,No,2026-05-21,url_needs_review
openssf,Open Source Security Foundation,Open_Source_Project,Global,https://openssf.org/,"OpenSSF SLSA / Sigstore / Scorecard for supply-chain integrity, hosted under Linux Foundation.",No,No,No,Yes,No,No,No,No,2026-05-21,url_needs_review
openssh,OpenSSH,Open_Source_Project,Global,https://www.openssh.com/,Authoritative SSH implementation; first major SSH stack to ship PQC defaults (mlkem768x25519-sha256 in OpenSSH 10.0).,No,No,No,Yes,No,No,No,No,2026-05-21,url_needs_review
openssl-project,OpenSSL Project,Open_Source_Project,Global,https://www.openssl.org/,Authoritative TLS/crypto library; OpenSSL 3.5+ ships native ML-KEM / ML-DSA implementations.,No,No,No,Yes,No,No,No,No,2026-05-21,url_needs_review
pci-ssc,PCI Security Standards Council,Industry_Workgroup,Global,https://www.pcisecuritystandards.org/,"PCI DSS (data security), PCI PIN Security, P2PE — covers all merchant + acquirer card-handling cryptography.",No,No,No,Yes,No,No,No,No,2026-05-21,url_needs_review
us-doe-ed,US Department of Education,Government,Americas,https://www.ed.gov/,Sector-specific guidance for higher-ed cybersecurity + Title IV FERPA-related data protection.,No,No,No,Yes,No,No,No,No,2026-05-21,url_needs_review
wco,World Customs Organization,Government,Global,https://www.wcoomd.org/,WCO SAFE Framework — customs / supply-chain security standards and AEO authorization.,No,No,No,Yes,No,No,No,No,2026-05-21,url_needs_review
unece,United Nations Economic Commission for Europe,Government,Global,https://unece.org/transport/vehicle-regulations,UN-ECE WP.29 — vehicle cybersecurity regulations R155 and R156.,No,No,No,Yes,No,No,No,No,2026-05-21,url_needs_review
nrc,US Nuclear Regulatory Commission,Government,Americas,https://www.nrc.gov/,10 CFR 73.54 — cybersecurity requirements for nuclear power reactor facilities.,No,No,No,Yes,No,No,No,No,2026-05-21,url_needs_review
hhs,US Department of Health and Human Services,Government,Americas,https://www.hhs.gov/hipaa/,HIPAA Security Rule (45 CFR Part 164 Subpart C) — protected health information safeguards.,No,No,No,Yes,No,No,No,No,2026-05-21,url_needs_review
dst-india,India DST National Quantum Mission,Government,APAC,https://dst.gov.in/,India Department of Science & Technology / National Quantum Mission quantum-safe roadmap,No,No,No,No,Yes,No,No,No,2026-06-26,url_authoritative
apra,APRA — Australian Prudential Regulation Authority,Government,APAC,https://www.apra.gov.au/,APRA CPS 234,No,No,No,No,No,Yes,No,No,2026-06-26,url_authoritative
oaic,OAIC — Office of the Australian Information Commissioner,Government,APAC,https://www.oaic.gov.au/,Australian Privacy Act (APPs),No,No,No,No,No,Yes,No,No,2026-06-26,url_authoritative
austrac,AUSTRAC — Australian Transaction Reports and Analysis Centre,Government,APAC,https://www.austrac.gov.au/,AUSTRAC AML/CTF Act,No,No,No,No,No,Yes,No,No,2026-06-26,url_authoritative
osfi,OSFI — Office of the Superintendent of Financial Institutions (Canada),Government,Americas,https://www.osfi-bsif.gc.ca/,OSFI Guideline B-13 — Operational Risk and Resilience (Crypto Controls),No,No,No,No,No,Yes,No,No,2026-06-26,url_authoritative
uk-dsit,"UK DSIT — Department for Science, Innovation and Technology",Government,EMEA,https://www.gov.uk/,UK DSIT CNI PQC Transition Perspectives,No,No,No,No,No,Yes,No,No,2026-06-26,url_authoritative
acpr-france,ACPR — Autorité de contrôle prudentiel et de résolution (France),Government,EMEA,https://acpr.banque-france.fr/,ACPR (French Banking & Insurance Regulator),No,No,No,No,No,Yes,No,No,2026-06-26,url_authoritative
amf-france,AMF — Autorité des marchés financiers (France),Government,EMEA,https://www.amf-france.org/,AMF (French Securities Regulator),No,No,No,No,No,Yes,No,No,2026-06-26,url_authoritative
pra-uk,PRA — Prudential Regulation Authority (Bank of England),Government,EMEA,https://www.bankofengland.co.uk/,PRA Operational Resilience (SS1/21 + cyber),No,No,No,No,No,Yes,No,No,2026-06-26,url_authoritative
ico-uk,ICO — UK Information Commissioner's Office,Government,EMEA,https://ico.org.uk/,UK ICO Encryption Guidance (UK GDPR Art. 32),No,No,No,No,No,Yes,No,No,2026-06-26,url_authoritative
nsm-norway,NSM — Nasjonal sikkerhetsmyndighet (Norway),Government,EMEA,https://nsm.no/,NSM Grunnprinsipper for IKT-sikkerhet (Norway),No,No,No,No,No,Yes,No,No,2026-06-26,url_authoritative
msb-sweden,MSB — Myndigheten för samhällsskydd och beredskap (Sweden),Government,EMEA,https://www.msb.se/,MSB Sweden Cyber Resilience Metodstöd,No,No,No,No,No,Yes,No,No,2026-06-26,url_authoritative
ncsc-fi,NCSC-FI / Traficom — Finnish Cyber Security Centre,Government,EMEA,https://www.kyberturvallisuuskeskus.fi/,NCSC-FI / Traficom Finland Cyber Security Centre Bulletins,No,No,No,No,No,Yes,No,No,2026-06-26,url_authoritative
anci-chile,ANCI — Agencia Nacional de Ciberseguridad (Chile),Government,Americas,https://www.anci.gob.cl/,Chile ANCI Cybersecurity Standards (Ley 21.663),No,No,No,No,No,Yes,No,No,2026-06-26,url_authoritative
cnbv-mexico,CNBV — Comisión Nacional Bancaria y de Valores (Mexico),Government,Americas,https://www.cnbv.gob.mx/,CNBV Circular Única de Bancos (Mexico),No,No,No,No,No,Yes,No,No,2026-06-26,url_authoritative
onti-argentina,ONTI — Oficina Nacional de Tecnologías de Información (Argentina),Government,Americas,https://www.argentina.gob.ar/,Argentina ONTI Cyber Baseline (Secretaría de Innovación Pública),No,No,No,No,No,Yes,No,No,2026-06-26,url_authoritative
bacen-brazil,BACEN — Banco Central do Brasil,Government,Americas,https://www.bcb.gov.br/,BACEN Resolution 4.893 (Brazil FS Cyber),No,No,No,No,No,Yes,No,No,2026-06-26,url_authoritative
inforeg-za,Information Regulator (South Africa),Government,EMEA,https://inforegulator.org.za/,POPIA,No,No,No,No,No,Yes,No,No,2026-06-26,url_authoritative
ndpc-ng,NDPC (Nigeria Data Protection Commission),Government,EMEA,https://ndpc.gov.ng/,NDPR / NDPA 2023,No,No,No,No,No,Yes,No,No,2026-06-26,url_authoritative
odpc-ke,ODPC (Kenya),Government,EMEA,https://www.odpc.go.ke/,Kenya Data Protection Act 2019,No,No,No,No,No,Yes,No,No,2026-06-26,url_authoritative
mcit-eg,DPC (Egypt),Government,EMEA,https://mcit.gov.eg/,Egypt Personal Data Protection Law,No,No,No,No,No,Yes,No,No,2026-06-26,url_authoritative
au-commission,African Union Commission,Government,Global,https://au.int/,African Union Malabo Convention,No,No,No,No,No,Yes,No,No,2026-06-26,url_authoritative
bssn-id,PDP Authority (under KomDigi) + BSSN,Government,APAC,https://www.bssn.go.id/,Indonesia Personal Data Protection Law (UU PDP),No,No,No,No,No,Yes,No,No,2026-06-26,url_authoritative
pdpc-th,PDPC (Thailand) + NCSA + ETDA,Government,APAC,https://www.pdpc.or.th/,Thailand Personal Data Protection Act (PDPA 2019),No,No,No,No,No,Yes,No,No,2026-06-26,url_authoritative
mic-vn,MIC + A05 (Ministry of Public Security),Government,APAC,https://mic.gov.vn/,Vietnam Cybersecurity Law + Decree 13/2023,No,No,No,No,No,Yes,No,No,2026-06-26,url_authoritative
npc-ph,NPC (Philippines) + DICT,Government,APAC,https://www.privacy.gov.ph/,Philippines Data Privacy Act (RA 10173),No,No,No,No,No,Yes,No,No,2026-06-26,url_authoritative
ria-ee,RIA (Estonian Information System Authority),Government,EMEA,https://www.ria.ee/,Estonia Cybersecurity Act + RIA PQC Guidance,No,No,No,No,No,Yes,No,No,2026-06-26,url_authoritative
ncsc-ie,NCSC-IE (under DECC),Government,EMEA,https://www.ncsc.gov.ie/,Ireland NCSC PQC Guidance + NIS2 Transposition,No,No,No,No,No,Yes,No,No,2026-06-26,url_authoritative
ccb-be,CCB (Centre for Cybersecurity Belgium),Government,EMEA,https://ccb.belgium.be/,Belgium NIS2 Transposition + CCB Cybersecurity Strategy,No,No,No,No,No,Yes,No,No,2026-06-26,url_authoritative
asit-at,BMI + A-SIT,Government,EMEA,https://www.a-sit.at/,Austria NIS2 Transposition + A-SIT Guidance,No,No,No,No,No,Yes,No,No,2026-06-26,url_authoritative
nask-pl,Ministry of Digital Affairs + NASK,Government,EMEA,https://www.nask.pl/,Poland Cyber Security Act + NASK PQC Program,No,No,No,No,No,Yes,No,No,2026-06-26,url_authoritative
sic-co,SIC + MinTIC + ColCERT,Government,Americas,https://www.sic.gov.co/,Colombia Habeas Data Law 1581/2012,No,No,No,No,No,Yes,No,No,2026-06-26,url_authoritative
anpd-pe,ANPD (Peru) + PCM-SeGDi,Government,Americas,https://www.gob.pe/,Peru Personal Data Protection Law (Law 29733),No,No,No,No,No,Yes,No,No,2026-06-26,url_authoritative
urcdp-uy,URCDP + AGESIC,Government,Americas,https://www.gub.uy/,Uruguay Personal Data Protection Law (Law 18.331),No,No,No,No,No,Yes,No,No,2026-06-26,url_authoritative
tc26-ru,FSB + TC 26 (Rosstandart),Government,EMEA,https://tc26.ru/,Russia GOST Cryptography (TC 26),No,No,No,No,No,Yes,No,No,2026-06-26,url_authoritative
kvkk-tr,KVK Kurumu + BTK + TÜBİTAK BİLGEM,Government,EMEA,https://www.kvkk.gov.tr/,"Turkey Personal Data Protection Law (KVKK, Law 6698)",No,No,No,No,No,Yes,No,No,2026-06-26,url_authoritative
faa,Federal Aviation Administration,Government,Americas,https://www.faa.gov/,FAA AC 119-1: Aircraft Network Security Program,No,No,No,No,No,Yes,No,No,2026-06-26,url_authoritative
ccra,"Common Criteria Recognition Arrangement (CCRA) members including ASD, CSE, ANSSI, BSI, IPA, NCCSA, GCSB, NSRI, MAP/CCN, FMV, NCSC, NSA/NIST",Government,APAC,https://www.commoncriteriaportal.org/,Common Criteria for Information Technology Security Evaluation (CC v3.1),No,No,No,No,No,Yes,No,No,2026-06-26,url_authoritative
oscca-cn,State Cryptography Administration (OSCCA),Government,APAC,http://www.oscca.gov.cn/,China State Cryptography Administration Regulations,No,No,No,No,No,Yes,No,No,2026-06-26,url_authoritative
fca,Financial Conduct Authority,Government,EMEA,https://www.fca.org.uk/,FCA Operational Resilience Requirements,No,No,No,No,No,Yes,No,No,2026-06-26,url_authoritative
occ,Office of the Comptroller of the Currency (OCC),Government,Americas,https://www.occ.gov/,OCC Bulletin 2024-23: Cybersecurity Risk Management Related to Post-Quantum Cryptography,No,No,No,No,No,Yes,No,No,2026-06-26,url_authoritative
rbi,Reserve Bank of India,Government,APAC,https://www.rbi.org.in/,RBI Cyber Security Framework in Banks,No,No,No,No,No,Yes,No,No,2026-06-26,url_authoritative
us-white-house,White House/NSC,Government,Americas,https://bidenwhitehouse.archives.gov/,NSM-10,No,No,No,No,No,Yes,No,No,2026-06-26,url_authoritative
boi-israel,Bank of Israel — Banking Supervision Department,Government,EMEA,https://www.boi.org.il/,BOI Quantum Risk Directive (Directive Letter 202501EN),No,No,No,No,No,Yes,No,No,2026-06-26,url_authoritative
usenix-security,USENIX Security Symposium,Academic,Americas,https://www.usenix.org/conferences/byname/108,Leading peer-reviewed systems-security conference; publishes practical cryptographic-implementation attack research (e.g. Dual EC DRBG backdoor exploitability),No,Yes,No,No,No,No,No,No,2026-07-04,url_authoritative
f5-inc,"F5, Inc.",Industry_Workgroup,Americas,https://www.f5.com/,"Application delivery / security platform vendor, publishes PQC cipher support for BIG-IP",No,No,No,No,No,No,Yes,No,2026-07-07,url_authoritative
traefik-labs,Traefik Labs,Vendor,EMEA,https://traefik.io/,"Cloud-native reverse proxy vendor, publishes PQC TLS support for Traefik Proxy",No,No,No,No,No,No,Yes,No,2026-07-07,url_authoritative
wolfssl,wolfSSL Inc.,Vendor,Americas,https://www.wolfssl.com/,"Embedded TLS/crypto library vendor, publishes PQC support across wolfSSL/wolfTPM/wolfCrypt",No,No,No,No,No,No,Yes,No,2026-07-07,url_authoritative
zscaler,Zscaler Inc.,Vendor,Americas,https://www.zscaler.com/,"Cloud security / SASE vendor, publishes PQC support for its Zero Trust Exchange platform",No,No,No,No,No,No,Yes,No,2026-07-07,url_authoritative
unassigned,Unassigned (placeholder for unmapped vendor records),Vendor,Global,https://pqctoday.com,"Unassigned — primary vendor website, sourced from the vendors catalog's existing verified record.",No,No,No,No,No,No,Yes,No,2026-07-07,url_needs_review
arista-networks-inc,Arista Networks Inc.,Vendor,Americas,https://arista.com,"Arista Networks Inc. — primary vendor website, sourced from the vendors catalog's existing verified record.",No,No,No,No,No,No,Yes,No,2026-07-07,url_needs_review
best-pqc-intelligent-cybersecurity-ltd,Best PQC Intelligent Cybersecurity Ltd.,Vendor,,https://bestpqc.com,"Best PQC Intelligent Cybersecurity Ltd. — primary vendor website, sourced from the vendors catalog's existing verified record.",No,No,No,No,No,No,Yes,No,2026-07-07,url_needs_review
blackberry-limited,Blackberry Limited,Vendor,Americas,https://blackberry.com,"Blackberry Limited — primary vendor website, sourced from the vendors catalog's existing verified record.",No,No,No,No,No,No,Yes,No,2026-07-07,url_needs_review
canonical-ltd,Canonical Ltd.,Vendor,EMEA,https://canonical.com,"Canonical Ltd. — primary vendor website, sourced from the vendors catalog's existing verified record.",No,No,No,No,No,No,Yes,No,2026-07-07,url_needs_review
check-point-software-technologies-ltd,Check Point Software Technologies Ltd.,Vendor,EMEA,https://checkpoint.com,"Check Point Software Technologies Ltd. — primary vendor website, sourced from the vendors catalog's existing verified record.",No,No,No,No,No,No,Yes,No,2026-07-07,url_needs_review
citrix-systems-inc,Citrix Systems Inc.,Vendor,Americas,https://citrix.com,"Citrix Systems Inc. — primary vendor website, sourced from the vendors catalog's existing verified record.",No,No,No,No,No,No,Yes,No,2026-07-07,url_needs_review
crypto4a-technologies-inc,Crypto4A Technologies Inc.,Vendor,Americas,https://crypto4a.com,"Crypto4A Technologies Inc. — primary vendor website, sourced from the vendors catalog's existing verified record.",No,No,No,No,No,No,Yes,No,2026-07-07,url_needs_review
f5-inc-2,F5 Inc.,Vendor,Americas,https://f5.com,"F5 Inc. — primary vendor website, sourced from the vendors catalog's existing verified record.",No,No,No,No,No,No,Yes,No,2026-07-07,url_needs_review
fortanix-inc,Fortanix Inc.,Vendor,Americas,https://fortanix.com,"Fortanix Inc. — primary vendor website, sourced from the vendors catalog's existing verified record.",No,No,No,No,No,No,Yes,No,2026-07-07,url_needs_review
futurex-lp,Futurex LP,Vendor,Americas,https://futurex.com,"Futurex LP — primary vendor website, sourced from the vendors catalog's existing verified record.",No,No,No,No,No,No,Yes,No,2026-07-07,url_needs_review
marvell-technology-inc,Marvell Technology Inc.,Vendor,Americas,https://marvell.com,"Marvell Technology Inc. — primary vendor website, sourced from the vendors catalog's existing verified record.",No,No,No,No,No,No,Yes,No,2026-07-07,url_needs_review
nxp-semiconductors-nv,NXP Semiconductors N.V.,Vendor,EMEA,https://nxp.com,"NXP Semiconductors N.V. — primary vendor website, sourced from the vendors catalog's existing verified record.",No,No,No,No,No,No,Yes,No,2026-07-07,url_authoritative
safelogic-inc,SafeLogic Inc.,Vendor,Americas,https://safelogic.com,"SafeLogic Inc. — primary vendor website, sourced from the vendors catalog's existing verified record.",No,No,No,No,No,No,Yes,No,2026-07-07,url_needs_review
samsung-electronics-co,Samsung Electronics Co.,Vendor,APAC,https://samsung.com,"Samsung Electronics Co. — primary vendor website, sourced from the vendors catalog's existing verified record.",No,No,No,No,No,No,Yes,No,2026-07-07,url_needs_review
securosys-sa,Securosys SA,Vendor,EMEA,https://securosys.com,"Securosys SA — primary vendor website, sourced from the vendors catalog's existing verified record.",No,No,No,No,No,No,Yes,No,2026-07-07,url_needs_review
senetas-corporation-ltd,Senetas Corporation Ltd.,Vendor,APAC,https://senetas.com,"Senetas Corporation Ltd. — primary vendor website, sourced from the vendors catalog's existing verified record.",No,No,No,No,No,No,Yes,No,2026-07-07,url_needs_review
stmicroelectronics-nv,STMicroelectronics N.V.,Vendor,EMEA,https://st.com,"STMicroelectronics N.V. — primary vendor website, sourced from the vendors catalog's existing verified record.",No,No,No,No,No,No,Yes,No,2026-07-07,url_authoritative
suse-llc,SUSE LLC,Vendor,EMEA,https://suse.com,"SUSE LLC — primary vendor website, sourced from the vendors catalog's existing verified record.",No,No,No,No,No,No,Yes,No,2026-07-07,url_needs_review
utimaco-is-gmbh,Utimaco IS GmbH,Vendor,EMEA,https://utimaco.com,"Utimaco IS GmbH — primary vendor website, sourced from the vendors catalog's existing verified record.",No,No,No,No,No,No,Yes,No,2026-07-07,url_needs_review
wind-river-systems-inc,Wind River Systems Inc.,Vendor,Americas,https://windriver.com,"Wind River Systems Inc. — primary vendor website, sourced from the vendors catalog's existing verified record.",No,No,No,No,No,No,Yes,No,2026-07-07,url_needs_review
yubico-ab,Yubico AB,Vendor,EMEA,https://yubico.com,"Yubico AB — primary vendor website, sourced from the vendors catalog's existing verified record.",No,No,No,No,No,No,Yes,No,2026-07-07,url_needs_review
apache-software-foundation,Apache Software Foundation,Vendor,Global,https://apache.org,"Apache Software Foundation — primary vendor website, sourced from the vendors catalog's existing verified record.",No,No,No,No,No,No,Yes,No,2026-07-07,url_needs_review
hyperledger-foundation,Hyperledger Foundation,Vendor,Global,https://hyperledger.org,"Hyperledger Foundation — primary vendor website, sourced from the vendors catalog's existing verified record.",No,No,No,No,No,No,Yes,No,2026-07-07,url_needs_review
eclipse-foundation,Eclipse Foundation,Vendor,Global,https://eclipse.org,"Eclipse Foundation — primary vendor website, sourced from the vendors catalog's existing verified record.",No,No,No,No,No,No,Yes,No,2026-07-07,url_needs_review
isara-corporation,ISARA Corporation,Vendor,Americas,https://isara.com,"ISARA Corporation — primary vendor website, sourced from the vendors catalog's existing verified record.",No,No,No,No,No,No,Yes,No,2026-07-07,url_needs_review
evolutionq-inc,evolutionQ Inc.,Vendor,Americas,https://evolutionq.com,"evolutionQ Inc. — primary vendor website, sourced from the vendors catalog's existing verified record.",No,No,No,No,No,No,Yes,No,2026-07-07,url_needs_review
sealsq-corp,SEALSQ Corp.,Vendor,EMEA,https://sealsq.com,"SEALSQ Corp. — primary vendor website, sourced from the vendors catalog's existing verified record.",No,No,No,No,No,No,Yes,No,2026-07-07,url_needs_review
hashicorp-inc,HashiCorp Inc.,Vendor,Americas,https://hashicorp.com,"HashiCorp Inc. — primary vendor website, sourced from the vendors catalog's existing verified record.",No,No,No,No,No,No,Yes,No,2026-07-07,url_needs_review
venafi-inc,Venafi Inc.,Vendor,Americas,https://venafi.com,"Venafi Inc. — primary vendor website, sourced from the vendors catalog's existing verified record.",No,No,No,No,No,No,Yes,No,2026-07-07,url_needs_review
okta-inc,Okta Inc.,Vendor,Americas,https://okta.com,"Okta Inc. — primary vendor website, sourced from the vendors catalog's existing verified record.",No,No,No,No,No,No,Yes,No,2026-07-07,url_needs_review
gnutls-project,GnuTLS Project,Vendor,Global,https://gnutls.org,"GnuTLS Project — primary vendor website, sourced from the vendors catalog's existing verified record.",No,No,No,No,No,No,Yes,No,2026-07-07,url_needs_review
openbsd-foundation,OpenBSD Foundation,Vendor,Americas,https://openbsdfoundation.org,"OpenBSD Foundation — primary vendor website, sourced from the vendors catalog's existing verified record.",No,No,No,No,No,No,Yes,No,2026-07-07,url_needs_review
internet-security-research-group,Internet Security Research Group,Vendor,Americas,https://www.abetterinternet.org,"Internet Security Research Group — primary vendor website, sourced from the vendors catalog's existing verified record.",No,No,No,No,No,No,Yes,No,2026-07-07,url_needs_review
internet-systems-consortium,Internet Systems Consortium,Vendor,Americas,https://www.isc.org,"Internet Systems Consortium — primary vendor website, sourced from the vendors catalog's existing verified record.",No,No,No,No,No,No,Yes,No,2026-07-07,url_needs_review
wireguard-project,WireGuard Project,Vendor,Global,https://wireguard.com,"WireGuard Project — primary vendor website, sourced from the vendors catalog's existing verified record.",No,No,No,No,No,No,Yes,No,2026-07-07,url_needs_review
openvpn-inc,OpenVPN Inc.,Vendor,Americas,https://openvpn.net,"OpenVPN Inc. — primary vendor website, sourced from the vendors catalog's existing verified record.",No,No,No,No,No,No,Yes,No,2026-07-07,url_needs_review
botan-project,Botan Project,Vendor,Global,https://botan.randombit.net,"Botan Project — primary vendor website, sourced from the vendors catalog's existing verified record.",No,No,No,No,No,No,Yes,No,2026-07-07,url_needs_review
pycryptodome-team,PyCryptodome Team,Vendor,Global,https://www.pycryptodome.org/,"PyCryptodome Team — primary vendor website, sourced from the vendors catalog's existing verified record.",No,No,No,No,No,No,Yes,No,2026-07-07,url_authoritative
libssh-project,libssh Project,Vendor,Global,https://libssh.org,"libssh Project — primary vendor website, sourced from the vendors catalog's existing verified record.",No,No,No,No,No,No,Yes,No,2026-07-07,url_needs_review
cloud-native-computing-foundation,Cloud Native Computing Foundation,Vendor,Global,https://cncf.io,"Cloud Native Computing Foundation — primary vendor website, sourced from the vendors catalog's existing verified record.",No,No,No,No,No,No,Yes,No,2026-07-07,url_needs_review
payara-foundation,Payara Foundation,Vendor,Global,https://payara.fish,"Payara Foundation — primary vendor website, sourced from the vendors catalog's existing verified record.",No,No,No,No,No,No,Yes,No,2026-07-07,url_needs_review
mariadb-foundation,MariaDB Foundation,Vendor,Global,https://mariadb.org,"MariaDB Foundation — primary vendor website, sourced from the vendors catalog's existing verified record.",No,No,No,No,No,No,Yes,No,2026-07-07,url_needs_review
postgresql-global-development-group,PostgreSQL Global Development Group,Vendor,Global,https://postgresql.org,"PostgreSQL Global Development Group — primary vendor website, sourced from the vendors catalog's existing verified record.",No,No,No,No,No,No,Yes,No,2026-07-07,url_needs_review
redis-community,Redis Community,Vendor,Global,https://redis.io,"Redis Community — primary vendor website, sourced from the vendors catalog's existing verified record.",No,No,No,No,No,No,Yes,No,2026-07-07,url_needs_review
inria-hqc-consortium,INRIA / HQC Consortium,Vendor,EMEA,https://pqc-hqc.org,"INRIA / HQC Consortium — primary vendor website, sourced from the vendors catalog's existing verified record.",No,No,No,No,No,No,Yes,No,2026-07-07,url_needs_review
ietf-2,IETF,Vendor,Global,https://ietf.org,"IETF — primary vendor website, sourced from the vendors catalog's existing verified record.",No,No,No,No,No,No,Yes,No,2026-07-07,url_authoritative
testsslsh-project,testssl.sh Project,Vendor,Global,https://testssl.sh,"testssl.sh Project — primary vendor website, sourced from the vendors catalog's existing verified record.",No,No,No,No,No,No,Yes,No,2026-07-07,url_needs_review
cosmian-sas,Cosmian SAS,Vendor,EMEA,https://cosmian.com,"Cosmian SAS — primary vendor website, sourced from the vendors catalog's existing verified record.",No,No,No,No,No,No,Yes,No,2026-07-07,url_needs_review
veracode-inc,Veracode Inc.,Vendor,Americas,https://veracode.com,"Veracode Inc. — primary vendor website, sourced from the vendors catalog's existing verified record.",No,No,No,No,No,No,Yes,No,2026-07-07,url_needs_review
ethereum-foundation,Ethereum Foundation,Vendor,Global,https://ethereum.foundation,"Ethereum Foundation — primary vendor website, sourced from the vendors catalog's existing verified record.",No,No,No,No,No,No,Yes,No,2026-07-07,url_needs_review
solana-foundation,Solana Foundation,Vendor,Global,https://solana.org,"Solana Foundation — primary vendor website, sourced from the vendors catalog's existing verified record.",No,No,No,No,No,No,Yes,No,2026-07-07,url_needs_review
cardano-foundation,Cardano Foundation,Vendor,Global,https://cardanofoundation.org,"Cardano Foundation — primary vendor website, sourced from the vendors catalog's existing verified record.",No,No,No,No,No,No,Yes,No,2026-07-07,url_needs_review
iota-foundation,IOTA Foundation,Vendor,Global,https://iota.org,"IOTA Foundation — primary vendor website, sourced from the vendors catalog's existing verified record.",No,No,No,No,No,No,Yes,No,2026-07-07,url_needs_review
web3-foundation,Web3 Foundation,Vendor,Global,https://web3.foundation,"Web3 Foundation — primary vendor website, sourced from the vendors catalog's existing verified record.",No,No,No,No,No,No,Yes,No,2026-07-07,url_needs_review
interchain-foundation,Interchain Foundation,Vendor,Global,https://interchain.io,"Interchain Foundation — primary vendor website, sourced from the vendors catalog's existing verified record.",No,No,No,No,No,No,Yes,No,2026-07-07,url_needs_review
aptos-foundation,Aptos Foundation,Vendor,Global,https://aptosfoundation.org,"Aptos Foundation — primary vendor website, sourced from the vendors catalog's existing verified record.",No,No,No,No,No,No,Yes,No,2026-07-07,url_needs_review
ava-labs-avalanche-foundation,Ava Labs / Avalanche Foundation,Vendor,Global,https://avax.network,"Ava Labs / Avalanche Foundation — primary vendor website, sourced from the vendors catalog's existing verified record.",No,No,No,No,No,No,Yes,No,2026-07-07,url_needs_review
sui-foundation,Sui Foundation,Vendor,Global,https://sui.io,"Sui Foundation — primary vendor website, sourced from the vendors catalog's existing verified record.",No,No,No,No,No,No,Yes,No,2026-07-07,url_needs_review
qrl-foundation,QRL Foundation,Vendor,Global,https://theqrl.org,"QRL Foundation — primary vendor website, sourced from the vendors catalog's existing verified record.",No,No,No,No,No,No,Yes,No,2026-07-07,url_needs_review
r3-ltd,R3 Ltd.,Vendor,EMEA,https://r3.com,"R3 Ltd. — primary vendor website, sourced from the vendors catalog's existing verified record.",No,No,No,No,No,No,Yes,No,2026-07-07,url_needs_review
bitgo-inc,BitGo Inc.,Vendor,Americas,https://bitgo.com,"BitGo Inc. — primary vendor website, sourced from the vendors catalog's existing verified record.",No,No,No,No,No,No,Yes,No,2026-07-07,url_needs_review
anchorage-digital-bank,Anchorage Digital Bank,Vendor,Americas,https://anchorage.com,"Anchorage Digital Bank — primary vendor website, sourced from the vendors catalog's existing verified record.",No,No,No,No,No,No,Yes,No,2026-07-07,url_needs_review
fireblocks-inc,Fireblocks Inc.,Vendor,Americas,https://fireblocks.com,"Fireblocks Inc. — primary vendor website, sourced from the vendors catalog's existing verified record.",No,No,No,No,No,No,Yes,No,2026-07-07,url_needs_review
coinbase-inc,Coinbase Inc.,Vendor,Americas,https://coinbase.com,"Coinbase Inc. — primary vendor website, sourced from the vendors catalog's existing verified record.",No,No,No,No,No,No,Yes,No,2026-07-07,url_needs_review
hex-trust-ltd,Hex Trust Ltd.,Vendor,APAC,https://hextrust.com,"Hex Trust Ltd. — primary vendor website, sourced from the vendors catalog's existing verified record.",No,No,No,No,No,No,Yes,No,2026-07-07,url_needs_review
taurus-sa,Taurus SA,Vendor,EMEA,https://taurushq.com,"Taurus SA — primary vendor website, sourced from the vendors catalog's existing verified record.",No,No,No,No,No,No,Yes,No,2026-07-07,url_needs_review
komainu-ltd,Komainu Ltd.,Vendor,EMEA,https://komainu.com,"Komainu Ltd. — primary vendor website, sourced from the vendors catalog's existing verified record.",No,No,No,No,No,No,Yes,No,2026-07-07,url_needs_review
copper-technologies-ltd,Copper Technologies Ltd.,Vendor,EMEA,https://copper.co,"Copper Technologies Ltd. — primary vendor website, sourced from the vendors catalog's existing verified record.",No,No,No,No,No,No,Yes,No,2026-07-07,url_needs_review
dfns-sas,DFNS SAS,Vendor,EMEA,https://www.dfns.co,"DFNS SAS — primary vendor website, sourced from the vendors catalog's existing verified record.",No,No,No,No,No,No,Yes,No,2026-07-07,url_needs_review
zodia-custody-ltd,Zodia Custody Ltd.,Vendor,EMEA,https://zodiacustody.com,"Zodia Custody Ltd. — primary vendor website, sourced from the vendors catalog's existing verified record.",No,No,No,No,No,No,Yes,No,2026-07-07,url_needs_review
ripple-labs-inc,Ripple Labs Inc.,Vendor,Americas,https://ripple.com,"Ripple Labs Inc. — primary vendor website, sourced from the vendors catalog's existing verified record.",No,No,No,No,No,No,Yes,No,2026-07-07,url_needs_review
ledger-sas,Ledger SAS,Vendor,EMEA,https://ledger.com,"Ledger SAS — primary vendor website, sourced from the vendors catalog's existing verified record.",No,No,No,No,No,No,Yes,No,2026-07-07,url_needs_review
1password-inc,1Password Inc.,Vendor,Americas,https://1password.com,"1Password Inc. — primary vendor website, sourced from the vendors catalog's existing verified record.",No,No,No,No,No,No,Yes,No,2026-07-07,url_needs_review
bitwarden-inc,Bitwarden Inc.,Vendor,Americas,https://bitwarden.com,"Bitwarden Inc. — primary vendor website, sourced from the vendors catalog's existing verified record.",No,No,No,No,No,No,Yes,No,2026-07-07,url_needs_review
telegram-fz-llc,Telegram FZ-LLC,Vendor,EMEA,https://telegram.org,"Telegram FZ-LLC — primary vendor website, sourced from the vendors catalog's existing verified record.",No,No,No,No,No,No,Yes,No,2026-07-07,url_needs_review
meta-platforms-inc,Meta Platforms Inc.,Vendor,Americas,https://meta.com,"Meta Platforms Inc. — primary vendor website, sourced from the vendors catalog's existing verified record.",No,No,No,No,No,No,Yes,No,2026-07-07,url_needs_review
mullvad-vpn-ab,Mullvad VPN AB,Vendor,EMEA,https://mullvad.net,"Mullvad VPN AB — primary vendor website, sourced from the vendors catalog's existing verified record.",No,No,No,No,No,No,Yes,No,2026-07-07,url_needs_review
kape-technologies-expressvpn,Kape Technologies / ExpressVPN,Vendor,Americas,https://expressvpn.com,"Kape Technologies / ExpressVPN — primary vendor website, sourced from the vendors catalog's existing verified record.",No,No,No,No,No,No,Yes,No,2026-07-07,url_needs_review
gitlab-inc,GitLab Inc.,Vendor,Americas,https://gitlab.com,"GitLab Inc. — primary vendor website, sourced from the vendors catalog's existing verified record.",No,No,No,No,No,No,Yes,No,2026-07-07,url_authoritative
github-inc-microsoft,GitHub Inc. (Microsoft),Industry_Workgroup,,https://github.com,"GitHub Inc. (Microsoft) — primary vendor website, sourced from the vendors catalog's existing verified record.",No,No,No,No,No,No,Yes,No,2026-07-07,url_authoritative
jenkins-cloudbees,Jenkins / CloudBees,Vendor,Global,https://jenkins.io,"Jenkins / CloudBees — primary vendor website, sourced from the vendors catalog's existing verified record.",No,No,No,No,No,No,Yes,No,2026-07-07,url_needs_review
circleci-llc,CircleCI LLC,Vendor,Americas,https://circleci.com,"CircleCI LLC — primary vendor website, sourced from the vendors catalog's existing verified record.",No,No,No,No,No,No,Yes,No,2026-07-07,url_needs_review
nvidia-corporation,Nvidia Corporation,Vendor,Americas,https://nvidia.com,"Nvidia Corporation — primary vendor website, sourced from the vendors catalog's existing verified record.",No,No,No,No,No,No,Yes,No,2026-07-07,url_needs_review
siemens-ag,Siemens AG,Vendor,EMEA,https://siemens.com,"Siemens AG — primary vendor website, sourced from the vendors catalog's existing verified record.",No,No,No,No,No,No,Yes,No,2026-07-07,url_needs_review
broadcom-inc,Broadcom Inc.,Vendor,Americas,https://broadcom.com,"Broadcom Inc. — primary vendor website, sourced from the vendors catalog's existing verified record.",No,No,No,No,No,No,Yes,No,2026-07-07,url_needs_review
dragos-inc,Dragos Inc.,Vendor,Americas,https://dragos.com,"Dragos Inc. — primary vendor website, sourced from the vendors catalog's existing verified record.",No,No,No,No,No,No,Yes,No,2026-07-07,url_needs_review
claroty-ltd,Claroty Ltd.,Vendor,EMEA,https://claroty.com,"Claroty Ltd. — primary vendor website, sourced from the vendors catalog's existing verified record.",No,No,No,No,No,No,Yes,No,2026-07-07,url_needs_review
nozomi-networks-inc,Nozomi Networks Inc.,Vendor,Americas,https://nozomi.com,"Nozomi Networks Inc. — primary vendor website, sourced from the vendors catalog's existing verified record.",No,No,No,No,No,No,Yes,No,2026-07-07,url_authoritative
viavi-solutions-inc,VIAVI Solutions Inc.,Vendor,Americas,https://viavisolutions.com,"VIAVI Solutions Inc. — primary vendor website, sourced from the vendors catalog's existing verified record.",No,No,No,No,No,No,Yes,No,2026-07-07,url_needs_review
keysight-technologies-inc,Keysight Technologies Inc.,Vendor,Americas,https://keysight.com,"Keysight Technologies Inc. — primary vendor website, sourced from the vendors catalog's existing verified record.",No,No,No,No,No,No,Yes,No,2026-07-07,url_needs_review
mavenir-systems-inc,Mavenir Systems Inc.,Vendor,Americas,https://mavenir.com,"Mavenir Systems Inc. — primary vendor website, sourced from the vendors catalog's existing verified record.",No,No,No,No,No,No,Yes,No,2026-07-07,url_needs_review
rakuten-symphony-inc,Rakuten Symphony Inc.,Vendor,APAC,https://symphony.rakuten.com,"Rakuten Symphony Inc. — primary vendor website, sourced from the vendors catalog's existing verified record.",No,No,No,No,No,No,Yes,No,2026-07-07,url_needs_review
hitachi-ltd,Hitachi Ltd.,Vendor,APAC,https://www.hitachi.com/,"Hitachi Ltd. — primary vendor website, sourced from the vendors catalog's existing verified record.",No,No,No,No,No,No,Yes,No,2026-07-07,url_authoritative
descope-inc,Descope Inc.,Vendor,Americas,https://descope.com,"Descope Inc. — primary vendor website, sourced from the vendors catalog's existing verified record.",No,No,No,No,No,No,Yes,No,2026-07-07,url_needs_review
fusionauth-inc,FusionAuth Inc.,Vendor,Americas,https://fusionauth.io,"FusionAuth Inc. — primary vendor website, sourced from the vendors catalog's existing verified record.",No,No,No,No,No,No,Yes,No,2026-07-07,url_needs_review
stytch-inc,Stytch Inc.,Vendor,Americas,https://stytch.com,"Stytch Inc. — primary vendor website, sourced from the vendors catalog's existing verified record.",No,No,No,No,No,No,Yes,No,2026-07-07,url_needs_review
forward-edge-ai-inc,Forward Edge-AI Inc.,Vendor,Americas,https://forwardedge-ai.com,"Forward Edge-AI Inc. — primary vendor website, sourced from the vendors catalog's existing verified record.",No,No,No,No,No,No,Yes,No,2026-07-07,url_needs_review
cranium-inc,Cranium Inc.,Vendor,Americas,https://cranium.ai,"Cranium Inc. — primary vendor website, sourced from the vendors catalog's existing verified record.",No,No,No,No,No,No,Yes,No,2026-07-07,url_needs_review
hiddenlayer-inc,HiddenLayer Inc.,Vendor,Americas,https://hiddenlayer.ai,"HiddenLayer Inc. — primary vendor website, sourced from the vendors catalog's existing verified record.",No,No,No,No,No,No,Yes,No,2026-07-07,url_needs_review
lakera-ag,Lakera AG,Vendor,EMEA,https://lakera.ai,"Lakera AG — primary vendor website, sourced from the vendors catalog's existing verified record.",No,No,No,No,No,No,Yes,No,2026-07-07,url_needs_review
protect-ai-inc,Protect AI Inc.,Vendor,Americas,https://protectai.com,"Protect AI Inc. — primary vendor website, sourced from the vendors catalog's existing verified record.",No,No,No,No,No,No,Yes,No,2026-07-07,url_needs_review
robust-intelligence-inc,Robust Intelligence Inc.,Vendor,Americas,https://robustintelligence.com,"Robust Intelligence Inc. — primary vendor website, sourced from the vendors catalog's existing verified record.",No,No,No,No,No,No,Yes,No,2026-07-07,url_authoritative
galileo-technologies-inc,Galileo Technologies Inc.,Vendor,Americas,https://rungalileo.io,"Galileo Technologies Inc. — primary vendor website, sourced from the vendors catalog's existing verified record.",No,No,No,No,No,No,Yes,No,2026-07-07,url_needs_review
advanced-micro-devices-inc,Advanced Micro Devices Inc.,Vendor,Americas,https://amd.com,"Advanced Micro Devices Inc. — primary vendor website, sourced from the vendors catalog's existing verified record.",No,No,No,No,No,No,Yes,No,2026-07-07,url_needs_review
arm-holdings-plc,ARM Holdings plc,Vendor,EMEA,https://arm.com,"ARM Holdings plc — primary vendor website, sourced from the vendors catalog's existing verified record.",No,No,No,No,No,No,Yes,No,2026-07-07,url_needs_review
qualcomm-incorporated,Qualcomm Incorporated,Vendor,Americas,https://qualcomm.com,"Qualcomm Incorporated — primary vendor website, sourced from the vendors catalog's existing verified record.",No,No,No,No,No,No,Yes,No,2026-07-07,url_needs_review
microchip-technology-inc,Microchip Technology Inc.,Vendor,Americas,https://microchip.com,"Microchip Technology Inc. — primary vendor website, sourced from the vendors catalog's existing verified record.",No,No,No,No,No,No,Yes,No,2026-07-07,url_needs_review
quantum-bridge-technologies-inc,Quantum Bridge Technologies Inc.,Vendor,Americas,https://quantumbridge.com,"Quantum Bridge Technologies Inc. — primary vendor website, sourced from the vendors catalog's existing verified record.",No,No,No,No,No,No,Yes,No,2026-07-07,url_authoritative
id-quantique-sa,ID Quantique SA,Vendor,EMEA,https://idquantique.com,"ID Quantique SA — primary vendor website, sourced from the vendors catalog's existing verified record.",No,No,No,No,No,No,Yes,No,2026-07-07,url_needs_review
toshiba-corporation,Toshiba Corporation,Vendor,APAC,https://toshiba.com,"Toshiba Corporation — primary vendor website, sourced from the vendors catalog's existing verified record.",No,No,No,No,No,No,Yes,No,2026-07-07,url_needs_review
giesecke-devrient-gmbh,Giesecke+Devrient GmbH,Vendor,EMEA,https://gi-de.com,"Giesecke+Devrient GmbH — primary vendor website, sourced from the vendors catalog's existing verified record.",No,No,No,No,No,No,Yes,No,2026-07-07,url_needs_review
beyondtrust-corporation,BeyondTrust Corporation,Vendor,Americas,https://beyondtrust.com,"BeyondTrust Corporation — primary vendor website, sourced from the vendors catalog's existing verified record.",No,No,No,No,No,No,Yes,No,2026-07-07,url_needs_review
crowdstrike-holdings-inc,CrowdStrike Holdings Inc.,Vendor,Americas,https://crowdstrike.com,"CrowdStrike Holdings Inc. — primary vendor website, sourced from the vendors catalog's existing verified record.",No,No,No,No,No,No,Yes,No,2026-07-07,url_needs_review
cyberark-software-ltd,CyberArk Software Ltd.,Vendor,EMEA,https://cyberark.com,"CyberArk Software Ltd. — primary vendor website, sourced from the vendors catalog's existing verified record.",No,No,No,No,No,No,Yes,No,2026-07-07,url_needs_review
imperva-inc,Imperva Inc.,Vendor,Americas,https://imperva.com,"Imperva Inc. — primary vendor website, sourced from the vendors catalog's existing verified record.",No,No,No,No,No,No,Yes,No,2026-07-07,url_needs_review
qualys-inc,Qualys Inc.,Vendor,Americas,https://qualys.com,"Qualys Inc. — primary vendor website, sourced from the vendors catalog's existing verified record.",No,No,No,No,No,No,Yes,No,2026-07-07,url_needs_review
rapid7-inc,Rapid7 Inc.,Vendor,Americas,https://rapid7.com,"Rapid7 Inc. — primary vendor website, sourced from the vendors catalog's existing verified record.",No,No,No,No,No,No,Yes,No,2026-07-07,url_needs_review
adobe-inc,Adobe Inc.,Vendor,Americas,https://adobe.com,"Adobe Inc. — primary vendor website, sourced from the vendors catalog's existing verified record.",No,No,No,No,No,No,Yes,No,2026-07-07,url_authoritative
appviewx-inc,AppViewX Inc.,Vendor,Americas,https://appviewx.com,"AppViewX Inc. — primary vendor website, sourced from the vendors catalog's existing verified record.",No,No,No,No,No,No,Yes,No,2026-07-07,url_needs_review
arqit-quantum-inc,Arqit Quantum Inc.,Vendor,EMEA,https://arqit.uk,"Arqit Quantum Inc. — primary vendor website, sourced from the vendors catalog's existing verified record.",No,No,No,No,No,No,Yes,No,2026-07-07,url_needs_review
cryptomathic-a-s,Cryptomathic A/S,Vendor,EMEA,https://cryptomathic.com,"Cryptomathic A/S — primary vendor website, sourced from the vendors catalog's existing verified record.",No,No,No,No,No,No,Yes,No,2026-07-07,url_needs_review
delinea-inc,Delinea Inc.,Vendor,Americas,https://delinea.com,"Delinea Inc. — primary vendor website, sourced from the vendors catalog's existing verified record.",No,No,No,No,No,No,Yes,No,2026-07-07,url_needs_review
docusign-inc,DocuSign Inc.,Vendor,Americas,https://docusign.com,"DocuSign Inc. — primary vendor website, sourced from the vendors catalog's existing verified record.",No,No,No,No,No,No,Yes,No,2026-07-07,url_needs_review
elastic-nv,Elastic NV,Vendor,EMEA,https://elastic.co,"Elastic NV — primary vendor website, sourced from the vendors catalog's existing verified record.",No,No,No,No,No,No,Yes,No,2026-07-07,url_needs_review
globalsign-ltd,GlobalSign Ltd.,Vendor,EMEA,https://globalsign.com,"GlobalSign Ltd. — primary vendor website, sourced from the vendors catalog's existing verified record.",No,No,No,No,No,No,Yes,No,2026-07-07,url_needs_review
jfrog-ltd,JFrog Ltd.,Vendor,Americas,https://jfrog.com,"JFrog Ltd. — primary vendor website, sourced from the vendors catalog's existing verified record.",No,No,No,No,No,No,Yes,No,2026-07-07,url_needs_review
jumpcloud-inc,JumpCloud Inc.,Vendor,Americas,https://jumpcloud.com,"JumpCloud Inc. — primary vendor website, sourced from the vendors catalog's existing verified record.",No,No,No,No,No,No,Yes,No,2026-07-07,url_needs_review
kong-inc,Kong Inc.,Vendor,Americas,https://konghq.com,"Kong Inc. — primary vendor website, sourced from the vendors catalog's existing verified record.",No,No,No,No,No,No,Yes,No,2026-07-07,url_needs_review
nec-corporation,NEC Corporation,Vendor,APAC,https://nec.com,"NEC Corporation — primary vendor website, sourced from the vendors catalog's existing verified record.",No,No,No,No,No,No,Yes,No,2026-07-07,url_needs_review
ping-identity-holdings-corp,Ping Identity Holdings Corp.,Vendor,Americas,https://pingidentity.com,"Ping Identity Holdings Corp. — primary vendor website, sourced from the vendors catalog's existing verified record.",No,No,No,No,No,No,Yes,No,2026-07-07,url_needs_review
quintessencelabs-pty-ltd,QuintessenceLabs Pty Ltd.,Vendor,APAC,https://quintessencelabs.com,"QuintessenceLabs Pty Ltd. — primary vendor website, sourced from the vendors catalog's existing verified record.",No,No,No,No,No,No,Yes,No,2026-07-07,url_needs_review
sonatype-inc,Sonatype Inc.,Vendor,Americas,https://sonatype.com,"Sonatype Inc. — primary vendor website, sourced from the vendors catalog's existing verified record.",No,No,No,No,No,No,Yes,No,2026-07-07,url_needs_review
splunk-inc-cisco,Splunk Inc. (Cisco),Vendor,Americas,https://splunk.com,"Splunk Inc. (Cisco) — primary vendor website, sourced from the vendors catalog's existing verified record.",No,No,No,No,No,No,Yes,No,2026-07-07,url_needs_review
gravitational-inc,Gravitational Inc.,Vendor,Americas,https://goteleport.com,"Gravitational Inc. — primary vendor website, sourced from the vendors catalog's existing verified record.",No,No,No,No,No,No,Yes,No,2026-07-07,url_needs_review
tenable-inc,Tenable Inc.,Vendor,Americas,https://tenable.com,"Tenable Inc. — primary vendor website, sourced from the vendors catalog's existing verified record.",No,No,No,No,No,No,Yes,No,2026-07-07,url_needs_review
tuta-gmbh,Tuta GmbH,Vendor,EMEA,https://tuta.com,"Tuta GmbH — primary vendor website, sourced from the vendors catalog's existing verified record.",No,No,No,No,No,No,Yes,No,2026-07-07,url_needs_review
virtru-corporation,Virtru Corporation,Vendor,Americas,https://virtru.com,"Virtru Corporation — primary vendor website, sourced from the vendors catalog's existing verified record.",No,No,No,No,No,No,Yes,No,2026-07-07,url_needs_review
wire-swiss-gmbh,Wire Swiss GmbH,Vendor,EMEA,https://wire.com,"Wire Swiss GmbH — primary vendor website, sourced from the vendors catalog's existing verified record.",No,No,No,No,No,No,Yes,No,2026-07-07,url_needs_review
anydesk-software-gmbh,AnyDesk Software GmbH,Vendor,EMEA,https://anydesk.com,"AnyDesk Software GmbH — primary vendor website, sourced from the vendors catalog's existing verified record.",No,No,No,No,No,No,Yes,No,2026-07-07,url_needs_review
garantir-inc,Garantir Inc.,Vendor,Americas,https://garantir.io,"Garantir Inc. — primary vendor website, sourced from the vendors catalog's existing verified record.",No,No,No,No,No,No,Yes,No,2026-07-07,url_needs_review
mikrotik-sia,MikroTik SIA,Vendor,EMEA,https://mikrotik.com,"MikroTik SIA — primary vendor website, sourced from the vendors catalog's existing verified record.",No,No,No,No,No,No,Yes,No,2026-07-07,url_needs_review
deciso-bv,Deciso BV,Vendor,EMEA,https://deciso.com,"Deciso BV — primary vendor website, sourced from the vendors catalog's existing verified record.",No,No,No,No,No,No,Yes,No,2026-07-07,url_needs_review
netgate-inc,Netgate Inc.,Vendor,Americas,https://netgate.com,"Netgate Inc. — primary vendor website, sourced from the vendors catalog's existing verified record.",No,No,No,No,No,No,Yes,No,2026-07-07,url_needs_review
gnupg-project,GnuPG Project,Vendor,EMEA,https://gnupg.org,"GnuPG Project — primary vendor website, sourced from the vendors catalog's existing verified record.",No,No,No,No,No,No,Yes,No,2026-07-07,url_needs_review
haproxy-technologies,HAProxy Technologies,Vendor,Global,https://haproxy.org,"HAProxy Technologies — primary vendor website, sourced from the vendors catalog's existing verified record.",No,No,No,No,No,No,Yes,No,2026-07-07,url_needs_review
openjs-foundation,OpenJS Foundation,Vendor,Global,https://openjsf.org,"OpenJS Foundation — primary vendor website, sourced from the vendors catalog's existing verified record.",No,No,No,No,No,No,Yes,No,2026-07-07,url_needs_review
openwrt-project,OpenWrt Project,Vendor,Global,https://openwrt.org,"OpenWrt Project — primary vendor website, sourced from the vendors catalog's existing verified record.",No,No,No,No,No,No,Yes,No,2026-07-07,url_needs_review
freebsd-foundation,FreeBSD Foundation,Vendor,Global,https://freebsdfoundation.org,"FreeBSD Foundation — primary vendor website, sourced from the vendors catalog's existing verified record.",No,No,No,No,No,No,Yes,No,2026-07-07,url_needs_review
debian-project,Debian Project,Vendor,Global,https://debian.org,"Debian Project — primary vendor website, sourced from the vendors catalog's existing verified record.",No,No,No,No,No,No,Yes,No,2026-07-07,url_needs_review
zeek-project,Zeek Project,Vendor,Global,https://zeek.org,"Zeek Project — primary vendor website, sourced from the vendors catalog's existing verified record.",No,No,No,No,No,No,Yes,No,2026-07-07,url_needs_review
open-information-security-foundation,Open Information Security Foundation,Vendor,Global,https://oisf.net,"Open Information Security Foundation — primary vendor website, sourced from the vendors catalog's existing verified record.",No,No,No,No,No,No,Yes,No,2026-07-07,url_needs_review
libreswan-project,Libreswan Project,Vendor,Global,https://libreswan.org,"Libreswan Project — primary vendor website, sourced from the vendors catalog's existing verified record.",No,No,No,No,No,No,Yes,No,2026-07-07,url_needs_review
veracrypt-project,VeraCrypt Project,Vendor,Global,https://veracrypt.fr,"VeraCrypt Project — primary vendor website, sourced from the vendors catalog's existing verified record.",No,No,No,No,No,No,Yes,No,2026-07-07,url_needs_review
tianocore-community,TianoCore Community,Vendor,Global,https://www.tianocore.org/,"TianoCore Community — primary vendor website, sourced from the vendors catalog's existing verified record.",No,No,No,No,No,No,Yes,No,2026-07-07,url_authoritative
p11-glue-project,p11-glue Project,Vendor,Global,https://p11-glue.github.io,"p11-glue Project — primary vendor website, sourced from the vendors catalog's existing verified record.",No,No,No,No,No,No,Yes,No,2026-07-07,url_authoritative
alpine-linux-project,Alpine Linux Project,Vendor,Global,https://alpinelinux.org,"Alpine Linux Project — primary vendor website, sourced from the vendors catalog's existing verified record.",No,No,No,No,No,No,Yes,No,2026-07-07,url_needs_review
rocky-linux-foundation,Rocky Linux Foundation,Vendor,Global,https://rockylinux.org,"Rocky Linux Foundation — primary vendor website, sourced from the vendors catalog's existing verified record.",No,No,No,No,No,No,Yes,No,2026-07-07,url_needs_review
nixos-foundation,NixOS Foundation,Vendor,Global,https://nixos.org,"NixOS Foundation — primary vendor website, sourced from the vendors catalog's existing verified record.",No,No,No,No,No,No,Yes,No,2026-07-07,url_needs_review
arch-linux-project,Arch Linux Project,Vendor,Global,https://archlinux.org,"Arch Linux Project — primary vendor website, sourced from the vendors catalog's existing verified record.",No,No,No,No,No,No,Yes,No,2026-07-07,url_needs_review
coreboot-project,coreboot Project,Vendor,Global,https://coreboot.org,"coreboot Project — primary vendor website, sourced from the vendors catalog's existing verified record.",No,No,No,No,No,No,Yes,No,2026-07-07,url_needs_review
animo-solutions-bv,Animo Solutions BV,Vendor,EMEA,https://animo.id,"Animo Solutions BV — primary vendor website, sourced from the vendors catalog's existing verified record.",No,No,No,No,No,No,Yes,No,2026-07-07,url_needs_review
procivis-ag,Procivis AG,Vendor,EMEA,https://procivis.ch,"Procivis AG — primary vendor website, sourced from the vendors catalog's existing verified record.",No,No,No,No,No,No,Yes,No,2026-07-07,url_needs_review
sphereon-bv,Sphereon BV,Vendor,EMEA,https://sphereon.com,"Sphereon BV — primary vendor website, sourced from the vendors catalog's existing verified record.",No,No,No,No,No,No,Yes,No,2026-07-07,url_needs_review
spruce-systems-inc,Spruce Systems Inc.,Vendor,Americas,https://spruceid.com,"Spruce Systems Inc. — primary vendor website, sourced from the vendors catalog's existing verified record.",No,No,No,No,No,No,Yes,No,2026-07-07,url_needs_review
waltid-gmbh,walt.id GmbH,Vendor,EMEA,https://walt.id,"walt.id GmbH — primary vendor website, sourced from the vendors catalog's existing verified record.",No,No,No,No,No,No,Yes,No,2026-07-07,url_needs_review
credebl-community,CREDEBL Community,Vendor,Global,https://credebl.id,"CREDEBL Community — primary vendor website, sourced from the vendors catalog's existing verified record.",No,No,No,No,No,No,Yes,No,2026-07-07,url_needs_review
cockroachdb-inc,CockroachDB Inc.,Vendor,Americas,https://cockroachlabs.com,"CockroachDB Inc. — primary vendor website, sourced from the vendors catalog's existing verified record.",No,No,No,No,No,No,Yes,No,2026-07-07,url_needs_review
mongodb-inc,MongoDB Inc.,Vendor,Americas,https://mongodb.com,"MongoDB Inc. — primary vendor website, sourced from the vendors catalog's existing verified record.",No,No,No,No,No,No,Yes,No,2026-07-07,url_needs_review
smallstep-labs-inc,Smallstep Labs Inc.,Vendor,Americas,https://smallstep.com,"Smallstep Labs Inc. — primary vendor website, sourced from the vendors catalog's existing verified record.",No,No,No,No,No,No,Yes,No,2026-07-07,url_needs_review
proton-ag,Proton AG,Vendor,EMEA,https://proton.me,"Proton AG — primary vendor website, sourced from the vendors catalog's existing verified record.",No,No,No,No,No,No,Yes,No,2026-07-07,url_needs_review
element-hq-ltd,Element HQ Ltd.,Vendor,EMEA,https://element.io,"Element HQ Ltd. — primary vendor website, sourced from the vendors catalog's existing verified record.",No,No,No,No,No,No,Yes,No,2026-07-07,url_needs_review
suse-llc-opensuse,SUSE LLC (openSUSE),Vendor,EMEA,https://opensuse.org,"SUSE LLC (openSUSE) — primary vendor website, sourced from the vendors catalog's existing verified record.",No,No,No,No,No,No,Yes,No,2026-07-07,url_needs_review
simon-tatham-putty-project,Simon Tatham / PuTTY Project,Vendor,EMEA,https://putty.org,"Simon Tatham / PuTTY Project — primary vendor website, sourced from the vendors catalog's existing verified record.",No,No,No,No,No,No,Yes,No,2026-07-07,url_needs_review
cyberzero,CyberZero,Vendor,Americas,https://cyberzero.io,"CyberZero — primary vendor website, sourced from the vendors catalog's existing verified record.",No,No,No,No,No,No,Yes,No,2026-07-07,url_needs_review
confluent-inc,Confluent Inc.,Vendor,Americas,https://www.confluent.io,"Confluent Inc. — primary vendor website, sourced from the vendors catalog's existing verified record.",No,No,No,No,No,No,Yes,No,2026-07-07,url_needs_review
wiz-inc,Wiz Inc.,Vendor,Americas,https://www.wiz.io,"Wiz Inc. — primary vendor website, sourced from the vendors catalog's existing verified record.",No,No,No,No,No,No,Yes,No,2026-07-07,url_needs_review
veritas-technologies-llc,Veritas Technologies LLC,Vendor,Americas,https://www.veritas.com,"Veritas Technologies LLC — primary vendor website, sourced from the vendors catalog's existing verified record.",No,No,No,No,No,No,Yes,No,2026-07-07,url_needs_review
huawei-technologies-co-ltd,Huawei Technologies Co. Ltd.,Vendor,APAC,https://www.huawei.com,"Huawei Technologies Co. Ltd. — primary vendor website, sourced from the vendors catalog's existing verified record.",No,No,No,No,No,No,Yes,No,2026-07-07,url_needs_review
ntt-corporation,NTT Corporation,Vendor,APAC,https://www.ntt.com,"NTT Corporation — primary vendor website, sourced from the vendors catalog's existing verified record.",No,No,No,No,No,No,Yes,No,2026-07-07,url_needs_review
samsung-sds-co-ltd,Samsung SDS Co. Ltd.,Vendor,APAC,https://www.samsungsds.com,"Samsung SDS Co. Ltd. — primary vendor website, sourced from the vendors catalog's existing verified record.",No,No,No,No,No,No,Yes,No,2026-07-07,url_needs_review
centre-for-development-of-telematics-c-dot,Centre for Development of Telematics (C-DOT),Vendor,APAC,https://www.cdot.in,"Centre for Development of Telematics (C-DOT) — primary vendor website, sourced from the vendors catalog's existing verified record.",No,No,No,No,No,No,Yes,No,2026-07-07,url_authoritative
singapore-telecommunications-ltd,Singapore Telecommunications Ltd.,Vendor,APAC,https://www.singtel.com,"Singapore Telecommunications Ltd. — primary vendor website, sourced from the vendors catalog's existing verified record.",No,No,No,No,No,No,Yes,No,2026-07-07,url_needs_review
toshiba-research-europe-ltd,Toshiba Research Europe Ltd.,Vendor,EMEA,https://www.toshiba.eu/pages/eu/Research-and-Development,"Toshiba Research Europe Ltd. — primary vendor website, sourced from the vendors catalog's existing verified record.",No,No,No,No,No,No,Yes,No,2026-07-07,url_authoritative
eviden-sas-atos-group,Eviden SAS (Atos Group),Vendor,EMEA,https://eviden.com,"Eviden SAS (Atos Group) — primary vendor website, sourced from the vendors catalog's existing verified record.",No,No,No,No,No,No,Yes,No,2026-07-07,url_needs_review
orange-sa,Orange S.A.,Vendor,EMEA,https://www.orange-business.com,"Orange S.A. — primary vendor website, sourced from the vendors catalog's existing verified record.",No,No,No,No,No,No,Yes,No,2026-07-07,url_needs_review
secunet-security-networks-ag,secunet Security Networks AG,Vendor,EMEA,https://www.secunet.com,"secunet Security Networks AG — primary vendor website, sourced from the vendors catalog's existing verified record.",No,No,No,No,No,No,Yes,No,2026-07-07,url_needs_review
genua-gmbh-bundesdruckerei-group,Genua GmbH (Bundesdruckerei Group),Vendor,EMEA,https://www.genua.de,"Genua GmbH (Bundesdruckerei Group) — primary vendor website, sourced from the vendors catalog's existing verified record.",No,No,No,No,No,No,Yes,No,2026-07-07,url_needs_review
vodafone-group-plc,Vodafone Group Plc,Vendor,EMEA,https://www.vodafone.com,"Vodafone Group Plc — primary vendor website, sourced from the vendors catalog's existing verified record.",No,No,No,No,No,No,Yes,No,2026-07-07,url_needs_review
hp-inc,HP Inc.,Vendor,Americas,https://www.hp.com,"HP Inc. — primary vendor website, sourced from the vendors catalog's existing verified record.",No,No,No,No,No,No,Yes,No,2026-07-07,url_needs_review
powerdns-bv-desec-ev,PowerDNS BV / deSEC e.V.,Vendor,EMEA,https://www.powerdns.com,"PowerDNS BV / deSEC e.V. — primary vendor website, sourced from the vendors catalog's existing verified record.",No,No,No,No,No,No,Yes,No,2026-07-07,url_needs_review
national-security-research-institute-nsri-nis,National Security Research Institute (NSRI / NIS),Vendor,APAC,https://www.nsr.re.kr,"National Security Research Institute (NSRI / NIS) — primary vendor website, sourced from the vendors catalog's existing verified record.",No,No,No,No,No,No,Yes,No,2026-07-07,url_authoritative
department-of-science-and-technology-dst-india,Department of Science and Technology (DST) India,Vendor,APAC,https://dst.gov.in,"Department of Science and Technology (DST) India — primary vendor website, sourced from the vendors catalog's existing verified record.",No,No,No,No,No,No,Yes,No,2026-07-07,url_needs_review
curl-project-daniel-stenberg,curl Project (Daniel Stenberg),Vendor,EMEA,https://curl.se,"curl Project (Daniel Stenberg) — primary vendor website, sourced from the vendors catalog's existing verified record.",No,No,No,No,No,No,Yes,No,2026-07-07,url_needs_review
pqcee-inc,pQCee Inc.,Vendor,Americas,https://www.pqcee.com/,"pQCee Inc. — primary vendor website, sourced from the vendors catalog's existing verified record.",No,No,No,No,No,No,Yes,No,2026-07-07,url_authoritative
quantum-xchange-inc,Quantum Xchange Inc.,Vendor,Americas,https://quantumxc.com,"Quantum Xchange Inc. — primary vendor website, sourced from the vendors catalog's existing verified record.",No,No,No,No,No,No,Yes,No,2026-07-07,url_needs_review
quantum-emotion-inc,Quantum eMotion Inc.,Vendor,Americas,https://www.quantumemotion.com,"Quantum eMotion Inc. — primary vendor website, sourced from the vendors catalog's existing verified record.",No,No,No,No,No,No,Yes,No,2026-07-07,url_needs_review
kivicore-oy,KiviCore Oy,Vendor,EMEA,https://kivicore.com,"KiviCore Oy — primary vendor website, sourced from the vendors catalog's existing verified record.",No,No,No,No,No,No,Yes,No,2026-07-07,url_needs_review
netsfere-infinite-convergence-solutions,NetSfere (Infinite Convergence Solutions),Vendor,Americas,https://netsfere.com,"NetSfere (Infinite Convergence Solutions) — primary vendor website, sourced from the vendors catalog's existing verified record.",No,No,No,No,No,No,Yes,No,2026-07-07,url_needs_review
cellcrypt-limited,Cellcrypt Limited,Vendor,EMEA,https://www.cellcrypt.com,"Cellcrypt Limited — primary vendor website, sourced from the vendors catalog's existing verified record.",No,No,No,No,No,No,Yes,No,2026-07-07,url_needs_review
kiteworks-inc,Kiteworks Inc.,Vendor,Americas,https://kiteworks.com,"Kiteworks Inc. — primary vendor website, sourced from the vendors catalog's existing verified record.",No,No,No,No,No,No,Yes,No,2026-07-07,url_needs_review
xwiki-sas-cryptpad,XWiki SAS (CryptPad),Vendor,EMEA,https://cryptpad.org,"XWiki SAS (CryptPad) — primary vendor website, sourced from the vendors catalog's existing verified record.",No,No,No,No,No,No,Yes,No,2026-07-07,url_needs_review
technology-innovation-institute-tii,Technology Innovation Institute (TII),Vendor,EMEA,https://www.tii.ae,"Technology Innovation Institute (TII) — primary vendor website, sourced from the vendors catalog's existing verified record.",No,No,No,No,No,No,Yes,No,2026-07-07,url_needs_review
quranium,Quranium,Vendor,EMEA,https://www.quranium.org,"Quranium — primary vendor website, sourced from the vendors catalog's existing verified record.",No,No,No,No,No,No,Yes,No,2026-07-07,url_needs_review
enquantum-ltd,Enquantum Ltd.,Vendor,EMEA,https://www.enquantum.com,"Enquantum Ltd. — primary vendor website, sourced from the vendors catalog's existing verified record.",No,No,No,No,No,No,Yes,No,2026-07-07,url_needs_review
sa-quti-consortium,SA QuTI Consortium,Vendor,EMEA,https://saquti.org,"SA QuTI Consortium — primary vendor website, sourced from the vendors catalog's existing verified record.",No,No,No,No,No,No,Yes,No,2026-07-07,url_needs_review
africa-quantum-consortium,Africa Quantum Consortium,Vendor,Global,https://africaquantum.org,"Africa Quantum Consortium — primary vendor website, sourced from the vendors catalog's existing verified record.",No,No,No,No,No,No,Yes,No,2026-07-07,url_needs_review
kryotech-software,Kryotech Software,Vendor,,https://vox-messenger.app,"Kryotech Software — primary vendor website, sourced from the vendors catalog's existing verified record.",No,No,No,No,No,No,Yes,No,2026-07-07,url_needs_review
kryptus-solu-es-em-ti-ltda,Kryptus Soluções em TI Ltda.,Vendor,Americas,https://kryptus.com,"Kryptus Soluções em TI Ltda. — primary vendor website, sourced from the vendors catalog's existing verified record.",No,No,No,No,No,No,Yes,No,2026-07-07,url_needs_review
fenasbac-federation-of-brazilian-banks,FENASBAC (Federation of Brazilian Banks),Vendor,Americas,https://fenasbac.com.br,"FENASBAC (Federation of Brazilian Banks) — primary vendor website, sourced from the vendors catalog's existing verified record.",No,No,No,No,No,No,Yes,No,2026-07-07,url_needs_review
sequre-quantum-sa,Sequre Quantum S.A.,Vendor,Americas,https://sequrequantum.com,"Sequre Quantum S.A. — primary vendor website, sourced from the vendors catalog's existing verified record.",No,No,No,No,No,No,Yes,No,2026-07-07,url_needs_review
government-of-chile,Government of Chile,Vendor,Americas,https://www.gob.cl,"Government of Chile — primary vendor website, sourced from the vendors catalog's existing verified record.",No,No,No,No,No,No,Yes,No,2026-07-07,url_needs_review
telefonica-sa,Telefonica S.A.,Vendor,EMEA,https://www.telefonica.com,"Telefonica S.A. — primary vendor website, sourced from the vendors catalog's existing verified record.",No,No,No,No,No,No,Yes,No,2026-07-07,url_needs_review
saudi-telecom-company-stc,Saudi Telecom Company (STC),Vendor,EMEA,https://www.stc.com.sa,"Saudi Telecom Company (STC) — primary vendor website, sourced from the vendors catalog's existing verified record.",No,No,No,No,No,No,Yes,No,2026-07-07,url_needs_review
emirates-telecommunications-group-company-e,Emirates Telecommunications Group Company (e&),Vendor,EMEA,https://eand.com,"Emirates Telecommunications Group Company (e&) — primary vendor website, sourced from the vendors catalog's existing verified record.",No,No,No,No,No,No,Yes,No,2026-07-07,url_needs_review
tubitak-bilgem-turkey,TUBITAK BILGEM (Turkey),Vendor,EMEA,https://en.bilgem.tubitak.gov.tr,"TUBITAK BILGEM (Turkey) — primary vendor website, sourced from the vendors catalog's existing verified record.",No,No,No,No,No,No,Yes,No,2026-07-07,url_needs_review
turkcell-iletisim-hizmetleri-as,Turkcell Iletisim Hizmetleri A.S.,Vendor,EMEA,https://www.turkcell.com.tr,"Turkcell Iletisim Hizmetleri A.S. — primary vendor website, sourced from the vendors catalog's existing verified record.",No,No,No,No,No,No,Yes,No,2026-07-07,url_needs_review
hamad-bin-khalifa-university-hbku,Hamad Bin Khalifa University (HBKU),Vendor,EMEA,https://www.hbku.edu.qa,"Hamad Bin Khalifa University (HBKU) — primary vendor website, sourced from the vendors catalog's existing verified record.",No,No,No,No,No,No,Yes,No,2026-07-07,url_needs_review
african-institute-for-mathematical-sciences-aims,African Institute for Mathematical Sciences (AIMS),Vendor,EMEA,https://qla.aimsric.org,"African Institute for Mathematical Sciences (AIMS) — primary vendor website, sourced from the vendors catalog's existing verified record.",No,No,No,No,No,No,Yes,No,2026-07-07,url_needs_review
quantumctek-co-ltd,QuantumCTek Co. Ltd.,Vendor,APAC,https://www.quantumctec.com,"QuantumCTek Co. Ltd. — primary vendor website, sourced from the vendors catalog's existing verified record.",No,No,No,No,No,No,Yes,No,2026-07-07,url_authoritative
china-telecom-corporation-limited,China Telecom Corporation Limited,Vendor,APAC,https://www.chinatelecom-h.com,"China Telecom Corporation Limited — primary vendor website, sourced from the vendors catalog's existing verified record.",No,No,No,No,No,No,Yes,No,2026-07-07,url_needs_review
iccs-china-national-standards,ICCS China National Standards,Vendor,APAC,https://www.sac.gov.cn,"ICCS China National Standards — primary vendor website, sourced from the vendors catalog's existing verified record.",No,No,No,No,No,No,Yes,No,2026-07-07,url_needs_review
toppan-inc,Toppan Inc.,Vendor,APAC,https://www.holdings.toppan.com,"Toppan Inc. — primary vendor website, sourced from the vendors catalog's existing verified record.",No,No,No,No,No,No,Yes,No,2026-07-07,url_needs_review
fujitsu-limited,Fujitsu Limited,Vendor,APAC,https://www.fujitsu.com,"Fujitsu Limited — primary vendor website, sourced from the vendors catalog's existing verified record.",No,No,No,No,No,No,Yes,No,2026-07-07,url_needs_review
nedo-new-energy-and-industrial-technology-development-organization,NEDO (New Energy and Industrial Technology Development Organization),Vendor,APAC,https://www.nedo.go.jp,"NEDO (New Energy and Industrial Technology Development Organization) — primary vendor website, sourced from the vendors catalog's existing verified record.",No,No,No,No,No,No,Yes,No,2026-07-07,url_needs_review
chelpis-quantum-corp,Chelpis Quantum Corp.,Vendor,APAC,https://www.chelpis.com,"Chelpis Quantum Corp. — primary vendor website, sourced from the vendors catalog's existing verified record.",No,No,No,No,No,No,Yes,No,2026-07-07,url_needs_review
secqai-inc,SECQAI Inc.,Vendor,APAC,https://www.secqai.com,"SECQAI Inc. — primary vendor website, sourced from the vendors catalog's existing verified record.",No,No,No,No,No,No,Yes,No,2026-07-07,url_needs_review
taiwan-qsmc-migration-center,Taiwan QSMC Migration Center,Vendor,APAC,https://www.qsmc.org,"Taiwan QSMC Migration Center — primary vendor website, sourced from the vendors catalog's existing verified record.",No,No,No,No,No,No,Yes,No,2026-07-07,url_needs_review
nacsa-national-cyber-security-agency-malaysia,"NACSA (National Cyber Security Agency, Malaysia)",Vendor,APAC,https://www.cybersecurity.my,"NACSA (National Cyber Security Agency, Malaysia) — primary vendor website, sourced from the vendors catalog's existing verified record.",No,No,No,No,No,No,Yes,No,2026-07-07,url_needs_review
bssn-bsn-indonesia,BSSN / BSN (Indonesia),Vendor,APAC,https://bssn.go.id,"BSSN / BSN (Indonesia) — primary vendor website, sourced from the vendors catalog's existing verified record.",No,No,No,No,No,No,Yes,No,2026-07-07,url_authoritative
cybernetica-as,Cybernetica AS,Vendor,EMEA,https://cyber.ee,"Cybernetica AS — primary vendor website, sourced from the vendors catalog's existing verified record.",No,No,No,No,No,No,Yes,No,2026-07-07,url_needs_review
cybersecurityhubcz-czech-republic,CyberSecurityHub.cz (Czech Republic),Vendor,EMEA,https://www.cybersecurityhub.cz,"CyberSecurityHub.cz (Czech Republic) — primary vendor website, sourced from the vendors catalog's existing verified record.",No,No,No,No,No,No,Yes,No,2026-07-07,url_needs_review
psnc-poznan-supercomputing-and-networking-center,PSNC (Poznan Supercomputing and Networking Center),Vendor,EMEA,https://www.psnc.pl,"PSNC (Poznan Supercomputing and Networking Center) — primary vendor website, sourced from the vendors catalog's existing verified record.",No,No,No,No,No,No,Yes,No,2026-07-07,url_needs_review
government-of-spain,Government of Spain,Vendor,EMEA,https://www.lamoncloa.gob.es,"Government of Spain — primary vendor website, sourced from the vendors catalog's existing verified record.",No,No,No,No,No,No,Yes,No,2026-07-07,url_needs_review
imdea-networks-institute,IMDEA Networks Institute,Vendor,EMEA,https://networks.imdea.org,"IMDEA Networks Institute — primary vendor website, sourced from the vendors catalog's existing verified record.",No,No,No,No,No,No,Yes,No,2026-07-07,url_needs_review
qapp-russia,QApp (Russia),Vendor,EMEA,https://qapp.ru,"QApp (Russia) — primary vendor website, sourced from the vendors catalog's existing verified record.",No,No,No,No,No,No,Yes,No,2026-07-07,url_authoritative
ics-holding-kryptonite-russia,ICS Holding / Kryptonite (Russia),Vendor,EMEA,https://postquantum.com,"ICS Holding / Kryptonite (Russia) — primary vendor website, sourced from the vendors catalog's existing verified record.",No,No,No,No,No,No,Yes,No,2026-07-07,url_needs_review
bradesco-sa-banco-bradesco,Bradesco S.A. (Banco Bradesco),Vendor,Americas,https://banco.bradesco,"Bradesco S.A. (Banco Bradesco) — primary vendor website, sourced from the vendors catalog's existing verified record.",No,No,No,No,No,No,Yes,No,2026-07-07,url_needs_review
asustor-inc,ASUSTOR Inc.,Vendor,APAC,https://www.asustor.com,"ASUSTOR Inc. — primary vendor website, sourced from the vendors catalog's existing verified record.",No,No,No,No,No,No,Yes,No,2026-07-07,url_needs_review
akamai-technologies-inc,"Akamai Technologies, Inc.",Vendor,Americas,https://www.akamai.com,"Akamai Technologies, Inc. — primary vendor website, sourced from the vendors catalog's existing verified record.",No,No,No,No,No,No,Yes,No,2026-07-07,url_needs_review
applivery,Applivery,Vendor,EMEA,https://www.applivery.com,"Applivery — primary vendor website, sourced from the vendors catalog's existing verified record.",No,No,No,No,No,No,Yes,No,2026-07-07,url_needs_review
fraunhofer-institute-for-secure-information-technology-dyber-project,Fraunhofer Institute for Secure Information Technology (Dyber Project),Vendor,EMEA,https://www.sit.fraunhofer.de,"Fraunhofer Institute for Secure Information Technology (Dyber Project) — primary vendor website, sourced from the vendors catalog's existing verified record.",No,No,No,No,No,No,Yes,No,2026-07-07,url_needs_review
etas-gmbh-robert-bosch-subsidiary,ETAS GmbH (Robert Bosch subsidiary),Vendor,EMEA,https://www.etas.com,"ETAS GmbH (Robert Bosch subsidiary) — primary vendor website, sourced from the vendors catalog's existing verified record.",No,No,No,No,No,No,Yes,No,2026-07-07,url_needs_review
fastly-inc,"Fastly, Inc.",Vendor,Americas,https://www.fastly.com,"Fastly, Inc. — primary vendor website, sourced from the vendors catalog's existing verified record.",No,No,No,No,No,No,Yes,No,2026-07-07,url_needs_review
forward-networks-inc,"Forward Networks, Inc.",Vendor,Americas,https://www.forwardnetworks.com,"Forward Networks, Inc. — primary vendor website, sourced from the vendors catalog's existing verified record.",No,No,No,No,No,No,Yes,No,2026-07-07,url_needs_review
internxt-sl,Internxt SL,Vendor,EMEA,https://internxt.com,"Internxt SL — primary vendor website, sourced from the vendors catalog's existing verified record.",No,No,No,No,No,No,Yes,No,2026-07-07,url_needs_review
ironcore-labs-inc,"IronCore Labs, Inc.",Vendor,Americas,https://ironcorelabs.com,"IronCore Labs, Inc. — primary vendor website, sourced from the vendors catalog's existing verified record.",No,No,No,No,No,No,Yes,No,2026-07-07,url_needs_review
netskope-inc,"Netskope, Inc.",Vendor,Americas,https://www.netskope.com,"Netskope, Inc. — primary vendor website, sourced from the vendors catalog's existing verified record.",No,No,No,No,No,No,Yes,No,2026-07-07,url_needs_review
ovh-groupe-sa,OVH Groupe SA,Vendor,EMEA,https://www.ovhcloud.com,"OVH Groupe SA — primary vendor website, sourced from the vendors catalog's existing verified record.",No,No,No,No,No,No,Yes,No,2026-07-07,url_needs_review
opera-limited,Opera Limited,Vendor,EMEA,https://www.opera.com,"Opera Limited — primary vendor website, sourced from the vendors catalog's existing verified record.",No,No,No,No,No,No,Yes,No,2026-07-07,url_needs_review
pqsecure-technologies-inc,"PQSecure Technologies, Inc.",Vendor,Americas,https://pqsecurity.com,"PQSecure Technologies, Inc. — primary vendor website, sourced from the vendors catalog's existing verified record.",No,No,No,No,No,No,Yes,No,2026-07-07,url_needs_review
postfix-project,Postfix Project,Vendor,Global,https://www.postfix.org,"Postfix Project — primary vendor website, sourced from the vendors catalog's existing verified record.",No,No,No,No,No,No,Yes,No,2026-07-07,url_needs_review
prestige-systems,Prestige Systems,Vendor,Global,https://prestigesystems.com,"Prestige Systems — primary vendor website, sourced from the vendors catalog's existing verified record.",No,No,No,No,No,No,Yes,No,2026-07-07,url_needs_review
qanplatform,QANplatform,Vendor,EMEA,https://qanplatform.com,"QANplatform — primary vendor website, sourced from the vendors catalog's existing verified record.",No,No,No,No,No,No,Yes,No,2026-07-07,url_needs_review
qnu-labs-pvt-ltd,QNu Labs Pvt. Ltd.,Vendor,APAC,https://www.qnulabs.com,"QNu Labs Pvt. Ltd. — primary vendor website, sourced from the vendors catalog's existing verified record.",No,No,No,No,No,No,Yes,No,2026-07-07,url_needs_review
quantropi-inc,Quantropi Inc.,Vendor,Americas,https://www.quantropi.com,"Quantropi Inc. — primary vendor website, sourced from the vendors catalog's existing verified record.",No,No,No,No,No,No,Yes,No,2026-07-07,url_needs_review
rambus-inc,Rambus Inc.,Vendor,Americas,https://www.rambus.com,"Rambus Inc. — primary vendor website, sourced from the vendors catalog's existing verified record.",No,No,No,No,No,No,Yes,No,2026-07-07,url_needs_review
session-technology-foundation,Session Technology Foundation,Vendor,Global,https://session.foundation,"Session Technology Foundation — primary vendor website, sourced from the vendors catalog's existing verified record.",No,No,No,No,No,No,Yes,No,2026-07-07,url_needs_review
signquantum,SignQuantum,Vendor,Global,https://signquantum.com,"SignQuantum — primary vendor website, sourced from the vendors catalog's existing verified record.",No,No,No,No,No,No,Yes,No,2026-07-07,url_needs_review
simplex-chat-ltd,SimpleX Chat Ltd,Vendor,EMEA,https://simplex.chat,"SimpleX Chat Ltd — primary vendor website, sourced from the vendors catalog's existing verified record.",No,No,No,No,No,No,Yes,No,2026-07-07,url_needs_review
spherity-gmbh,Spherity GmbH,Vendor,EMEA,https://spherity.com,"Spherity GmbH — primary vendor website, sourced from the vendors catalog's existing verified record.",No,No,No,No,No,No,Yes,No,2026-07-07,url_needs_review
tailscale-inc,Tailscale Inc.,Vendor,Americas,https://tailscale.com,"Tailscale Inc. — primary vendor website, sourced from the vendors catalog's existing verified record.",No,No,No,No,No,No,Yes,No,2026-07-07,url_needs_review
trustcloud-inc,"TrustCloud, Inc.",Vendor,Americas,https://www.trustcloud.ai,"TrustCloud, Inc. — primary vendor website, sourced from the vendors catalog's existing verified record.",No,No,No,No,No,No,Yes,No,2026-07-07,url_needs_review
versa-networks-inc,"Versa Networks, Inc.",Vendor,Americas,https://versa-networks.com,"Versa Networks, Inc. — primary vendor website, sourced from the vendors catalog's existing verified record.",No,No,No,No,No,No,Yes,No,2026-07-07,url_needs_review
winscp-project-martin-prikryl,WinSCP Project (Martin Prikryl),Vendor,EMEA,https://winscp.net,"WinSCP Project (Martin Prikryl) — primary vendor website, sourced from the vendors catalog's existing verified record.",No,No,No,No,No,No,Yes,No,2026-07-07,url_needs_review
zerotier-inc,"ZeroTier, Inc.",Vendor,Americas,https://www.zerotier.com,"ZeroTier, Inc. — primary vendor website, sourced from the vendors catalog's existing verified record.",No,No,No,No,No,No,Yes,No,2026-07-07,url_needs_review
backbone-hq,Backbone HQ,Vendor,Global,https://backbone.hq,"Backbone HQ — primary vendor website, sourced from the vendors catalog's existing verified record.",No,No,No,No,No,No,Yes,No,2026-07-07,url_needs_review
6wind-sa,6WIND SA,Vendor,EMEA,https://www.6wind.com,"6WIND SA — primary vendor website, sourced from the vendors catalog's existing verified record.",No,No,No,No,No,No,Yes,No,2026-07-07,url_needs_review
advanced-technology-research-council,Advanced Technology Research Council,Vendor,EMEA,https://www.atrc.ae,"Advanced Technology Research Council — primary vendor website, sourced from the vendors catalog's existing verified record.",No,No,No,No,No,No,Yes,No,2026-07-07,url_needs_review
bytedance-ltd,ByteDance Ltd.,Vendor,APAC,https://www.bytedance.com,"ByteDance Ltd. — primary vendor website, sourced from the vendors catalog's existing verified record.",No,No,No,No,No,No,Yes,No,2026-07-07,url_needs_review
inturai,Inturai,Vendor,Global,https://inturai.com,"Inturai — primary vendor website, sourced from the vendors catalog's existing verified record.",No,No,No,No,No,No,Yes,No,2026-07-07,url_needs_review
landis-gyr-group-ag,Landis+Gyr Group AG,Vendor,EMEA,https://www.landisgyr.com,"Landis+Gyr Group AG — primary vendor website, sourced from the vendors catalog's existing verified record.",No,No,No,No,No,No,Yes,No,2026-07-07,url_needs_review
mtg-ag,MTG AG,Vendor,EMEA,https://www.mtg.de,"MTG AG — primary vendor website, sourced from the vendors catalog's existing verified record.",No,No,No,No,No,No,Yes,No,2026-07-07,url_needs_review
mastercard-incorporated,Mastercard Incorporated,Vendor,Americas,https://www.mastercard.com,"Mastercard Incorporated — primary vendor website, sourced from the vendors catalog's existing verified record.",No,No,No,No,No,No,Yes,No,2026-07-07,url_needs_review
mozilla-corporation,Mozilla Corporation,Industry_Workgroup,,https://www.mozilla.org,"Mozilla Corporation — primary vendor website, sourced from the vendors catalog's existing verified record.",No,No,No,No,No,No,Yes,No,2026-07-07,url_needs_review
national-institute-of-information-and-communications-technology,National Institute of Information and Communications Technology,Vendor,APAC,https://www.nict.go.jp,"National Institute of Information and Communications Technology — primary vendor website, sourced from the vendors catalog's existing verified record.",No,No,No,No,No,No,Yes,No,2026-07-07,url_needs_review
packetlight-networks-ltd,PacketLight Networks Ltd.,Vendor,EMEA,https://www.packetlight.com,"PacketLight Networks Ltd. — primary vendor website, sourced from the vendors catalog's existing verified record.",No,No,No,No,No,No,Yes,No,2026-07-07,url_needs_review
post-quantum-ltd,Post-Quantum Ltd,Vendor,EMEA,https://www.post-quantum.com,"Post-Quantum Ltd — primary vendor website, sourced from the vendors catalog's existing verified record.",No,No,No,No,No,No,Yes,No,2026-07-07,url_needs_review
renesas-electronics-corporation,Renesas Electronics Corporation,Vendor,APAC,https://www.renesas.com,"Renesas Electronics Corporation — primary vendor website, sourced from the vendors catalog's existing verified record.",No,No,No,No,No,No,Yes,No,2026-07-07,url_needs_review
sk-telecom-co-ltd,"SK Telecom Co., Ltd.",Vendor,APAC,https://www.sktelecom.com,"SK Telecom Co., Ltd. — primary vendor website, sourced from the vendors catalog's existing verified record.",No,No,No,No,No,No,Yes,No,2026-07-07,url_needs_review
srd-wireless-pte-ltd,SRD Wireless Pte Ltd,Vendor,APAC,https://srdwireless.com,"SRD Wireless Pte Ltd — primary vendor website, sourced from the vendors catalog's existing verified record.",No,No,No,No,No,No,Yes,No,2026-07-07,url_needs_review
stv-group-as,STV Group a.s.,Vendor,EMEA,https://www.stvgroup.cz,"STV Group a.s. — primary vendor website, sourced from the vendors catalog's existing verified record.",No,No,No,No,No,No,Yes,No,2026-07-07,url_needs_review
toppan-digital-inc,TOPPAN Digital Inc.,Vendor,APAC,https://www.toppan.com,"TOPPAN Digital Inc. — primary vendor website, sourced from the vendors catalog's existing verified record.",No,No,No,No,No,No,Yes,No,2026-07-07,url_needs_review
threema-gmbh,Threema GmbH,Vendor,EMEA,https://threema.ch,"Threema GmbH — primary vendor website, sourced from the vendors catalog's existing verified record.",No,No,No,No,No,No,Yes,No,2026-07-07,url_needs_review
tiktok-pte-ltd,TikTok Pte. Ltd.,Vendor,APAC,https://www.tiktok.com,"TikTok Pte. Ltd. — primary vendor website, sourced from the vendors catalog's existing verified record.",No,No,No,No,No,No,Yes,No,2026-07-07,url_needs_review
trezor-company-sro,Trezor Company s.r.o.,Vendor,EMEA,https://trezor.io,"Trezor Company s.r.o. — primary vendor website, sourced from the vendors catalog's existing verified record.",No,No,No,No,No,No,Yes,No,2026-07-07,url_needs_review
veridify-security-inc,Veridify Security Inc.,Vendor,Americas,https://www.veridify.com,"Veridify Security Inc. — primary vendor website, sourced from the vendors catalog's existing verified record.",No,No,No,No,No,No,Yes,No,2026-07-07,url_needs_review
adguard,AdGuard,Vendor,EMEA,https://adguard-dns.io,"AdGuard — primary vendor website, sourced from the vendors catalog's existing verified record.",No,No,No,No,No,No,Yes,No,2026-07-07,url_authoritative
alibaba-cloud,Alibaba Cloud,Vendor,APAC,https://www.alibabacloud.com,"Alibaba Cloud — primary vendor website, sourced from the vendors catalog's existing verified record.",No,No,No,No,No,No,Yes,No,2026-07-07,url_authoritative
american-binary,American Binary,Vendor,Americas,https://www.americanbinary.com,"American Binary — primary vendor website, sourced from the vendors catalog's existing verified record.",No,No,No,No,No,No,Yes,No,2026-07-07,url_authoritative
barracuda-networks,Barracuda Networks,Vendor,Americas,https://www.barracuda.com,"Barracuda Networks — primary vendor website, sourced from the vendors catalog's existing verified record.",No,No,No,No,No,No,Yes,No,2026-07-07,url_authoritative
bitvise,Bitvise,Vendor,Americas,https://www.bitvise.com,"Bitvise — primary vendor website, sourced from the vendors catalog's existing verified record.",No,No,No,No,No,No,Yes,No,2026-07-07,url_authoritative
brave-software,Brave Software,Vendor,Americas,https://brave.com,"Brave Software — primary vendor website, sourced from the vendors catalog's existing verified record.",No,No,No,No,No,No,Yes,No,2026-07-07,url_authoritative
broadcom,Broadcom,Vendor,Americas,https://www.broadcom.com,"Broadcom — primary vendor website, sourced from the vendors catalog's existing verified record.",No,No,No,No,No,No,Yes,No,2026-07-07,url_authoritative
cato-networks,Cato Networks,Vendor,EMEA,https://www.catonetworks.com,"Cato Networks — primary vendor website, sourced from the vendors catalog's existing verified record.",No,No,No,No,No,No,Yes,No,2026-07-07,url_authoritative
caddy-project,Caddy Project,Vendor,Americas,https://caddyserver.com,"Caddy Project — primary vendor website, sourced from the vendors catalog's existing verified record.",No,No,No,No,No,No,Yes,No,2026-07-07,url_authoritative
checkmarx,Checkmarx,Vendor,EMEA,https://checkmarx.com,"Checkmarx — primary vendor website, sourced from the vendors catalog's existing verified record.",No,No,No,No,No,No,Yes,No,2026-07-07,url_authoritative
cohesity,Cohesity,Vendor,Americas,https://www.cohesity.com,"Cohesity — primary vendor website, sourced from the vendors catalog's existing verified record.",No,No,No,No,No,No,Yes,No,2026-07-07,url_authoritative
commvault,Commvault,Vendor,Americas,https://www.commvault.com,"Commvault — primary vendor website, sourced from the vendors catalog's existing verified record.",No,No,No,No,No,No,Yes,No,2026-07-07,url_authoritative
dashlane,Dashlane,Vendor,Americas,https://www.dashlane.com,"Dashlane — primary vendor website, sourced from the vendors catalog's existing verified record.",No,No,No,No,No,No,Yes,No,2026-07-07,url_authoritative
docker,Docker,Vendor,Americas,https://www.docker.com,"Docker — primary vendor website, sourced from the vendors catalog's existing verified record.",No,No,No,No,No,No,Yes,No,2026-07-07,url_authoritative
red-hat-dogtag,Red Hat (Dogtag),Vendor,Americas,https://www.dogtagpki.org,"Red Hat (Dogtag) — primary vendor website, sourced from the vendors catalog's existing verified record.",No,No,No,No,No,No,Yes,No,2026-07-07,url_authoritative
druva,Druva,Vendor,Americas,https://www.druva.com,"Druva — primary vendor website, sourced from the vendors catalog's existing verified record.",No,No,No,No,No,No,Yes,No,2026-07-07,url_authoritative
duckduckgo,DuckDuckGo,Vendor,Americas,https://duckduckgo.com,"DuckDuckGo — primary vendor website, sourced from the vendors catalog's existing verified record.",No,No,No,No,No,No,Yes,No,2026-07-07,url_authoritative
f5,F5,Vendor,,https://www.f5.com,"F5 — primary vendor website, sourced from the vendors catalog's existing verified record.",No,No,No,No,No,No,Yes,No,2026-07-07,url_authoritative
fis,FIS,Vendor,Americas,https://www.fisglobal.com,"FIS — primary vendor website, sourced from the vendors catalog's existing verified record.",No,No,No,No,No,No,Yes,No,2026-07-07,url_authoritative
forcepoint,Forcepoint,Vendor,Americas,https://www.forcepoint.com,"Forcepoint — primary vendor website, sourced from the vendors catalog's existing verified record.",No,No,No,No,No,No,Yes,No,2026-07-07,url_authoritative
general-dynamics-mission-systems,General Dynamics Mission Systems,Vendor,Americas,https://gdmissionsystems.com,"General Dynamics Mission Systems — primary vendor website, sourced from the vendors catalog's existing verified record.",No,No,No,No,No,No,Yes,No,2026-07-07,url_authoritative
hhs-ocr,HHS / OCR,Vendor,Americas,https://www.hhs.gov/hipaa,"HHS / OCR — primary vendor website, sourced from the vendors catalog's existing verified record.",No,No,No,No,No,No,Yes,No,2026-07-07,url_authoritative
hewlett-packard-enterprise,Hewlett Packard Enterprise,Vendor,Americas,https://www.hpe.com,"Hewlett Packard Enterprise — primary vendor website, sourced from the vendors catalog's existing verified record.",No,No,No,No,No,No,Yes,No,2026-07-07,url_authoritative
hyland,Hyland,Vendor,Americas,https://www.hyland.com,"Hyland — primary vendor website, sourced from the vendors catalog's existing verified record.",No,No,No,No,No,No,Yes,No,2026-07-07,url_authoritative
ivanti,Ivanti,Vendor,Americas,https://www.ivanti.com,"Ivanti — primary vendor website, sourced from the vendors catalog's existing verified record.",No,No,No,No,No,No,Yes,No,2026-07-07,url_authoritative
jamf,Jamf,Vendor,Americas,https://www.jamf.com,"Jamf — primary vendor website, sourced from the vendors catalog's existing verified record.",No,No,No,No,No,No,Yes,No,2026-07-07,url_authoritative
jetbrains,JetBrains,Vendor,EMEA,https://www.jetbrains.com,"JetBrains — primary vendor website, sourced from the vendors catalog's existing verified record.",No,No,No,No,No,No,Yes,No,2026-07-07,url_authoritative
keeper-security,Keeper Security,Vendor,Americas,https://www.keepersecurity.com,"Keeper Security — primary vendor website, sourced from the vendors catalog's existing verified record.",No,No,No,No,No,No,Yes,No,2026-07-07,url_authoritative
lattice-semiconductor,Lattice Semiconductor,Vendor,Americas,https://www.latticesemi.com,"Lattice Semiconductor — primary vendor website, sourced from the vendors catalog's existing verified record.",No,No,No,No,No,No,Yes,No,2026-07-07,url_authoritative
mimecast,Mimecast,Vendor,EMEA,https://www.mimecast.com,"Mimecast — primary vendor website, sourced from the vendors catalog's existing verified record.",No,No,No,No,No,No,Yes,No,2026-07-07,url_authoritative
minio,MinIO,Vendor,Americas,https://min.io,"MinIO — primary vendor website, sourced from the vendors catalog's existing verified record.",No,No,No,No,No,No,Yes,No,2026-07-07,url_authoritative
mozilla,Mozilla,Vendor,Americas,https://www.mozilla.org,"Mozilla — primary vendor website, sourced from the vendors catalog's existing verified record.",No,No,No,No,No,No,Yes,No,2026-07-07,url_authoritative
netapp,NetApp,Vendor,Americas,https://www.netapp.com,"NetApp — primary vendor website, sourced from the vendors catalog's existing verified record.",No,No,No,No,No,No,Yes,No,2026-07-07,url_authoritative
nord-security,Nord Security,Vendor,EMEA,https://nordvpn.com,"Nord Security — primary vendor website, sourced from the vendors catalog's existing verified record.",No,No,No,No,No,No,Yes,No,2026-07-07,url_authoritative
nutanix,Nutanix,Vendor,Americas,https://www.nutanix.com,"Nutanix — primary vendor website, sourced from the vendors catalog's existing verified record.",No,No,No,No,No,No,Yes,No,2026-07-07,url_authoritative
openmls-project,OpenMLS Project,Vendor,,https://openmls.tech,"OpenMLS Project — primary vendor website, sourced from the vendors catalog's existing verified record.",No,No,No,No,No,No,Yes,No,2026-07-07,url_authoritative
openpgpjs-project,OpenPGP.js Project,Vendor,EMEA,https://openpgpjs.org,"OpenPGP.js Project — primary vendor website, sourced from the vendors catalog's existing verified record.",No,No,No,No,No,No,Yes,No,2026-07-07,url_authoritative
opentext,OpenText,Vendor,Americas,https://www.opentext.com,"OpenText — primary vendor website, sourced from the vendors catalog's existing verified record.",No,No,No,No,No,No,Yes,No,2026-07-07,url_authoritative
proofpoint,Proofpoint,Vendor,Americas,https://www.proofpoint.com,"Proofpoint — primary vendor website, sourced from the vendors catalog's existing verified record.",No,No,No,No,No,No,Yes,No,2026-07-07,url_authoritative
pure-storage,Pure Storage,Vendor,Americas,https://www.purestorage.com,"Pure Storage — primary vendor website, sourced from the vendors catalog's existing verified record.",No,No,No,No,No,No,Yes,No,2026-07-07,url_authoritative
recorded-future,Recorded Future,Vendor,Americas,https://www.recordedfuture.com,"Recorded Future — primary vendor website, sourced from the vendors catalog's existing verified record.",No,No,No,No,No,No,Yes,No,2026-07-07,url_authoritative
rubrik,Rubrik,Vendor,Americas,https://www.rubrik.com,"Rubrik — primary vendor website, sourced from the vendors catalog's existing verified record.",No,No,No,No,No,No,Yes,No,2026-07-07,url_authoritative
aicpa,AICPA,Vendor,Americas,https://www.aicpa-cima.com,"AICPA — primary vendor website, sourced from the vendors catalog's existing verified record.",No,No,No,No,No,No,Yes,No,2026-07-07,url_authoritative
soti,SOTI,Vendor,Americas,https://soti.net,"SOTI — primary vendor website, sourced from the vendors catalog's existing verified record.",No,No,No,No,No,No,Yes,No,2026-07-07,url_authoritative
scality,Scality,Vendor,EMEA,https://www.scality.com,"Scality — primary vendor website, sourced from the vendors catalog's existing verified record.",No,No,No,No,No,No,Yes,No,2026-07-07,url_authoritative
signiant,Signiant,Vendor,Americas,https://www.signiant.com,"Signiant — primary vendor website, sourced from the vendors catalog's existing verified record.",No,No,No,No,No,No,Yes,No,2026-07-07,url_authoritative
surfshark,Surfshark,Vendor,EMEA,https://surfshark.com,"Surfshark — primary vendor website, sourced from the vendors catalog's existing verified record.",No,No,No,No,No,No,Yes,No,2026-07-07,url_authoritative
tor-project,Tor Project,Vendor,Americas,https://www.torproject.org,"Tor Project — primary vendor website, sourced from the vendors catalog's existing verified record.",No,No,No,No,No,No,Yes,No,2026-07-07,url_authoritative
unisys,Unisys,Vendor,Americas,https://www.unisys.com,"Unisys — primary vendor website, sourced from the vendors catalog's existing verified record.",No,No,No,No,No,No,Yes,No,2026-07-07,url_authoritative
vandyke-software,VanDyke Software,Vendor,Americas,https://www.vandyke.com,"VanDyke Software — primary vendor website, sourced from the vendors catalog's existing verified record.",No,No,No,No,No,No,Yes,No,2026-07-07,url_authoritative
veeam,Veeam,Vendor,EMEA,https://www.veeam.com,"Veeam — primary vendor website, sourced from the vendors catalog's existing verified record.",No,No,No,No,No,No,Yes,No,2026-07-07,url_authoritative
veracode,Veracode,Vendor,Americas,https://www.veracode.com,"Veracode — primary vendor website, sourced from the vendors catalog's existing verified record.",No,No,No,No,No,No,Yes,No,2026-07-07,url_authoritative
veritas,Veritas,Vendor,Americas,https://www.veritas.com,"Veritas — primary vendor website, sourced from the vendors catalog's existing verified record.",No,No,No,No,No,No,Yes,No,2026-07-07,url_authoritative
vultr,Vultr,Vendor,Americas,https://www.vultr.com,"Vultr — primary vendor website, sourced from the vendors catalog's existing verified record.",No,No,No,No,No,No,Yes,No,2026-07-07,url_authoritative
wisekey,WISeKey,Vendor,EMEA,https://wisekey.com,"WISeKey — primary vendor website, sourced from the vendors catalog's existing verified record.",No,No,No,No,No,No,Yes,No,2026-07-07,url_authoritative
windscribe,Windscribe,Vendor,Americas,https://windscribe.com,"Windscribe — primary vendor website, sourced from the vendors catalog's existing verified record.",No,No,No,No,No,No,Yes,No,2026-07-07,url_authoritative
zerto,Zerto,Vendor,EMEA,https://www.zerto.com,"Zerto — primary vendor website, sourced from the vendors catalog's existing verified record.",No,No,No,No,No,No,Yes,No,2026-07-07,url_authoritative
zoom,Zoom,Vendor,Americas,https://zoom.us,"Zoom — primary vendor website, sourced from the vendors catalog's existing verified record.",No,No,No,No,No,No,Yes,No,2026-07-07,url_authoritative
ns-3-project,ns-3 Project,Vendor,Americas,https://www.nsnam.org,"ns-3 Project — primary vendor website, sourced from the vendors catalog's existing verified record.",No,No,No,No,No,No,Yes,No,2026-07-07,url_authoritative
libtpms-project,libtpms Project,Vendor,Americas,https://github.com/stefanberger/libtpms,"libtpms Project — primary vendor website, sourced from the vendors catalog's existing verified record.",No,No,No,No,No,No,Yes,No,2026-07-07,url_authoritative
pqctoday-project,pqctoday Project,Vendor,Americas,https://github.com/pqctoday-org/pqctoday-tpm,"pqctoday Project — primary vendor website, sourced from the vendors catalog's existing verified record.",No,No,No,No,No,No,Yes,No,2026-07-07,url_authoritative
openqkd-project,OpenQKD Project,Vendor,EMEA,https://openqkd.eu,"OpenQKD Project — primary vendor website, sourced from the vendors catalog's existing verified record.",No,No,No,No,No,No,Yes,No,2026-07-07,url_authoritative
age-project,age Project,Vendor,Americas,https://age-encryption.org,"age Project — primary vendor website, sourced from the vendors catalog's existing verified record.",No,No,No,No,No,No,Yes,No,2026-07-07,url_authoritative
ibm-research-cbomkit,IBM Research (CBOMkit),Vendor,Americas,https://github.com/IBM/cbomkit,"IBM Research (CBOMkit) — primary vendor website, sourced from the vendors catalog's existing verified record.",No,No,No,No,No,No,Yes,No,2026-07-07,url_authoritative
opa-project,OPA Project,Vendor,Americas,https://www.openpolicyagent.org,"OPA Project — primary vendor website, sourced from the vendors catalog's existing verified record.",No,No,No,No,No,No,Yes,No,2026-07-07,url_authoritative
cdxgen-project,cdxgen Project,Vendor,Americas,https://github.com/CycloneDX/cdxgen,"cdxgen Project — primary vendor website, sourced from the vendors catalog's existing verified record.",No,No,No,No,No,No,Yes,No,2026-07-07,url_authoritative
ssh-communications-security,SSH Communications Security,Vendor,EMEA,https://www.ssh.com,"SSH Communications Security — primary vendor website, sourced from the vendors catalog's existing verified record.",No,No,No,No,No,No,Yes,No,2026-07-07,url_authoritative
ivpn,IVPN,Vendor,EMEA,https://www.ivpn.net,"IVPN — primary vendor website, sourced from the vendors catalog's existing verified record.",No,No,No,No,No,No,Yes,No,2026-07-07,url_authoritative
cryspen,Cryspen,Vendor,EMEA,https://cryspen.com,"Cryspen — primary vendor website, sourced from the vendors catalog's existing verified record.",No,No,No,No,No,No,Yes,No,2026-07-07,url_authoritative
trail-of-bits,Trail of Bits,Vendor,Americas,https://www.trailofbits.com,"Trail of Bits — primary vendor website, sourced from the vendors catalog's existing verified record.",No,No,No,No,No,No,Yes,No,2026-07-07,url_authoritative
chrony-project,chrony Project,Vendor,EMEA,https://chrony-project.org,"chrony Project — primary vendor website, sourced from the vendors catalog's existing verified record.",No,No,No,No,No,No,Yes,No,2026-07-07,url_authoritative
osslsigncode-project,osslsigncode Project,Vendor,EMEA,https://github.com/mtrojnar/osslsigncode,"osslsigncode Project — primary vendor website, sourced from the vendors catalog's existing verified record.",No,No,No,No,No,No,Yes,No,2026-07-07,url_authoritative
openbao-lf-edge,OpenBao (LF Edge),Vendor,Americas,https://openbao.org,"OpenBao (LF Edge) — primary vendor website, sourced from the vendors catalog's existing verified record.",No,No,No,No,No,No,Yes,No,2026-07-07,url_authoritative
a10-networks-inc,"A10 Networks, Inc.",Vendor,Americas,https://www.a10networks.com/,"A10 Networks, Inc. — primary vendor website, sourced from the vendors catalog's existing verified record.",No,No,No,No,No,No,Yes,No,2026-07-07,url_authoritative
angelatek-ltd,ANGELATEK LTD.,Vendor,Americas,https://angelatek.com/,"ANGELATEK LTD. — primary vendor website, sourced from the vendors catalog's existing verified record.",No,No,No,No,No,No,Yes,No,2026-07-07,url_unverified
archtis-limited,archTIS Limited,Vendor,APAC,https://www.archtis.com,"archTIS Limited — primary vendor website, sourced from the vendors catalog's existing verified record.",No,No,No,No,No,No,Yes,No,2026-07-07,url_authoritative
arctera-us-llc,Arctera US LLC,Vendor,Americas,https://www.arctera.io/,"Arctera US LLC — primary vendor website, sourced from the vendors catalog's existing verified record.",No,No,No,No,No,No,Yes,No,2026-07-07,url_authoritative
ascertia-ltd,Ascertia Ltd.,Vendor,EMEA,https://www.ascertia.com/,"Ascertia Ltd. — primary vendor website, sourced from the vendors catalog's existing verified record.",No,No,No,No,No,No,Yes,No,2026-07-07,url_authoritative
cgi-federal-inc,CGI Federal Inc.,Vendor,Americas,https://www.cgi.com/us/en-us/federal,"CGI Federal Inc. — primary vendor website, sourced from the vendors catalog's existing verified record.",No,No,No,No,No,No,Yes,No,2026-07-07,url_authoritative
cipherplus-pte-ltd,CipherPlus Pte. Ltd.,Vendor,APAC,https://www.cipherplus.io/,"CipherPlus Pte. Ltd. — primary vendor website, sourced from the vendors catalog's existing verified record.",No,No,No,No,No,No,Yes,No,2026-07-07,url_authoritative
cloudera-inc,"Cloudera, Inc.",Vendor,Americas,https://www.cloudera.com/,"Cloudera, Inc. — primary vendor website, sourced from the vendors catalog's existing verified record.",No,No,No,No,No,No,Yes,No,2026-07-07,url_authoritative
codebat-technologies-inc,"Codebat Technologies, Inc.",Vendor,Americas,https://codebat.ai/,"Codebat Technologies, Inc. — primary vendor website, sourced from the vendors catalog's existing verified record.",No,No,No,No,No,No,Yes,No,2026-07-07,url_unverified
ctera-networks-ltd,CTERA Networks Ltd.,Vendor,EMEA,https://www.ctera.com/,"CTERA Networks Ltd. — primary vendor website, sourced from the vendors catalog's existing verified record.",No,No,No,No,No,No,Yes,No,2026-07-07,url_authoritative
czertainly-sro,CZERTAINLY s.r.o.,Vendor,EMEA,https://www.czertainly.com/,"CZERTAINLY s.r.o. — primary vendor website, sourced from the vendors catalog's existing verified record.",No,No,No,No,No,No,Yes,No,2026-07-07,url_authoritative
essendi-it-gmbh,essendi it GmbH,Vendor,EMEA,https://www.essendi.de,"essendi it GmbH — primary vendor website, sourced from the vendors catalog's existing verified record.",No,No,No,No,No,No,Yes,No,2026-07-07,url_authoritative
evertrust-sas,EVERTRUST SAS,Vendor,EMEA,https://evertrust.io/,"EVERTRUST SAS — primary vendor website, sourced from the vendors catalog's existing verified record.",No,No,No,No,No,No,Yes,No,2026-07-07,url_authoritative
fortifyiq-inc,"FortifyIQ, Inc.",Vendor,Americas,https://fortifyiq.com,"FortifyIQ, Inc. — primary vendor website, sourced from the vendors catalog's existing verified record.",No,No,No,No,No,No,Yes,No,2026-07-07,url_authoritative
hid-global-corporation,HID Global Corporation,Vendor,Americas,https://www.hidglobal.com,"HID Global Corporation — primary vendor website, sourced from the vendors catalog's existing verified record.",No,No,No,No,No,No,Yes,No,2026-07-07,url_authoritative
hoye-technology-co-ltd,"HOYE Technology CO., LTD.",Vendor,APAC,https://www.hoyetec.com,"HOYE Technology CO., LTD. — primary vendor website, sourced from the vendors catalog's existing verified record.",No,No,No,No,No,No,Yes,No,2026-07-07,url_authoritative
kudelski-group,Kudelski Group,Vendor,EMEA,https://www.nagra.com,"Kudelski Group — primary vendor website, sourced from the vendors catalog's existing verified record.",No,No,No,No,No,No,Yes,No,2026-07-07,url_authoritative
novachips-co-ltd,"Novachips Co., Ltd.",Vendor,APAC,https://www.novachips.com,"Novachips Co., Ltd. — primary vendor website, sourced from the vendors catalog's existing verified record.",No,No,No,No,No,No,Yes,No,2026-07-07,url_authoritative
nuvoton-technology-corporation,Nuvoton Technology Corporation,Vendor,APAC,https://www.nuvoton.com,"Nuvoton Technology Corporation — primary vendor website, sourced from the vendors catalog's existing verified record.",No,No,No,No,No,No,Yes,No,2026-07-07,url_authoritative
open-security-research-inc,Open Security Research Inc.,Vendor,APAC,https://www.osr-tech.com/,"Open Security Research Inc. — primary vendor website, sourced from the vendors catalog's existing verified record.",No,No,No,No,No,No,Yes,No,2026-07-07,url_unverified
pufsecurity-corporation,PUFsecurity Corporation,Vendor,APAC,https://www.pufsecurity.com/,"PUFsecurity Corporation — primary vendor website, sourced from the vendors catalog's existing verified record.",No,No,No,No,No,No,Yes,No,2026-07-07,url_authoritative
qinvicta,Qinvicta,Vendor,Americas,https://qinvicta.com/,"Qinvicta — primary vendor website, sourced from the vendors catalog's existing verified record.",No,No,No,No,No,No,Yes,No,2026-07-07,url_authoritative
quantum-knight-inc,"Quantum Knight, Inc.",Vendor,Americas,https://quantumknight.io/,"Quantum Knight, Inc. — primary vendor website, sourced from the vendors catalog's existing verified record.",No,No,No,No,No,No,Yes,No,2026-07-07,url_authoritative
radiant-logic-inc,"Radiant Logic, Inc.",Vendor,Americas,https://www.radiantlogic.com/,"Radiant Logic, Inc. — primary vendor website, sourced from the vendors catalog's existing verified record.",No,No,No,No,No,No,Yes,No,2026-07-07,url_authoritative
realtek-semiconductor-corp,Realtek Semiconductor Corp.,Vendor,APAC,https://www.realtek.com/,"Realtek Semiconductor Corp. — primary vendor website, sourced from the vendors catalog's existing verified record.",No,No,No,No,No,No,Yes,No,2026-07-07,url_authoritative
sansec-technology-co-ltd,"Sansec Technology Co., Ltd.",Vendor,APAC,https://en.sansec.com.cn,"Sansec Technology Co., Ltd. — primary vendor website, sourced from the vendors catalog's existing verified record.",No,No,No,No,No,No,Yes,No,2026-07-07,url_authoritative
saviynt-inc,"Saviynt, Inc.",Vendor,Americas,https://saviynt.com,"Saviynt, Inc. — primary vendor website, sourced from the vendors catalog's existing verified record.",No,No,No,No,No,No,Yes,No,2026-07-07,url_authoritative
shanghai-uni-sentry-intelligent-technology-co-ltd,"Shanghai Uni-Sentry Intelligent Technology Co., Ltd.",Vendor,APAC,http://www.uni-sentry.com,"Shanghai Uni-Sentry Intelligent Technology Co., Ltd. — primary vendor website, sourced from the vendors catalog's existing verified record.",No,No,No,No,No,No,Yes,No,2026-07-07,url_authoritative
silvus-technologies,Silvus Technologies,Vendor,Americas,https://silvustechnologies.com,"Silvus Technologies — primary vendor website, sourced from the vendors catalog's existing verified record.",No,No,No,No,No,No,Yes,No,2026-07-07,url_authoritative
solarwinds-worldwide-llc,"SolarWinds Worldwide, LLC",Vendor,Americas,https://www.solarwinds.com,"SolarWinds Worldwide, LLC — primary vendor website, sourced from the vendors catalog's existing verified record.",No,No,No,No,No,No,Yes,No,2026-07-07,url_authoritative
synopsys-inc,"Synopsys, Inc.",Vendor,Americas,https://www.synopsys.com,"Synopsys, Inc. — primary vendor website, sourced from the vendors catalog's existing verified record.",No,No,No,No,No,No,Yes,No,2026-07-07,url_authoritative
technology-nexus-secured-business-solutions-ab,Technology Nexus Secured Business Solutions AB,Vendor,EMEA,https://www.nexusgroup.com,"Technology Nexus Secured Business Solutions AB — primary vendor website, sourced from the vendors catalog's existing verified record.",No,No,No,No,No,No,Yes,No,2026-07-07,url_authoritative
tellabs-enterprise-inc,"Tellabs Enterprise, Inc.",Vendor,Americas,https://www.tellabs.com,"Tellabs Enterprise, Inc. — primary vendor website, sourced from the vendors catalog's existing verified record.",No,No,No,No,No,No,Yes,No,2026-07-07,url_unverified
terra-quantum-ag,Terra Quantum AG,Vendor,EMEA,https://terraquantum.swiss,"Terra Quantum AG — primary vendor website, sourced from the vendors catalog's existing verified record.",No,No,No,No,No,No,Yes,No,2026-07-07,url_authoritative
trend-micro-inc,Trend Micro Inc.,Vendor,APAC,https://www.trendmicro.com,"Trend Micro Inc. — primary vendor website, sourced from the vendors catalog's existing verified record.",No,No,No,No,No,No,Yes,No,2026-07-07,url_authoritative
tutus-data-ab,Tutus Data AB,Vendor,EMEA,https://tutus.se,"Tutus Data AB — primary vendor website, sourced from the vendors catalog's existing verified record.",No,No,No,No,No,No,Yes,No,2026-07-07,url_authoritative
wisecure-technologies-corporation,WiSECURE Technologies Corporation,Vendor,APAC,https://www.wisecure-tech.com,"WiSECURE Technologies Corporation — primary vendor website, sourced from the vendors catalog's existing verified record.",No,No,No,No,No,No,Yes,No,2026-07-07,url_authoritative
centre-for-development-of-telematics,Centre for Development of Telematics,Vendor,,https://www.cdot.in/,"Centre for Development of Telematics — primary vendor website, sourced from the vendors catalog's existing verified record.",No,No,No,No,No,No,Yes,No,2026-07-07,url_authoritative
sophos-ltd,Sophos Ltd.,Vendor,EMEA,https://www.sophos.com,"Sophos Ltd. — primary vendor website, sourced from the vendors catalog's existing verified record.",No,No,No,No,No,No,Yes,No,2026-07-07,url_authoritative
sonicwall-inc,SonicWall Inc.,Vendor,Americas,https://www.sonicwall.com,"SonicWall Inc. — primary vendor website, sourced from the vendors catalog's existing verified record.",No,No,No,No,No,No,Yes,No,2026-07-07,url_authoritative
sailpoint-technologies-inc,"SailPoint Technologies, Inc.",Vendor,Americas,https://www.sailpoint.com,"SailPoint Technologies, Inc. — primary vendor website, sourced from the vendors catalog's existing verified record.",No,No,No,No,No,No,Yes,No,2026-07-07,url_authoritative
crypto-quantique-ltd,Crypto Quantique Ltd.,Vendor,EMEA,https://www.cryptoquantique.com,"Crypto Quantique Ltd. — primary vendor website, sourced from the vendors catalog's existing verified record.",No,No,No,No,No,No,Yes,No,2026-07-07,url_authoritative
asustek-computer-inc,ASUSTeK Computer Inc.,Vendor,APAC,https://www.asus.com,"ASUSTeK Computer Inc. — primary vendor website, sourced from the vendors catalog's existing verified record.",No,No,No,No,No,No,Yes,No,2026-07-07,url_authoritative
code-siren-llc,"Code Siren, LLC",Vendor,Americas,https://www.codesiren.com,"Code Siren, LLC — primary vendor website, sourced from the vendors catalog's existing verified record.",No,No,No,No,No,No,Yes,No,2026-07-07,url_authoritative
eigenq-inc,"EigenQ, Inc.",Vendor,Americas,https://www.eigenq.com,"EigenQ, Inc. — primary vendor website, sourced from the vendors catalog's existing verified record.",No,No,No,No,No,No,Yes,No,2026-07-07,url_authoritative
shinewave-international-inc,Shinewave International Inc.,Vendor,APAC,https://www.shinewave.com,"Shinewave International Inc. — primary vendor website, sourced from the vendors catalog's existing verified record.",No,No,No,No,No,No,Yes,No,2026-07-07,url_unverified
python-cryptographic-authority,Python Cryptographic Authority,Vendor,,https://cryptography.io/,"Python Cryptographic Authority — primary vendor website, sourced from the vendors catalog's existing verified record.",No,No,No,No,No,No,Yes,No,2026-07-07,url_authoritative
python-software-foundation,Python Software Foundation,Vendor,Americas,https://www.python.org/,"Python Software Foundation — primary vendor website, sourced from the vendors catalog's existing verified record.",No,No,No,No,No,No,Yes,No,2026-07-07,url_authoritative
prometheus-authors-cncf,Prometheus Authors (CNCF),Vendor,,https://prometheus.io/,"Prometheus Authors (CNCF) — primary vendor website, sourced from the vendors catalog's existing verified record.",No,No,No,No,No,No,Yes,No,2026-07-07,url_authoritative
cryptsoft-pty-ltd,Cryptsoft Pty Ltd,Vendor,APAC,https://www.cryptsoft.com/,"Cryptsoft Pty Ltd — primary vendor website, sourced from the vendors catalog's existing verified record.",No,No,No,No,No,No,Yes,No,2026-07-07,url_authoritative
amazon-aws,Amazon Web Services Inc.,Vendor,Americas,https://aws.amazon.com,AWS corporate/product site,No,No,No,No,No,No,Yes,No,2026-07-07,url_authoritative
cisco-systems,Cisco Systems Inc.,Vendor,Americas,https://cisco.com,Cisco corporate/product site,No,No,No,No,No,No,Yes,No,2026-07-07,url_authoritative
cryptonext,CryptoNext Security,Vendor,EMEA,https://www.cryptonext-security.com/,CryptoNext Security corporate site,No,No,No,No,No,No,Yes,No,2026-07-07,url_authoritative
digicert,DigiCert Inc.,Vendor,Americas,https://digicert.com,DigiCert corporate/product site,No,No,No,No,No,No,Yes,No,2026-07-07,url_authoritative
entrust,Entrust Corporation,Vendor,Americas,https://entrust.com,Entrust corporate/product site,No,No,No,No,No,No,Yes,No,2026-07-07,url_authoritative
fortinet,Fortinet Inc.,Vendor,Americas,https://fortinet.com,Fortinet corporate/product site,No,No,No,No,No,No,Yes,No,2026-07-07,url_authoritative
idemia,IDEMIA Group,Vendor,EMEA,https://idemia.com,IDEMIA corporate site,No,No,No,No,No,No,Yes,No,2026-07-07,url_authoritative
infineon,Infineon Technologies AG,Vendor,EMEA,https://infineon.com,Infineon corporate/product site,No,No,No,No,No,No,Yes,No,2026-07-07,url_authoritative
juniper-networks,Juniper Networks Inc.,Vendor,Americas,https://juniper.net,Juniper Networks corporate/product site,No,No,No,No,No,No,Yes,No,2026-07-07,url_authoritative
keyfactor,Keyfactor Inc.,Vendor,Americas,https://keyfactor.com,Keyfactor corporate/product site,No,No,No,No,No,No,Yes,No,2026-07-07,url_authoritative
bouncy-castle,Legion of the Bouncy Castle Inc.,Vendor,Americas,https://bouncycastle.org,Bouncy Castle crypto library project,No,No,No,No,No,No,Yes,No,2026-07-07,url_authoritative
microsoft,Microsoft Corporation,Vendor,Americas,https://microsoft.com,Microsoft corporate/product site,No,No,No,No,No,No,Yes,No,2026-07-07,url_authoritative
oracle,Oracle Corporation,Vendor,Americas,https://oracle.com,Oracle corporate/product site,No,No,No,No,No,No,Yes,No,2026-07-07,url_authoritative
palo-alto,Palo Alto Networks Inc.,Vendor,Americas,https://paloaltonetworks.com,Palo Alto Networks corporate/product site,No,No,No,No,No,No,Yes,No,2026-07-07,url_authoritative
red-hat,Red Hat Inc.,Vendor,Americas,https://redhat.com,Red Hat corporate/product site,No,No,No,No,No,No,Yes,No,2026-07-07,url_authoritative
sap,SAP SE,Vendor,EMEA,https://sap.com,SAP corporate/product site,No,No,No,No,No,No,Yes,No,2026-07-07,url_authoritative
oqs-project,Open Quantum Safe Project,Vendor,Americas,https://openquantumsafe.org,liboqs / Open Quantum Safe project,No,No,No,No,No,No,Yes,No,2026-07-07,url_authoritative
github,"GitHub, Inc.",Vendor,Americas,https://github.com,"Generic source for small open-source projects hosted on GitHub whose release notes/READMEs are the primary evidence (used by multiple distinct project vendor rows: RustCrypto, pqm4, mlkem-native, sslyze, leancrypto, PQC-LEO, sops)",No,No,No,No,No,No,Yes,No,2026-07-07,url_authoritative
cloudflare,Cloudflare Inc.,Vendor,Americas,https://cloudflare.com,Cloudflare corporate/product site,No,No,No,No,No,No,Yes,No,2026-07-07,url_authoritative
strongswan,strongSwan Project,Vendor,Americas,https://strongswan.org,strongSwan open-source IPsec/IKE project,No,No,No,No,No,No,Yes,No,2026-07-07,url_authoritative
btq,BTQ Technologies Corp.,Vendor,Americas,https://btq.com,BTQ Technologies corporate site,No,No,No,No,No,No,Yes,No,2026-07-07,url_authoritative
ericsson,Ericsson AB,Vendor,EMEA,https://ericsson.com,Ericsson corporate/product site,No,No,No,No,No,No,Yes,No,2026-07-07,url_authoritative
nokia,Nokia Corporation,Vendor,EMEA,https://nokia.com,Nokia corporate/product site,No,No,No,No,No,No,Yes,No,2026-07-07,url_authoritative
swift,Society for Worldwide Interbank Financial Telecommunication (SWIFT),Vendor,EMEA,https://www.swift.com,SWIFT corporate/product site,No,No,No,No,No,No,Yes,No,2026-07-07,url_authoritative
apple,Apple Inc.,Vendor,Americas,https://www.apple.com,Apple corporate/product security site,No,No,No,No,No,No,Yes,No,2026-07-07,url_authoritative
google,Google LLC,Vendor,Americas,https://www.google.com,Google corporate/product site,No,No,No,No,No,No,Yes,No,2026-07-07,url_authoritative
algorand,Algorand Foundation,Vendor,Americas,https://algorand.foundation,Algorand Foundation corporate site,No,No,No,No,No,No,Yes,No,2026-07-07,url_authoritative
fido-alliance,FIDO Alliance,Industry_Workgroup,Americas,https://fidoalliance.org,FIDO Alliance industry standards body,No,No,No,No,No,No,Yes,No,2026-07-07,url_authoritative
cccs,Canadian Centre for Cyber Security,Industry_Workgroup,Americas,https://cyber.gc.ca,Government of Canada cybersecurity agency; cited as validating source for evolutionQ products,No,No,No,No,No,No,Yes,No,2026-07-07,url_authoritative
ku-leuven-cosic,"COSIC, KU Leuven",Industry_Workgroup,EMEA,https://www.esat.kuleuven.be/cosic/,"COSIC (Computer Security and Industrial Cryptography) research group, KU Leuven",No,No,No,No,No,No,Yes,No,2026-07-07,url_authoritative
qc-report,Quantum Computing Report,Industry_Workgroup,Americas,https://quantumcomputingreport.com,Independent quantum computing industry news publication,No,No,No,No,No,No,Yes,No,2026-07-07,url_authoritative
secom,"SECOM Co., Ltd.",Industry_Workgroup,APAC,https://www.secom.co.jp/english/,SECOM corporate site,No,No,No,No,No,No,Yes,No,2026-07-07,url_authoritative
intel,Intel Corporation,Vendor,Americas,https://intel.com,"Intel Corporation — primary vendor website, sourced from the vendors catalog's existing verified record.",No,No,No,No,No,No,Yes,No,2026-07-07,url_authoritative
01quantum,01 Quantum Ltd.,Vendor,Americas,https://01quantum.com,"01 Quantum Ltd. — primary vendor website, sourced from the vendors catalog's existing verified record.",No,No,No,No,No,No,Yes,No,2026-07-07,url_authoritative
bitcoin-core,Bitcoin Project,Vendor,Americas,https://bitcoin.org,"Bitcoin Project — primary vendor website, sourced from the vendors catalog's existing verified record.",No,No,No,No,No,No,Yes,No,2026-07-07,url_authoritative
signal,Signal Foundation,Vendor,Americas,https://signal.org,"Signal Foundation — primary vendor website, sourced from the vendors catalog's existing verified record.",No,No,No,No,No,No,Yes,No,2026-07-07,url_authoritative
adva,Adtran Networks SE (formerly ADVA),Vendor,EMEA,https://adtran.com,"Adtran Networks SE (formerly ADVA) — primary vendor website, sourced from the vendors catalog's existing verified record.",No,No,No,No,No,No,Yes,No,2026-07-07,url_authoritative
ciena,Ciena Corporation,Vendor,Americas,https://ciena.com,"Ciena Corporation — primary vendor website, sourced from the vendors catalog's existing verified record.",No,No,No,No,No,No,Yes,No,2026-07-07,url_authoritative
uefi-forum,UEFI Forum,Vendor,Americas,https://uefi.org,"UEFI Forum — primary vendor website, sourced from the vendors catalog's existing verified record.",No,No,No,No,No,No,Yes,No,2026-07-07,url_authoritative
pqstation,PQ Station,Vendor,Americas,https://pqstation.com,"PQ Station — primary vendor website, sourced from the vendors catalog's existing verified record.",No,No,No,No,No,No,Yes,No,2026-07-07,url_authoritative
satoshilabs,SatoshiLabs s.r.o.,Vendor,EMEA,https://satoshilabs.com,"SatoshiLabs s.r.o. — primary vendor website, sourced from the vendors catalog's existing verified record.",No,No,No,No,No,No,Yes,No,2026-07-07,url_authoritative
chainguard-inc,"Chainguard, Inc.",Vendor,Americas,https://www.chainguard.dev,Container/software supply-chain security vendor; Chainguard FIPS Provider for OpenSSL has ACVP-validated ML-DSA/ML-KEM/SLH-DSA support,No,No,No,No,No,No,Yes,No,2026-07-14,url_authoritative
thales-trusted-cyber-technologies,Thales Trusted Cyber Technologies,Vendor,Americas,https://www.thalestct.com,"US business area of Thales Defense & Security, Inc.; government/defense-focused cybersecurity and crypto products",No,No,No,No,No,No,Yes,No,2026-07-14,url_authoritative
beijing-jn-tass-technology,"Beijing JN TASS Technology Co., Ltd.",Vendor,APAC,https://www.tass.com.cn,Chinese cryptography systems vendor (Jiangnan Tian'an); ACVP-validated PQC crypto engine and CloudHSM products,No,No,No,No,No,No,Yes,No,2026-07-14,url_authoritative
geomys,Geomys LLC,Vendor,Americas,https://geomys.org,For-profit US LLC maintaining Go's open-source cryptography packages; CMVP certificate holder for the Go Cryptographic Module,No,No,No,No,No,No,Yes,No,2026-07-14,url_authoritative
itri,Industrial Technology Research Institute (ITRI),Academic,APAC,https://www.itri.org.tw/english/,Taiwan government-funded non-profit R&D foundation (MOEA); ACVP-validated ML-KEM/ML-DSA/SLH-DSA FPGA implementations,No,No,No,No,No,No,Yes,No,2026-07-14,url_authoritative
dell-technologies,Dell Technologies Inc.,Vendor,Americas,https://www.dell.com,Ultimate parent of the Dell BSAFE product line; ACVP-validated ML-DSA/ML-KEM in Dell BSAFE Crypto Module for C/Java,No,No,No,No,No,No,Yes,No,2026-07-14,url_authoritative
i4p-informatikai,I4P-informatikai Kft. (I4P Informatics Ltd.),Vendor,EMEA,https://www.i4p.com,Hungarian HSM vendor (Trident product line),No,No,No,No,No,No,Yes,No,2026-07-14,url_authoritative
ahp-tech,AhP-Tech Inc.,Vendor,APAC,https://www.ahptech.com.tw/en/,Taiwan quantum computing vendor; ACVP-validated Ah-Crypto library (FIPS-203/204),No,No,No,No,No,No,Yes,No,2026-07-14,url_authoritative
analog-devices,"Analog Devices, Inc.",Vendor,Americas,https://www.analog.com,US public semiconductor vendor; ACVP-validated ML-DSA/ML-KEM in Optical Security (HW) module,No,No,No,No,No,No,Yes,No,2026-07-14,url_authoritative
chunghwa-telecom-labs,"Chunghwa Telecom Co., Ltd. Telecommunication Laboratories",Vendor,APAC,https://www.chttl.com.tw/en/,Taiwan's largest telecom's R&D labs; ACVP-validated HiPKI SafGuard 2000 PQC Library,No,No,No,No,No,No,Yes,No,2026-07-14,url_authoritative
ctrl-iq,"Ctrl IQ, Inc.",Vendor,Americas,https://ciq.com,US company (CIQ) maintaining Rocky Linux; ACVP-validated Rocky Linux 9 NSS Cryptographic Module,No,No,No,No,No,No,Yes,No,2026-07-14,url_authoritative
dinamo-cyber-security,DINAMO Cyber Security Company,Vendor,Americas,https://dinamosec.com,"Brazilian HSM/crypto vendor (rebranded from Dinamo Networks, Inc.); ACVP-validated HSM Cryptographic Library",No,No,No,No,No,No,Yes,No,2026-07-14,url_authoritative
hikvision,"Hangzhou Hikvision Digital Technology Co., Ltd.",Vendor,APAC,https://www.hikvision.com/en/,Chinese video surveillance vendor; ACVP-validated Hikvision FIPS Provider,No,No,No,No,No,No,Yes,No,2026-07-14,url_authoritative
att-enterprises,"AT&T Enterprises, LLC",Vendor,Americas,https://www.business.att.com,"AT&T Business enterprise network services operating entity (successor to AT&T Corp., merged May 1 2024); Quantum Resilient SD-WAN with Cisco PQC",No,No,No,No,No,No,Yes,No,2026-07-14,url_authoritative
hkma,Hong Kong Monetary Authority,Government,APAC,https://www.hkma.gov.hk/,Hong Kong's de facto central bank and banking regulator; publishes fintech/quantum-readiness guidance including the Fintech Promotion Blueprint,No,No,No,Yes,No,No,No,No,2026-07-16,url_authoritative
eiopa,European Insurance and Occupational Pensions Authority (EIOPA),Government,Europe,https://www.eiopa.europa.eu/digital-operational-resilience-act-dora_en,"EU authority responsible for supervisory convergence and implementing regulatory standards for DORA (Digital Operational Resilience Act) oversight of insurers, investment firms, and other EU financial entities.",No,No,No,No,No,Yes,No,No,2026-07-16,url_authoritative
cfcs-denmark,Centre for Cyber Security Denmark (CFCS / Styrelsen for Samfundssikkerhed),Government,Europe,https://samsik.dk/cybersikkerhed/temaer/overgangen-til-kvantesikker-kryptografi/,Danish national cybersecurity authority; publisher of Denmark's official post-quantum cryptography transition guidance.,No,No,No,No,Yes,Yes,No,No,2026-07-16,url_authoritative
ncsc-ch,Swiss National Cyber Security Centre (NCSC / Bundesamt für Cybersicherheit),Government,Europe,https://www.ncsc.admin.ch/ncsc/en/home/dokumentation/technologiebetrachtung.html,Swiss federal cybersecurity authority; publisher of Switzerland's official post-quantum cryptography assessment and technology briefs.,No,No,No,No,Yes,Yes,No,No,2026-07-16,url_authoritative
jisa-softech-private-limited,JISA Softech Private Limited,Vendor,APAC,https://jisasoftech.com,India-based HSM and cryptographic hardware vendor; FIPS 140-3 validated LS2 HSM family.,No,No,No,No,No,No,Yes,No,2026-07-27,url_needs_review
singlewire-software,Singlewire Software,Vendor,Americas,https://singlewire.com,US emergency notification software vendor; FIPS 140-3 validated cryptographic module.,No,No,No,No,No,No,Yes,No,2026-07-27,url_needs_review
gigamon-inc,Gigamon Inc.,Vendor,Americas,https://gigamon.com,US network visibility and observability platform vendor; FIPS 140-3 validated crypto module.,No,No,No,No,No,No,Yes,No,2026-07-27,url_needs_review
vector-informatik-gmbh,Vector Informatik GmbH,Vendor,EMEA,https://vector.com,German automotive embedded software/tools vendor (vSecPrim); SLH-DSA ACVP validated.,No,No,No,No,No,No,Yes,No,2026-07-27,url_needs_review
kaseya-us-llc,Kaseya US LLC,Vendor,Americas,https://kaseya.com,US MSP/IT management software vendor; FIPS 140-3 validated Java cryptographic module.,No,No,No,No,No,No,Yes,No,2026-07-27,url_needs_review
kioxia-corporation,KIOXIA Corporation,Vendor,APAC,https://kioxia.com,Japanese semiconductor/flash memory manufacturer; FIPS 140-3 validated crypto sub-chip.,No,No,No,No,No,No,Yes,No,2026-07-27,url_needs_review
n-able-technologies-inc,N-able Technologies Inc.,Vendor,Americas,https://n-able.com,US IT/RMM management software vendor (NYSE: NABL); FIPS 140-3 validated crypto module.,No,No,No,No,No,No,Yes,No,2026-07-27,url_needs_review
minimus,Minimus,Vendor,Americas,https://minimus.io,US cybersecurity vendor providing hardened minimal container/VM images.,No,No,No,No,No,No,Yes,No,2026-07-27,url_needs_review
cloudian-inc,Cloudian Inc.,Vendor,Americas,https://cloudian.com,US S3-compatible object storage vendor; FIPS 140-3 validated crypto module.,No,No,No,No,No,No,Yes,No,2026-07-27,url_needs_review
secure-ic,Secure-IC,Vendor,EMEA,https://secure-ic.com,French embedded security IP vendor (Secure-IC Securyzr); PQC solutions cert-validated.,No,No,No,No,No,No,Yes,No,2026-07-27,url_needs_review
kloudfuse-inc,Kloudfuse Inc,Vendor,Americas,https://kloudfuse.com,US observability platform vendor; FIPS 140-3 validated crypto module.,No,No,No,No,No,No,Yes,No,2026-07-27,url_needs_review
hycu-inc,"HYCU, Inc.",Vendor,Americas,https://hycu.com,US backup/disaster-recovery SaaS vendor; FIPS 140-3 validated cryptographic library module.,No,No,No,No,No,No,Yes,No,2026-07-27,url_needs_review
exequantum,ExeQuantum,Vendor,,https://exequantum.com,PQC-as-a-Service platform vendor (CipherForge); ML-KEM/ML-DSA implementations.,No,No,No,No,No,No,Yes,No,2026-07-27,url_needs_review
ite-tech-inc,ITE Tech. Inc.,Vendor,APAC,https://ite.com.tw,Taiwanese semiconductor/IC design vendor; FIPS 140-3 validated crypto sub-chip.,No,No,No,No,No,No,Yes,No,2026-07-27,url_needs_review
jmem-technology,Jmem Technology,Vendor,APAC,https://jmemtech.com,PUF-embedded quantum-safe cryptographic engine vendor; ACVP validated ML-DSA/ML-KEM.,No,No,No,No,No,No,Yes,No,2026-07-27,url_needs_review
higher-ground-llc,Higher Ground LLC,Vendor,Americas,https://highergroundcomms.com,US secure communications vendor (CipherLinq); FIPS 140-3 validated crypto module.,No,No,No,No,No,No,Yes,No,2026-07-27,url_needs_review
securemachines,SecureMachines,Vendor,,https://securemachines.io,PQC cryptographic suite vendor (Prastaara); ACVP validated ML-DSA/ML-KEM/SLH-DSA.,No,No,No,No,No,No,Yes,No,2026-07-27,url_needs_review
universidad-carlos-iii-de-madrid,Universidad Carlos III de Madrid,Vendor,EMEA,https://uc3m.es,Spanish public research university; hosts the PERLab HNDL-attack simulation research tool.,No,No,No,No,No,No,Yes,No,2026-07-27,url_needs_review
openjdk,OpenJDK,Open_Source_Project,,https://openjdk.org,"The open-source reference implementation of the Java Platform, Standard Edition; JEP process for JDK feature specs.",No,No,No,No,No,No,Yes,No,2026-07-27,url_authoritative
quantum-corporation,Quantum Corporation,Vendor,Americas,https://quantum.com,US data storage company (NASDAQ: QMCO); FIPS 140-3 validated cryptographic module.,No,No,No,No,No,No,Yes,No,2026-07-27,url_needs_review
post-quantum-cryptography-alliance,Post-Quantum Cryptography Alliance,Vendor,,https://pqca.org,"Linux Foundation-hosted PQCA; publishes open-source PQC reference implementations (mldsa-native, cuPQC SDK, etc.).",No,No,No,No,No,No,Yes,No,2026-07-27,url_needs_review
quantum-secure-encryption-corp,Quantum Secure Encryption Corp.,Vendor,,https://quantumsecureencryption.com,"Vendor of QPA v2, an enterprise post-quantum cryptographic migration platform.",No,No,No,No,No,No,Yes,No,2026-07-27,url_needs_review
globalfoundries-u-s-inc,GlobalFoundries U.S. Inc.,Vendor,Americas,https://gf.com,US semiconductor foundry; PQC/quantum-computing IP partnership with SEALSQ.,No,No,No,No,No,No,No,No,2026-07-27,url_needs_review
gopher-security,Gopher Security,Vendor,,https://gopher.security,PQC AI/MCP infrastructure security vendor.,No,No,No,No,No,No,No,No,2026-07-27,url_needs_review
korea-telecom-corporation,Korea Telecom Corporation,Vendor,APAC,https://kt.com,South Korean telecom operator; PQC and QKD technology at Quantum Korea 2026.,No,No,No,No,No,No,No,No,2026-07-27,url_needs_review
onespan-inc,OneSpan Inc.,Vendor,Americas,https://onespan.com,Authentication/digital-agreement security vendor; quantum-resistant Authentication Suite Server SDK.,No,No,No,No,No,No,No,No,2026-07-27,url_needs_review
sigstore,Sigstore,Vendor,,https://sigstore.dev,CNCF/OpenSSF software-supply-chain signing project; selected ML-DSA/SLH-DSA for PQC roadmap.,No,No,No,No,No,No,No,No,2026-07-27,url_needs_review
european-space-agency,European Space Agency,Vendor,EMEA,https://esa.int,European intergovernmental space agency; E2EQSS post-quantum satellite security project.,No,No,No,No,No,No,No,No,2026-07-27,url_needs_review
quantum-brilliance-pty-ltd,Quantum Brilliance Pty Ltd,Vendor,APAC,https://quantumbrilliance.com,Australian quantum-computing hardware vendor; certified-randomness PQC partnership with CyberSeQ/LuxProvide.,No,No,No,No,No,No,No,No,2026-07-27,url_needs_review
munich-re,Munich Re,Industry_Analyst,Global,https://www.munichre.com/,Major reinsurer research arm; annual Cyber Insurance: Risks and Trends report with a dedicated quantum/PQC section — insurance-sector quantum-risk grounding (Geneva Association/IAIS/EIOPA verified 2026-07-29 to have no quantum publication),No,No,No,Yes,No,No,No,No,2026-07-31,url_authoritative
nerc,North American Electric Reliability Corporation,Standards_Body,North_America,https://www.nerc.com/,NERC CIP critical infrastructure protection standards for bulk power,No,No,No,Yes,No,Yes,No,No,2026-03-28,url_authoritative
health-sector-coordinating-cou,Health Sector Coordinating Council (HSCC) Cybersecurity Working Group,Industry_Workgroup,Americas,https://healthsectorcouncil.org/wp-content/uploads/2026/04/HSCC-Cyber-Working-Group-Q1-2026-Progress-Report.pdf,Healthcare-sector industry coordinating body (400+ member orgs); Q1 2026 progress report on cryptographic-asset-inventory framework and PQC migration roadmap,No,No,No,Yes,No,No,No,No,2026-07-28,url_needs_review
finma-swiss-financial-market-s,FINMA — Swiss Financial Market Supervisory Authority (Quantum Computing Guidance),Government,EMEA,https://www.finma.ch/en/news/2026/07/20260709-mm-am-05-26/,"FINMA Guidance 05/2026 (2026-07-09) on quantum computing risk, based on a survey of 60 Swiss financial institutions",No,No,No,Yes,No,No,No,No,2026-07-28,url_needs_review
japan-financial-services-agenc,Japan Financial Services Agency — PQC Readiness Study Group Report,Government,APAC,https://www.fsa.go.jp/news/r6/singi/20241126.html,Japan FSA (金融庁) study-group report on deposit-taking institutions' PQC migration readiness,No,No,No,Yes,No,No,No,No,2026-07-28,url_needs_review
ccn-spain,"CCN (Centro Criptológico Nacional, Spain)",Government,EMEA,https://www.ccn.cni.es/,Spanish National Cryptologic Center; national crypto guidance and PQC migration recommendations,No,No,No,Yes,Yes,No,No,No,2026-07-13,url_authoritative
mas-singapore,MAS (Monetary Authority of Singapore),Government,APAC,https://www.mas.gov.sg/,Monetary Authority of Singapore; financial-sector quantum-risk advisories (incl. MAS Circular on quantum transition),No,Yes,No,Yes,Yes,Yes,No,No,2026-07-12,url_authoritative
ascx9,ASC X9 Financial Standards,Standards_Body,Americas,https://x9.org/,Accredited Standards Committee X9 for financial industry cryptographic and PKI standards including PQC readiness,No,Yes,No,Yes,Yes,Yes,No,No,2026-03-12,url_authoritative
pqnet-project,PQnet Project,Vendor,Global,https://github.com/pdb0102/PQnet,,No,No,No,No,No,No,No,No,2026-07-31,url_needs_review
cryptoscan-project,CryptoScan Project,Vendor,Global,https://github.com/csnp/cryptoscan,,No,No,No,No,No,No,No,No,2026-07-31,url_needs_review
qpki-project,QPKI Project,Vendor,Global,https://github.com/qpki/qpki,,No,No,No,No,No,No,No,No,2026-07-31,url_needs_review
libbitcoinpqc-project,libbitcoinpqc Project,Vendor,Global,https://github.com/cryptoquick/libbitcoinpqc,,No,No,No,No,No,No,No,No,2026-07-31,url_needs_review
uspto-patent-public-search,USPTO Patent Public Search,Government,Americas,https://ppubs.uspto.gov/pubwebapp/,United States Patent and Trademark Office — issuing authority for every patent in the PQC patent catalogue. Official record of grant and pre-grant publication.,No,No,No,No,No,No,No,Yes,2026-08-07,url_authoritative
google-patents,Google Patents,Vendor,Global,https://patents.google.com/,Aggregator/index the PQC patent harvester queries (CPC-anchored XHR searches). Indexes USPTO/EPO/WIPO records; not the record of grant.,No,No,No,No,No,No,No,Yes,2026-08-07,url_authoritative
epo-espacenet,EPO Espacenet,Government,Europe,https://worldwide.espacenet.com/,"European Patent Office's public patent register. Third PDF mirror the patent downloader falls through to when both USPTO PPubs endpoints and the Google Patents image host fail (patents/download_patents.py, ESPACENET_PDF). Mirror of record for the document, not the record of grant.",No,No,No,No,No,No,No,Yes,2026-08-14,url_unverified
input-output-global,Input Output Global,Vendor,,https://iohk.io,,No,No,No,No,No,No,No,No,2026-08-16,url_needs_review
safe-ecosystem-foundation,Safe Ecosystem Foundation,Vendor,,https://safe.global,,No,No,No,No,No,No,No,No,2026-08-16,url_needs_review
safe-global,Safe (Safe Ecosystem Foundation),Vendor,Global,https://safe.global,Safe (formerly Gnosis Safe); dominant DeFi multisig smart-account standard,No,Yes,No,No,No,No,Yes,No,2026-08-16,url_authoritative
cosmos-interchain,Interchain Foundation (Cosmos),Vendor,Global,https://cosmos.network/,Interchain Foundation; steward of the Cosmos SDK and CometBFT consensus engine,No,Yes,No,No,No,No,Yes,No,2026-08-16,url_authoritative
offchain-labs,Offchain Labs (Arbitrum),Vendor,Global,https://arbitrum.io/,Offchain Labs; builds and maintains Arbitrum Nitro and the AnyTrust protocol,No,Yes,No,No,No,No,No,No,2026-08-16,url_authoritative
codegic,Codegic,Vendor,,https://codegic.com,,No,No,No,No,No,No,No,No,2026-08-18,url_needs_review
zhengzhou-xinda-yimi-technology-co-ltd,"Zhengzhou Xinda Yimi Technology Co., Ltd.",Vendor,APAC,,,No,No,No,No,No,No,No,No,2026-08-18,url_needs_review
anvil-secure,Anvil Secure,Vendor,,https://anvilsecure.com,,No,No,No,No,No,No,No,,2026-08-27,url_needs_review
cipheriq,CipherIQ,Vendor,,https://cipheriq.com,,No,No,No,No,No,No,No,,2026-08-27,url_needs_review
symbolic-software,Symbolic Software,Vendor,,https://symbolic.software,,No,No,No,No,No,No,No,,2026-08-27,url_needs_review
connect2id,Connect2id,Vendor,,https://connect2id.com,,No,No,No,No,No,No,No,,2026-08-27,url_needs_review
shanghai-jiao-tong-university,Shanghai Jiao Tong University,Vendor,,https://sjtu.edu.cn,,No,No,No,No,No,No,No,,2026-08-27,url_needs_review
brian-campbell,Brian Campbell,Vendor,,https://bitbucket.org/b_c/jose4j,,No,No,No,No,No,No,No,,2026-08-27,url_needs_review
jos-padilla,José Padilla,Vendor,,https://github.com/jpadilla/pyjwt,,No,No,No,No,No,No,No,,2026-08-27,url_needs_review
jeff-forcier,Jeff Forcier,Vendor,,https://github.com/paramiko/paramiko,,No,No,No,No,No,No,No,,2026-08-27,url_needs_review
ron-frederick,Ron Frederick,Vendor,,https://github.com/ronf/asyncssh,,No,No,No,No,No,No,No,,2026-08-27,url_needs_review
classic-mceliece-team,Classic McEliece Team,Vendor,,https://classic.mceliece.org/,,No,No,No,No,No,No,No,,2026-08-27,url_needs_review
falcon-team,Falcon Team,Vendor,,https://falcon-sign.info/,,No,No,No,No,No,No,No,,2026-08-27,url_needs_review
hawk-team,HAWK Team,Vendor,,https://hawk-sign.info/,,No,No,No,No,No,No,No,,2026-08-27,url_needs_review
sphincs-team,SPHINCS+ Team,Vendor,,https://github.com/sphincs/sphincsplus,,No,No,No,No,No,No,No,,2026-08-27,url_needs_review
xmss-reference-team,XMSS Reference Team,Vendor,,https://github.com/XMSS/xmss-reference,,No,No,No,No,No,No,No,,2026-08-27,url_needs_review
citadel-protocol,Citadel Protocol,Vendor,,https://github.com/citadel-protocol/citadel_pqcrypto,,No,No,No,No,No,No,No,,2026-08-27,url_needs_review
kpqc,KpqC,Vendor,,,,No,No,No,No,No,No,No,,2026-08-27,url_needs_review
