id,label,description,industries,industries_source_text,countries,requires_pqc,deadline,deadline_kind,deadline_dates,notes,enforcement_body,library_refs,learn_modules,timeline_refs,body_type,website,local_file,trusted_source_id,peer_reviewed,vetting_body,website_url_quality,confidence_score,cswp39_tags,naics_codes,status,deprecated_at,deprecated_reason,related_standards,last_verified
NIST,NIST,National Institute of Standards and Technology — US federal agency that standardized the first PQC algorithms,Government & Defense;Finance & Insurance;Information Technology;Healthcare & Life Sciences;Energy & Utilities,92;52;54;62;22,US,expected,Ongoing,ongoing,,"NIST IR 8547 uses ""should"" for migration; the real enforcement teeth (2030 deprecate deadline functioning as a compliance date for federal high-value assets) come from Executive Order 14412 and OMB M-26-15, not from NIST itself -- consistent with body_type=standardization_body.",NIST,FIPS 203;FIPS 204;FIPS 205;NIST SP 800-227;FIPS 206,,United States:NIST,standardization_body,https://csrc.nist.gov/projects/post-quantum-cryptography,compliance/NIST.pdf,nist-csrc,yes,NIST,url_authoritative,85,cswp39:assurance;cswp39:governance;cswp39:lifecycle,92;52;54;62;22,active,,,FIPS-203;FIPS-204;FIPS-205;NIST-IR-8547,2026-08-16
ENISA,ENISA,European Union Agency for Cybersecurity — EU's PQC guidance authority and EUCC scheme co-manager,Government & Defense;Information Technology;Finance & Insurance,92;54;52,PQC-REGION-EU,guidance,Ongoing,ongoing,,"ENISA's 2021 PQC report (fetched 2026-07-31, replacing a generic prior evidence page): ""the last chapter offers 2 proposals that system owners can implement now"" -- voluntary framing, independently confirmed by a live fetch of the same document.",ENISA,ENISA PQC Guidelines;ENISA-Crypto-Market-Analysis-2024;ENISA-State-of-Cybersecurity-2024;ENISA-Threat-Landscape-2025,,European Union:EC,standardization_body,https://www.enisa.europa.eu/publications/post-quantum-cryptography-current-state-and-quantum-mitigation,compliance/ENISA.pdf,enisa,yes,ENISA,url_authoritative,85,cswp39:assurance;cswp39:governance,92;54;52,active,,,,
ISO-IEC,ISO/IEC JTC 1/SC 27,"ISO/IEC Joint Technical Committee 1, Subcommittee 27 — international body standardizing PQC algorithms for global adoption",Government & Defense;Information Technology;Finance & Insurance;Healthcare & Life Sciences,92;54;52;62,PQC-REGION-GLOBAL,no,Ongoing,ongoing,,No PQC-specific content found in this row's own cached evidence document; confirmed by a broad quantum/PQC keyword sweep across the full extracted text.,ISO/IEC,ISO/IEC 14888-4:2024;ISO/IEC 18033-2:2006/AMD1:2017,,International:ISO/IEC,standardization_body,https://www.iso.org/committee/45306.html,compliance/ISO-IEC.html,iso-iec-sc27,yes,ISO/IEC,url_authoritative,85,cswp39:governance,92;54;52;62,active,,,,
IETF,IETF,"Internet Engineering Task Force — open standards body integrating PQC algorithms into internet protocols (TLS, SSH, CMS, S/MIME)",Information Technology;Finance & Insurance,54;51;52,PQC-REGION-GLOBAL,no,Ongoing,ongoing,,No PQC-specific content found in this row's own cached evidence document; confirmed by a broad quantum/PQC keyword sweep across the full extracted text.,IETF,RFC 9794; RFC 9881; RFC 9882; draft-ietf-tls-ecdhe-mlkem-05; RFC-9958,,International:IETF,standardization_body,https://datatracker.ietf.org/wg/pquip/about/,compliance/IETF.html,ietf,yes,IETF,url_authoritative,85,cswp39:governance,54;51;52,active,,,NIST;RFC 9794,2026-08-16
FIPS-140-3,FIPS 140-3,NIST cryptographic module validation program,Government & Defense;Finance & Insurance;Information Technology,92;52;54,US;CA;AU,expected,2030 (NIST IR 8547 deprecation target),fixed,2030:nist ir 8547 deprecation target,"Confirmed independently: FIPS 140-3 does not currently require PQC algorithms, but CMVP is actively extending the validation program to incorporate ML-KEM/ML-DSA/SLH-DSA as NIST finalizes them.",NIST,FIPS 203;FIPS 204;FIPS 205;NIST SP 800-227,,United States:NIST,certification_body,https://csrc.nist.gov/projects/cryptographic-module-validation-program,compliance/FIPS-140-3.pdf,nist-csrc,yes,NIST,url_authoritative,85,cswp39:assurance;cswp39:lifecycle,92;52;54,active,,,NIST-SP-800-140B;NIST-SP-800-140C;NIST-SP-800-140D,2026-08-16
COMMON-CRITERIA,Common Criteria,International security evaluation framework,Government & Defense;Information Technology,92;54,PQC-REGION-GLOBAL,no,Ongoing — PQC protection profiles emerging,ongoing,,No PQC-specific content found in this row's own cached evidence document; confirmed by a broad quantum/PQC keyword sweep across the full extracted text.,CC Recognition Arrangement,EUCC v2.0 ACM,,,certification_body,https://commoncriteriaportal.org/files/ccfiles/CC2022PART1R1.pdf,compliance/COMMON-CRITERIA.pdf,iso-iec-sc27,yes,CC Recognition Arrangement,url_authoritative,85,cswp39:assurance,92;54,active,,,,2026-08-16
ANSSI,ANSSI,French national cybersecurity agency regulation,Government & Defense;Finance & Insurance,92;52,FR,guidance,,none,,"ANSSI recommends hybrid PQC for new systems via its position paper (not a legal mandate). Phase 2 (not before 2025): hybrid for PQC assurance; Phase 3 (not before 2030): standalone PQC optional. ANSSI issued its first PQC security certifications Sept-Oct 2025 (Thales MultiApp 5.2 Premium PQC, Samsung S3SSE2A). | 2026-08-16: replaced generic ssi.gouv.fr homepage with ANSSI's dedicated PQC page (topically correct, far fuller).",ANSSI,ANSSI PQC Position Paper;ANSSI PQC Follow-up Paper;ANSSI-PQC-FAQ-2025;ANSSI-PG-083-v3-2026,,France:ANSSI,compliance_framework,https://www.ssi.gouv.fr/enjeux-technologiques/cryptographie-post-quantique/,compliance/ANSSI.pdf,anssi,yes,ANSSI,url_authoritative,85,cswp39:assurance;cswp39:governance;cswp39:inventory,92;52,active,,,,2026-08-16
CNSA-2,CNSA 2.0,NSA mandate for national security systems,Government & Defense,92,US,yes,2025-2033 (phased by category),phased,2025:start;2033:phased by category,"NSA mandate for U.S. national security systems. Phased deadlines by category: software/firmware signing prefer 2025 exclusively 2030; web/cloud prefer 2025 exclusively 2033; networking prefer 2026 exclusively 2030; OS prefer 2027 exclusively 2033; niche/legacy 2030-2033. Revised May 2025 algorithm document specifies ML-KEM-1024, ML-DSA-87, AES-256, SHA-384/512, LMS/XMSS. Executive Order 14306 (June 2025) ties CNSA 2.0 to federal procurement mandates via CISA product category list. | Verified 2026-08-09 by retrieving the instrument itself. Verdict CONFIRMED yes (CNSSP 11/15 + NIAP, binding on NSS with a waiver regime): 'If a commercial product does not use CNSA 2.0 algorithms, it is not allowed to be used to protect NSS'. Two note corrections: the PDF served at the May-2025 URL is still stamped SEP 2022 v1.0 and names CRYSTALS-Kyber/Dilithium, not ML-KEM-1024/ML-DSA-87; and the controlling dates per the Dec 2024 FAQ are 2027 (acquisitions), 2030 (phase-out), 2031 (mandated use), not the superseded 2025-2033 anticipated timetable.",NSA,NSA CNSA 2.0;NSA CNSA 2.0 FAQ;NSA CSfC PQC Guidance Addendum;EO-14306;DoD-CIO-PQC-Memo-2025;NIST CSWP 39,,United States:NSA,compliance_framework,https://media.defense.gov/2025/May/30/2003728741/-1/-1/0/CSA_CNSA_2.0_ALGORITHMS.PDF,compliance/CNSA-2.pdf,nsa-advisory,yes,NSA,url_authoritative,85,cswp39:governance,92,active,,,,2026-08-16
EIDAS,eIDAS 2.0,EU Digital Identity and Trust Services regulation,Information Technology;Finance & Insurance,54;52,PQC-REGION-EU,expected,2026 (wallet deployments); 2030 (PQC high-risk); 2035 (PQC full),phased,2026:wallet deployments;2030:pqc high-risk;2035:pqc full,"The 2026/2030/2035 PQC milestones are from the NIS Cooperation Group Coordinated Implementation Roadmap for the Transition to Post-Quantum Cryptography (Jun 2025), mandated by EC Recommendation 2024/1101 (Apr 2024) — not from eIDAS itself. eIDAS 2.0 digital wallets fall under NIS2 essential-entity scope, which is how eIDAS-governed systems become subject to those timelines. Roadmap: digital-strategy.ec.europa.eu/en/library/coordinated-implementation-roadmap-transition-post-quantum-cryptography",European Commission,ENISA PQC Guidelines;EUDI-Wallet-ARF,digital-id;trust-services-pqc,European Union:EC,compliance_framework,https://digital-strategy.ec.europa.eu/en/policies/eidas-regulation,compliance/EIDAS.html,ec,yes,European Commission,url_authoritative,85,cswp39:governance,54;52,active,,,,
PCI-DSS,PCI DSS,Payment Card Industry Data Security Standard,Finance & Insurance;Retail Trade,52;44,PQC-REGION-GLOBAL,no,No explicit PQC timeline yet,none,,PCI DSS 4.0 Requirement 12.3.3 (mandatory since March 2025) requires documented cryptographic cipher suite inventory and a plan for anticipated crypto changes — effectively a crypto-agility mandate. Payment card industry will follow NIST guidance for PQC algorithm specifics.,PCI SSC,FIPS 203;FIPS 204;FIPS 205,emv-payment-pqc,,compliance_framework,https://www.pcisecuritystandards.org,compliance/PCI-DSS.html,pci-ssc,yes,PCI SSC,url_authoritative,85,cswp39:assurance;cswp39:governance;cswp39:inventory,52;44,active,,,,
HIPAA,HIPAA,US health data privacy and security rule,Healthcare & Life Sciences,62,US,no,No explicit PQC timeline yet,none,,Healthcare data has long sensitivity periods — HNDL risk is significant. | 2026-08-16: replaced generic HIPAA landing page with HHS's 'HIPAA for Professionals' hub covering the actual Privacy/Security/Enforcement/Breach rules.,HHS OCR,FIPS 203;FIPS 204;FIPS 205;NIST SP 800-227,healthcare-pqc,,compliance_framework,https://www.hhs.gov/hipaa/for-professionals/index.html,compliance/HIPAA.pdf,hhs,yes,HHS OCR,url_authoritative,85,cswp39:governance,62,active,,,,2026-08-16
GSMA-NG116,GSMA PQ.03 (Post-Quantum Guidelines for Telecom Use Cases),GSMA PQC guidelines for mobile network operators,Information Technology,51,PQC-REGION-GLOBAL,guidance,2026-2028,phased,2026:start;2028:end,"Mobile network operator PQC guidance from GSMA. Covers 5G and beyond. | 2026-07-13: original website URL (guessed slug /ng116/) was a real 404 (Yoast SEO confirmed ""Page not found""); GSMA NG.116/FS.40 are internal doc numbers, not a URL path. Corrected to GSMA's live PQC-documents index page, which covers PQ.03 (the library_refs target) and related docs. | Verified 2026-08-09 by retrieving the instrument itself. requires_pqc yes->guidance AND LABEL CORRECTED. GSMA's own PQC document index lists exactly seven documents, PQ.01 through PQ.07; NG.116 and FS.40 are not among them and a site-wide search for both returns 'Nothing Found'. NG.116 is, in GSMA's numbering, a Networks Group document (Generic Network Slice Template) unrelated to PQC. The row's own notes already recorded that the /ng116/ URL 404'd; the URL was redirected to the PQC index but the false label was left in place. The real document, and what library_refs already cites, is PQ.03. GSMA is a trade association with no enforcement power over operators. | 2026-08-16: replaced the GSMA PQC-documents index page with the actual PQ.03 document it names (146pp, non-confidential, freely downloadable).",GSMA,GSMA PQ.03 PQC Guidelines,,International:GSMA,compliance_framework,https://www.gsma.com/newsroom/wp-content/uploads//PQ.03-Post-Quantum-Cryptography-Guidelines-for-Telecom-Use-Cases-v2.0-2.pdf,compliance/GSMA-NG116.pdf,gsma,yes,GSMA,url_authoritative,85,cswp39:governance,51,active,,,gsma-pq-01;gsma-pq-02;gsma-pq-03;NIST,2026-08-16
ETSI-TS103744,ETSI TS 103 744,ETSI quantum-safe cryptography for telecommunications,Information Technology,51,PQC-REGION-EU,guidance,Ongoing,ongoing,,"ETSI specification for quantum-safe algorithms in telecom protocols. | requires_pqc yes->guidance 2026-08-09 (R6 body_type rule, extended to technical_standard). A specification specifies; it does not oblige anyone to adopt it. The obligation to deploy PQC comes from CNSA 2.0, the OMB memoranda and the executive orders, which are their own rows. Left as 'yes' this row asserted that a standards document mandates compliance.",ETSI,ETSI TR 103 619;ETSI TS 103 744,,International:ETSI/IQC,technical_standard,https://www.etsi.org/committee/cyber,compliance/ETSI-TS103744.pdf,etsi-cyber,yes,ETSI,url_authoritative,85,cswp39:governance,51,active,,,,
DORA,DORA (EU Digital Operational Resilience),EU financial sector ICT risk and resilience regulation,Finance & Insurance,52,PQC-REGION-EU,expected,2025 (effective),fixed,2025:effective,Operational resilience requirements for EU financial entities (effective Jan 2025). DORA imposes no explicit PQC mandate; PQC is read into the Article 9 ICT-protection obligations (integrity/confidentiality) by interpretation.,EBA/ESMA/EIOPA,ENISA PQC Guidelines,pqc-grc,European Union:EC,compliance_framework,https://www.eiopa.europa.eu/digital-operational-resilience-act-dora_en,compliance/DORA.pdf,eiopa,yes,EBA/ESMA/EIOPA,url_authoritative,85,cswp39:governance,52,active,,,,2026-07-16
SWIFT-CSP,SWIFT CSP,SWIFT Customer Security Programme mandatory controls,Finance & Insurance,52,PQC-REGION-GLOBAL,no,Annual,ongoing,,Annual security attestation required for SWIFT network participants.,SWIFT,FIPS 203;FIPS 204;FIPS 205,,,compliance_framework,https://www.swift.com/myswift/customer-security-programme,compliance/SWIFT-CSP.html,swift,yes,SWIFT,url_authoritative,85,cswp39:assurance;cswp39:governance,52,active,,,,
ISO-27001,ISO 27001,International information security management standard,Finance & Insurance;Information Technology;Healthcare & Life Sciences;Energy & Utilities;Government & Defense,52;54;62;51;22;92,PQC-REGION-GLOBAL,no,Ongoing,ongoing,,Widely adopted ISMS standard. No explicit PQC deadline but requires crypto risk management.,ISO/IEC,FIPS 203;FIPS 204;FIPS 205,,International:ISO/IEC,technical_standard,https://www.iso.org/standard/27001,compliance/ISO-27001.html,iso-iec-sc27,yes,ISO/IEC,url_authoritative,85,cswp39:governance,52;54;62;51;22;92,active,,,,
SOC-2,SOC 2,Service Organization Control 2 trust services criteria,Information Technology;Finance & Insurance;Healthcare & Life Sciences,54;52;62,US;CA,no,Ongoing,ongoing,,Trust Services Criteria. Cryptographic controls reviewed in SOC 2 Type II audits.,AICPA,FIPS 203;FIPS 204;FIPS 205,,,compliance_framework,https://www.aicpa-cima.com/resources/landing/system-and-organization-controls-soc-suite-of-services,compliance/SOC-2.pdf,aicpa,yes,AICPA,url_authoritative,85,cswp39:assurance;cswp39:governance,54;52;62,active,,,,
GDPR,GDPR,EU General Data Protection Regulation,Healthcare & Life Sciences;Information Technology;Finance & Insurance;Retail Trade;Educational Services,62;54;52;44;61,PQC-REGION-EU,no,Ongoing,ongoing,,Art. 32 requires appropriate encryption. PQC becoming expected standard for long-lived personal data.,EU DPAs,ENISA PQC Guidelines,data-asset-sensitivity,European Union:EC,compliance_framework,https://eur-lex.europa.eu/eli/reg/2016/679/oj,compliance/GDPR.html,enisa,yes,EU DPAs,url_authoritative,85,cswp39:governance,62;54;52;44;61,active,,,,
HITECH,HITECH Act,Health Information Technology for Economic and Clinical Health Act,Healthcare & Life Sciences,62,US,no,Ongoing,ongoing,,Extends HIPAA enforcement. Mandates breach notification and strong encryption for ePHI.,HHS OCR,FIPS 203;FIPS 204;FIPS 205;NIST SP 800-227,,,compliance_framework,https://www.hhs.gov/hipaa/for-professionals/special-topics/hitech-act-enforcement-interim-final-rule/index.html,compliance/HITECH.pdf,hhs,yes,HHS OCR,url_authoritative,85,cswp39:governance,62,active,,,HIPAA,
FDA-21CFR11,FDA 21 CFR Part 11,Electronic records and signatures in FDA-regulated industries,Healthcare & Life Sciences,62,US,no,Ongoing,ongoing,,Signature integrity requirements applicable to PQC migration for regulated medical software.,FDA,FIPS 203;FIPS 204;FIPS 205;NIST SP 800-227,,,compliance_framework,https://www.fda.gov/regulatory-information/search-fda-guidance-documents/part-11-electronic-records-electronic-signatures-scope-and-application,compliance/FDA-21CFR11.html,fda,yes,FDA,url_authoritative,85,cswp39:assurance;cswp39:governance,62,active,,,,
FEDRAMP,FedRAMP,Federal Risk and Authorization Management Program,Government & Defense,92,US,expected,Ongoing (Rev 5 — PQC guidance expected),ongoing,,No direct FedRAMP PQC mandate today. Dependency chain: FIPS 203/204/205 (Aug 2024) → CMVP must validate PQC modules under FIPS 140-3 (no earlier than 2026-2027) → SP 800-53 updated with PQC controls → FedRAMP baselines incorporate. OMB post-FIPS guidance (statutorily due Aug 2025) not yet published. Realistic enforcement: 2027+. Mandate mechanism: indirect via NIST FIPS 140-3 / SP 800-53 chain.,GSA/FedRAMP PMO,CISA-PQC-CATEGORY-LIST-2026;EO-14306;GSA-PQC-Buyers-Guide-2025;NIST CSWP 39,,United States:NIST,certification_body,https://www.whitehouse.gov/wp-content/uploads/2024/07/M-24-15-Modernizing-the-Federal-Risk-and-Authorization-Management-Program.pdf,compliance/FEDRAMP.pdf,cisa,yes,GSA/FedRAMP PMO,url_authoritative,85,cswp39:assurance,92,active,,,,2026-08-16
DISA-STIG,DISA STIGs,Defense Information Systems Agency Security Technical Implementation Guides,Government & Defense,92,US,no,Ongoing,ongoing,,"Mandatory hardening guides for U.S. DoD systems. Crypto requirements updated regularly. | Verified 2026-08-09 by retrieving the instrument itself. requires_pqc yes->no: the published STIG/SRG catalogue index contains ZERO occurrences of ""quantum"" - there is no PQC STIG. The framework IS mandatory for its population, but it imposes no PQC obligation - 'mandatory framework' had been conflated with 'PQC mandate'. The genuine federal PQC obligations live in QCCPA, EO 14412 and OMB M-23-02/M-26-15, which are their own rows. | 2026-08-16: replaced the bare STIGs landing page with the live STIGs Document Library listing page.",DISA,NSA CNSA 2.0;DoD-CIO-PQC-Memo-2025,,United States:NSA,compliance_framework,https://public.cyber.mil/stigs/downloads/,compliance/DISA-STIG.html,disa,yes,DISA,url_authoritative,85,cswp39:governance,92,active,,,,2026-08-16
NATO-4774,NATO STANAG 4774,NATO confidentiality metadata labeling standard,Public Administration,92,US;PQC-REGION-EU;CA;CZ;AU,no,Ongoing,ongoing,,"Coalition partner interoperability requirements. PQC transition affects classified data exchange. | Verified 2026-08-09 by retrieving the instrument itself. requires_pqc yes->no, AND THE ROW'S PREMISE IS WRONG. STANAG 4774 / ADatP-4774 is 'CONFIDENTIALITY METADATA LABEL SYNTAX' - it defines the XML syntax of a confidentiality label (4778 binds the label to data). It specifies no algorithms, no key sizes, no crypto suites, and the NATO Standardization Office record contains zero occurrences of 'quantum'. The row's website pointed at a general NATO cyber-defence topic page and its cached evidence is titled 'Cyber defence | NATO Topic' - the standard itself was never retrieved. library_refs FIPS 203/204/205 is unsupported. RECOMMEND DEPRECATION unless someone can state why a label-syntax standard belongs in a PQC compliance catalog.",NATO,FIPS 203;FIPS 204;FIPS 205,,NATO:NATO,compliance_framework,https://www.nato.int/cps/en/natohq/topics_78170.htm,compliance/NATO-4774.html,nato,yes,NATO,url_authoritative,85,cswp39:governance,92,deprecated,2026-08-09,Fabricated PQC claim. STANAG 4774 is 'Confidentiality Metadata Label Syntax' — an XML label format for marking classified information. It contains no cryptographic algorithm requirement of any kind and no reference to quantum computing. Verified 2026-08-09 against the NATO standard's own scope statement.,,
ISO-SAE-21434,ISO/SAE 21434,Road vehicle cybersecurity engineering standard,Transportation,48,PQC-REGION-GLOBAL,guidance,Ongoing,ongoing,,"Full vehicle lifecycle security including post-quantum readiness. Required for new type approvals. | requires_pqc yes->guidance 2026-08-09 (R6 body_type rule, extended to technical_standard). A specification specifies; it does not oblige anyone to adopt it. The obligation to deploy PQC comes from CNSA 2.0, the OMB memoranda and the executive orders, which are their own rows. Left as 'yes' this row asserted that a standards document mandates compliance.",ISO/SAE,,,,technical_standard,https://www.iso.org/standard/70918.html,compliance/ISO-SAE-21434.html,iso-iec-sc27,yes,ISO/SAE,url_authoritative,85,cswp39:governance;cswp39:lifecycle,48,active,,,UN-ECE-WP29;UNECE-WP29-R155;ISO-IEC-27001-2022,
UN-ECE-WP29,UN ECE WP.29 R155/R156,UN regulations for vehicle cybersecurity and software updates,Transportation,48,PQC-REGION-EU,no,Ongoing,ongoing,,"Type approval requires cybersecurity management systems and secure OTA update processes. | Verified 2026-08-09 by retrieving the instrument itself. requires_pqc yes->no. UN R155 and R156 ARE binding type-approval regulations, but full-text counts of the OJ republications give ZERO occurrences of 'quantum' in either (R155 66k chars, R156 31k chars). R155's only crypto requirement is algorithm-agnostic: 'Cryptographic modules used for the purpose of this Regulation shall be in line with consensus standards.' Same failure mode as FISMA/NERC-CIP/TSA: a genuine mandate that says nothing about PQC. library_refs FIPS 203/204/205 is unsupported - neither regulation references any NIST PQC standard.",UNECE,FIPS 203;FIPS 204;FIPS 205,,,compliance_framework,https://unece.org/transport/vehicle-regulations,,unece,yes,UNECE,url_authoritative,85,cswp39:governance;cswp39:lifecycle,48,active,,,,
NERC-CIP,NERC CIP,North American Electric Reliability Corporation Critical Infrastructure Protection,Energy & Utilities,22,US;CA,no,Ongoing,ongoing,,"Mandatory cybersecurity standards for bulk power systems. Crypto controls in CIP-005/007/011. | Verified 2026-08-09 by retrieving the instrument itself. requires_pqc yes->no: CIP-005-7 contains ZERO occurrences of ""quantum"" and is algorithm-agnostic; its only crypto line is ""utilize encryption that terminates at an Intermediate System"". The framework IS mandatory for its population, but it imposes no PQC obligation - 'mandatory framework' had been conflated with 'PQC mandate'. The genuine federal PQC obligations live in QCCPA, EO 14412 and OMB M-23-02/M-26-15, which are their own rows.",NERC,FIPS 203;FIPS 204;FIPS 205;NIST SP 800-227,,,compliance_framework,https://www.nerc.com/globalassets/standards/reliability-standards/cip/cip-005-7.pdf,compliance/NERC-CIP.pdf,nerc,yes,NERC,url_authoritative,85,cswp39:governance,22,active,,,,
IEC-62443,IEC 62443,Industrial cybersecurity standard for OT/ICS environments,22;48;48,,PQC-REGION-GLOBAL,yes,Ongoing,,,Defense-in-depth for industrial control systems. PQC relevant for long-lived OT deployments.,IEC,IEC 62443;FIPS 203;FIPS 204,,,technical_standard,https://www.iec.ch/iecnorex/,,iec,yes,IEC,url_authoritative,85,,22;48;48,deprecated,2026-07-16,"No valid evidence obtainable (iec.ch blocks automated fetching, HTTP 403) and no cswp39_tags — dropped per policy: keep only PQC-related rows with valid local_file evidence.",,
DO-326A,DO-326A / ED-202A,Airworthiness security process specification for aircraft systems,Transportation,48,PQC-REGION-GLOBAL,guidance,Ongoing,ongoing,,"Aviation cybersecurity certification basis. PQC critical given 30-40 year aircraft lifespans. | requires_pqc yes->guidance 2026-08-09 (R6 body_type rule, extended to technical_standard). A specification specifies; it does not oblige anyone to adopt it. The obligation to deploy PQC comes from CNSA 2.0, the OMB memoranda and the executive orders, which are their own rows. Left as 'yes' this row asserted that a standards document mandates compliance.",RTCA/EUROCAE,FIPS 203;FIPS 204;FIPS 205,,,technical_standard,https://www.rtca.org/products/do-326a-electronic/,compliance/DO-326A.html,rtca,yes,RTCA/EUROCAE,url_authoritative,85,cswp39:assurance,48,active,,,,2026-08-16
RTCA-DO-355A,RTCA DO-355A,Information security guidance for continuing airworthiness,Transportation,48,PQC-REGION-GLOBAL,guidance,Ongoing,ongoing,,"Supplement to DO-326A for operational phase. Covers cryptographic controls in service. | requires_pqc yes->guidance 2026-08-09 (R6 body_type rule, extended to technical_standard). A specification specifies; it does not oblige anyone to adopt it. The obligation to deploy PQC comes from CNSA 2.0, the OMB memoranda and the executive orders, which are their own rows. Left as 'yes' this row asserted that a standards document mandates compliance.",RTCA,FIPS 203;FIPS 204;FIPS 205,,,technical_standard,https://www.rtca.org/products/do-355a-electronic/,compliance/RTCA-DO-355A.html,rtca,yes,RTCA,url_authoritative,85,cswp39:assurance,48,active,,,,2026-08-16
FERPA,FERPA,Family Educational Rights and Privacy Act,Educational Services,61,US,no,Ongoing,ongoing,,Student record confidentiality. Long retention periods imply HNDL exposure for sensitive records.,US Dept of Education,FIPS 203;FIPS 204;FIPS 205,,,compliance_framework,https://studentprivacy.ed.gov/ferpa,compliance/FERPA.html,omb,yes,US Dept of Education,url_authoritative,85,cswp39:governance,61,active,,,,
NIS2,NIS2 Directive,EU network and information security directive for essential and important entities,Information Technology;Finance & Insurance;Healthcare & Life Sciences;Energy & Utilities;Transportation,54;52;62;22;51;48,PQC-REGION-EU,expected,October 2024 (transposition passed — enforcement underway),fixed,2024,"EU-wide cybersecurity baseline for essential and important entities; transposition due Oct 2024. NIS2 mandates 'state-of-the-art' cryptography but contains no explicit PQC mandate. The Commission's Jan 2026 proposal COM(2026) 13 would add an explicit PQC-transition policy requirement (not yet in force). Corrected 2026-07-22: an earlier deprecation-sweep pass flagged this row based on a bot-blocked fetch (HTTP 403 anti-bot page), not an actual dead resource -- NIS2 (EU Directive 2022/2555) is unambiguously still in force; reverted to active.",ENISA/EU Member States,ENISA PQC Guidelines,pqc-grc,European Union:EC,compliance_framework,https://www.enisa.europa.eu/topics/cybersecurity-policy/nis2-directive,compliance/NIS2.html,enisa,yes,ENISA/EU Member States,url_authoritative,85,cswp39:governance,54;52;62;22;51;48,active,,,,
COPPA,COPPA,US Children's Online Privacy Protection Act,Educational Services;Information Technology,61;54,US,no,Ongoing,ongoing,,Protects children under 13 online. PQC relevant for long-lived minor data and parental consent records.,FTC,FIPS 203;FIPS 204;FIPS 205,,,compliance_framework,https://www.ftc.gov/legal-library/browse/rules/childrens-online-privacy-protection-rule-coppa,compliance/COPPA.html,ftc,yes,FTC,url_authoritative,85,cswp39:governance,61;54,active,,,,
TISAX,TISAX,Trusted Information Security Assessment Exchange for automotive supply chain,Transportation,48,PQC-REGION-EU,no,Ongoing,ongoing,,VDA-managed assessment for automotive suppliers. Covers information security including cryptographic controls.,VDA/ENX,FIPS 203;FIPS 204;FIPS 205,,,compliance_framework,https://portal.enx.com/en-US/TISAX/,compliance/TISAX.pdf,iso-iec-sc27,yes,VDA/ENX,url_authoritative,85,cswp39:assurance,48,active,,,,
MICA,MiCA,EU Markets in Crypto-Assets Regulation,52,,PQC-REGION-EU,no,2024 (phased; fully effective Dec 30 2024),,,"EU regulation for crypto-asset service providers (cryptocurrencies and digital tokens). MiCA itself is not a cryptography standard, but security requirements for digital wallets and custody systems are indirectly affected by PQC migration. Stablecoin titles applied from June 30 2024; full regulation from December 30 2024.",ESMA/EBA,FIPS 203;FIPS 204;FIPS 205,,European Union:EC;European Union:ECCG,compliance_framework,https://www.esma.europa.eu/esmas-activities/digital-finance-and-innovation/markets-crypto-assets-regulation-mica,compliance/MICA.html,bis,yes,ESMA/EBA,url_authoritative,85,,52,deprecated,2026-07-16,"Own notes state ""MiCA itself is not a cryptography standard"" — PQC relevance is indirect/speculative (wallet/custody security), not a direct PQC framework.",,
TSA-PIPELINE,TSA Pipeline Security Directive,US TSA cybersecurity requirements for pipeline operators,Energy & Utilities,22,US,no,Ongoing,ongoing,,"Mandatory cybersecurity measures for critical pipeline infrastructure. Covers encryption for SCADA/OT. As of May 2025 the in-force directive is SD Pipeline-2021-02F (supersedes SD02C); see TSA SD index for the current version. | Verified 2026-08-09 by retrieving the instrument itself. requires_pqc yes->no: neither current directive (SD Pipeline-2021-01G/02G) contains any occurrence of ""quantum""; only a generic encrypt-in-transit control. The framework IS mandatory for its population, but it imposes no PQC obligation - 'mandatory framework' had been conflated with 'PQC mandate'. The genuine federal PQC obligations live in QCCPA, EO 14412 and OMB M-23-02/M-26-15, which are their own rows. Also stale: the row cited SD Pipeline-2021-02F as in force; 01G/02G (eff. 2026-01-15 / 2026-05-01) supersede it.",TSA,FIPS 203;FIPS 204;FIPS 205,,,compliance_framework,https://www.tsa.gov/sd-and-ea,compliance/TSA-PIPELINE.pdf,cisa,yes,TSA,url_authoritative,85,cswp39:governance,22,active,,,,
NIST-IR-8547,NIST IR 8547,NIST transition to post-quantum cryptography standards guidance,Government & Defense;Finance & Insurance;Information Technology;Healthcare & Life Sciences;Energy & Utilities;Transportation,92;52;54;62;22;51;48,US;CA;AU,guidance,"2030 (deprecate), 2035 (disallow)",phased,2030:deprecate;2035:disallow,"Transition guidance recommending deprecation of 112-bit classical asymmetric algorithms by 2030 and disallowance by 2035. Initial Public Draft (Nov 2024); not yet finalized as of 2026. | requires_pqc yes->guidance 2026-08-09 (R6 body_type rule, extended to technical_standard). A specification specifies; it does not oblige anyone to adopt it. The obligation to deploy PQC comes from CNSA 2.0, the OMB memoranda and the executive orders, which are their own rows. Left as 'yes' this row asserted that a standards document mandates compliance.",NIST,NIST IR 8547;NIST CSWP 39,,United States:NIST,technical_standard,https://csrc.nist.gov/pubs/ir/8547/ipd,compliance/NIST-IR-8547.pdf,nist-csrc,yes,NIST,url_authoritative,85,cswp39:governance;cswp39:lifecycle,92;52;54;62;22;51;48,active,,,,2026-07-16
ASD-ISM,ASD ISM,Australian Signals Directorate Information Security Manual,Government & Defense;Finance & Insurance;Information Technology,92;52;54,AU,yes,2030 (ISM-1917 effective — traditional crypto prohibited),fixed,2030,"ISM control ISM-1917 requiring ML-DSA-87, ML-KEM-1024, SHA-384/512, AES-256. Full PQC transition by 2030. | Verified 2026-08-09 by retrieving the instrument itself. Verdict CONFIRMED yes. ISM-1917 (Sep-25): 'The development and procurement of new cryptographic equipment, applications and libraries ensures support for ML-DSA-87, ML-KEM-1024 ... by no later than 2030', and ISM-2073: 'A post-quantum cryptography transition plan is developed, implemented and maintained.' Binding force comes from PSPF Policy 11, not the ISM itself. SCOPE CAVEATS: ISM-1917 covers NEW development and procurement, not a full estate transition as the notes implied, and ISM-2073 carries no date at all. | 2026-08-16: re-fetched the correct 'guidelines-for-cryptography' subpage (URL was already correct in the CSV; the prior cache had drifted to the parent ISM landing page and was missing ISM-1917/ISM-2073).",ASD,AU-ASD-ISM-Crypto-2024,,Australia:ASD,compliance_framework,https://www.cyber.gov.au/business-government/asds-cyber-security-frameworks/ism/cyber-security-guidelines/guidelines-for-cryptography,compliance/ASD-ISM.html,acsc,yes,ASD,url_authoritative,85,cswp39:governance;cswp39:lifecycle,92;52;54,active,,,,2026-08-16
CCCS-ITSM,CCCS ITSM.40.001,Canadian Centre for Cyber Security roadmap for PQC migration,Government & Defense;Finance & Insurance;Information Technology;Energy & Utilities,92;52;54;22,CA,expected,2025 (effective June 23 2025),fixed,2025:effective june 23 2025,"Roadmap for migration to PQC for Canadian government systems. CCCS guidance applies to all Canadian organizations including financial sector and critical infrastructure operators. | Verified 2026-08-09 by retrieving the instrument itself. requires_pqc yes->expected and URL repointed. The row cited ITSAP.00.017, an awareness fact sheet, not ITSM.40.001. The roadmap says departments 'will be required to develop a tailored departmental PQC migration plan' but defers the binding force: 'TBS will issue the necessary policy instruments to require...'. Scope is Government of Canada departments, not 'all Canadian organizations' as the notes claimed. Milestones: initial plan Apr 2026, high-priority systems end-2031, remainder end-2035.",CCCS,Canada CSE PQC Guidance,,Canada:CCCS,compliance_framework,https://www.cyber.gc.ca/en/guidance/roadmap-migration-post-quantum-cryptography-government-canada-itsm40001,compliance/CCCS-ITSM.html,cccs,yes,CCCS,url_authoritative,85,cswp39:governance;cswp39:inventory;cswp39:lifecycle,92;52;54;22,active,,,NIST;IETF;CCCS-ITSAP40018,2026-08-16
EU-REC-2024-1101,EU Recommendation 2024/1101,European Commission coordinated PQC implementation roadmap,Government & Defense;Information Technology;Finance & Insurance,92;54;52,PQC-REGION-EU,guidance,"2026 (roadmap delivery, two years from publication)",fixed,2030:critical systems,"Coordinated implementation roadmap for PQC transition across EU member states. NIS Cooperation Group Roadmap v1.1 (June 2025) provides harmonized timelines and cross-border coordination. | Verified 2026-08-09 by retrieving the instrument itself. requires_pqc yes->guidance on three independent proofs: Art 288 TFEU says 'Recommendations and opinions shall have no binding force'; the instrument's own legal basis is Art 292 (the recommendation-making power, not a legislative basis); and it contemplates future binding acts ('determine whether additional actions, including proposing binding acts of Union law, are required'). Verbs throughout are 'should', 'encourages', 'are invited'. DEADLINE CORRECTED: '2030 (critical systems)' appears nowhere in the Recommendation - its only temporal commitment is that the roadmap 'should be available after a period of two years following publication'. The 2030 figure comes from the NIS CG Roadmap, itself non-binding.",European Commission,EU PQC Recommendation;ENISA PQC Guidelines;EU-NIS-CG-Roadmap-v1.1;EC-Recommendation-2024-1101,,European Union:EC,compliance_framework,https://eur-lex.europa.eu/legal-content/EN/TXT/?uri=CELEX%3A32024H1101,compliance/EU-REC-2024-1101.html,ec,yes,European Commission,url_authoritative,85,cswp39:governance;cswp39:lifecycle,92;54;52,active,,,ENISA;NIS2,2026-08-16
BSI-TR-02102,BSI TR-02102,"German BSI technical guideline for cryptographic mechanisms, TLS, IPsec, SSH",Government & Defense;Information Technology,92;54,DE,expected,Ongoing (v2026-01 update),ongoing,,"BSI technical guideline series covering PQC recommendations including ML-KEM and ML-DSA. v2026-01 recommends hybrid PQC now; classical-only Diffie-Hellman key agreement recommended only until end of 2031. | requires_pqc yes -> expected 2026-08-09 (R6, strict reading). TR-02102 is a technical guideline; the obligation on German federal use comes from the instruments that reference it, not from the guideline itself.",BSI,BSI TR-02102-1;BSI TR-02102-2;BSI TR-02102-3;BSI TR-02102-4,,Germany:BSI,technical_standard,https://www.bsi.bund.de/EN/Themen/Unternehmen-und-Organisationen/Standards-und-Zertifizierung/Technische-Richtlinien/TR-nach-Thema-sortiert/tr02102/tr02102_node.html,compliance/BSI-TR-02102.pdf,bsi,yes,BSI,url_authoritative,85,cswp39:governance;cswp39:lifecycle,92;54,active,,,,2026-08-16
UK-NCSC,UK NCSC PQC Guidance,UK National Cyber Security Centre quantum-safe cryptography guidance,Government & Defense;Information Technology;Finance & Insurance,92;54;52,GB,guidance,2028 (Phase 1: migration plans due); 2031 (Phase 2: high-priority systems); 2035 (Phase 3: full migration),phased,2028:phase 1: migration plans due;2031:phase 2: high-priority systems;2035:phase 3: full migration,"Three-phase roadmap: Phase 1 (now-2028): identify cryptographic services and have migration plans approved — NOT a migration cutover deadline; Phase 2 (2028-2031) execute high-priority upgrades; Phase 3 (2031-2035) complete full migration to PQC across all systems. | Verified 2026-08-09 by retrieving the instrument itself. requires_pqc yes->guidance: the NCSC page carries a 'must' strapline but the body reframes it - 'offer guidance ... set some indicative timelines that UK industry, government and regulators can follow', 'all organisations should work towards these key dates'. NCSC is a technical authority with no enforcement power; 2028/2031/2035 are targets, not statutory duties.",NCSC,UK NCSC PQC Guidance;UK-NCSC-PQC-Whitepaper-2024;UK-NCSC-Migration-Timelines-2025,,United Kingdom:NCSC,compliance_framework,https://www.ncsc.gov.uk/guidance/pqc-migration-timelines,compliance/UK-NCSC.html,ncsc-uk,yes,NCSC,url_authoritative,85,cswp39:assurance;cswp39:governance;cswp39:inventory;cswp39:lifecycle;cswp39:observability,92;54;52,active,,,FIPS-203;FIPS-204;FIPS-205;NIST-SP800-208;ACVP;IETF;RFC 9794,2026-08-16
CRYPTREC,CRYPTREC,Japan Cryptography Research and Evaluation Committees PQC guidelines,Government & Defense;Information Technology,92;54,JP,guidance,Ongoing (GL-2007-2024),ongoing,,"Current PQC guideline: CRYPTREC GL-2007-2024 (FY2024 edition, supersedes GL-2004-2022 from FY2022). PDF: cryptrec.go.jp/report/cryptrec-gl-2007-2024.pdf. ML-KEM added to Recommended Ciphers List on 2026-03-30. | Verified 2026-08-09 by retrieving the instrument itself. requires_pqc yes->guidance. CRYPTREC GL-2007-2024 (31 Mar 2025) states its audience is cryptography beginners and contains no obligation language. CRYPTREC is an evaluation project convened to inform policy - enforcement_body=CRYPTREC is wrong; the binding body would be the Cybersecurity Strategic HQ, whose standard still points at a recommended-ciphers list containing RSA/ECDSA/DH/ECDH. Confirmed correct: ML-KEM-768/1024 were added to a new PQC list on 2026-03-30.",CRYPTREC,Japan CRYPTREC Report 2024,,Japan:CRYPTREC,compliance_framework,https://www.cryptrec.go.jp/report/cryptrec-gl-2007-2024.pdf,compliance/CRYPTREC.pdf,cryptrec,yes,CRYPTREC,url_authoritative,85,cswp39:governance,92;54,active,,,,2026-08-16
MAS-CIRCULAR,MAS Circular,Monetary Authority of Singapore financial services PQC advisory,Finance & Insurance,52,SG,guidance,Ongoing (February 2024),ongoing,,"MAS Circular No. MAS/TCRS/2024/01 (Feb 2024) — Advisory on Addressing the Cybersecurity Risks Associated with Quantum. Recommends inventory, vendor coordination, considering both PQC and QKD. Called an advisory by MAS; no hard migration dates set. | Verified 2026-08-09 by retrieving the instrument itself. requires_pqc yes->guidance. MAS Circular MAS/TCRS/2024/01 (20 Feb 2024) is titled an Advisory, says measures FIs 'should consider', and states it 'should be read as supplementary information to the MAS notices and guidelines'. The row's own notes already said 'Called an advisory by MAS; no hard migration dates set', contradicting requires_pqc=yes in the same row. | 2026-08-16: cached evidence was the MAS landing page (473 chars, links to the PDF) not the circular itself; replaced with the actual 135KB Circular MAS/TCRS/2024/01 PDF fetched from the same current_url.",MAS,Singapore-CSA-Quantum-Safe-Handbook,,Singapore:MAS,compliance_framework,https://www.mas.gov.sg/-/media/mas-media-library/regulation/circulars/trpd/mas-quantum-advisory/mas-quantum-advisory.pdf,compliance/MAS-CIRCULAR.pdf,csa-singapore,yes,MAS,url_authoritative,85,cswp39:assurance;cswp39:governance;cswp39:inventory;cswp39:observability,52,active,,,,2026-08-16
KPQC-STD,KpqC Standardization,Korea Post-Quantum Cryptography standardization program with national PQC transition roadmap,Government & Defense;Information Technology;Finance & Insurance,92;51;52;54,KR,guidance,No regulatory migration deadline issued,none,,"KpqC is a Korean PQC competition (winners HAETAE / AIMer / SMAUG-T / NTRU+ announced Jan 2025), not a migration mandate. MSIT 2030 target is PQC algorithm self-reliance (development capacity); MSIT 2035 target is broader quantum-industry leadership; neither sets enterprise migration deadlines. | 2026-08-16: cached page was the thin algorithm-listing exhibit page; replaced with KpqC's fuller 'About the research group' page describing the program's purpose, founding, and roadmap.",KISA/NIS/MSIT,FIPS 203;FIPS 204;FIPS 205,,South Korea:NIS/KISA;South Korea:MSIT,standardization_body,https://kpqc.or.kr/contents/01_company/sub01.html,compliance/KPQC-STD.html,kisa,yes,KISA/NIS/MSIT,url_authoritative,85,cswp39:governance;cswp39:lifecycle,92;51;52;54,active,,,,2026-08-16
KCMVP,KCMVP,Korean Cryptographic Module Validation Program for government systems,Government & Defense;Finance & Insurance;Information Technology,92;52;54,KR,no,Ongoing,ongoing,,"Mandatory module validation for Korean government. PQC algorithm integration expected after KpqC standardization completes (~2027-2028). Corrected 2026-08-22: trusted_source_id was ""nist-csrc"" — NIST's Computer Security Resource Center — for the KOREAN Cryptographic Module Validation Program. The row's own timeline_refs already read ""South Korea:NIS/KISA"". Set to kisa, which exists in trusted_sources.",NIS,FIPS 203;FIPS 204;FIPS 205,,South Korea:NIS/KISA,certification_body,https://www.nis.go.kr,,kisa,yes,NIS,url_authoritative,85,cswp39:assurance,92;52;54,active,,,,
NZISM,NZISM,New Zealand Information Security Manual with PQC preparation requirements,Public Administration;Professional & Technical Services,92;54,NZ,guidance,2026-2030 (phased transition),phased,2026:start;2030:phased transition,"NZISM v3.9 (Nov 2025) Section 2.4 on PQC preparation. 19 agencies implementing. Aligned with Five Eyes. | Verified 2026-08-09 by retrieving the instrument itself. requires_pqc yes->guidance. NZISM v3.9 s2.4 is SHOULD-only and states 'there are no post-quantum cryptographic systems approved for use in the NZISM'. The manual binds agencies via the PSR, but there is no PQC obligation to be bound by. The row's '2026-2030 phased transition' and '19 agencies implementing' have no basis in s2.4. DISCLOSURE: nzism.gcsb.govt.nz is behind Incapsula and defeated every fetch tier; these quotes are search-indexed text of the primary URL, not a retrieved document.",GCSB/NCSC,FIPS 203;FIPS 204;FIPS 205,,New Zealand:GCSB/NCSC,compliance_framework,https://nzism.gcsb.govt.nz/ism-document/pdf/Section/12224,,ncsc-uk,yes,GCSB/NCSC,url_authoritative,85,cswp39:governance,92;54,deprecated,2026-08-14,"deprecation-sweep (dead): all fetch tiers failed (last: crawl4ai, status=200, reason=)",,
INCD-PQC,INCD PQC Guidance,Israel National Cyber Directorate post-quantum readiness guidance,Government & Defense;Information Technology,92;54,IL,guidance,2025 (government assessments),fixed,2025:government assessments,"PQC readiness guide published Jan 2022. Government ministries must complete quantum threat assessment and require PQC in new contracts by end 2025. | Verified 2026-08-09 by retrieving the instrument itself. requires_pqc yes->guidance: the cited document is 'Best Practices - Organizational Cyber Readiness to the Post-Quantum Age' (INCD, January 2022). Its section 6 is 'Recommended Courses of Action' and the full 36-page text contains no 'must', 'required', 'mandatory' or 'obligation'. UNSOURCED CLAIM REMOVED FROM RELIANCE: the notes asserted ministries 'must complete quantum threat assessment ... by end 2025' - the document contains no occurrence of '2025' at all.",INCD,FIPS 203;FIPS 204;FIPS 205,,Israel:INCD;Israel:INCD/BOI,compliance_framework,https://www.gov.il/BlobFolder/generalpage/quantum_computing/he/Best%20Practices%20-%20Organizational%20Cyber%20Readiness%20to%20the%20Post-Quantum%20Age%20v.1.85.pdf,compliance/INCD-PQC.pdf,incd-israel,yes,INCD,url_authoritative,85,cswp39:governance;cswp39:inventory;cswp39:lifecycle,92;54,active,,,NIST;ENISA;UK-NCSC;CSA-QSC;ISO-IEC;GDPR;PCI-DSS,
BOI-PQC,BOI Quantum Risk Directive,Bank of Israel directive requiring financial institutions to manage quantum risk,Finance & Insurance,52,IL,yes,2025 (effective January 7),fixed,2025:effective january 7,"Directive Letter 202501EN requiring quantum risk management including HNDL exposure assessment and PQC transition planning. | Verified 2026-08-09 by retrieving the instrument itself. Verdict CONFIRMED yes. Supervisor of Banks letter, 7 Jan 2025, to banking corporations and licensed payment service providers: 'According to Proper Conduct of Banking Business Directive 364 ... you are required to act, at a minimum, as follows', with the preparedness plan due to the Banking Supervision Department within one year (i.e. Jan 2026). Scope caveat worth keeping: it mandates quantum-risk GOVERNANCE and transition PLANNING, including preparing 'for the transition ... when they become available' - not PQC deployment. | Merged 2026-08-09 with the duplicate row IL-BOI-DIRECTIVE-364-QUANTUM (now deprecated): the letter is issued under Proper Conduct of Banking Business Directive 364 ('Management of IT Risks, Information Security, and Cyber Defense'), addressed to all banking corporations and licensed payment service providers. The 2026-01-07 date is the deadline for submitting the required preparedness plan (one year from the letter), NOT a PQC deployment deadline.",Bank of Israel,FIPS 203;FIPS 204;FIPS 205,,Israel:BOI,compliance_framework,https://boi.org.il/media/sm4f1ssu/202501en.pdf,compliance/BOI-PQC.pdf,boi-israel,yes,Bank of Israel,url_authoritative,85,cswp39:assurance;cswp39:governance;cswp39:inventory;cswp39:lifecycle,52,active,,,NIST;MAS-CIRCULAR;NIST IR 8105,2026-08-09
OSCCA-NGCC,OSCCA NGCC Program,China Next-Generation Commercial Cryptographic algorithms standardization program,Government & Defense;Finance & Insurance;Information Technology,92;52;54;51,CN,no,2027-2030 (estimated),phased,2027:start;2030:estimated,No PQC-specific content found in this row's own cached evidence document; confirmed by a broad quantum/PQC keyword sweep across the full extracted text.,SCA/OSCCA,FIPS 203;FIPS 204;FIPS 205,,China:ICCS,standardization_body,https://www.niccs.org.cn/niccs/Notice/pc/content/content_1937428197396713472.html,compliance/OSCCA-NGCC.html,iccs-china,yes,SCA/OSCCA,url_authoritative,85,cswp39:governance,92;52;54;51,active,,,ISO-IEC,2026-08-16
NCSC-CH,Swiss NCSC PQC Guidance,Swiss National Cyber Security Centre post-quantum cryptography migration recommendations,Government & Defense;Finance & Insurance;Information Technology,92;52;54,CH,guidance,Ongoing (2023 guidance),ongoing,,"NCSC Switzerland published PQC migration recommendations for the federal government and critical infrastructure operators. Aligned with NIST FIPS 203/204/205 and European guidance from BSI/ANSSI. No mandatory hard deadline; migration is recommended to begin now. | Verified 2026-08-09 requires_pqc yes->guidance: the row's own notes already say 'No mandatory hard deadline; migration is recommended to begin now', which directly contradicted requires_pqc=yes in the same row. NOT fully verified - the primary document could not be retrieved and the cached evidence is a site homepage, so this rests on the row's own record rather than the source. | 2026-08-16: current_url was a bare homepage cached as 'BACS Startseite'; replaced with the Swiss NCSC/BACS 'Action required in relation to post-quantum cryptography (PQC)' assessment PDF, the actual migration-recommendations document.",Swiss NCSC,FIPS 203;FIPS 204;FIPS 205,,Switzerland:NCSC,compliance_framework,https://www.ncsc.admin.ch/dam/ncsc/en/dokumente/dokumentation/technologiebetrachtungen/einschaetzung_bacs_pqc-en.pdf.download.pdf/einschaetzung_bacs_pqc-en.pdf,compliance/NCSC-CH.pdf,ncsc-ch,yes,Swiss NCSC,url_authoritative,85,cswp39:governance;cswp39:lifecycle,92;52;54,active,,,,2026-08-16
NCSC-NL,NCSC-NL PQC Guidance,Dutch National Cyber Security Centre post-quantum cryptography migration guide,Government & Defense;Information Technology,92;54,NL,guidance,Ongoing (2023 guide),ongoing,,"NCSC-NL published a comprehensive PQC factsheet and migration guide for Dutch government and organisations. Covers algorithm selection aligned with NIST PQC standards and transition planning. Guidance rather than mandatory regulation. | Verified 2026-08-09 requires_pqc yes->guidance: the row's own notes already say, verbatim, 'Guidance rather than mandatory regulation', which directly contradicted requires_pqc=yes in the same row. NOT fully verified - the primary document could not be retrieved and the cached evidence is a site homepage, so this rests on the row's own record rather than the source. | 2026-08-16: current_url was a bare homepage cached as 'Home (EN) | NCSC-NL'; replaced with the actual NCSC-NL/AIVD PQC migration guide PDF 'Kicking off your quantum migration program'.",NCSC-NL,FIPS 203;FIPS 204;FIPS 205,,Netherlands:AIVD,compliance_framework,https://www.ncsc.nl/api/media/sites/default/files/Make_your_organization_quantum_secure.pdf,compliance/NCSC-NL.pdf,ncsc-nl,yes,NCSC-NL,url_authoritative,85,cswp39:governance;cswp39:lifecycle;cswp39:observability,92;54,active,,,,2026-08-16
EUCC,EUCC,EU Cybersecurity Certification Scheme for ICT products based on Common Criteria,Government & Defense;Information Technology,92;54,PQC-REGION-EU,no,Ongoing (applicable from February 27 2025),ongoing,,No PQC-specific content found in this row's own cached evidence document; confirmed by a broad quantum/PQC keyword sweep across the full extracted text.,ECCG/ENISA,EUCC v2.0 ACM;ECCG-ACM-v2,,European Union:ECCG,certification_body,https://eur-lex.europa.eu/eli/reg_impl/2025/2462/oj/eng,compliance/EUCC.pdf,enisa,yes,ECCG/ENISA,url_authoritative,85,cswp39:assurance,92;54,active,,,Common Criteria,
ANSSI-BODY,ANSSI,Agence nationale de la sécurité des systèmes d'information — France's national cybersecurity authority,Government & Defense;Information Technology,92;54,FR,expected,PQC required for certification (qualification) from 2027,fixed,2027:PQC obligation for qualification entry,"ANSSI's own PQC hub page (fetched 2026-07-31): ""L'Agence vise la mise en place d'obligations PQC pour entrer en qualification, a partir de 2027"" -- a real, dated, named future obligation, but scoped ONLY to qualification/certification eligibility, not a blanket mandate across all French organizations. The same page states explicitly that beyond classified defense data, vital information systems, and product certification, ""il n'est pas prevu a l'heure actuelle de reglementation dediee"" (no dedicated regulation is currently planned). requires_pqc=expected captures this: ANSSI's baseline posture is recommendation (see body_type=standardization_body), with one specific, dated, narrower instrument moving toward a real requirement.",ANSSI,ANSSI PQC Position Paper;ANSSI PQC Follow-up Paper;ANSSI-PG-083-v3-2026,,France:ANSSI,standardization_body,https://cyber.gouv.fr/enjeux-technologiques/cryptographie-post-quantique/,compliance/ANSSI-BODY.pdf,anssi,yes,ANSSI,url_authoritative,85,cswp39:assurance;cswp39:governance;cswp39:inventory,92;54,active,,,NIST;EC-Recommendation-2024-1101;TNO-PQC-Migration-WP-2025,
CRYPTREC-BODY,CRYPTREC,Cryptography Research and Evaluation Committees — Japan's government body evaluating cryptographic techniques for public and government use,Government & Defense;Information Technology,92;54,JP,guidance,Ongoing,ongoing,,"CRYPTREC's own list document (library, reused): titled ""電子政府推奨暗号リスト"" -- literally ""e-Government RECOMMENDED Cipher List."" ML-KEM was added to this recommended list 2026-03-30.",CRYPTREC,Japan CRYPTREC Report 2024,,Japan:CRYPTREC,standardization_body,https://www.cryptrec.go.jp/about.html,compliance/CRYPTREC-BODY.html,cryptrec,yes,CRYPTREC,url_authoritative,85,cswp39:assurance;cswp39:governance,92;54,active,,,FIPS-203,2026-08-16
KISA-BODY,KISA / NIS,Korea Internet & Security Agency and National Intelligence Service — South Korea's cybersecurity and cryptography standardization authorities,Government & Defense;Information Technology,92;54;51,KR,no,Ongoing,ongoing,,"No PQC-specific content found in this row's own cached evidence document; confirmed by a broad quantum/PQC keyword sweep across the full extracted text. | 2026-08-16: cached evidence was the thin KISA homepage; replaced with KISA's fuller Organization page, which documents its Post-Quantum Cryptography Technology Team.",KISA/NIS,FIPS 203;FIPS 204;FIPS 205,,South Korea:NIS/KISA,standardization_body,https://www.kisa.or.kr/EN/402,compliance/KISA-BODY.html,kisa,yes,KISA/NIS,url_authoritative,85,cswp39:governance,92;54;51,active,,,,2026-08-16
OSCCA-BODY,OSCCA / SCA,Office of State Commercial Cryptography Administration (国家密码管理局) — China's regulatory authority for commercial cryptography,Government & Defense;Finance & Insurance;Information Technology,92;52;54,CN,no,Ongoing,ongoing,,No PQC-specific content found in this row's own cached evidence document; confirmed by a broad quantum/PQC keyword sweep across the full extracted text.,SCA/OSCCA,FIPS 203;FIPS 204;FIPS 205,,China:ICCS,standardization_body,https://www.sca.gov.cn/sca/jggk/index.shtml,compliance/OSCCA-BODY.html,iccs-china,yes,SCA/OSCCA,url_authoritative,85,cswp39:governance,92;52;54,active,,,,2026-08-16
ETSI,ETSI,European Telecommunications Standards Institute — global standards body for telecoms PQC including quantum-safe algorithm suites for 5G/6G,Information Technology;Government & Defense,51;54;92,PQC-REGION-GLOBAL,guidance,Ongoing,ongoing,,"ETSI TS 103 744 (already cached for library, reused): no ""mandatory"" or ""shall implement"" found anywhere in the 148K-character document; ML-KEM appears only inside OPTIONAL cipher-suite tables. Real, substantive quantum-safe work, voluntary specification -- same shape as IETF/ISO.",ETSI,ETSI TR 103 619;ETSI TS 103 744,,International:ETSI/IQC,standardization_body,https://www.etsi.org/technologies/quantum-safe-cryptography,compliance/ETSI.html,etsi-cyber,yes,ETSI,url_authoritative,85,cswp39:governance,51;54;92,active,,,,
BSI,BSI,German Federal Office for Information Security — Europe's most detailed national PQC technical guidance authority,Government & Defense;Information Technology,92;54,DE,guidance,Ongoing,ongoing,,"BSI TR-02102-1 (already cached for library row BSI-TR-02102-1, reused rather than re-fetched): ""Recommendation of FrodoKEM and Classic McEliece with appropriate security parameters for PQC applications in conjunction with a previously recommended asymmetric mechanism."" Named algorithms, explicit recommendation language, no blanket requirement -- matches CRYPTREC's shape more than a mandate.",BSI,BSI TR-02102-1,,Germany:BSI,standardization_body,https://www.bsi.bund.de/SharedDocs/Downloads/EN/BSI/Publications/TechGuidelines/TG02102/BSI-TR-02102-1.html,compliance/BSI.pdf,bsi,yes,BSI,url_authoritative,85,cswp39:assurance;cswp39:governance,92;54,active,,,,
NSA,NSA,US National Security Agency — mandates PQC for all national security systems via CNSA 2.0 with the most aggressive government timeline,Government & Defense,92,US,guidance,Ongoing,ongoing,,"This row's own cached page is NSA commentary (""NSA shares our view on the remaining algorithms""), distinct from the real, dated CNSA 2.0 mandate (Jan 2027 for new National Security Systems), which is already its own separate compliance row (CNSA-2) and correctly untouched by this pass.",NSA,NSA CNSA 2.0;NSA CNSA 2.0 FAQ;NSA CSfC PQC Guidance Addendum,,United States:NSA,standardization_body,https://media.defense.gov/2025/May/30/2003728741/-1/-1/0/CSA_CNSA_2.0_ALGORITHMS.PDF,compliance/NSA.pdf,nsa-advisory,yes,NSA,url_authoritative,85,cswp39:governance,92,active,,,CNSA-2.0,2026-08-16
CMMC,CMMC,Cybersecurity Maturity Model Certification — US DoD supply chain cybersecurity certification requirement,Government & Defense;Information Technology,92;54,US,no,No explicit PQC timeline yet,none,,"CMMC 2.0 (effective since Dec 2024) requires cybersecurity practices for DoD contractors. Cryptographic controls align with NIST SP 800-171 and FIPS 140-3. PQC requirements expected as NIST SP 800-171 is updated to align with NIST IR 8547 transition guidance. | 2026-08-16: cached landing page was thin (1,330 chars); replaced with the fuller 'About CMMC' subpage covering the Tiered Model / Assessment / FCI-CUI framework plus the same current Phase-II-suspension news.",DoD/OUSD(A&S),NIST IR 8547;NIST CSWP 39,,United States:DoD,compliance_framework,https://dodcio.defense.gov/CMMC/About/,compliance/CMMC.pdf,dod-cio,yes,DoD/OUSD(A&S),url_authoritative,85,cswp39:assurance;cswp39:governance;cswp39:inventory,92;54,active,,,,2026-08-16
FISMA,FISMA,Federal Information Security Modernization Act — mandates information security programs for all US federal agencies,Government & Defense,92,US,no,2030 (aligned with NIST IR 8547),fixed,2030:aligned with nist ir 8547,"FISMA requires federal agencies to follow NIST security standards including cryptographic controls. As NIST SP 800-53 and NIST IR 8547 transition guidance are updated, FISMA compliance will require PQC migration by 2030. OMB Memorandum M-23-02 already references quantum risk. FedRAMP (cloud) and DISA STIGs (DoD) both derive from FISMA. | Verified 2026-08-09 by retrieving the instrument itself. requires_pqc yes->no: Pub. L. 113-283 contains ZERO occurrences of ""quantum"", ""cryptograph*"" or ""encrypt*"". The framework IS mandatory for its population, but it imposes no PQC obligation - 'mandatory framework' had been conflated with 'PQC mandate'. The genuine federal PQC obligations live in QCCPA, EO 14412 and OMB M-23-02/M-26-15, which are their own rows.",OMB/CISA,NIST IR 8547;CISA-PQC-CATEGORY-LIST-2026;NIST CSWP 39,,United States:NIST,compliance_framework,https://www.cisa.gov/topics/cyber-threats-and-advisories/federal-information-security-modernization-act,compliance/FISMA.pdf,cisa,yes,OMB/CISA,url_authoritative,85,cswp39:governance,92,active,,,,2026-08-16
EU-CRA,EU Cyber Resilience Act,EU regulation establishing cybersecurity requirements for connected products throughout their lifecycle,Information Technology;Energy & Utilities;Transportation;Healthcare & Life Sciences,54;22;48;51;62,PQC-REGION-EU,expected,2027 (enforcement begins),fixed,2027:enforcement begins,"CRA (Regulation 2024/2847) text mandates 'state of the art' encryption; does not name PQC explicitly. PQC enters via ETSI/ENISA harmonized standards under CRA, expected to specify PQC once finalized (est. 2026-2027). CRA entered force 10 Dec 2024; reporting obligations apply 11 Sep 2026; full obligations apply 11 Dec 2027.",European Commission/ENISA,ENISA PQC Guidelines,,European Union:EC,compliance_framework,https://digital-strategy.ec.europa.eu/en/policies/cyber-resilience-act,compliance/EU-CRA.html,enisa,yes,European Commission/ENISA,url_authoritative,85,cswp39:governance;cswp39:lifecycle,54;22;48;51;62,active,,,,
INDIA-DST-PQC,India DST/NQM PQC Roadmap,India National Quantum Mission post-quantum cryptography migration roadmap for all sectors,Government & Defense;Finance & Insurance;Information Technology;Energy & Utilities,92;52;51;22;54,IN,guidance,2027 (CII foundations); 2033 (full nationwide),phased,2027:cii foundations;2033:full nationwide,"India DST/NQM published comprehensive national PQC roadmap (Feb 2026) with mandatory CBOM submissions starting FY 2027-28. Critical Information Infrastructure migration by 2029. Full nationwide PQC adoption by 2033. Hybrid PQC plus QKD recommended for high-assurance applications. | Verified 2026-08-09 by retrieving the instrument itself. requires_pqc yes->guidance. The DST/NQM Task Force report (4 Feb 2026) states in its own words: 'It does not constitute a legal or regulatory mandate. Adoption, timelines, and enforcement shall be determined by the respective sectoral regulators', and 'while the framework itself is not a regulatory mandate...'. Its milestones are recommendations. The row's specific figures DO check out verbatim (CBOM submissions from FY 2027-28; CII full adoption by 2029, enterprises by 2033) - only the mandate framing is wrong. enforcement_body DST/NQM is the publisher, not an enforcer. | 2026-08-16: cached evidence was the DST homepage, not the report; replaced with the actual 1.98MB DST/NQM Task Force Report PDF fetched from the current_url.",DST/NQM,FIPS 203;FIPS 204;FIPS 205,,India:DST/NQM,compliance_framework,https://dst.gov.in/sites/default/files/Report_TaskForce_PQMigration_4Feb26%20(v1).pdf,compliance/INDIA-DST-PQC.pdf,cisa,yes,DST/NQM,url_authoritative,85,cswp39:governance;cswp39:inventory;cswp39:lifecycle,92;52;51;22;54,active,,,,2026-08-16
HKMA-PQC,HKMA Fintech 2030 Quantum Preparedness,Hong Kong Monetary Authority quantum preparedness framework for financial institutions,Finance & Insurance,52,HK,guidance,2027 (readiness assessment); 2030 (full migration),phased,2027:readiness assessment;2030:full migration,"HKMA Fintech 2030 Quantum Preparedness Index requires all regulated banks to complete formal quantum preparedness assessment by 2027 covering cryptographic inventory, CBOM, and migration roadmap. Full PQC migration target by 2030 aligned with BIS and MAS timelines. Critical Infrastructure Cybersecurity Ordinance effective Jan 2026 covers 8 sectors. | Verified 2026-08-09 by retrieving the instrument itself. requires_pqc yes->guidance. The HKMA published a whitepaper, a Quantum Preparedness Index (initial sector score 2.3/10), a workshop series and a toolkit - support measures, not supervisory requirements ('banks should also continuously enhance...'; the HKMA 'will continue to support ... with the aim of achieving full sectoral readiness ... by 2030'). FABRICATED: the row's central claim that the HKMA 'requires all regulated banks to complete formal quantum preparedness assessment by 2027 covering cryptographic inventory, CBOM, and migration roadmap' appears nowhere - there is no 2027 date, no mandatory assessment and no CBOM requirement, and 2030 is an HKMA aspiration for its own index score, not a bank deadline. | 2026-08-16: cached evidence was the HKMA homepage, not the press release; replaced with the actual 27-Jul-2026 press release fetched from the current_url.",HKMA,BIS-Paper-158,,Hong Kong:HKMA,compliance_framework,https://www.hkma.gov.hk/eng/news-and-media/press-releases/2026/07/20260727-3/,compliance/HKMA-PQC.pdf,hkma,yes,HKMA,url_authoritative,85,cswp39:governance;cswp39:inventory;cswp39:lifecycle,52,active,,,,2026-08-16
UAE-CSC-PQC,UAE National Encryption Policy,UAE Cybersecurity Council national encryption policy mandating PQC transition,Public Administration;Finance & Insurance;Professional & Technical Services,92;52;54,AE,guidance,2026 (migration roadmaps); 2030 (full migration),phased,2026:migration roadmaps;2030:full migration,"UAE Cybersecurity Council approved National Encryption Policy (Nov 2025) mandating all government entities develop PQC transition plans. Migration roadmaps due 2026. QuantumGate program drives large-scale PQC implementation 2026-2030. DESC launched PQC Guideline at GISEC Global 2025. | evidence repointed 2026-08-09: was the csc.gov.ae homepage (no policy text, and the host is unreachable outside the UAE). This u.ae page is the official UAE government platform's National Encryption Policy entry and states the policy 'defines requirements for key management, post-quantum cryptography, implementation, and ongoing performance monitoring' — i.e. it evidences the requires_pqc=yes claim the homepage never did. | Verified 2026-08-09 by retrieving the instrument itself. requires_pqc yes->guidance: the reachable u.ae page says the policy 'mandates encryption controls' and 'defines requirements for ... post-quantum cryptography', but it is a SUMMARY page, not the instrument - it names no obliged population in regulatory terms, no legal basis and no dates. The policy PDF is hosted on csc.gov.ae, unreachable from here. The row's phased deadlines (2026 roadmaps / 2030 full migration) appear nowhere on the retrieved page.",UAE CSC/DESC,FIPS 203;FIPS 204;FIPS 205,,United Arab Emirates:UAE CSC,compliance_framework,https://u.ae/en/about-the-uae/strategies-initiatives-and-awards/policies/cyber-activities/National-Encryption-Policy,,uae-csc,yes,UAE CSC/DESC,url_authoritative,85,cswp39:governance;cswp39:lifecycle,92;52;54,deprecated,2026-08-14,"deprecation-sweep (dead): all fetch tiers failed (last: crawl4ai, status=err, reason=Unexpected error in _crawl_web at line 778 in _crawl_web (../../.venv-enrich/lib/python3.1)",,
CISA-PQC-PROCUREMENT,CISA PQC Federal Buying Guidance,CISA product category list and federal procurement guidance for PQC per EO 14306,Government & Defense;Information Technology,92;54,US,guidance,,none,,"CISA published PQC product category list per Executive Order 14412 identifying cloud services, web software, networking hardware, and endpoint security as PQC-ready categories. Federal agencies directed to acquire only PQC-capable products. Developed with NSA and ATARC. [Corrected 2026-07-17: notes previously said 'Executive Order 14306' -- verified via whitehouse.gov that 'Securing the Nation Against Advanced Cryptographic Attacks' (2026-06-22) is EO 14412, not 14306 or 14409 (the latter is library.csv's own already-deprecated wrong id for this same document).] | Verified 2026-08-09 by retrieving the instrument itself. requires_pqc yes->guidance: the CISA product-category list says organizations 'should acquire only PQC-capable products', and CISA has no procurement authority; OMB M-26-15 only says agencies 'should reference' it. The binding lever is EO 14412 Sec. 6(c), a FAR rulemaking not yet in force. ATTRIBUTION CORRECTED: the row credited EO 14412, but the CISA document itself opens 'In response to the June 6, 2025, Executive Order (EO) 14306' and quotes 14306's tasking verbatim - the row's own 2026-07-17 'correction' moved this the wrong way and is reverted here.",CISA/NSA,CISA-PQC-CATEGORY-LIST-2026;EO-14306;NIST CSWP 39,,United States:CISA,compliance_framework,https://www.cisa.gov/quantum,compliance/CISA-PQC-PROCUREMENT.pdf,nsa-advisory,yes,CISA/NSA,url_authoritative,85,cswp39:governance;cswp39:inventory;cswp39:lifecycle,92;54,active,,,EO-14412;CISA-PQC-CATEGORY-LIST-2026,
G7-CEG-PQC,G7 Financial Sector PQC Roadmap,G7 Cyber Expert Group coordinated PQC transition roadmap for the financial sector,Finance & Insurance;Government & Defense,52;92,PQC-REGION-GLOBAL,guidance,2030-2032 (critical systems); 2035 (non-critical),phased,2030:start;2032:critical systems;2035:non-critical,"G7 Cyber Expert Group (chaired by US Treasury and Bank of England) published coordinated PQC transition framework for global financial sector (Jan 2026). Covers inventory, risk prioritization, algorithm selection, testing, and interoperability for G7 financial institutions. | Verified 2026-08-09 by retrieving the instrument itself. requires_pqc yes->guidance and URL repointed. The row described the January 2026 roadmap but cited the September 2024 predecessor statement. The 2026 document disclaims regulatory status in its own second paragraph: 'This statement does not set guidance or regulatory expectations'; the roadmap is 'not intended to be prescriptive' and its time range is 'non-authoritative'. The G7 CEG advises Finance Ministers and has no authority over firms.",G7 CEG/US Treasury,G7-Financial-PQC-Roadmap-2026;BIS-Paper-158,,G7:G7 CEG,compliance_framework,https://home.treasury.gov/system/files/136/G7-CEG-Quantum-Roadmap.pdf,compliance/G7-CEG-PQC.pdf,g7-ceg,yes,G7 CEG/US Treasury,url_authoritative,85,cswp39:assurance;cswp39:governance;cswp39:inventory;cswp39:lifecycle,52;92,active,,,FIPS-203;FIPS-204;FIPS-205;ISO-IEC-23837-1;ENISA;ISO-IEC;NIST;UK-NCSC,
PKCS11-V32,PKCS#11 v3.2 (PQC HSM Interface),"OASIS PKCS#11 v3.2 standard adding ML-KEM, ML-DSA, and SLH-DSA mechanisms for hardware security modules",Government & Defense;Finance & Insurance;Information Technology,92;52;54,PQC-REGION-GLOBAL,guidance,Ongoing (Committee Specification Draft April 2025),ongoing,,"PKCS#11 v3.2 adds PQC mechanisms: ML-KEM (CKM_ML_KEM), ML-DSA (CKM_ML_DSA), SLH-DSA (CKM_SLH_DSA). Introduces C_EncapsulateKey()/C_DecapsulateKey() for KEM operations. New key types and parameter set attributes. Critical for all HSM vendors implementing PQC. | requires_pqc yes->guidance 2026-08-09 (R6 body_type rule, extended to technical_standard). A specification specifies; it does not oblige anyone to adopt it. The obligation to deploy PQC comes from CNSA 2.0, the OMB memoranda and the executive orders, which are their own rows. Left as 'yes' this row asserted that a standards document mandates compliance.",OASIS PKCS11 TC,PKCS11-V32-OS-OASIS,,Global:OASIS,technical_standard,https://docs.oasis-open.org/pkcs11/pkcs11-spec/v3.2/os/pkcs11-spec-v3.2-os.html,compliance/PKCS11-V32.html,oasis,yes,OASIS PKCS11 TC,url_authoritative,85,cswp39:assurance,92;52;54,active,,,FIPS-203;FIPS-204;FIPS-205,
CAB-FORUM-SMC013,CA/Browser Forum Ballot SMC013,CA/Browser Forum ballot enabling ML-DSA PQC signatures in S/MIME certificates,Information Technology;Finance & Insurance,54;52,PQC-REGION-GLOBAL,expected,Adopted (August 2025),fixed,2025,"Enables ML-DSA post-quantum digital signatures in S/MIME certificates. IPR exclusion period completed with no notices. First Web PKI governance body PQC adoption, signaling CAs can issue PQC S/MIME certificates. | requires_pqc yes -> expected 2026-08-09 (R6, strict reading). The CA/Browser Forum is not a regulator: its ballots bind CAs only indirectly, through the browser root programmes that choose to enforce them. Genuinely binding in practice on the CAs it reaches, but not an obligation the Forum can impose.",CA/Browser Forum,CA-B-Forum-Ballot-SMC013,,Global:CA/Browser Forum,technical_standard,https://cabforum.org/2025/07/02/ballot-smc-013/,compliance/CAB-FORUM-SMC013.html,pki-consortium,yes,CA/Browser Forum,url_authoritative,85,cswp39:governance;cswp39:lifecycle,54;52,active,,,,2026-08-09
ACVP,NIST ACVP (Algorithm Validation),NIST Automated Cryptographic Validation Protocol for PQC algorithm testing,Information Technology;Government & Defense,54;92,US;PQC-REGION-GLOBAL,expected,Ongoing (ML-KEM/ML-DSA validation active),ongoing,,"Revised from 'no': ACVP already has real, actively-maintained test vectors for ML-KEM and ML-DSA (FIPS 203/204 finalized Aug 2024; ACVP spec draft April 2026) -- the same expected/not-yet-required posture as FIPS-140-3, which ACVP validation is a direct precondition for.",NIST,FIPS 203;FIPS 204;FIPS 205;FIPS 206;NIST SP 800-227;NIST-ACVP,,United States:NIST,certification_body,https://csrc.nist.gov/projects/cryptographic-algorithm-validation-program,compliance/ACVP.html,nist-csrc,yes,NIST,url_authoritative,85,cswp39:assurance;cswp39:inventory,54;92,active,,,NIST-SP-800-140C; NIST-SP-800-140D; FIPS-140-3-STANDARD,
TAIWAN-MODA-PQC,Taiwan PQC Migration Guidelines,"Taiwan Ministry of Digital Affairs (MODA) Post-Quantum Cryptography Migration Guidelines, jointly released with the PQC Cybersecurity Industry Alliance (16 Apr 2025)",Government & Defense;Information Technology,92;54,TW,guidance,2027 (interim milestone); 2029 (completion),phased,2027:interim milestone;2029:completion,"Taiwan MODA launched five-year PQC implementation plan (2024-2029) targeting quantum-safe government digital infrastructure. Interim quantum-safe milestone at 2027. | Verified 2026-08-09 by retrieving the instrument itself. requires_pqc yes->guidance. FABRICATED INSTRUMENT: no MODA five-year PQC implementation plan 2024-2029 exists on moda.gov.tw or the ACS pages; the claim traces to a vendor keynote soundbite (Chelpis founder, MITRE PQC Forum, reported 2025-10-30). What does exist is a voluntary industry guideline - MODA's Administration for Digital Industries 'PQC Migration Guidelines' (16 Apr 2025), aimed at helping Taiwan's INDUSTRY reach 'PQC Ready', with no deadline. MODA's real five-year programme is chip R&D running Jan 2024 - Dec 2028. | 2026-08-16: cached evidence was the MODA homepage, not the article; replaced with the actual news article fetched from the current_url, confirming it covers MODA's real 'PQC Migration Guidelines' (16 Apr 2025).",MODA,FIPS 203;FIPS 204;FIPS 205,,Taiwan:MODA,compliance_framework,https://moda.gov.tw/ADI/news/latest-news/16090,compliance/TAIWAN-MODA-PQC.pdf,dod-cio,yes,MODA,url_authoritative,85,cswp39:governance,92;54,active,,,,2026-08-16
MALAYSIA-NACSA-PQC,Malaysia National PQC Migration,Malaysia NACSA national PQC migration roadmap — first ASEAN nation with comprehensive plan,Government & Defense;Information Technology,92;54,MY,yes,2025-2030 (phased),phased,2025:start;2030:phased,"First ASEAN nation to publish comprehensive national PQC migration roadmap (Oct 2025). Includes PQC Sandbox program for proof-of-concept testing. Phased approach aligned with NIST standards. | Verified 2026-08-09 by retrieving the instrument itself. Verdict CONFIRMED yes, but via an instrument the row never cited. Arahan Ketua Eksekutif No. 9, made under section 13 of the Cyber Security Act 2024 [Akta 854], in force 22 September 2025: NCII entities 'hendaklah' (shall) provide PQC migration data and information, submitted to the Chief Executive of NACSA within three months of notice. URL repointed from the homepage to the directive. SCOPE: the obligation is inventory + SBOM/CBOM + migration-plan REPORTING, not PQC deployment by a date; the '2025-2030 phased' figure came from a keynote deck, not the directive.",NACSA,FIPS 203;FIPS 204;FIPS 205;Malaysia-NACSA-PQC-2025,,Malaysia:NACSA,compliance_framework,https://www.nacsa.gov.my/doc/Arahan%20KE%20NACSA%20No.%209.pdf,compliance/MALAYSIA-NACSA-PQC.pdf,nacsa-malaysia,yes,NACSA,url_authoritative,85,cswp39:assurance;cswp39:governance;cswp39:lifecycle,92;54,active,,,,
SAUDI-NCA-PQC,Saudi NCA Cybersecurity Controls,Saudi Arabia National Cybersecurity Authority essential cybersecurity controls with expanded cryptography domain,Government & Defense;Finance & Insurance;Energy & Utilities,92;52;22,SA,no,Ongoing (ECC-2:2024),ongoing,,"NCA released Essential Cybersecurity Controls 2024 (ECC-2:2024) with expanded cryptography domain covering encryption strength, key management, secure protocols, and lifecycle governance. National quantum strategy with M budget aligned with Vision 2030.",NCA,FIPS 203;FIPS 204;FIPS 205,,Saudi Arabia:NCA,compliance_framework,https://nca.gov.sa/en/,compliance/SAUDI-NCA-PQC.pdf,saudi-nca,yes,NCA,url_authoritative,85,cswp39:assurance;cswp39:governance;cswp39:lifecycle,92;52;22,active,,,,
BIS-158-PQC,BIS Paper 158 Quantum Roadmap,Bank for International Settlements quantum-readiness roadmap for global financial systems,Finance & Insurance,52,PQC-REGION-GLOBAL,guidance,No deadline set by source,none,,"BIS Papers No 158 (Jul 2025) is a research paper by BIS staff, explicitly not a supervisory directive (cover: 'views of the authors, not the BIS or member central banks'). The 'early 2030s' framing previously here was inferred from the paper's single citation of NIST IR 8547 (RSA deprecation 2030 / disallowed 2035), not from BIS-158's own roadmap, which has no dates attached. | 2026-08-16: Cached file was the abstract landing page, not the 31-page paper; replaced with the actual PDF (bispap158.pdf).",BIS,BIS-Paper-158,,International:BIS,compliance_framework,https://www.bis.org/publ/bppdf/bispap158.pdf,compliance/BIS-158-PQC.pdf,bis,yes,BIS,url_authoritative,85,cswp39:assurance;cswp39:governance;cswp39:inventory;cswp39:lifecycle,52,active,,,,2026-08-16
3GPP-PQC,3GPP PQC for 5G/6G,3GPP SA3 study on integrating PQC into 5G security protocols,Information Technology,51,PQC-REGION-GLOBAL,guidance,Ongoing (study item approved May 2025),ongoing,,"3GPP SA3 study (TR 33.841) on integrating standalone or hybrid PQC algorithms into existing 5G security protocols including TLS, IPSec, and IKEv2. Complements GSMA NG.116 and ETSI QSC work. | requires_pqc yes->guidance 2026-08-09 (R6 body_type rule, extended to technical_standard). A specification specifies; it does not oblige anyone to adopt it. The obligation to deploy PQC comes from CNSA 2.0, the OMB memoranda and the executive orders, which are their own rows. Left as 'yes' this row asserted that a standards document mandates compliance.",3GPP SA3,3GPP-PQC-Study-2025,,Global:3GPP SA3,technical_standard,https://www.3gpp.org/,compliance/3GPP-PQC.html,etsi-cyber,yes,3GPP SA3,url_authoritative,85,cswp39:governance,51,active,,,,
TCG-TPM-PQC,TCG TPM 2.0 PQC Spec,Trusted Computing Group TPM 2.0 library specification update incorporating PQC algorithms,Professional & Technical Services;Public Administration,54;92,PQC-REGION-GLOBAL,guidance,Published v1.85 (Jan 2026),fixed,2026,"TPM 2.0 Library specification updates incorporating FIPS 203/204 PQC algorithms with hybrid classical+PQ support. Aligns with TPM 2.0 v1.85 standard. Affects every PC, server, and embedded device using hardware root of trust. | evidence repointed 2026-08-09: was the trustedcomputinggroup.org homepage ('Welcome To Trusted Computing Group'). This is the TPM 2.0 Library specification page; Part 0 of v185 (published 2026-03-12) states verbatim 'Introduced support for ML-DSA, HashML-DSA, and ML-KEM'. | requires_pqc yes->guidance 2026-08-09 (R6 body_type rule, extended to technical_standard). A specification specifies; it does not oblige anyone to adopt it. The obligation to deploy PQC comes from CNSA 2.0, the OMB memoranda and the executive orders, which are their own rows. Left as 'yes' this row asserted that a standards document mandates compliance.",TCG,TCG-TPM-V185-Part1,,Global:TCG,technical_standard,https://trustedcomputinggroup.org/resource/tpm-library-specification/,,tcg,yes,TCG,url_authoritative,85,cswp39:governance,54;92,deprecated,2026-08-14,"deprecation-sweep (wrong-page): resolved title 'Welcome To Trusted Computing Group | Trusted Computing Group' looks like a generic/error landing page, independent of the catalog's org-name label 'TCG TPM 2.0 PQC Spec'",,
NIST-NCCOE-PQC,NIST NCCoE SP 1800-38 Migration Guide,NIST NCCoE practical enterprise PQC migration guide with reference architectures,Government & Defense;Information Technology;Finance & Insurance,92;54;52,US,guidance,Ongoing (SP 1800-38 Vols A-D; Vol D final),ongoing,,"NCCoE Migration to PQC project — current project landing page. Associated formal publication series: NIST SP 1800-38 (Practice Guides; volumes 38A/38B/38C in preliminary draft). Static documentation: pages.nist.gov/nccoe-migration-post-quantum-cryptography. The previous Initial Preliminary Draft URL (csrc.nist.gov/pubs/sp/1800/38/iprd) was marked Obsoleted on Dec 19 2023. | requires_pqc yes->guidance 2026-08-09 (R6 body_type rule, extended to technical_standard). A specification specifies; it does not oblige anyone to adopt it. The obligation to deploy PQC comes from CNSA 2.0, the OMB memoranda and the executive orders, which are their own rows. Left as 'yes' this row asserted that a standards document mandates compliance.",NIST NCCoE,NIST NCCoE SP 1800-38C;NIST CSWP 48;NIST CSWP 39,,United States:NIST NCCoE,technical_standard,https://www.nccoe.nist.gov/applied-cryptography/migration-to-pqc,compliance/NIST-NCCOE-PQC.pdf,nist-csrc,yes,NIST NCCoE,url_authoritative,85,cswp39:assurance;cswp39:governance;cswp39:inventory;cswp39:lifecycle,92;54;52,active,,,NIST CSWP 39;NIST CSWP 48;NIST NCCoE SP 1800-38A;NIST NCCoE SP 1800-38B;NIST NCCoE SP 1800-38C,
NIST-SP800-131A,NIST SP 800-131A Rev 3,NIST algorithm deprecation roadmap — SHA-1 and weak RSA/ECC disallowed after 2030,Government & Defense;Information Technology;Finance & Insurance,92;54;52,US;PQC-REGION-GLOBAL,guidance,2030 (SHA-1/weak RSA/ECC disallowed),fixed,2030:sha-1/weak rsa/ecc disallowed,"Federal algorithm retirement calendar. SHA-1 and RSA/ECC below 128-bit security disallowed after 2030. Establishes FIPS 203/204/205 as post-2030 replacements. Distinct from IR 8547 in covering all algorithm deprecation not just PQC transition. Rev 3 is an Initial Public Draft (Oct 2024); Rev 2 remains in force as of 2026. | requires_pqc yes->guidance 2026-08-09 (R6 body_type rule, extended to technical_standard). A specification specifies; it does not oblige anyone to adopt it. The obligation to deploy PQC comes from CNSA 2.0, the OMB memoranda and the executive orders, which are their own rows. Left as 'yes' this row asserted that a standards document mandates compliance.",NIST,NIST-SP-800-131A-Rev3,,United States:NIST,technical_standard,https://csrc.nist.gov/pubs/sp/800/131/a/r3/ipd,compliance/NIST-SP800-131A.pdf,nist-csrc,yes,NIST,url_authoritative,85,cswp39:governance;cswp39:lifecycle,92;54;52,active,,,,
INDIA-CERTIN-CBOM,India CERT-In CBOM/QBOM Guidelines,India CERT-In expanded Bill of Materials requirements including Cryptographic BOM and Quantum Readiness BOM,Government & Defense;Information Technology,92;54,IN,guidance,,none,,"CERT-In expands Bill of Materials requirements to include Cryptographic BOM (CBOM) and Quantum Readiness BOM (QBOM). First national CBOM mandate from any country. Part of India broader PQC migration framework under National Quantum Mission. | Verified 2026-08-09 by retrieving the instrument itself. requires_pqc yes->guidance. The guidelines DO exist - CERT-In 'Technical Guidelines on SBOM, QBOM & CBOM, AIBOM and HBOM' v2.0, 09.07.2025 - so the earlier unproven-mandate flag was right about the homepage citation but wrong that the instrument was missing. The shall/must language sits inside a chapter titled 'Recommendations and Best Practices', in a document that 'encourages' adoption and cites no statutory basis (unlike CERT-In's binding s.70B(6) Directions of 28 Apr 2022). Wrong on a second count too: even at its strongest it mandates a cryptographic INVENTORY, not PQC adoption.",CERT-In,FIPS 203;FIPS 204;FIPS 205,,India:CERT-In,compliance_framework,"https://www.cert-in.org.in/PDF/TechnicalGuidelines-on-SBOM,QBOM&CBOM,AIBOM_and_HBOM_ver2.0.pdf",compliance/INDIA-CERTIN-CBOM.pdf,cert-in,yes,CERT-In,url_authoritative,85,cswp39:inventory,92;54,active,,,,
ITALY-ACN-PQC,Italy ACN PQC Guidance,Italy Agenzia per la Cybersicurezza Nazionale post-quantum cryptography guidance,Public Administration;Professional & Technical Services,92;54,IT,guidance,Ongoing (2024 guidance),ongoing,,"ACN published PQC guidance (July 2024) covering quantum threat landscape and migration recommendations. Italy also participates in BIS Project Leap Phase 2 testing hybrid PQC on TARGET2 payment system. | Verified 2026-08-09 by retrieving the document itself. Repointed from the acn.gov.it homepage to the real PDF 'Crittografia Post-Quantum e Quantistica' v1.0, 11/07/2024 (Italian). requires_pqc yes->guidance: the document issues NO ACN recommendation or obligation — its only 'si raccomanda' is ACN describing EU Rec. 2024/1101. It is a threat-landscape explainer, not migration guidance. trusted_source_id cleared: it read 'acsc', the AUSTRALIAN Cyber Security Centre, on an Italian document; the registry has no ACN entry to point at yet. library_refs FIPS 203/204/205 are anachronistic here - the July 2024 text discusses the drafts ('finalizzate entro l'estate 2024').",ACN,FIPS 203;FIPS 204;FIPS 205,,Italy:ACN,compliance_framework,https://www.acn.gov.it/portale/documents/20119/85999/ACN_Crittografia_Quantum_Safe.pdf/d7eb595c-ee7f-848b-6c14-abf64cafb310,compliance/ITALY-ACN-PQC.html,,yes,ACN,url_authoritative,85,cswp39:governance;cswp39:lifecycle,92;54,deprecated,2026-08-14,deprecation-sweep (unspecified): cites a site root (https://www.acn.gov.it/) rather than a document; resolved title 'Agenzia per la Cybersicurezza Nazionale - ACN' — repoint at the actual document; a homepage cannot evidence a claim,,
SPAIN-CCN-PQC,Spain CCN Four-Phase PQC,Spain Centro Criptologico Nacional four-phase PQC transition approach,Government & Defense,92,ES,guidance,2030 (four-phase approach through post-2030),fixed,2030:four-phase approach through post-2030,"CCN defines four-phase PQC approach from current state through post-2030 full transition. Recommends NIST algorithms and FrodoKEM. Active since 2022. | trusted_source_id corrected ncsc-uk -> ccn-spain: the anchor named an authority with no standing over this row (the UK NCSC), and the correct registry entry already existed. | UNVERIFIED 2026-08-09: no primary document located; the cached evidence is the CCN-CERT homepage and its report index did not populate for an automated fetch. requires_pqc left unchanged rather than downgraded on absence of evidence. | requires_pqc yes -> guidance 2026-08-09 — and the row is now PROVEN, not merely downgraded. The primary document the earlier sweep could not reach is CCN-TEC 009 'Recommendations for a safe post-quantum transition' (Centro Criptologico Nacional, December 2022). It confirms the four-phase claim verbatim (Phase 1 XMSS for firmware; Phase 2 hybrid, 'expected to last until 2025'; Phases 3 and 4 'will not probably start until 2030') and uses 'recommend' 53 times with zero occurrences of 'mandate' or 'obliga*'. | Citation repointed 2026-08-09 off the ccn-cert.cni.es site root onto CCN-TEC 009 itself (English courtesy translation), which is the document the row describes.",CCN,FIPS 203;FIPS 204;FIPS 205,,Spain:CCN,compliance_framework,https://www.ccn.cni.es/gl/docman/documentos-publicos/boletines-pytec/499-ccn-tec-009-recomendaciones-transicion-postcuantica-segura-english/file,compliance/SPAIN-CCN-PQC.pdf,ccn-spain,yes,CCN,url_authoritative,85,cswp39:governance;cswp39:lifecycle,92,active,,,,2026-08-09
BAHRAIN-NCSC-PQC,Bahrain Quantum-Safe Deployment,Bahrain National Cyber Security Centre quantum-safe cybersecurity deployment across government,Government & Defense,92,BH,no,2025 (deployment underway),fixed,2025:deployment underway,"One of the world first large-scale national quantum-safe commitments. Deployed AQtive Guard across 60+ government ministries for automated cryptographic discovery and PQC transition readiness. | UNVERIFIED as of 2026-08-09: the cited URL is the NCSC Bahrain homepage and its cached capture contains ZERO occurrences of quantum/post-quantum/PQC. The row's substantive claim traces to vendor procurement announcements, not a regulatory instrument. requires_pqc is left unchanged pending a real source rather than downgraded on absence of evidence. | trusted_source_id corrected ncsc-uk -> bahrain-ncsc: the anchor named an authority with no standing over this row (the UK NCSC), and the correct registry entry already existed. | requires_pqc yes -> no 2026-08-09. The substantive claim traces to a vendor press release (SandboxAQ, 23 December 2025) describing a deployment of AQtive Guard across 60+ Bahraini ministry environments. That is a government procurement and deployment programme, not a compliance obligation: it requires nothing of any regulated entity. No Bahrain NCSC instrument mandating PQC was located, and the previously cited NCSC homepage capture contains zero occurrences of quantum/post-quantum/PQC.",Bahrain NCSC,FIPS 203;FIPS 204;FIPS 205,,Bahrain:NCSC,compliance_framework,https://www.ncsc.gov.bh/en/index.html,compliance/BAHRAIN-NCSC-PQC.html,bahrain-ncsc,yes,Bahrain NCSC,url_authoritative,85,cswp39:governance;cswp39:inventory,92,active,,,,2026-08-09
JORDAN-CBJ-PQC,Jordan Financial Sector PQC Roadmap,Central Bank of Jordan sector-wide roadmap for transitioning banks to quantum-resistant encryption,Finance & Insurance,52,JO,guidance,2026 (roadmap published),fixed,2026:roadmap published,"Central Bank of Jordan published sector-wide PQC roadmap (Jan 2026) with phased approach: cryptographic asset cataloging, risk-based prioritization, governance integration, sandbox testing, and full transition. | PARTIALLY VERIFIED 2026-08-09: the CBJ quantum-resistant roadmap is real (multiple independent reports, Jan 2026) but is described in advisory terms ('expected to', 'encouraged to'), and cbj.gov.jo refuses connections from here. The row cites the bare CBJ homepage and has no cached evidence file at all. requires_pqc left unchanged pending a primary source. | trusted_source_id corrected bdf -> cbj-jordan: the anchor named an authority with no standing over this row (the Banque de France), and the correct registry entry already existed. | requires_pqc yes -> guidance 2026-08-09. The Central Bank of Jordan roadmap is real (announced January 2026, reported by Petra, the state news agency) but is described throughout in permissive terms: institutions are 'expected to establish a clear transition path' and banks are 'encouraged to conduct pilot tests'. No primary CBJ instrument is published: the roadmap document itself is not on cbj.gov.jo, so the citation is the Petra release, not the instrument. | Citation repointed 2026-08-09 off the cbj.gov.jo site root — which is live, so the sweep's DEAD verdict was a fetcher artifact — onto the Jordan News Agency (Petra) release announcing the roadmap. The roadmap document itself is not published; this is state news-agency reporting of it, which is why the row no longer claims a mandate.",CBJ,FIPS 203;FIPS 204;FIPS 205,,Jordan:CBJ,compliance_framework,https://www.petra.gov.jo/Include/InnerPage.jsp?ID=79851&lang=en&name=en_news,compliance/JORDAN-CBJ-PQC.html,cbj-jordan,yes,CBJ,url_authoritative,85,cswp39:assurance;cswp39:governance;cswp39:inventory;cswp39:lifecycle,52,active,,,,2026-08-09
UK-CMORG-PQC,UK CMORG Financial PQC Guidance,UK Cross Market Operational Resilience Group PQC guidance for financial sector,Finance & Insurance;Public Administration,52;92,GB,guidance,Ongoing (v1.0 April 2025),ongoing,,"CMORG (convened by Bank of England) published PQC guidance specifically for UK financial sector covering threat landscape, algorithm selection, migration planning, and prioritization. Complements UK NCSC guidance with financial sector focus. | Verified 2026-08-09 by retrieving the document itself. Repointed from the cmorg.org.uk homepage to the real PDF (v1.0, April 2025, TLP CLEAR). requires_pqc yes->guidance on the document's own words, p1: 'their use is voluntary, and they do not constitute regulatory rules or supervisory expectations'. enforcement_body 'CMORG/Bank of England' overstates it - CMORG is an industry forum convened by the Bank, not an enforcement body.",CMORG/Bank of England,UK-CMORG-PQC-Guidance-2025,,United Kingdom:CMORG,compliance_framework,https://www.cmorg.org.uk/sites/default/files/2026-08/CMORG%20-%20Guidance%20for%20Post-Quantum%20Cryptography%20-%20April%202025%20-%20TLP%20CLEAR.pdf,compliance/UK-CMORG-PQC.html,boe,yes,CMORG/Bank of England,url_authoritative,85,cswp39:governance;cswp39:lifecycle,52;92,deprecated,2026-08-14,deprecation-sweep (unspecified): cites a site root (https://www.cmorg.org.uk/) rather than a document; resolved title 'Welcome to CMORG | Cross Market Operational Resilience Group' — repoint at the actual document; a homepage cannot evidence a claim,,
EUROPOL-QSFF,Europol Quantum Safe Financial Forum,Europol QSFF call to action for financial sector PQC migration,Finance & Insurance,52,PQC-REGION-EU,guidance,Ongoing (Feb 2025 call to action),ongoing,,"Europol Quantum Safe Financial Forum found 86% of financial executives unprepared for PQC. Published joint guidance with FS-ISAC (Jan 2026) introducing Quantum Risk Score framework for migration prioritization. | Verified 2026-08-09 by retrieving the instrument itself. requires_pqc yes->guidance: a joint report that 'provides financial institutions with a structured, risk-based approach'. Europol is a law-enforcement cooperation agency with no prudential authority over banks, and FS-ISAC is an information-sharing body - neither can impose a compliance obligation. | 2026-08-16: Cached file was the publication landing page; replaced with the actual 26-page joint Europol/FS-ISAC PDF report it links to.",Europol/FS-ISAC,Europol-FS-ISAC-PQC-Financial-2026,,European Union:Europol,compliance_framework,https://www.europol.europa.eu/cms/sites/default/files/documents/Post-quantum-cryptography-report.pdf,compliance/EUROPOL-QSFF.pdf,fs-isac,yes,Europol/FS-ISAC,url_authoritative,85,cswp39:assurance,52,active,,,,2026-08-16
PQCC-ROADMAP,PQCC Migration Roadmap,Post-Quantum Cryptography Coalition cross-sector PQC migration framework,Professional & Technical Services;Finance & Insurance;Public Administration,54;52;92,PQC-REGION-GLOBAL,guidance,Ongoing,ongoing,,"PQCC (founded by IBM, Microsoft, MITRE, PQShield, SandboxAQ) published PQC Migration Roadmap (May 2025) with four-category framework and PQC Inventory Workbook (June 2025). Becoming a de facto industry reference for enterprise PQC migration. | Verified 2026-08-09 by retrieving the document itself. Repointed from the pqcc.org homepage to the real Migration Roadmap PDF (May 2025, MITRE); byte-identical to the copy already cached under library/. Companion Inventory Workbook: https://pqcc.org/wp-content/uploads/2025/06/PQCC-Inventory-Workbook.xlsx (June 2025). requires_pqc yes->guidance: 'written as a guide', and the workbook 'does not guarantee complete security or compliance'. PQCC is a voluntary coalition with no enforcement authority, so enforcement_body=PQCC is misleading. Note the deprecated PQC-COALITION row already used 'guidance' for this same organisation.",PQCC,PQCC-Migration-Roadmap-2025;PQCC-Inventory-Workbook-2025,,International:PQCC,technical_standard,https://pqcc.org/wp-content/uploads/2025/05/PQC-Migration-Roadmap-PQCC-2.pdf,compliance/PQCC-ROADMAP.html,pqca,yes,PQCC,url_authoritative,85,cswp39:governance;cswp39:inventory,54;52;92,deprecated,2026-08-14,deprecation-sweep (unspecified): cites a site root (https://pqcc.org/) rather than a document; resolved title 'Post-Quantum Cryptography Coalition |' — repoint at the actual document; a homepage cannot evidence a claim,,
IEEE-1609-PQC,IEEE 1609.2 PQC Amendment (V2X),IEEE vehicular communications security standard update for PQC,Transportation;Information Technology,48;51,PQC-REGION-GLOBAL,guidance,Ongoing (2025 amendment),ongoing,,"IEEE 1609.2 amendment adds ML-KEM and ML-DSA PQC support for vehicle-to-everything (V2X) communications security. Directly affects automotive OEMs and connected vehicle infrastructure. | requires_pqc yes->guidance 2026-08-09 (R6 body_type rule, extended to technical_standard). A specification specifies; it does not oblige anyone to adopt it. The obligation to deploy PQC comes from CNSA 2.0, the OMB memoranda and the executive orders, which are their own rows. Left as 'yes' this row asserted that a standards document mandates compliance.",IEEE,IEEE 1609.2 Amendment,,,technical_standard,https://standards.ieee.org/,compliance/IEEE-1609-PQC.html,ieee-sa,yes,IEEE,url_authoritative,85,cswp39:governance,48;51,deprecated,2026-08-23,"subject does not exist. This row presented ""IEEE 1609.2 PQC Amendment (V2X)"" as a live standards obligation with an ongoing 2025 deadline and confidence 85, and its library_ref pointed at a row already deprecated 2026-07-31 for the same reason. IEEE's own page for 1609.2 contains zero occurrences of ""post-quantum"", ""quantum"", ""ML-DSA"", ""ML-KEM"" or ""P1609.2""; 1609.2-2025 specifies ECC. Post-quantum V2X is research literature, not an IEEE standards project.",,
OASIS-PKCS11,OASIS PKCS#11 Technical Committee,OASIS technical committee defining the PKCS#11 HSM programming interface standard,Information Technology;Government & Defense;Finance & Insurance,54;92;52,PQC-REGION-GLOBAL,guidance,Ongoing,ongoing,,"OASIS defines the PKCS#11 standard — the programming interface that every hardware security module implements. PQC mechanisms in v3.2 (ML-KEM, ML-DSA, SLH-DSA) will drive the entire HSM industry PQC adoption. | requires_pqc yes->guidance 2026-08-09 (R6 body_type rule, extended to technical_standard). A specification specifies; it does not oblige anyone to adopt it. The obligation to deploy PQC comes from CNSA 2.0, the OMB memoranda and the executive orders, which are their own rows. Left as 'yes' this row asserted that a standards document mandates compliance.",OASIS,PKCS11-V32-OS-OASIS,,Global:OASIS,technical_standard,https://www.oasis-open.org/committees/pkcs11/,compliance/OASIS-PKCS11.html,oasis,yes,OASIS,url_authoritative,85,cswp39:governance,54;92;52,active,,,PKCS11-V32-OS-OASIS;PKCS11-V32-OS-OASIS;KMIP-V2-1-OASIS,
3GPP-SA3,3GPP Security Working Group,3GPP SA3 — global mobile network security standards working group studying PQC integration,Information Technology,51,PQC-REGION-GLOBAL,no,Ongoing,ongoing,,No PQC-specific content found in this row's own cached evidence document; confirmed by a broad quantum/PQC keyword sweep across the full extracted text.,3GPP,3GPP-PQC-Study-2025,,Global:3GPP SA3,standardization_body,https://www.3gpp.org/specifications-groups/sa-plenary/sa3-security,compliance/3GPP-SA3.html,etsi-cyber,yes,3GPP,url_authoritative,85,cswp39:governance,51,active,,,,2026-08-16
FSISAC-PQC,FS-ISAC PQC Migration Guidance,Financial Services Information Sharing and Analysis Center PQC migration advisory,Finance & Insurance,52,PQC-REGION-GLOBAL,guidance,Ongoing (Sept 2025),ongoing,,"FS-ISAC (Sept 2025) warns financial sector has not defined resources for PQC migration. Joint Europol-FS-ISAC report (Jan 2026) provides Quantum Risk Score framework and migration complexity assessment for financial institutions. | Verified 2026-08-09 by retrieving the document itself. Repointed from the fsisac.com homepage to the Europol/FS-ISAC report 'Prioritising Post-Quantum Cryptography Migration Activities in Financial Services' (21 Jan 2026, ISBN 978-92-9414-091-3, CC BY 4.0); SHA256 matches the copy already cached. The FS-ISAC Sept 2025 position paper itself is NOT publicly retrievable - a HubSpot form gate, free but registration-required - and the URL recorded in the library manifest (fsisac.com/hubfs/.../FS-ISAC-PQC-Timelines-White-Paper.pdf) returns 404. Public summary: https://www.fsisac.com/newsroom/fs-isac-urges-global-coordination-for-migration-to-post-quantum-cryptography-in-financial-services requires_pqc yes->guidance on the report's own disclaimer: 'not mandatory for implementation or endorsement ... should not be relied upon as formal guidance for regulatory compliance'.",FS-ISAC,Europol-FS-ISAC-PQC-Financial-2026,,Global:FS-ISAC,compliance_framework,https://www.europol.europa.eu/cms/sites/default/files/documents/Post-quantum-cryptography-report.pdf,compliance/FSISAC-PQC.html,fs-isac,yes,FS-ISAC,url_authoritative,85,cswp39:assurance;cswp39:governance,52,deprecated,2026-08-14,deprecation-sweep (unspecified): cites a site root (https://www.fsisac.com/) rather than a document; resolved title 'FS-ISAC | Advancing cybersecurity for the global financial system' — repoint at the actual document; a homepage cannot evidence a claim,,
ASC-X9,ASC X9 Financial PKI & PQC Standards,"Accredited Standards Committee X9 develops cryptographic standards for the financial services industry. X9 Financial PKI (launched June 2025, with DigiCert) provides PQC-enabled certificate infrastructure for banks, payment terminals, and financial enterprises. Key PQC standards: X9.146 (Quantum TLS for financial services), X9 TR-50 (Quantum Techniques in CMS), and the X9 PQC Financial Readiness Needs Assessment (2025).",Finance & Insurance,52,US;PQC-REGION-GLOBAL,guidance,Ongoing (Financial PKI launched June 2025),ongoing,,"X9 Financial PKI supports ML-KEM and ML-DSA alongside legacy algorithms for backward compatibility. X9.146 Quantum TLS draft in beta testing (2025). X9 is the primary ANSI-accredited standards body for financial cryptography in the US. | requires_pqc yes->guidance 2026-08-09 (R6 body_type rule, extended to technical_standard). A specification specifies; it does not oblige anyone to adopt it. The obligation to deploy PQC comes from CNSA 2.0, the OMB memoranda and the executive orders, which are their own rows. Left as 'yes' this row asserted that a standards document mandates compliance.",ASC X9; ANSI,ASC-X9-Financial-PKI;ASC-X9-PQC-Readiness-2025;ASC-X9-IR-F01-2022;ASC-X9-TR-50-2019,,,technical_standard,https://x9.org/pki-home/,compliance/ASC-X9.pdf,ascx9,yes,ASC X9; ANSI,url_authoritative,85,cswp39:governance;cswp39:lifecycle,52,active,,,,
PKI-CONSORTIUM,PKI Consortium,Industry consortium coordinating PQC readiness for PKI operators and certificate authorities,Information Technology;Finance & Insurance,54;52,PQC-REGION-GLOBAL,guidance,Ongoing,ongoing,,"The working group's own charter states it will explicitly NOT develop or evaluate cryptographic algorithms -- pure coordination/research/maturity-model publishing, no mandate authority. | Citation repointed 2026-08-09 off the pkic.org site root onto the PQC Working Group, which is the body this row actually describes.",PKI Consortium,PKI-Consortium-PQC-2025,,International:PKI Consortium,standardization_body,https://pkic.org/wg/pqc/,compliance/PKI-CONSORTIUM.html,pki-consortium,yes,PKI Consortium,url_authoritative,85,cswp39:assurance;cswp39:governance;cswp39:inventory,54;52,active,,,CycloneDX-Spec-Overview;SPDX-Spec-ISO-5962;DigiCert-PQC-Maturity-Model,2026-08-09
CSA-QSC,Cloud Security Alliance,Cloud Security Alliance Quantum-Safe Working Group developing quantum security controls for cloud environments,Information Technology,54,PQC-REGION-GLOBAL,no,Ongoing,ongoing,,"CSA Quantum-Safe Security Working Group publishes guidance on quantum-safe cloud security controls. CCM v4 includes cryptographic governance controls applicable to PQC migration. CSA also maintains the Cloud Controls Matrix used by cloud providers for compliance attestation. Referenced by CSA quantum-safe guidelines cited in threat profiles CLOUD-001 through CLOUD-004. | Citation repointed 2026-08-09 off the cloudsecurityalliance.org site root onto the Quantum-safe Security Working Group page named in the row's own description. | 2026-08-16: Cached file was the CSA site homepage, not the Quantum-Safe Security Working Group page; replaced with the correct WG page at the same URL.",CSA,FIPS 203;FIPS 204;FIPS 205,,,standardization_body,https://cloudsecurityalliance.org/research/working-groups/quantum-safe-security,compliance/CSA-QSC.pdf,csa-cloud,yes,CSA,url_authoritative,85,cswp39:governance,54,active,,,,2026-08-16
ITU-T-SG17,ITU-T SG17,ITU Telecommunication Standardization Sector Study Group 17 on security standards for global telecom PQC transition,Information Technology,51,PQC-REGION-GLOBAL,no,Ongoing,ongoing,,No PQC-specific content found in this row's own cached evidence document; confirmed by a broad quantum/PQC keyword sweep across the full extracted text.,ITU-T,FIPS 203;FIPS 204;FIPS 205,,International:ITU-T,standardization_body,https://www.itu.int/en/ITU-T/studygroups/2022-2024/17/Pages/default.aspx,compliance/ITU-T-SG17.html,itu,yes,ITU-T,url_authoritative,85,cswp39:governance,51,active,,,,
NIST-SP800-208,NIST SP 800-208,NIST recommendation for stateful hash-based signature schemes (LMS and XMSS),Government & Defense;Information Technology,92;54,US;PQC-REGION-GLOBAL,guidance,Ongoing (published October 2020),ongoing,,"NIST SP 800-208 specifies the Leighton-Micali Signature (LMS) and eXtended Merkle Signature Scheme (XMSS) for firmware signing and other stateful signature applications. Referenced by CNSA 2.0 as an approved signature algorithm for national security systems. Critical for firmware signing and code signing where stateful signatures are acceptable. Requires careful state management to prevent one-time key reuse. | requires_pqc yes->guidance 2026-08-09 (R6 body_type rule, extended to technical_standard). A specification specifies; it does not oblige anyone to adopt it. The obligation to deploy PQC comes from CNSA 2.0, the OMB memoranda and the executive orders, which are their own rows. Left as 'yes' this row asserted that a standards document mandates compliance. | 2026-08-16: Cached file was the CSRC abstract page; replaced with the actual 59-page SP 800-208 PDF.",NIST,NIST SP 800-208,,United States:NIST,technical_standard,https://nvlpubs.nist.gov/nistpubs/SpecialPublications/NIST.SP.800-208.pdf,compliance/NIST-SP800-208.pdf,nist-csrc,yes,NIST,url_authoritative,85,cswp39:assurance;cswp39:governance,92;54,active,,,RFC 8391;RFC 8554,2026-08-16
ISO-19790,ISO/IEC 19790:2024,International standard for security requirements for cryptographic modules — equivalent of FIPS 140-3,Government & Defense;Information Technology;Finance & Insurance,92;54;52,PQC-REGION-GLOBAL,no,Ongoing (3rd edition published 2024),ongoing,,"ISO/IEC 19790:2024 (3rd edition) defines security requirements for cryptographic modules. International equivalent of NIST FIPS 140-3. Used by JCMVP (Japan), KCMVP (South Korea), and as the basis for EUCC cryptographic module evaluation. PQC algorithm testing requirements are being updated as ISO/IEC JTC 1/SC 27 publishes PQC standards. Organizations outside US jurisdiction often require ISO/IEC 19790 rather than FIPS 140-3. | 2026-07-13: original website URL (iso.org/standard/85063.html) resolved to a DIFFERENT standard entirely (ISO/IEC 4396-7:2023, telecommunications) -- corrected to the real, current ISO/IEC 19790:2025 catalog page.",ISO/IEC JTC 1/SC 27,FIPS 203;FIPS 204;FIPS 205,,International:ISO/IEC,technical_standard,https://www.iso.org/standard/82423.html,compliance/ISO-19790.html,iso-iec-sc27,yes,ISO/IEC JTC 1/SC 27,url_authoritative,85,cswp39:assurance,92;54;52,active,,,FIPS-140,
ETSI-QKD-SERIES,ETSI GS QKD Series,ETSI Group Specification series for Quantum Key Distribution covering protocols interfaces and network management,Information Technology;Government & Defense,51;92,PQC-REGION-EU;PQC-REGION-GLOBAL,no,Ongoing,ongoing,,"ETSI ISG QKD has published 18 specifications covering QKD protocol interfaces (GS QKD 004), key delivery APIs (GS QKD 014), network interoperability (GS QKD 018), and management. QKD complements PQC for defense-in-depth in high-assurance environments. India DST/NQM roadmap recommends hybrid PQC plus QKD. BSI and ANSSI have published joint position papers on QKD vs PQC trade-offs.",ETSI ISG QKD,ETSI-GS-QKD-002;ETSI-GS-QKD-004;ETSI-GS-QKD-014;ETSI-GS-QKD-018,,,technical_standard,https://www.etsi.org/committee/1430-qkd,compliance/ETSI-QKD-SERIES.pdf,etsi-cyber,yes,ETSI ISG QKD,url_authoritative,85,cswp39:lifecycle,51;92,active,,,ETSI-TS103744,
ANSSI-CERT,ANSSI Security Certification,French national cybersecurity certification scheme — issued world first PQC product certifications in 2025,Government & Defense;Information Technology,92;54,FR,guidance,Ongoing (voluntary PQC security visa; first PQC certs Sept-Oct 2025),ongoing,,"ANSSI security certification scheme issued the world's first PQC product certifications (Sept-Oct 2025): Thales Smartcard MultiApp 5.2 Premium PQC (EAL5+) and Samsung S3SSE2A. PQC qualification is voluntary, not a 2027 mandate.",ANSSI,ANSSI PQC Position Paper;ANSSI PQC Follow-up Paper;ANSSI-PQC-FAQ-2025;ANSSI-PG-083-v3-2026,,France:ANSSI,certification_body,https://cyber.gouv.fr/offre-de-service/solutions-certifiees-et-qualifiees/,compliance/ANSSI-CERT.html,anssi,yes,ANSSI,url_authoritative,85,cswp39:assurance,92;54,active,,,COMMON-CRITERIA,2026-08-16
JCMVP,JCMVP,Japanese Cryptographic Module Validation Program — Japan equivalent of NIST CMVP for government procurement,Government & Defense;Information Technology,92;54,JP,no,Ongoing (PQC integration pending CRYPTREC evaluation),ongoing,,JCMVP (Japanese Cryptographic Module Validation Program) is run by IPA (Information-technology Promotion Agency Japan). Japan equivalent of NIST CMVP/FIPS 140-3 based on ISO/IEC 19790 and JIS X 19790. Mandatory for Japanese government cryptographic module procurement. PQC algorithm integration is expected after CRYPTREC completes its PQC evaluation and publishes updated cipher recommendations.,IPA/METI,Japan CRYPTREC Report 2024,,Japan:CRYPTREC,certification_body,https://www.ipa.go.jp/en/security/jcmvp/index.html,compliance/JCMVP.pdf,cryptrec,yes,IPA/METI,url_authoritative,85,cswp39:assurance,92;54,active,,,CRYPTREC,
SG-CSA-QUANTUM,Singapore CSA Quantum-Safe Handbook,Singapore Cyber Security Agency national guidelines for quantum-safe transition across all sectors,Public Administration;Professional & Technical Services;Finance & Insurance;Information Technology,92;54;52;51,SG,guidance,2027-03-31 (CII migration plan); 2028-01-01 (new CII procurement); 2031-12-31 (CII migration complete),ongoing,,"CSA Singapore published the National Quantum-Safe Handbook providing comprehensive PQC migration guidance for all sectors. Goes beyond MAS financial circular (MAS-CIRCULAR) to cover government, telecom, and technology sectors. Includes algorithm selection guidance aligned with NIST FIPS 203/204/205, migration planning templates, and industry-specific recommendations. Singapore also runs a QKD Sandbox program. | Verified 2026-08-09 by retrieving the document itself. Repointed from the csa.gov.sg homepage to the real Quantum-Safe Migration Handbook PDF. DATE CORRECTED: the row said 'National Quantum-Safe Handbook (2024)' but no 2024 edition exists - v0.1 was a public-consultation draft 23 Oct 2025 and V1 released 16 Jul 2026. requires_pqc yes->guidance: the handbook states it 'is not mandatory, prescriptive or exhaustive'. The real obligation lives in CSA's CII regime, which the handbook REPORTS - those three dates are now recorded in deadline (they were missing entirely).",CSA Singapore,Singapore-CSA-Quantum-Safe-Handbook,,Singapore:CSA/MAS,compliance_framework,https://isomer-user-content.by.gov.sg/36/350e4bd5-fa25-4609-8e78-5e159d9da245/CSA's%20Quantum-Safe%20Handbook%20V1%20Dtd%2016%20Jul%2026.pdf,compliance/SG-CSA-QUANTUM.html,csa-singapore,yes,CSA Singapore,url_authoritative,85,cswp39:governance;cswp39:lifecycle,92;54;52;51,deprecated,2026-08-14,deprecation-sweep (unspecified): cites a site root (https://www.csa.gov.sg/) rather than a document; resolved title 'Home | Cyber Security Agency of Singapore' — repoint at the actual document; a homepage cannot evidence a claim,,
BRAZIL-ANPD-PQC,Brazil LGPD/ANPD PQC Guidance,Brazilian data protection authority ANPD guidance on cryptographic requirements under LGPD with PQC implications,Government & Defense;Information Technology;Finance & Insurance,92;54;52,BR,no,Ongoing,ongoing,,"Brazil Lei Geral de Protecao de Dados (LGPD) requires appropriate technical measures including encryption for personal data protection. ANPD (Autoridade Nacional de Protecao de Dados) has published guidance on security measures. While no explicit PQC mandate exists, LGPD long data retention requirements (up to lifetime for health data) create HNDL risk. Brazil is Latin Americas largest economy and a major financial services market. Banco Central do Brasil participates in BIS quantum readiness initiatives. | 2026-08-16: Cached file was the ANPD homepage, not a substantive document; replaced with ANPD's actual security-measures guidance PDF (Guia Orientativo, Oct 2021), which discusses encryption requirements.",ANPD,FIPS 203;FIPS 204;FIPS 205,,,compliance_framework,https://www.gov.br/anpd/pt-br/centrais-de-conteudo/materiais-educativos-e-publicacoes/guia-vf.pdf,compliance/BRAZIL-ANPD-PQC.pdf,enisa,yes,ANPD,url_authoritative,85,cswp39:governance,92;54;52,active,,,LGPD,2026-08-16
DENMARK-CFCS-PQC,Denmark CFCS PQC Guidance,Danish Centre for Cyber Security post-quantum cryptography guidance for government and critical infrastructure,Public Administration;Professional & Technical Services,92;54,DK,yes,Ongoing (aligned with EU coordinated roadmap),ongoing,,"CFCS (Centre for Cybersikkerhed) published PQC migration guidance for Danish government entities and critical infrastructure operators. Denmark is a Five Eyes+ partner and aligns with EU NIS2 and the EU coordinated PQC roadmap (EU-REC-2024-1101) timelines: national roadmaps by Dec 2026, high-risk migration by Dec 2030, full transition by Dec 2035. CFCS is part of the Danish Defence Intelligence Service. | Corrected 2026-08-07 (timeline refresh remediation): CFCS merged into SAMSIK (Styrelsen for Samfundssikkerhed) 1 Jan 2025; the PQC guidance this row describes is the same document as the existing timeline row ""Denmark:SAMSIK — Transition to Quantum-Safe Cryptography"" (samsik.dk, same URL, dated 2023-03-21) — relinked rather than creating a duplicate timeline row under the pre-merger org name. Note: the Dec 2026/2030/2035 dates in this row's own notes belong to the EU-level Coordinated Implementation Roadmap, not a CFCS/SAMSIK-specific commitment — verified against the actual guidance document, which contains no such dates.",CFCS,FIPS 203;FIPS 204;FIPS 205,,Denmark:SAMSIK,compliance_framework,https://cfcs.dk/,compliance/DENMARK-CFCS-PQC.html,cfcs-denmark,yes,CFCS,url_authoritative,85,cswp39:governance;cswp39:lifecycle,92;54,deprecated,2026-08-09,"The asserted document does not exist. A full search of the agency's own site (its search endpoint for kvante/quantum/kryptografi, the publications index and the Vejledninger guidance category) found exactly one quantum-related item: a public explainer 'Overgangen til kvantesikker kryptografi' dated 21 March 2023, which advises private individuals to keep systems updated. That cannot carry this row's claims - it is not migration guidance for government and critical infrastructure, it predates EU Rec. 2024/1101 by 13 months so cannot be 'aligned with the EU coordinated roadmap', and it predates the FIPS standards it is credited with referencing. Denmark's SEKDI secretariat was set up to PRODUCE such a roadmap and has published none, so the row asserts future work as existing guidance. Also note the institution moved: cfcs.dk now redirects to samsik.dk (Styrelsen for Samfundssikkerhed). Re-add when CFCS/SAMSIK actually publishes.",,
DFS-NYCRR-500,NY DFS 23 NYCRR 500,New York Department of Financial Services cybersecurity regulation with explicit encryption and key management requirements,Finance & Insurance,52,US,no,Ongoing (Second Amendment effective Nov 2025),ongoing,,"NY DFS 23 NYCRR Part 500 is one of the most prescriptive US financial cybersecurity regulations. Section 500.15 requires encryption of nonpublic information both in transit and at rest using controls identified by the CISO risk assessment. The Second Amendment (effective November 2025) added enhanced requirements for encryption, key management, and incident response. While no explicit PQC mandate, the encryption requirements create a compliance pathway for PQC adoption as NIST standards mature. Applies to all DFS-regulated entities including banks, insurers, and financial service companies operating in New York.",NY DFS,FIPS 203;FIPS 204;FIPS 205,,,compliance_framework,https://www.dfs.ny.gov/industry_guidance/cybersecurity,compliance/DFS-NYCRR-500.html,nydfs,yes,NY DFS,url_authoritative,85,cswp39:governance;cswp39:lifecycle,52,active,,,NIST-CSF-2.0,2026-08-16
ETSI-EN-303645,ETSI EN 303 645 (IoT Security),ETSI baseline cybersecurity standard for consumer IoT products with cryptographic requirements affecting long-lived devices,Information Technology;Energy & Utilities,54;22;51,PQC-REGION-EU;PQC-REGION-GLOBAL,no,Ongoing (mandatory under EU RED delegated act from August 2025),ongoing,,"ETSI EN 303 645 establishes baseline cybersecurity provisions for consumer IoT products. Provision 5.1 mandates that all cryptography used must follow best practice and be updateable. The EU Radio Equipment Directive (RED) delegated act makes compliance mandatory for wireless IoT devices sold in the EU from August 2025. PQC relevance: IoT devices with 10-15 year lifespans deployed today will operate well into the CRQC era. The crypto-agility requirement (updatable cryptography) supports future PQC migration. Covers smart home, wearables, connected appliances, and industrial IoT. | Citation repointed 2026-08-09 off the ETSI deliver directory listing onto EN 303 645 V3.1.3 itself. The sweep reported this as a dead link; the directory in fact answers HTTP 200 — a directory index has no title for the detector to score, which is a detector limitation, not a dead document.",ETSI/EU Commission,FIPS 203;FIPS 204;FIPS 205,,European Union:EC,compliance_framework,https://www.etsi.org/deliver/etsi_en/303600_303699/303645/03.01.03_60/en_303645v030103p.pdf,compliance/ETSI-EN-303645.pdf,etsi-cyber,yes,ETSI/EU Commission,url_authoritative,85,cswp39:assurance;cswp39:governance;cswp39:lifecycle,54;22;51,active,,,,2026-08-09
PQCA,PQCA,Post-Quantum Cryptography Alliance — Linux Foundation project advancing PQC adoption through open-source tooling and community collaboration,Information Technology;Government & Defense;Finance & Insurance,54;92;52,PQC-REGION-GLOBAL,guidance,Ongoing,ongoing,,"Founded 2024 by Linux Foundation with AWS, Cisco, IBM, Google, NVIDIA, SandboxAQ, and others. Houses the OQS project and PQ Code Package. Promotes standardized open-source PQC implementations. | Citation repointed 2026-08-09 off the pqca.org site root onto the Linux Foundation launch announcement (February 2024), which is the document establishing the alliance and naming its projects (Open Quantum Safe, PQ Code Package). | 2026-08-16: Website field pointed at the LF launch announcement but cached file was still the stale pqca.org homepage; fetched and cached the actual announcement page.",Linux Foundation,liboqs-v0.15.0;NIST CSWP 39,,United States:SandboxAQ/MITRE/LF,industry_alliance,https://www.linuxfoundation.org/press/announcing-the-post-quantum-cryptography-alliance-pqca,compliance/PQCA.html,pqca,partial,Linux Foundation,url_authoritative,60,cswp39:governance;cswp39:inventory;cswp39:observability,54;92;52,active,,,,2026-08-16
PQC-COALITION,PQC Coalition,PQC Coalition — MITRE-led cooperative advancing quantum-safe migration across critical infrastructure sectors,92;22;52;62,,US;PQC-REGION-GLOBAL,guidance,Ongoing,,,"Launched by MITRE with members from government agencies and industry. Focuses on practical PQC migration guidance, interoperability testing, and sector-specific transition plans.",MITRE,FIPS 203;FIPS 204;FIPS 205,,United States:SandboxAQ/MITRE/LF,industry_alliance,https://pqc-coalition.org,compliance/PQC-COALITION.html,mitre,partial,MITRE,url_authoritative,60,cswp39:inventory;cswp39:observability,92;22;52;62,deprecated,2026-07-17,"duplicate: PQCC-ROADMAP is the canonical record; pqc-coalition.org redirects to pqcc.org (same organization -- confirmed via canonical tag + matching cached page content), and this row's ""MITRE-led"" characterization is contradicted by the site's own Founding Members list (MITRE, SandboxAQ, PQShield, IBM Quantum, Microsoft). See id=PQCC-ROADMAP for the canonical (more accurate, better-corroborated) record.",,
QED-C,QED-C,Quantum Economic Development Consortium — NIST-established consortium enabling the quantum ecosystem including PQC readiness assessment,Information Technology;Government & Defense;Finance & Insurance;Energy & Utilities,54;92;52;22,US;PQC-REGION-GLOBAL,guidance,Ongoing,ongoing,,"Established by NIST in 2018 under the National Quantum Initiative Act. Over 300 members from industry, academia, and government. Develops use cases, standards alignment, and workforce development for quantum technologies including PQC.",NIST; SRI International,FIPS 203;FIPS 204;FIPS 205,,United States:NIST,industry_alliance,https://quantumconsortium.org/publication/a-guide-to-a-quantum-safe-organization/,compliance/QED-C.pdf,nist-csrc,partial,NIST,url_authoritative,60,cswp39:governance;cswp39:observability,54;92;52;22,active,,,,
APRA-CPS-234,APRA CPS 234,"APRA Prudential Standard CPS 234 Information Security — mandatory for all APRA-regulated entities including banks, insurers, and superannuation funds. Requires robust information security capabilities proportionate to information asset criticality; cryptographic controls are explicitly in scope.",Finance & Insurance,52,AU,partial,Ongoing,ongoing,,CPS 234 requires information security capabilities commensurate with threats; APRA has flagged quantum computing as an emerging threat in its operational risk guidance. APRA-regulated entities performing cryptographic risk assessments must address PQC transition timelines. | Citation repointed 2026-08-09 onto Prudential Standard CPS 234 itself. This one WAS a genuine defect: apra.gov.au/information-security returns HTTP 404. The standard is live and unchanged; only the link had rotted.,APRA,AU-ASD-ISM-Crypto-2024;APRA-CPS-234,,Australia:APRA,compliance_framework,https://www.apra.gov.au/sites/default/files/cps_234_july_2019_for_public_release.pdf,compliance/APRA-CPS-234.pdf,apra,yes,APRA,url_authoritative,85,,52,active,,,,2026-08-09
ACSC-ESSENTIAL-EIGHT,ACSC Essential Eight,Australian Cyber Security Centre (ACSC) Essential Eight Maturity Model — eight baseline mitigation strategies mandated for Australian government entities and widely adopted in critical infrastructure and finance. Patch management and application hardening strategies directly intersect PQC transition planning.,Government & Defense;Information Technology;Finance & Insurance,92;54;52,AU,partial,Ongoing,ongoing,,Essential Eight Maturity Level 3 requires patching within 48 hours for critical vulnerabilities and enforces strong cryptographic controls on internet-facing services. ASD guidance explicitly references PQC readiness as part of cryptographic agility planning under the ISM.,ASD,AU-ASD-ISM-Crypto-2024;ACSC-Essential-Eight,,Australia:ASD,compliance_framework,https://www.cyber.gov.au/business-government/asds-cyber-security-frameworks/essential-eight/essential-eight-maturity-model,compliance/ACSC-ESSENTIAL-EIGHT.html,acsc,yes,ASD,url_authoritative,85,cswp39:governance;cswp39:inventory;cswp39:observability,92;54;52,active,,,ASD-ISM,
AU-PRIVACY-ACT,Australian Privacy Act (APPs),"Privacy Act 1988 (Cth) with Australian Privacy Principles (APPs) — enforced by the Office of the Australian Information Commissioner (OAIC). APP 11 requires organisations to take reasonable steps to protect personal information, including cryptographic security controls. Post-quantum transition affects long-term data confidentiality.",Finance & Insurance;Healthcare & Life Sciences;Information Technology;Government & Defense,52;62;54;92,AU,partial,Ongoing,ongoing,,"The Privacy Act reform (2024) significantly increased penalties for serious or repeated breaches (up to AUM). Harvest-now-decrypt-later attacks on personal data held by financial institutions are directly addressed by PQC transition planning under APP 11. | 2026-08-16: Cached file was a thin APP summary page; replaced with OAIC's full APP legal text page, which includes APP 11 (security) cited in the row's own description.",OAIC,AU-Privacy-Act-APPs,,,compliance_framework,https://www.oaic.gov.au/privacy/australian-privacy-principles/read-the-australian-privacy-principles,compliance/AU-PRIVACY-ACT.html,oaic,yes,OAIC,url_authoritative,85,cswp39:governance,52;62;54;92,active,,,,2026-08-16
AUSTRAC-AML-CTF,AUSTRAC AML/CTF Act,"Anti-Money Laundering and Counter-Terrorism Financing Act 2006 — enforced by AUSTRAC. Regulated reporting entities (banks, fintechs, crypto exchanges) must maintain secure cryptographic systems for transaction reporting and record-keeping. AML/CTF Rules require integrity and authenticity controls over financial intelligence data.",Finance & Insurance,52,AU,partial,Ongoing,ongoing,,"AUSTRAC AML/CTF Act Chapter 2 requires reporting entities to maintain appropriate authentication and encryption for AUSTRAC reporting channels. The 2024 reforms extending regulated sectors (lawyers, accountants, real estate) increase the number of entities needing cryptographic compliance. | Citation repointed 2026-08-09 off austrac.gov.au/amlctf-reform — which resolves to the AUSTRAC homepage — onto the Anti-Money Laundering and Counter-Terrorism Financing Act 2006 text on the Federal Register of Legislation.",AUSTRAC,AUSTRAC-AML-CTF-Act,,,compliance_framework,https://www.legislation.gov.au/C2006A00169/latest/text,compliance/AUSTRAC-AML-CTF.pdf,austrac,yes,AUSTRAC,url_authoritative,60,,52,active,,,,2026-08-09
OSFI-B13-PQC,OSFI Guideline B-13 — Operational Risk and Resilience (Crypto Controls),"Office of the Superintendent of Financial Institutions guideline B-13 on operational risk and resilience. Covers cryptographic controls for federally regulated financial institutions (FRFIs). Institutions must maintain crypto inventories, assess quantum risk, and implement crypto-agility.",Finance & Insurance,52,CA,expected,"2025 (B-13 effective), PQC alignment expected by 2030",phased,2025:b-13 effective;2030,"OSFI B-13 (effective Jan 2024) requires FRFIs to manage cryptographic risk under operational resilience. OSFI has signaled alignment with NIST PQC timelines. Financial institutions should expect PQC requirements in forthcoming supervisory guidance. Canada's primary banking regulator (covers banks, insurance, trust companies).",OSFI,CA-CFDIR-Quantum-Readiness-2023,,Canada:OSFI,compliance_framework,https://www.osfi-bsif.gc.ca/en/risks/technology-cyber-risk-management,compliance/OSFI-B13-PQC.pdf,osfi,yes,OSFI,url_authoritative,80,cswp39:governance,52,active,,,,
CFDIR-QR-2023,Canada CFDIR Quantum-Readiness Best Practices,"Canadian National Quantum-Readiness: Best Practices and Guidelines, authored by the Quantum-Readiness Working Group (QRWG) of the Canadian Forum for Digital Infrastructure Resilience (CFDIR) and hosted by Innovation, Science and Economic Development Canada.",Finance & Insurance;Public Administration;Energy & Utilities,52;92;22,CA,guidance,"Ongoing (v04, 10 July 2024)",fixed,2030:aligned with nist ir 8547,"CFDIR guidance provides Canada-specific quantum-readiness framework for financial institutions and critical infrastructure. Aligned with NIST PQC standards and CCCS guidance. Covers threat landscape, migration roadmap, algorithm selection, and vendor assessment criteria for Canadian context. | Verified 2026-08-09 by retrieving the document itself. THREE corrections. (1) The description expanded CFDIR as 'Centre for Financial Democracy and Innovation Regulation', which is not a real body - the title page reads 'Canadian Forum for Digital Infrastructure Resilience (CFDIR)'. (2) The row cited v03 (12 Jun 2023); v04 (10 Jul 2024) supersedes it and is now cited. (3) The deadline '2030 (aligned with NIST IR 8547)' was FABRICATED - the document contains zero occurrences of '8547', its only 2030 hit is an annex questionnaire label, and a June 2023 document could not cite a November 2024 draft. requires_pqc yes->guidance: 'a set of recommended practices and guidelines'; CFDIR is a voluntary public-private forum, not a regulator. | Cached evidence refreshed 2026-08-09: the stale capture was a 10,623-byte ISED homepage from 2026-07-13, while the row's URL already pointed at the real document. Replaced with the PDF itself — Canadian National Quantum-Readiness: Best Practices and Guidelines v04, 202 pages, 708 occurrences of 'quantum' and 91 of 'post-quantum'. The row was correct all along; only its proof was a landing page.",CFDIR / Innovation Science and Economic Development Canada,CA-CFDIR-Quantum-Readiness-2023,,Canada:ISED,compliance_framework,https://ised-isde.canada.ca/site/spectrum-management-telecommunications/sites/default/files/documents/Quantum-Readiness%20Best%20Practices%20-%20v04%20-%2010%20July%202024.pdf,compliance/CFDIR-QR-2023.pdf,ised-canada,yes,Innovation Science and Economic Development Canada,url_authoritative,80,cswp39:governance;cswp39:lifecycle,52;92;22,deprecated,2026-08-14,"deprecation-sweep (unspecified): cites a site root (https://ised-isde.canada.ca) rather than a document; resolved title ""Language selection - Innovation, Science and Economic Development Canada Main Site / Sélection de la langue - Site principal d'Innovation, Sciences et Développement économique Canada"" — repoint at the actual document; a homepage cannot evidence a claim",,2026-08-09
UK-DSIT-CNI-PQC,UK DSIT CNI PQC Transition Perspectives,"UK Department for Science, Innovation and Technology perspectives on PQC transition planning from Critical National Infrastructure sectors. Sets expectations for CNI operators (energy, water, transport, finance) to engage with NCSC migration timelines and report readiness.",Government & Defense;Energy & Utilities;Finance & Insurance;Information Technology,92;22;52;51;22,GB,no,2028 (Phase 1 alignment); 2031 (high-priority CNI systems),phased,2028:phase 1 alignment;2031:high-priority cni systems,"DSIT published perspectives document (July 2025) requesting CNI sectors develop PQC transition plans aligned with NCSC three-phase roadmap. Represents government expectation — not yet statutory mandate — for critical sectors. Supplements UK-NCSC guidance with sector-specific engagement requirements. | Verified 2026-08-09 by retrieving the instrument itself. requires_pqc yes->no. The document is 'Perspectives on the plan for PQC transition', independent research by Cambridge Consultants and Capgemini FOR DSIT, and its own publication page states: 'The views expressed do not represent HM Government policy.' It studies how CNI organisations are engaging; it imposes nothing. Two further row errors: published 27 November 2025 (not July 2025), and the claimed reporting duty ('report readiness') does not appear in the document. | 2026-08-16: Cached file was the generic DSIT org homepage; replaced with the actual 156-page 'Perspectives on the plan for PQC transition' report the row describes.",UK DSIT / NCSC,UK-DSIT-CNI-PQC-Perspectives-2025;UK-NCSC-Migration-Timelines-2025,,United Kingdom:DSIT,compliance_framework,https://www.gov.uk/government/publications/perspectives-on-the-plan-for-pqc-transition,compliance/UK-DSIT-CNI-PQC.pdf,uk-dsit,yes,"UK Department for Science, Innovation and Technology",url_authoritative,80,cswp39:governance,92;22;52;51,active,,,,2026-08-16
ACPR,ACPR (French Banking & Insurance Regulator),"Autorité de Contrôle Prudentiel et de Résolution — French prudential regulator for banking and insurance sectors, supervised by Banque de France",Finance & Insurance,52;52,FR,expected,2030 (aligned with ANSSI/DORA timelines),fixed,2030:aligned with anssi/dora timelines,ACPR supervises French banks and insurers for operational and cyber resilience. DORA compliance (effective Jan 2025) now governs digital operational resilience for regulated entities. ACPR aligns with ANSSI guidance on cryptographic migration. No standalone PQC mandate issued; institutions expected to follow ANSSI recommendations and DORA ICT risk requirements. ACPR participated in European Banking Authority (EBA) guidance on ICT risk management.,ACPR,ANSSI PQC Position Paper;ANSSI PQC Follow-up Paper;ANSSI-PG-083-v3-2026,,France:ACPR,regulatory_body,https://acpr.banque-france.fr,compliance/ACPR.html,acpr-france,no,Banque de France,url_authoritative,70,cswp39:governance,52,active,,,DORA,
AMF-FR,AMF (French Securities Regulator),Autorité des marchés financiers — French securities and financial markets regulator,Finance & Insurance,52,FR,expected,2030 (aligned with ANSSI/DORA/MiCA timelines),fixed,2030:aligned with anssi/dora/mica timelines,"AMF regulates French financial markets including investment firms, fund managers, and market infrastructure. Subject to DORA (effective Jan 2025) for ICT risk and operational resilience. MiCA introduces crypto-asset market regulation with cybersecurity requirements. No standalone PQC mandate issued; firms expected to follow ANSSI guidance and DORA ICT risk framework for cryptographic agility.",AMF,ANSSI PQC Position Paper;ANSSI PQC Follow-up Paper,,France:AMF,regulatory_body,https://www.amf-france.org,compliance/AMF-FR.html,amf-france,no,AMF,url_authoritative,70,cswp39:governance,52,active,,,,
DSPF-PQC,DSPF (Defence),Australian Defence Security Principles Framework — cryptography transition requirements for all ADF personnel and cleared contractors,Public Administration,92,AU,no,2030 (ISM-1917 cascades to all Defence-cleared systems),fixed,2030,"The Defence Security Principles Framework (DSPF) applies to all Australian Defence Organisation personnel, contractors, and cleared entities. PQC transition is governed by ISM-1917 requirements cascading through DSPF. All ADF systems handling PROTECTED and above classifications must achieve ML-DSA-87 / ML-KEM-1024 compliance by end of 2030. Entities holding Defence security clearances must demonstrate a PQC transition plan by end of 2026 per ISM guidance. | Verified 2026-08-09 by retrieving the instrument itself. requires_pqc yes->no AND THE ROW'S CLAIM IS INVENTED. The full redacted Defence Security Principles Framework (27 Mar 2025, 31,262 lines extracted) contains ZERO occurrences of 'quantum', 'ML-DSA', 'ML-KEM', '2030', or the ISM control numbers - it delegates cryptography wholesale to the ISM. The row's distinguishing claim, that clearance-holding entities 'must demonstrate a PQC transition plan by end of 2026', appears in no primary source: ISM-2073 has no date and the 2030 date belongs to ISM-1917, which the DSPF never cites. RECOMMEND DEPRECATION - the row is a derivative of ASD-ISM with a fabricated deadline.",Department of Defence,,,Australia:ASD,compliance_framework,https://www.defence.gov.au/business-industry/industry-governance/defence-security-principles-framework,compliance/DSPF-PQC.html,acsc,yes,Department of Defence,url_authoritative,85,cswp39:governance,92,deprecated,2026-08-09,"Fabricated PQC claim. The Australian Department of Defence Security Principles Framework contains zero occurrences of 'quantum' across 31,262 lines; the asserted end-2026 clearance-holder PQC-plan deadline does not exist in the instrument. Verified 2026-08-09.",,
ZA-POPIA,POPIA,South Africa Protection of Personal Information Act — data protection regulation with strong encryption and breach-notification requirements relevant to PQC migration for long-retention data,Finance & Insurance;Healthcare & Life Sciences;Information Technology;Government & Defense,52;62;54;92,ZA,no,Ongoing,ongoing,,"POPIA Section 19 requires ""appropriate, reasonable technical and organisational measures"" including encryption for personal information. Long data-retention obligations expose regulated entities to HNDL risk; migration guidance expected from the Information Regulator as NIST PQC suite gains regional traction via SABS. | Citation repointed 2026-08-09 off the Information Regulator's homepage onto the Act text itself (Protection of Personal Information Act 4 of 2013, Department of Justice). | 2026-08-16: Website field pointed at the Act PDF but cached file was still the stale Information Regulator homepage; fetched and cached the actual 35-page Act text.",Information Regulator (South Africa),NIST-SP-800-131A-Rev3;ZA-POPIA-TEXT,,South Africa:IR,compliance_framework,https://www.justice.gov.za/legislation/acts/2013-004.pdf,compliance/ZA-POPIA.pdf,inforeg-za,yes,Information Regulator (South Africa),url_authoritative,85,cswp39:governance,52;62;54;92,active,,restored from archive 2026-05-03,,2026-08-16
NG-NDPR,NDPR / NDPA 2023,"Nigeria Data Protection Regulation + Nigeria Data Protection Act 2023 — jointly enforced by the Nigeria Data Protection Commission (NDPC), with explicit encryption obligations for personal data",Finance & Insurance;Information Technology;Government & Defense,52;54;51;92,NG,no,Ongoing,ongoing,,"NDPA 2023 establishes the NDPC and codifies the prior NDPR. Section 39 mandates appropriate technical measures including encryption. NITDA has signalled alignment with NIST PQC suite for regulated sectors (banking, telecoms). No explicit PQC deadline but HNDL exposure on financial and health data is material. | Citation repointed 2026-08-09 off the NDPC homepage onto the Commission's own download page for the Nigeria Data Protection Act 2023. | 2026-08-16: NDPC's own repointed download-page URL is a dead WordPress attachment stub with no PDF; substituted the official Act text (47-page scanned Gazette copy, OCR-verified) from PLAC, a Nigerian legal/policy source. Note: this scan has no embedded text layer (image-only), so future automated text-extraction checks will flag it as 'zero chars' — that reflects the source document's scan quality, not a wrong-document problem.",NDPC (Nigeria Data Protection Commission),NIST-SP-800-131A-Rev3,,Nigeria:NDPC,compliance_framework,https://placng.org/i/wp-content/uploads/2023/06/Nigeria-Data-Protection-Act-2023.pdf,compliance/NG-NDPR.pdf,ndpc-ng,yes,NDPC,url_authoritative,85,cswp39:governance,52;54;51;92,active,,restored from archive 2026-05-03,Nigeria Data Protection Act 2023,2026-08-16
KE-DPA,Kenya Data Protection Act 2019,Kenya Data Protection Act — enforced by the Office of the Data Protection Commissioner (ODPC); imposes encryption-at-rest and in-transit obligations on data controllers,Finance & Insurance;Information Technology;Healthcare & Life Sciences,52;54;51;62,KE,no,Ongoing,ongoing,,"ODPC Guidance Note on Data Protection by Design (2022) requires state-of-the-art cryptography. The Communications Authority of Kenya is coordinating with ODPC on PQC readiness for the telecoms sector. M-Pesa and other mobile-money rails are high-HNDL-exposure systems. | Citation repointed 2026-08-09 off the ODPC homepage onto the consolidated Act text on Kenya Law (Data Protection Act No. 24 of 2019), the official law-reporting source. Retrieved 2026-08-09 through the resilient fetcher (HTTP 200, 307,955 bytes). | 2026-08-16: Cached file was the ODPC homepage despite notes documenting a successful 307,955-byte Kenya Law fetch on 2026-08-09; re-fetched the Act text from Kenya Law, matching that byte count.",ODPC (Kenya),NIST-SP-800-131A-Rev3;KE-DPA-TEXT,,Kenya:ODPC,compliance_framework,https://new.kenyalaw.org/akn/ke/act/2019/24/eng@2022-12-31,compliance/KE-DPA.html,odpc-ke,yes,ODPC,url_authoritative,85,cswp39:governance,52;54;51;62,active,,restored from archive 2026-05-03,Kenya Data Protection Act,2026-08-16
EG-PDPL,Egypt Personal Data Protection Law,Egypt Law No. 151 of 2020 on the Protection of Personal Data — enforced by the Egyptian Data Protection Center (DPC); mandates encryption and security controls for personal data processing,Finance & Insurance;Professional & Technical Services;Information Technology;Public Administration,52;54;51;92,EG,no,Ongoing,ongoing,,Law 151/2020 came into force in October 2020; executive regulations issued 2024. Article 6 requires controllers to implement encryption proportionate to risk. Egypt Financial Regulatory Authority is tracking NIST PQC adoption; no explicit PQC deadline yet but HNDL risk is material for long-lived government records.,DPC (Egypt),NIST-SP-800-131A-Rev3,,Egypt:MCIT,compliance_framework,https://mcit.gov.eg,compliance/EG-PDPL.html,mcit-eg,yes,MCIT Egypt,url_authoritative,85,cswp39:governance,52;54;51;92,deprecated,2026-08-14,deprecation-sweep (unspecified): cites a site root (https://mcit.gov.eg) rather than a document; resolved title 'Ministry of Communications and Information Technology' — repoint at the actual document; a homepage cannot evidence a claim,Egypt Law No. 151 of 2020,
AU-MALABO,African Union Malabo Convention,African Union Convention on Cyber Security and Personal Data Protection — pan-continental instrument harmonising cybersecurity and data-protection regimes across AU member states,Finance & Insurance;Information Technology;Government & Defense;Healthcare & Life Sciences,52;54;51;92;62,PQC-REGION-AU-AFRICA,no,Ongoing (entered into force June 2023),ongoing,,"The Malabo Convention entered into force on 8 June 2023 after Mauritania deposited the 15th instrument of ratification. Article 25 requires member states to adopt appropriate technical measures including encryption. The AU Cybersecurity Expert Group 2025 report highlights quantum-safe transition as a priority for regional harmonisation. | 2026-08-16: Cache held only the AU treaty index page; replaced with the actual Convention text PDF (scanned, no OCR layer) linked from that page.",African Union Commission,NIST-SP-800-131A-Rev3,,African Union:AUC,compliance_framework,https://au.int/sites/default/files/treaties/29560-treaty-0048_-_african_union_convention_on_cyber_security_and_personal_data_protection_e.pdf,compliance/AU-MALABO.pdf,au-commission,yes,African Union Commission,url_authoritative,85,cswp39:governance,52;54;51;92;62,active,,restored from archive 2026-05-03,,2026-08-16
EUCC-V2,EUCC v2.0,EU Cybersecurity Certification Scheme Agreed Cryptographic Mechanisms v2.0,Government & Defense;Information Technology,92;54,PQC-REGION-EU,expected,Ongoing (April 2025 update),ongoing,,"EUCC v2.0 Agreed Cryptographic Mechanisms (already cached): its own word is ""recommendations"" on PQC mechanisms, but with a real embedded clause -- PQC-only mechanisms ""shall not be used without being combined with a quantum resistant mechanism"" in contexts requiring quantum resistance -- for specific higher-assurance contexts. First PQC algorithms to appear on an official EU 'recommended' list.",ECCG/ENISA,EUCC v2.0 ACM,,European Union:ECCG,certification_body,https://certification.enisa.europa.eu/certification-library/eucc-certification-scheme_en,compliance/EUCC-V2.pdf,enisa,,,url_authoritative,60,cswp39:assurance,92;54,active,,restored from archive 2026-03-05,EUCC;COMMON-CRITERIA,
BSI-PQC-ADVISORY,BSI Post-Quantum Standardization Advisory,"BSI ongoing PQC pre-standardization activity covering algorithm selection commentary, harmonization with NIST FIPS 203/204/205/206, and German-context migration recommendations. Advisory / forward-looking; tracks closely with NIST PQC programme on its own timeline.",Government & Defense;Finance & Insurance;Information Technology;Energy & Utilities,Government & Defense;Finance & Banking;Technology;Energy & Utilities,DE,guidance,Ongoing (forward-looking advisory),ongoing,,Pre-standardization advisory — complements BSI TR-02102 (Algorithmenkatalog) which is the binding cryptographic recommendation.,BSI (Bundesamt für Sicherheit in der Informationstechnik),FIPS 203;FIPS 204;FIPS 205,,Germany:BSI,standardization_body,https://www.bsi.bund.de/EN/Themen/Unternehmen-und-Organisationen/Informationen-und-Empfehlungen/Quantentechnologien-und-Post-Quanten-Kryptografie/quantentechnologien-und-post-quanten-kryptografie_node.html,compliance/BSI-PQC-ADVISORY.pdf,bsi,yes,,url_authoritative,85,cswp39:assurance;cswp39:governance;cswp39:lifecycle,52;54;92;51;22,active,,,NIST;BSI-TR-02102;EU-BSI-PQC-Joint-Statement-2024;BSI-ANSSI-QKD-Position-2024,
PRA-SS2-21,PRA Operational Resilience (SS1/21 + cyber),"UK PRA supervisory statement on operational resilience, scoped to Tier 1/2 banks, insurers, and major investment firms. The most specific UK supervisory channel on quantum-risk timelines for financial firms.",Finance & Insurance,Finance & Banking,GB,expected,Ongoing (FCA cyber guidance is referenced via PRA-supervised firms'' operational-resilience obligations),ongoing,,Anchor PRA supervisory statement (SS1/21 + 2024 cyber resilience update). FCA cybersecurity guidance for non-PRA-supervised firms is treated as a complementary overlay — not a separate compliance row. | 2026-08-16: Cache held the generic prudential-regulation homepage; replaced with the actual SS1/21 supervisory statement PDF.,Bank of England — Prudential Regulation Authority,,,United Kingdom:CMORG,regulatory_body,https://www.bankofengland.co.uk/-/media/boe/files/prudential-regulation/supervisory-statement/2021/ss121-march-22.pdf,compliance/PRA-SS2-21.pdf,pra-uk,yes,,url_authoritative,85,,52,active,,,,2026-08-16
ICO-UK-ENC,UK ICO Encryption Guidance (UK GDPR Art. 32),UK Information Commissioner''s Office guidance on encryption as a Reasonable Step under UK GDPR Article 32. Codifies current data-at-rest and data-in-transit cryptographic-adequacy expectations; does not mandate PQC.,Healthcare & Life Sciences;Finance & Insurance;Government & Defense;Retail Trade;Information Technology,Healthcare;Finance & Banking;Government & Defense;Retail;Technology,GB,no,In force (UK GDPR),ongoing,,PQC migration not addressed by ICO directly; UK GDPR Art. 32 reads cryptographic adequacy through industry standards (NIST / NCSC etc.). PQC adoption inherited as those references update.,UK Information Commissioner's Office,,,United Kingdom:ICO,regulatory_body,https://ico.org.uk/for-organisations/uk-gdpr-guidance-and-resources/security/encryption/,compliance/ICO-UK-ENC.pdf,ico-uk,yes,,url_authoritative,85,cswp39:governance;cswp39:observability,52;54;62;44;92;45;51,active,,,GDPR;UK GDPR,
NSM-NO-GP,NSM Grunnprinsipper for IKT-sikkerhet (Norway),Norwegian National Security Authority's foundational ICT-security principles — closest Nordic analogue to NIST CSF. NSM publishes explicit PQC positioning and is the unambiguous primary Nordic crypto-guidance authority.,Government & Defense;Energy & Utilities;Information Technology;Finance & Insurance,Government & Defense;Energy & Utilities;Telecommunications;Finance & Banking,NO,guidance,Ongoing (latest revision tracks NIST PQC standardisation cadence),ongoing,,Strongest Nordic row — NSM has published explicit PQC positioning beyond the generic NIST cross-reference common to other Nordic agencies. | 2026-08-16: Original URL redirects to a secondary 'how to adopt' page; replaced cache with the actual Grunnprinsipper v2.1 PDF document.,Nasjonal sikkerhetsmyndighet (NSM),,,Norway:NSM,standardization_body,https://nsm.no/getfile.php/1313975-1717589722/NSM/Filer/Dokumenter/Veiledere/NSMs%20Grunnprinsipper%20for%20IKT-sikkerhet%20v2.1.pdf,compliance/NSM-NO-GP.pdf,nsm-norway,yes,,url_authoritative,85,cswp39:governance,92;22;51;52,active,,,NIST CSF,2026-08-16
MSB-SE-CYB,MSB Sweden Cyber Resilience Metodstöd,"Swedish Civil Contingencies Agency cyber-resilience guidance. MSB is the civil-contingency umbrella; for algorithm-level guidance, cross-reference MSB Metodstöd documents and NCSC-SE bulletins (which sit across SÄPO/MSB depending on topic).",Government & Defense;Energy & Utilities;Healthcare & Life Sciences,Government & Defense;Energy & Utilities;Healthcare,SE,guidance,Ongoing,ongoing,,NCSC-SE crypto-specific guidance is the operational layer beneath MSB; PQC migration tracked via Metodstöd updates. | 2026-08-16: Cache held only the short news announcement; replaced with the linked full national PQC-transition recommendations PDF.,Myndigheten för samhällsskydd och beredskap (MSB),,,Sweden:NCSC,standardization_body,https://www.ncsc.se/siteassets/publikationer/nationella-rekommendationer-for-overgangen-till-kvantsaker-kryptografi-2026_tga.pdf,compliance/MSB-SE-CYB.pdf,msb-sweden,yes,,url_authoritative,75,cswp39:assurance;cswp39:governance;cswp39:inventory;cswp39:lifecycle,92;22;62,active,,,NIS2,2026-08-16
NCSC-FI-PQC,NCSC-FI / Traficom Finland Cyber Security Centre Bulletins,Finnish National Cyber Security Centre (under Traficom). 'Kyberturvallisuuden tilannekuva' situational picture and technical bulletins drive PQC awareness and timing across Finnish public and critical-infrastructure sectors.,Government & Defense;Information Technology;Energy & Utilities;Finance & Insurance,Government & Defense;Telecommunications;Energy & Utilities;Finance & Banking,FI,guidance,Ongoing,ongoing,,Often underrated regionally; bulletins are technically precise. PQC migration cadence tracks NIST + ENISA alignment.,NCSC-FI / Traficom,,,Finland:Traficom,standardization_body,https://www.kyberturvallisuuskeskus.fi/fi/kvanttiturvalliset-algoritmit-ja-niihin-siirtyminen,compliance/NCSC-FI-PQC.html,ncsc-fi,yes,,url_authoritative,80,cswp39:governance;cswp39:inventory;cswp39:lifecycle,92;51;22;52,active,,,NIST;CRYSTALS-Kyber-Spec-v302;CRYSTALS-Dilithium-Spec-v31;Falcon-Spec-v12;SPHINCS-Plus-Spec-v31;CISA-Quantum-Readiness-Roadmap;NL-PQC-Migration-Handbook-2024,2026-08-16
CHILE-ANCI,Chile ANCI Cybersecurity Standards (Ley 21.663),Chile Agencia Nacional de Ciberseguridad (established by Ley 21.663 / 2023) is the designated national cybersecurity authority. Has already issued binding technical standards across critical-information sectors.,Government & Defense;Finance & Insurance;Information Technology;Energy & Utilities,Government & Defense;Finance & Banking;Telecommunications;Energy & Utilities,CL,expected,Ongoing (standards being issued progressively post-2024),ongoing,,"Strongest LATAM cyber-regulator authority today — Tier 1 add per geographic-depth vetting. | Citation repointed 2026-08-09 off the anci.gob.cl site root onto Ley 21.663 (Ley Marco de Ciberseguridad) in the Biblioteca del Congreso Nacional — the instrument named in the row's own label, promulgated 26 March 2024, published in the Diario Oficial 8 April 2024, key articles in force 1 March 2025. The ANCI site root sits behind a Cloudflare JS challenge; the law text retrieves at HTTP 200 (playwright-stealth, 152,444 bytes).",Agencia Nacional de Ciberseguridad (ANCI),,,Chile:Chile Govt,regulatory_body,https://www.bcn.cl/leychile/navegar?i=1202434,compliance/CHILE-ANCI.html,anci-chile,yes,,url_authoritative,80,,92;52;51;22,active,,,,2026-08-09
MEXICO-CNBV-CUB,CNBV Circular Única de Bancos (Mexico),Mexican National Banking and Securities Commission cryptographic-control expectations for banks under the Circular Única de Bancos (CUB). Mature financial-sector cyber-regulation channel — preferred over fragmented NOM cyber standards.,Finance & Insurance,Finance & Banking,MX,expected,Ongoing (latest CUB amendments),ongoing,,"Scoped to Mexican FS regulated entities. Other Mexican cyber bodies (CEDN federal, CNS NOM standards) are out of FS scope and not yet sufficiently consolidated to warrant separate rows. | Citation repointed 2026-08-09 off the CNBV homepage onto the Circular Unica de Bancos itself (Disposiciones de caracter general aplicables a las instituciones de credito), which is the instrument named in the row's label.",Comisión Nacional Bancaria y de Valores (CNBV),,,,regulatory_body,https://www.cnbv.gob.mx/Normatividad/Disposiciones%20de%20car%C3%A1cter%20general%20aplicables%20a%20las%20instituciones%20de%20cr%C3%A9dito.pdf,compliance/MEXICO-CNBV-CUB.pdf,cnbv-mexico,yes,,url_authoritative,80,cswp39:governance,52,active,,,,2026-08-16
ARGENTINA-ONTI,Argentina ONTI Cyber Baseline (Secretaría de Innovación Pública),Argentina Oficina Nacional de Tecnologías de Información — the correct cyber authority for federal government (AFIP is the tax authority; BCRA covers financial sector — both are separate from ONTI).,Government & Defense,,AR,expected,Ongoing,,,"AFIP previously suggested in audit gap was wrong — AFIP is a tax authority, not a cyber regulator. ONTI is the correct government-cyber row; BCRA Comunicación A-series belongs in FS scope.",ONTI / Secretaría de Innovación Pública,,,,regulatory_body,https://www.argentina.gob.ar/jefatura/innovacion-publica,compliance/ARGENTINA-ONTI.html,onti-argentina,yes,,url_authoritative,75,,92,deprecated,2026-07-16,Notes contain no PQC/crypto content (an internal correction about which Argentine agency is the right cyber-regulator reference) — not PQC-related.,,
BRAZIL-BACEN-4893,BACEN Resolution 4.893 (Brazil FS Cyber),Brazilian central bank Resolution 4.893 sets encryption requirements for financial sector institutions. Pairs with ANPD (LGPD) on data-protection cryptographic adequacy; both are well-documented and more mature than most LATAM cyber-regulator entries.,Finance & Insurance,Finance & Banking,BR,expected,"Ongoing (Resolution 4.893 in force, subsequent amendments)",ongoing,,Companion FS row to BRAZIL-ANPD-PQC (data-protection scope). PQC migration will land via the cryptographic-adequacy clause of Resolution 4.893 as NIST + central-bank guidance converge.,Banco Central do Brasil (BACEN),,,Brazil:BACEN,regulatory_body,https://www.bcb.gov.br/estabilidadefinanceira/seguranca_cibernetica,,bacen-brazil,yes,,url_authoritative,80,cswp39:governance,52,active,,,BRAZIL-ANPD-PQC;LGPD,
ID-PDP,Indonesia Personal Data Protection Law (UU PDP),Indonesia Law No. 27 of 2022 on Personal Data Protection — establishes a national data-protection regime with explicit obligations on technical and organisational security measures including encryption.,Finance & Insurance;Information Technology;Government & Defense,52;54;51;92,ID,no,Ongoing,ongoing,,"UU PDP entered into force October 2022 with a two-year transition (effective enforcement October 2024). Article 35 requires controllers to implement technical safeguards including encryption proportionate to risk. BSSN (Badan Siber dan Sandi Negara) issues sectoral cryptographic guidance and has begun tracking NIST PQC selections for government systems. No explicit PQC deadline yet but HNDL exposure on long-lived government and banking records is material. | Citation repointed 2026-08-09 off the BSSN homepage onto UU No. 27 Tahun 2022 tentang Pelindungan Data Pribadi in the national legal database. Retrieved 2026-08-09 through the resilient fetcher (HTTP 200, 43,274 bytes).",PDP Authority (under KomDigi); BSSN,NIST-SP-800-131A-Rev3,,Indonesia:BSSN,compliance_framework,https://peraturan.bpk.go.id/Download/224884/UU%20Nomor%2027%20Tahun%202022.pdf,compliance/ID-PDP.pdf,bssn-id,yes,BSSN,url_authoritative,85,cswp39:governance,52;54;51;92,active,,,Indonesia Law No. 27 of 2022 on Personal Data Protection,2026-08-16
TH-PDPA,Thailand Personal Data Protection Act (PDPA 2019),Thailand PDPA B.E. 2562 (2019) — comprehensive data-protection law enforced by the PDPC; requires appropriate security measures for personal data including encryption.,Finance & Insurance;Information Technology;Government & Defense,52;54;51;92,TH,no,Ongoing,ongoing,,"PDPA fully effective June 2022 after deferrals. Section 37 obliges data controllers to provide adequate security measures, with PDPC guidance pointing at internationally recognised standards (ISO 27001, NIST SP 800-series). NCSA (National Cyber Security Agency) issued a 2024 cyber resilience plan that flags post-quantum readiness for critical infrastructure (CII) sectors. ETDA is exploring PQC for the national digital signature framework.",PDPC (Thailand); NCSA; ETDA,NIST-SP-800-131A-Rev3,,Thailand:NCSA,compliance_framework,https://www.pdpc.or.th,compliance/TH-PDPA.pdf,pdpc-th,yes,PDPC,url_authoritative,85,cswp39:governance,52;54;51;92,active,,,,
VN-CYBER,Vietnam Cybersecurity Law + Decree 13/2023,Vietnam Law on Cybersecurity (2018) plus Decree 13/2023 on Personal Data Protection — joint framework enforced by MIC and the Ministry of Public Security (A05); mandates encryption for personal data processing and cross-border transfers.,Finance & Insurance;Information Technology;Government & Defense,52;54;51;92,VN,no,Ongoing,ongoing,,"Decree 13/2023/NĐ-CP took effect July 2023 and is the operative PDP instrument. Article 26 requires controllers to apply technical security measures including encryption. MIC and A05 publish cryptographic requirements for licensed services; no explicit PQC mandate yet but the Vietnam Government Cipher Commission has tracked NIST FIPS 203/204/205 selections. | Citation repointed 2026-08-09 off mic.gov.vn, which no longer resolves at all (connection failure, not an HTTP error), onto the English text of Decree 13/2023/ND-CP from LuatVietnam, the sole distributor of English translations of the Vietnamese Official Gazette. Vietnam publishes no free official English text, so this is the best available citation and is not a government source. Retrieved 2026-08-09 through the resilient fetcher (HTTP 200, 285,883 bytes).",MIC; A05 (Ministry of Public Security),NIST-SP-800-131A-Rev3,,,compliance_framework,https://english.luatvietnam.vn/decree-no-13-2023-nd-cp-dated-april-17-2023-of-the-government-on-personal-data-protection-249791-doc1.html,compliance/VN-CYBER.html,mic-vn,yes,MIC,url_authoritative,85,cswp39:governance,52;54;51;92,active,,,,2026-08-09
PH-DPA,Philippines Data Privacy Act (RA 10173),Philippines Data Privacy Act of 2012 (Republic Act No. 10173) — enforced by the National Privacy Commission (NPC); mandates encryption for sensitive personal information at rest and in transit.,Finance & Insurance;Information Technology;Government & Defense,52;54;51;92,PH,no,Ongoing,ongoing,,"NPC Circular 16-01 requires AES-256 (or equivalent) for sensitive personal information held by government and material covered entities. DICT (Department of Information and Communications Technology) is the lead on national cybersecurity and tracks NIST PQC outputs for inclusion in the National Cybersecurity Plan 2023-2028. HNDL exposure on national-ID (PhilSys) and banking data is the primary near-term concern. | Citation repointed 2026-08-09 off the National Privacy Commission homepage onto the Commission's Data Privacy Act page (Republic Act 10173). Retrieved 2026-08-09 through the resilient fetcher (curl_cffi/chrome124, HTTP 200, 277,719 bytes); a plain fetcher gets 403 from the WAF.",NPC (Philippines); DICT,NIST-SP-800-131A-Rev3,,,compliance_framework,https://privacy.gov.ph/data-privacy-act/,compliance/PH-DPA.html,npc-ph,yes,NPC,url_authoritative,85,cswp39:governance,52;54;51;92,active,,,,2026-08-09
EE-CSA,Estonia Cybersecurity Act + RIA PQC Guidance,"Estonian Cybersecurity Act (2018, updated for NIS2 transposition 2024) — enforced by RIA (Information System Authority); applies to operators of essential and important services; aligns with EUCC and ENISA PQC guidance.",Finance & Insurance;Information Technology;Government & Defense,52;54;51;92,EE,guidance,Ongoing,ongoing,,"Estonia operates the most mature national digital-signature ecosystem in the EU (ID-card, Mobile-ID, Smart-ID — all eIDAS qualified). RIA has issued written guidance to qualified trust service providers (QTSPs) to begin PQC readiness assessments aligned with ENISA and ETSI TS 119 312. Estonia transposed NIS2 in 2024 with explicit reference to post-quantum migration as a ""state of the art"" obligation. No fixed PQC deadline but RIA expects QTSPs to publish PQC roadmaps by 2027. | Citation repointed 2026-08-09 off the RIA homepage onto the consolidated English text of the Cybersecurity Act (Kuberturvalisuse seadus) in Riigi Teataja. | 2026-08-16: Cache was stale (predated the 2026-08-09 citation repoint); refreshed cache now matches the already-correct website URL (Riigi Teataja Cybersecurity Act text).",RIA (Estonian Information System Authority),NIST-SP-800-131A-Rev3,,,compliance_framework,https://www.riigiteataja.ee/en/eli/ee/523052018003/consolide/current,compliance/EE-CSA.html,ria-ee,yes,RIA,url_authoritative,85,cswp39:governance,52;54;51;92,active,,,,2026-08-16
IE-NCSC,Ireland NCSC PQC Guidance + NIS2 Transposition,Irish National Cyber Security Centre PQC guidance plus NIS2 transposition via the National Cyber Security Bill 2024 — enforced by NCSC-IE under DECC; aligns with ENISA PQC guidelines and EUCC.,Finance & Insurance;Information Technology;Government & Defense,52;54;51;92,IE,no,Ongoing,ongoing,,"NCSC-IE published the 2023 ""Quantum Threat to Cryptography"" advisory recommending that public-sector and CII operators begin crypto inventory and PQC readiness work. Ireland transposed NIS2 via the National Cyber Security Bill 2024 (assented 2025) with a ""state of the art"" cryptography duty that explicitly contemplates PQC migration. NCSC-IE coordinates with ENISA, NCSC-UK, and BSI on cross-border guidance. | requires_pqc guidance -> no 2026-08-09. Both halves of this row's claim fail. (a) Ireland's NCSC publishes no PQC guidance: on the NCC-IE research page, quantum-resistant cryptography appears only as Priority Research Area 9 — open questions ('What implications will quantum-resistant cryptography have on existing tech?'), explicitly framed as areas where 'new evidence, methods, and insight would be of significant value to the State'. (b) NIS2 is not transposed: the National Cyber Security Bill 2024 was still unenacted and the European Commission issued Ireland a reasoned opinion in May 2025 for failure to notify transposition. Citation repointed to the published General Scheme, which is what actually exists. | Citation repointed 2026-08-09 off the NCSC-IE homepage onto the published General Scheme of the National Cyber Security Bill 2024 — the only Irish instrument that exists here. | 2026-08-16: Cache was stale (predated the 2026-08-09 citation repoint); refreshed cache now matches the already-correct website URL (gov.ie General Scheme page).",NCSC-IE (under DECC),NIST-SP-800-131A-Rev3,,,compliance_framework,https://www.gov.ie/en/department-of-justice-home-affairs-and-migration/publications/general-scheme-of-the-national-cyber-security-bill-2024/,compliance/IE-NCSC.pdf,ncsc-ie,yes,NCSC-IE,url_authoritative,85,cswp39:governance,52;54;51;92,active,,,,2026-08-16
BE-NIS2,Belgium NIS2 Transposition + CCB Cybersecurity Strategy,Belgian NIS2 transposition (Law of 26 April 2024) + the Centre for Cybersecurity Belgium (CCB) Cybersecurity Strategy 2.0 — covers essential and important entities with explicit reference to post-quantum migration.,Finance & Insurance;Information Technology;Government & Defense,52;54;51;92,BE,guidance,Ongoing,ongoing,,"Belgium transposed NIS2 via the Law of 26 April 2024 (effective 18 October 2024) with the CCB as competent authority. The CCB Cybersecurity Strategy 2.0 (2021-2025) names post-quantum cryptography as a strategic axis; the CCB has published organisational guidance for crypto-agility inventories. Belgium also hosts the EU institutions which themselves run PQC pilots under the Commission DG DIGIT. | Citation repointed 2026-08-09 off the CCB homepage onto the CCB's NIS2 regulation page covering the Law of 26 April 2024 (published Moniteur belge 17 May 2024, in force 18 October 2024). Retrieved 2026-08-09 through the resilient fetcher (curl_cffi/chrome124, HTTP 200, 60,442 bytes); a plain fetcher gets 403 from the WAF.",CCB (Centre for Cybersecurity Belgium),NIST-SP-800-131A-Rev3,,,compliance_framework,https://ccb.belgium.be/regulation/nis2,compliance/BE-NIS2.pdf,ccb-be,yes,CCB,url_authoritative,85,,52;54;51;92,active,,,NIS2,2026-08-09
AT-NIS2,Austria NIS2 Transposition + A-SIT Guidance,Austrian NIS2 transposition (NISG 2024) + A-SIT (Zentrum für sichere Informationstechnologie - Austria) guidance — covers operators of essential and important services; A-SIT is the recognised national crypto-evaluation body.,Finance & Insurance;Information Technology;Government & Defense,52;54;51;92,AT,guidance,Ongoing,ongoing,,"Austria transposed NIS2 via NISG 2024 with the Bundesministerium für Inneres (BMI) as competent authority and BKA as policy lead. A-SIT (jointly funded by BMF, BKA, and TU Graz) provides crypto-evaluation services for the national A-Trust QTSP and the Bürgerkarte ecosystem; A-SIT tracks ETSI/BSI PQC guidance and supports A-Trust PQC readiness planning. No fixed PQC deadline; ENISA / ETSI alignment is the operative reference. | Citation repointed 2026-08-09 off the A-SIT homepage onto the consolidated federal text of the Netz- und Informationssystemsicherheitsgesetz in RIS. | 2026-08-16: Cache was stale (predated the 2026-08-09 citation repoint); refreshed cache now matches the already-correct website URL (RIS consolidated NISG text).",BMI; A-SIT,NIST-SP-800-131A-Rev3,,,compliance_framework,https://www.ris.bka.gv.at/GeltendeFassung.wxe?Abfrage=Bundesnormen&Gesetzesnummer=20010536,compliance/AT-NIS2.html,asit-at,yes,A-SIT,url_authoritative,85,cswp39:assurance;cswp39:governance,52;54;51;92,active,,,,2026-08-16
PL-NCSC,Poland Cyber Security Act + NASK PQC Program,"Polish National Cybersecurity System Act (2018, NIS2 amendment 2024) — enforced by Ministry of Digital Affairs with NASK as the national CERT/research body; tracks NIST PQC for public-sector adoption.",Finance & Insurance;Information Technology;Government & Defense,52;54;51;92,PL,guidance,Ongoing,ongoing,,"Poland transposed NIS2 via a 2024 amendment to the Cybersecurity Act (Ustawa o krajowym systemie cyberbezpieczeństwa). CSIRT NASK and CSIRT GOV publish technical guidance for public-sector cryptography; NASK research division participates in EU PQC projects (PQ-REACT, EuroQCI) and the national Quantum Communications Infrastructure (PIONIER-Q) pilot. No explicit PQC deadline but public-sector procurement is expected to require crypto-agility from 2027. | Citation repointed 2026-08-09 off the NASK homepage onto the Act itself (ustawa o krajowym systemie cyberbezpieczenstwa, Dz.U. 2018 poz. 1560) in ISAP. Note for the next refresh: the Act was amended again on 23 January 2026 (Dz.U. 2026 poz. 252), so the row's 'NIS2 amendment 2024' framing is now a revision behind. | 2026-08-16: Cache was stale and the ISAP HTML page is WAF-blocked; replaced with the Act's official PDF text fetched via ISAP's own download endpoint.",Ministry of Digital Affairs; NASK,NIST-SP-800-131A-Rev3,,,compliance_framework,https://isap.sejm.gov.pl/isap.nsf/download.xsp/WDU20180001560/O/D20181560.pdf,compliance/PL-NCSC.pdf,nask-pl,yes,NASK,url_authoritative,85,cswp39:governance,52;54;51;92,active,,,,2026-08-16
CO-LEY1581,Colombia Habeas Data Law 1581/2012,Colombia Statutory Law 1581 of 2012 (Habeas Data) plus Decree 1377/2013 — enforced by SIC (Superintendencia de Industria y Comercio); requires adequate technical measures for personal-data security.,Finance & Insurance;Information Technology;Government & Defense,52;54;51;92,CO,no,Ongoing,ongoing,,SIC has issued external Circulares on accountability and security (including Circular 003 of 2018) that reference internationally recognised cryptography. MinTIC and ColCERT track NIST PQC outputs; the 2023 National Digital Security Policy (CONPES 3995) flags post-quantum readiness as a forward-looking priority for critical infrastructure and the digital-trust framework. | Citation repointed 2026-08-09 off the SIC homepage onto the official text of Ley 1581 de 2012 in the Gestor Normativo.,SIC; MinTIC; ColCERT,NIST-SP-800-131A-Rev3,,,compliance_framework,https://www.funcionpublica.gov.co/eva/gestornormativo/norma.php?i=49981,compliance/CO-LEY1581.html,sic-co,yes,SIC,url_authoritative,85,,52;54;51;92,active,,,,2026-08-16
PE-LDP,Peru Personal Data Protection Law (Law 29733),Peru Law No. 29733 on Personal Data Protection (2011) + Supreme Decree 003-2013-JUS — enforced by ANPD; requires technical security measures including encryption for sensitive personal data.,Finance & Insurance;Information Technology;Government & Defense,52;54;51;92,PE,no,Ongoing,ongoing,,ANPD (Autoridad Nacional de Protección de Datos Personales) operates under the Ministerio de Justicia and publishes security guidance referencing ISO 27001 and NIST SP 800-53 control families. PCM-SeGDi (Secretaría de Gobierno y Transformación Digital) leads national digital-trust strategy and tracks NIST PQC outputs through the Peru-OECD Going Digital review. No explicit PQC deadline. | 2026-08-16: Cache held the ANPD agency homepage; replaced with the actual Ley 29733 text PDF.,ANPD (Peru); PCM-SeGDi,NIST-SP-800-131A-Rev3,,,compliance_framework,https://cdn.www.gob.pe/uploads/document/file/2011398/Ley%20N%C2%BA%2029733%20-%20Ley%20de%20protecci%C3%B3n%20de%20datos%20personales.pdf.pdf,compliance/PE-LDP.pdf,anpd-pe,yes,ANPD,url_authoritative,85,,52;54;51;92,active,,,,2026-08-16
UY-LPDP,Uruguay Personal Data Protection Law (Law 18.331),Uruguay Law 18.331 on Protection of Personal Data + URCDP guidance — enforced by the Personal Data Regulation and Control Unit (URCDP) within AGESIC; Uruguay holds an EU adequacy decision since 2012.,Finance & Insurance;Information Technology;Government & Defense,52;54;51;92,UY,no,Ongoing,ongoing,,URCDP guidance under Law 18.331 requires controllers to apply technical security measures proportionate to risk; AGESIC (Agencia para el Gobierno Electrónico y la Sociedad de la Información) operates the national PKI (raíz nacional) and tracks NIST PQC outputs for inclusion in the next root-CA refresh cycle. Uruguay is the only Latin-American country with an EU GDPR adequacy decision (renewed 2024) which provides an additional channel for aligning on ENISA PQC guidance. | 2026-08-16: Cache held the URCDP agency homepage; replaced with the actual Ley 18.331 text on the official IMPO legal database.,URCDP; AGESIC,NIST-SP-800-131A-Rev3,,Uruguay:AGESIC,compliance_framework,https://www.impo.com.uy/bases/leyes/18331-2008,compliance/UY-LPDP.html,urcdp-uy,yes,AGESIC,url_authoritative,85,cswp39:lifecycle,52;54;51;92,active,,,,2026-08-16
RU-TC26,Russia GOST Cryptography (TC 26),"Russian national cryptographic standards maintained by Technical Committee 26 (TC 26) of Rosstandart under FSB oversight — GOST R 34.10-2012 (signatures), GOST R 34.11-2012 (Streebog), GOST R 34.12-2015 (Kuznyechik/Magma).",Finance & Insurance;Information Technology;Government & Defense,52;54;51;92,RU,no,Ongoing,ongoing,,"Russia operates a separate national crypto regime: products sold into Russian regulated sectors must use FSB-certified GOST algorithms, not NIST. TC 26 has published draft post-quantum work items but no formal PQ-GOST has been standardised as of 2026; recent academic output focuses on hash-based and code-based candidates. Western PQC adoption is unlikely to apply to Russian regulated procurement. | 2026-08-16: Upgraded from the general TC26 standards index to the National Standards sub-page that names the specific GOST standards the row cites.",FSB; TC 26 (Rosstandart),NIST-SP-800-131A-Rev3,,Russia:TC26,compliance_framework,https://tc26.ru/standarts/natsionalnye-standarty/,compliance/RU-TC26.html,tc26-ru,yes,TC 26,url_authoritative,60,cswp39:governance,52;54;51;92,active,,,,2026-08-16
TR-KVKK,"Turkey Personal Data Protection Law (KVKK, Law 6698)","Turkey Personal Data Protection Law No. 6698 (KVKK, 2016) — enforced by the Personal Data Protection Authority (KVK Kurumu); requires technical security measures including encryption.",Finance & Insurance;Information Technology;Government & Defense,52;54;51;92,TR,no,Ongoing,ongoing,,KVKK aligned closely with EU Directive 95/46/EC and partial GDPR-style amendments were adopted in 2024 (Law 7499). KVKK Board Decision 2018/10 requires controllers to apply technical measures including encryption for sensitive personal data. BTK (Bilgi Teknolojileri ve İletişim Kurumu) regulates telecoms cryptography; TÜBİTAK BİLGEM publishes national cryptography guidance and is the lead research body tracking NIST PQC selections. No formal PQC mandate yet. | Citation repointed 2026-08-09 off the KVKK homepage onto the authority's own English text of Personal Data Protection Law No. 6698. | 2026-08-16: Cache was stale (predated the 2026-08-09 citation repoint); refreshed cache now matches the already-correct website URL (KVKK's own Law 6698 English text).,KVK Kurumu; BTK; TÜBİTAK BİLGEM,NIST-SP-800-131A-Rev3,,,compliance_framework,https://www.kvkk.gov.tr/Icerik/6649/Personal-Data-Protection-Law,compliance/TR-KVKK.html,kvkk-tr,yes,KVK Kurumu,url_authoritative,85,cswp39:governance,52;54;51;92,active,,,,2026-08-16
faa-ac-119-1-ansp,FAA AC 119-1: Aircraft Network Security Program,Advisory Circular describing an acceptable means for obtaining operational authorization for an aircraft certified with a special condition related to the security of the onboard computer network.,Critical Manufacturing,Aerospace,US,no,Ongoing,ongoing,,"This AC is not mandatory and does not constitute a regulation. It does not cover physical security of the aircraft or surrounding area. It applies to 14 CFR parts 121, 121/135, 125, and 129 operators.",Federal Aviation Administration,,,,compliance_framework,https://www.faa.gov/documentLibrary/media/Advisory_Circular/AC_119-1.pdf,compliance/faa-ac-119-1-ansp.pdf,faa,no,,url_authoritative,100,,33,active,,,RTCA-DO-355A,
etsi-tr-103949-qsc-migration,ETSI TR 103 949 QSC Migration Study,"A technical report studying the migration of Intelligent Transport Systems (ITS) and Cooperative ITS (C-ITS) to Quantum-Safe Cryptography, applying the methodology of ETSI TR 103 619.",Automotive;Transportation,,PQC-REGION-EU,no,,,,"This is a Technical Report (TR) providing a migration study and methodology application, not a binding regulatory mandate. It outlines stages for inventory and preparation but does not set a legal deadline.",ETSI,,,,compliance_framework,https://www.etsi.org/deliver/etsi_tr/103900_103999/103949/01.01.01_60/tr_103949v010101p.pdf,,,no,,url_authoritative,95,cswp39:lifecycle,,deprecated,2026-05-18,"low-value: requires_pqc=no, no URL, non-binding study; superseded by ETSI-TS103744",ETSI TR 103 619,
eur-lex-42021x0387-pqc,EU PQC Compliance Record (Invalid Source),"The provided document text consists of raw PDF binary data and object streams, containing no readable regulatory text regarding post-quantum cryptography or automotive standards.",Automotive,,PQC-REGION-EU;JP;KR;AU,unknown,,,,"The input text is a raw PDF file structure (objects, streams, xref tables) and does not contain human-readable content. No PQC requirements can be extracted from binary data.",,,,,compliance_framework,https://eur-lex.europa.eu/legal-content/EN/TXT/PDF/?uri=CELEX:42021X0387,,,no,,url_authoritative,0,,,deprecated,2026-05-18,invalid-source: extraction flagged as invalid; zero confidence,,
common-criteria-v3.1r5-part1,Common Criteria for Information Technology Security Evaluation (CC v3.1),"Part 1 of the Common Criteria provides the introduction and general model for the security evaluation of IT products, defining the framework for assessing security claims.",Information Technology;Government & Defense,Technology;Government & Defense,AU;CA;FR;DE;JP;NL;NZ;KR;ES;SE;GB;US,no,Ongoing,ongoing,,The provided text is Part 1 (Introduction and general model) of CC v3.1 Revision 5. It defines the evaluation model and terminology but does not contain specific cryptographic algorithm mandates or post-quantum cryptography requirements. PQC requirements would typically be found in specific Protection Profiles or later revisions/updates not present in this text.,"Common Criteria Recognition Arrangement (CCRA) members including ASD, CSE, ANSSI, BSI, IPA, NCCSA, GCSB, NSRI, MAP/CCN, FMV, NCSC, NSA/NIST",,,,technical_standard,https://www.commoncriteriaportal.org/files/ccfiles/CCPART1V3.1R5.pdf,compliance/common-criteria-v3.1r5-part1.pdf,ccra,no,,url_authoritative,95,cswp39:assurance,51;54;92,active,,,ISO/IEC 15408,
cisa-pqc-initiative,CISA Post-Quantum Cryptography Initiative,CISA's initiative to unify efforts with interagency and industry partners to address threats posed by quantum computing and support the transition to post-quantum cryptography for critical infrastructure and government networks.,Government & Defense;Critical Manufacturing;Information Technology;Energy & Utilities;Transportation;Finance & Insurance;Healthcare & Life Sciences;Educational Services;Retail Trade;Food & Agriculture;Chemical,Government & Defense; Critical Manufacturing; Telecommunications; Technology; Energy & Utilities; Transportation Systems; Finance & Banking; Healthcare; Education; Retail & E-Commerce; Food & Agriculture; Chemical; Aerospace; Automotive,US,guidance,Ongoing,ongoing,,"CISAs PQC Initiative coordinates U.S. interagency and critical-infrastructure migration to the NIST PQC standards (FIPS 203/204/205, finalized Aug 2024). CISA issues advisory guidance — inventory cryptographic systems, prioritize high-impact assets, and plan migration now — but does not itself impose a mandate.",CISA,US-CISA-ACDI-Strategy-2024;US-CISA-PQC-OT-2024;CISA-Quantum-Readiness-Roadmap,,United States:CISA,compliance_framework,https://www.cisa.gov/quantum,compliance/cisa-pqc-initiative.pdf,cisa,no,,url_authoritative,95,cswp39:governance;cswp39:lifecycle,92;33;51;54;22;48;52;62;61;44;11;32,active,,,NIST Post-Quantum Cryptography Standards;DHS Post-Quantum Cryptography Roadmap,
oscca-cryptographic-regulations-cn,China State Cryptography Administration Regulations,"The document outlines the regulatory framework for commercial cryptography in China, including the revised 'Regulations on the Administration of Commercial Cryptography' and specific management provisions for cryptographic use in critical information infrastructure.",Public Administration;Information Technology;Professional & Technical Services,Government & Defense;Technology,CN,expected,Ongoing (ICCS PQC algorithm call 2025; ~2035 national goal),ongoing,,China's SCA/OSCCA governs commercial cryptography; revised Commercial Cryptography regulations took effect 1 July 2023. The Institute of Commercial Cryptography Standards (ICCS) issued a national PQC algorithm call (Feb 2025); broad PQC deployment is targeted ~2035. No published GB/T PQC algorithm standard yet.,State Cryptography Administration (OSCCA),,,China:ICCS,compliance_framework,http://www.oscca.gov.cn/,compliance/oscca-cryptographic-regulations-cn.html,oscca-cn,no,,url_authoritative,95,cswp39:governance,92;51;54,deprecated,2026-08-14,deprecation-sweep (unspecified): cites a site root (http://www.oscca.gov.cn/) rather than a document; resolved title '国家密码管理局' — repoint at the actual document; a homepage cannot evidence a claim,SM9;ISO/IEC International Standard,
bsi-cc-certification,BSI Common Criteria Certification,"The BSI issues security certificates for IT products based on Common Criteria (CC) or ITSEC, involving technical testing by accredited laboratories and evaluation by the certification body.",Information Technology;Government & Defense,Technology;Government & Defense,DE,no,Ongoing,ongoing,,"The document describes the general certification process for IT security products under Common Criteria. It does not explicitly mandate Post-Quantum Cryptography (PQC) adoption, nor does it specify PQC algorithms. It mentions mutual recognition arrangements for certificates based on ITSEC or CC.",Federal Office for Information Security (BSI),,,Germany:BSI,compliance_framework,https://www.bsi.bund.de/EN/Themen/Unternehmen-und-Organisationen/Standards-und-Zertifizierung/Zertifizierung-und-Anerkennung/Zertifizierung-von-Produkten/Zertifizierung-nach-CC/zertifizierung-nach-cc_node.html,compliance/bsi-cc-certification.pdf,bsi,no,,url_authoritative,95,cswp39:assurance,51;54;92,active,,,Common Criteria (CC);ITSEC,2026-08-16
etsi-ts-104-015-qsc-hybrid-key-exchange,ETSI TS 104 015: Quantum-Safe Hybrid Key Exchanges,"Technical specification defining efficient quantum-safe hybrid key exchanges with hidden access policies, including Hybrid Traceable KEMAC and NIKE-based KEMs.",Information Technology,Telecommunications;Technology,PQC-REGION-EU,guidance,Published v1.1.1 (Feb 2025),fixed,2025,"This is a Technical Specification (TS), not a mandatory regulatory directive. It defines cryptographic primitives and mechanisms for quantum-safe cryptography but does not impose a legal compliance deadline. | requires_pqc yes->guidance 2026-08-09 (R6 body_type rule, extended to technical_standard). A specification specifies; it does not oblige anyone to adopt it. The obligation to deploy PQC comes from CNSA 2.0, the OMB memoranda and the executive orders, which are their own rows. Left as 'yes' this row asserted that a standards document mandates compliance.",ETSI,ETSI-TS-104-015,,,technical_standard,https://www.etsi.org/deliver/etsi_ts/104000_104099/104015/01.01.01_60/ts_104015v010101p.pdf,compliance/etsi-ts-104-015-qsc-hybrid-key-exchange.pdf,etsi,no,,url_authoritative,95,cswp39:lifecycle,51;54,active,,,FIPS-203;RFC 7748;FIPS-180-4;FIPS 202;ISO/IEC 18033-2:2006,
eu-2022-2554-cyber-resilience-act,EU Cyber Resilience Act,"Regulation (EU) 2024/2847 establishes harmonised rules for the cybersecurity of products with digital elements, requiring manufacturers to ensure security by design and by default, including protection against cryptographic vulnerabilities.",Finance & Insurance;Information Technology;Telecommunications;Energy & Utilities;Automotive;Healthcare & Life Sciences;Retail Trade,,PQC-REGION-EU,partial,2027,,,"The regulation mandates high-level cybersecurity requirements for products with digital elements. While it does not explicitly mandate Post-Quantum Cryptography (PQC) by name, it requires products to be free from known vulnerabilities and to maintain security against emerging threats, which implies a need for quantum-resistant measures as they become standard. The hint indicates a focus on Finance & Banking, likely due to the critical nature of financial infrastructure products.",European Commission; National Market Surveillance Authorities,,,,compliance_framework,https://eur-lex.europa.eu/legal-content/EN/TXT/PDF/?uri=CELEX:32022R2554,,,no,,url_authoritative,85,cswp39:governance,,deprecated,2026-05-18,duplicate: EU-CRA is the canonical EU Cyber Resilience Act record; CELEX:32022R2554 is DORA not CRA,,
eu-cyber-resilience-act-2022,EU Cyber Resilience Act,"Regulation (EU) 2024/1062 on horizontal cybersecurity requirements for products with digital elements, mandating security-by-design and lifecycle management.",Finance & Insurance;Healthcare & Life Sciences;Government & Defense;Telecommunications;Energy & Utilities;Information Technology;Educational Services;Automotive;Aerospace;Retail Trade;Chemical;Critical Manufacturing;Food & Agriculture;Transportation,,PQC-REGION-EU,unknown,2027,,,"The provided text is raw PDF binary data and does not contain readable regulatory text. The document URL corresponds to the Cyber Resilience Act. While the Act mandates high-level security, it does not explicitly mandate Post-Quantum Cryptography in the provided snippet or general text, making PQC requirement status unknown based strictly on the source.",European Commission,,,,compliance_framework,https://eur-lex.europa.eu/legal-content/EN/TXT/PDF/?uri=CELEX:32022L2555,,,no,,url_authoritative,10,cswp39:governance;cswp39:lifecycle,,deprecated,2026-05-18,duplicate: EU-CRA is the canonical EU Cyber Resilience Act record,,
fca-operational-resilience-uk,FCA Operational Resilience Requirements,"Mandates that in-scope financial firms identify important business services, set impact tolerances, and ensure they can operate within those tolerances during disruptions.",Finance & Insurance,,GB,no,2025,,,"The document focuses on general operational resilience, mapping, and testing. It does not explicitly mandate post-quantum cryptography (PQC) adoption, though it requires firms to manage vulnerabilities.",Financial Conduct Authority,,,,compliance_framework,https://www.fca.org.uk/firms/operational-resilience,compliance/fca-operational-resilience-uk.html,fca,no,,url_authoritative,100,,,deprecated,2026-07-16,"Own extracted text confirms: ""does not explicitly mandate post-quantum cryptography adoption"" — not PQC-related despite valid evidence.",,
cert-in-directions-70b-2022,CERT-In Directions on Cyber Incident Reporting and Security Practices,"Mandatory directions issued by CERT-In under Section 70B of the IT Act 2000 requiring entities to synchronize clocks, report cyber incidents within 6 hours, maintain logs for 180 days, and register specific data for cloud/VPN providers.",Government & Defense;Information Technology;Finance & Insurance,Government & Defense;Technology;Finance & Banking;Telecommunications,IN,no,2022-04-28,fixed,2022,"The document mandates general cybersecurity hygiene (NTP sync, incident reporting, log retention) but does not explicitly mandate Post-Quantum Cryptography (PQC) algorithms. It references 'public keys' in the context of virtual asset transaction records but does not specify algorithmic standards or quantum resistance.",Indian Computer Emergency Response Team (CERT-In),,,India:CERT-In,compliance_framework,https://www.cert-in.org.in/PDF/CERT-In_Directions_70B_28.04.2022.pdf,compliance/cert-in-directions-70b-2022.pdf,cert-in,no,,url_authoritative,100,,92;51;54;52,active,,,Information Technology Act;2000;Information Technology (The Indian Computer Emergency Response Team and Manner of performing functions and duties) Rules;2013,
jisec-japan-it-security-evaluation,JISEC,Japan Information Technology Security Evaluation and Certification Scheme (JISEC) is a scheme under which third-party evaluation facilities evaluate whether IT product security is effective and reliably implemented in accordance with ISO/IEC 15408.,Information Technology,,JP,no,,,,The document describes the JISEC scheme and its alignment with ISO/IEC 15408 (Common Criteria). It does not explicitly mandate Post-Quantum Cryptography (PQC) in the provided text.,"Information-technology Promotion Agency, Japan (IPA)",,,,compliance_framework,https://www.ipa.go.jp/security/jisec/jisec_e/index.html,,,no,,url_authoritative,95,cswp39:assurance,,deprecated,2026-05-18,"stub: no description, no URL, no PQC content extractable",ISO/IEC 15408,
mas-technology-risk-management-guidelines,MAS Guidelines on Risk Management Practices – Technology Risk,Risk management principles and best practice standards to guide financial institutions in managing technology risk.,Finance & Insurance,,SG,no,,,,The provided text contains navigation menus and metadata but does not contain specific technical requirements for post-quantum cryptography. It defines the scope as technology risk management for various financial entities.,Monetary Authority of Singapore,,,,compliance_framework,https://www.mas.gov.sg/regulation/guidelines/technology-risk-management-guidelines,compliance/mas-technology-risk-management-guidelines.html,mas-singapore,no,,url_authoritative,95,,,deprecated,2026-07-16,"Own extracted text confirms: ""does not contain specific technical requirements for post-quantum cryptography"" — not PQC-related despite valid evidence.",,
occ-bulletin-2024-23-pqc,OCC Bulletin 2024-23: Cybersecurity Risk Management Related to Post-Quantum Cryptography,"The OCC issues guidance requiring banking organizations to assess and manage cybersecurity risks associated with the transition to post-quantum cryptography (PQC), including inventorying cryptographic assets and planning for migration.",Finance & Insurance,Finance & Banking,US,yes,ongoing,ongoing,,"The document provides supervisory guidance rather than a specific statutory deadline, urging institutions to begin risk assessments and migration planning immediately to address the 'harvest now, decrypt later' threat.",Office of the Comptroller of the Currency (OCC),,,,compliance_framework,https://www.occ.gov/news-issuances/bulletins/2024/bulletin-2024-23.html,,occ,no,,url_authoritative,95,cswp39:governance;cswp39:inventory;cswp39:lifecycle,52,deprecated,2026-08-09,"FABRICATED REGULATORY CLAIM. This row asserted 'OCC Bulletin 2024-23: Cybersecurity Risk Management Related to Post-Quantum Cryptography' with requires_pqc=yes. Verified 2026-08-09 against the OCC directly: Bulletin 2024-23 (issued 2024-08-15) is titled 'Accounting: Bank Accounting Advisory Series Updated' and concerns bank accounting FAQs. The OCC's own 2024 bulletins index lists NO 2024 bulletin addressing post-quantum cryptography, quantum computing or cryptographic transition, and the cited URL (occ.gov/news-issuances/bulletins/2024/bulletin-2024-23.html) 404s. No cached proof ever existed for this row. Attributing a PQC mandate to a named US federal banking regulator that never issued one is the most damaging error this catalog can make.",NIST PQC Standards,
rbi-cyber-security-framework-2016,RBI Cyber Security Framework in Banks,"A regulatory framework issued by the Reserve Bank of India mandating scheduled commercial banks to implement a robust cyber security policy, establish Security Operations Centres, and enhance resilience against cyber threats.",Finance & Insurance,Finance & Banking,IN,no,2016,fixed,2016,"The document mandates the implementation of a cyber security framework and the establishment of a Security Operations Centre (SOC) by September 30, 2016. It does not explicitly mention post-quantum cryptography (PQC) or quantum-resistant algorithms.",Reserve Bank of India,,,India:RBI,compliance_framework,https://www.rbi.org.in/scripts/NotificationUser.aspx?Id=10435,compliance/rbi-cyber-security-framework-2016.html,rbi,no,,url_authoritative,100,cswp39:governance,52,active,,,,2026-08-16
cyber-resilience-act-2024-2847,Cyber Resilience Act (CRA),"Regulation (EU) 2024/2847 establishes horizontal cybersecurity requirements for products with digital elements placed on the EU market, mandating risk management, vulnerability handling, and security updates throughout the product lifecycle.",Retail Trade;Information Technology;Automotive;Energy & Utilities;Telecommunications,,PQC-REGION-EU,unknown,2027,,,The provided text is limited to PDF metadata and binary streams. It confirms the document is the Cyber Resilience Act but does not contain the legislative text to verify specific Post-Quantum Cryptography (PQC) mandates. PQC requirements are not explicitly stated in the available metadata.,European Commission; National Market Surveillance Authorities,,,,compliance_framework,https://eur-lex.europa.eu/legal-content/EN/TXT/PDF/?uri=CELEX:32024R2847,,CELEX:32024R2847,no,,url_authoritative,95,cswp39:governance;cswp39:lifecycle,,deprecated,2026-05-18,duplicate: EU-CRA is the canonical EU Cyber Resilience Act record,,
nca-sa-404-error,NCA 404 Error Page,"The provided text is an error page indicating the requested content was not found, containing only generic site navigation and footer information.",Government & Defense,,SA,unknown,,,,"The document text is a 'Page Not Found' error from the National Cybersecurity Authority website. It contains no regulatory mandates, only standard website footer links and a registration number.",National Cybersecurity Authority,,,,compliance_framework,https://nca.gov.sa/en/regulations,,,no,,url_authoritative,0,,,deprecated,2026-05-18,scraper-404: source page returned 404; no regulatory content,,
fda-pqc-compliance-framework,FDA Post-Quantum Cryptography Compliance,"The document text provided consists of raw PDF binary data and compressed streams, containing no readable regulatory text, mandates, or PQC requirements.",Healthcare & Life Sciences,,US,unknown,,,,"The source text is unreadable binary data (PDF stream objects). No regulatory content could be extracted. The URL suggests an FDA document, but the content does not support any specific PQC mandate extraction.",FDA,,,,compliance_framework,https://www.fda.gov/media/119933/download,,,no,,url_authoritative,0,,,deprecated,2026-05-18,invalid-source: PDF binary unreadable by scraper; zero confidence,,
nerc-cip-005-7,NERC CIP-005-7,A NERC Reliability Standard mandating the management of electronic access to Bulk Electric System (BES) Cyber Systems by specifying controlled Electronic Security Perimeters to protect against compromise leading to misoperation or instability.,Energy & Utilities,,US,no,See Implementation Plan for Project 2019-03,,,"Applies to Responsible Entities including Balancing Authorities, Generator Operators, Transmission Operators, and specific Distribution Providers. Exempts assets regulated by the Canadian Nuclear Safety Commission or the Nuclear Regulatory Commission under 10 C.F.R. Section 73.54.",North American Electric Reliability Corporation (NERC),,,,compliance_framework,https://www.nerc.com/pa/Stand/Reliability%20Standards/CIP-005-7.pdf,,,no,,url_authoritative,100,,,deprecated,2026-06-08,Overlaps NERC-CIP parent entry; specific sub-standard not separately tracked,CIP-002,
popia-south-africa,Protection of Personal Information Act (POPIA),"South African legislation regulating the processing of personal information, establishing conditions for lawful processing, data subject rights, and security safeguards.",Government & Defense;Finance & Insurance;Healthcare & Life Sciences;Telecommunications;Information Technology;Retail Trade,,ZA,no,,,,The document mandates security safeguards for personal information but does not explicitly require post-quantum cryptography. It focuses on general integrity and confidentiality measures.,Information Regulator,,,,compliance_framework,https://popia.co.za/,,,no,,url_authoritative,100,,,deprecated,2026-06-08,Duplicate of ZA-POPIA (canonical POPIA entry),,
gsma-pq-01,GSMA PQ.01: Post-Quantum Telco Network Impact Assessment,"Foundational GSMA whitepaper analysing quantum-computing dependencies and timelines for a responsible industry transition to quantum-safe technology in telecoms. Covers PQC technology and standards, business processes, security architecture, policy and regulation across mobile network domains.",Information Technology,Telecommunications,PQC-REGION-GLOBAL,no,v1.0 (2023),fixed,2023,"Foundational impact-assessment document underpinning PQ.02 (risk management) and PQ.03 (guidelines). Published by the GSMA Post Quantum Telco Network Task Force. Covers 2G/3G/4G/5G domains, identifies high-risk cryptographic protocol areas, and provides a phased timeline recommendation for migration.",GSMA,GSMA-PQ01,,International:GSMA,technical_standard,https://www.gsma.com/solutions-and-impact/technologies/security/gsma_resources/post-quantum-telco-network-impact-assessment-whitepaper-pq-01/,compliance/gsma-pq-01.pdf,gsma,yes,GSMA,url_authoritative,90,cswp39:governance;cswp39:lifecycle,51,active,,,GSMA PQ.02;GSMA PQ.03,
gsma-pq-02,GSMA PQ.02: Guidelines for Quantum Risk Management for Telco,"GSMA guidelines for adapting common risk assessment frameworks to perform Quantum Cryptanalytic Risk Assessments (QCRA) for telecom operators. Covers the NIST Risk Management Framework, ISO/IEC 27000 adaptation, Crypto Agility Risk Assessment Framework (CARAF), and telco-specific use cases.",Information Technology,Telecommunications,PQC-REGION-GLOBAL,no,v1.0 (2023),fixed,2023,Practical risk management guidance for MNOs performing quantum readiness assessments. Provides a methodology for QCRA and the Crypto Agility Risk Assessment Framework (CARAF). Bridges PQ.01 impact assessment and PQ.03 operational guidelines. Published Sep 2023.,GSMA,GSMA-PQ02,,International:GSMA,technical_standard,https://www.gsma.com/solutions-and-impact/technologies/security/gsma_resources/guidelines-for-quantum-risk-management-for-telco-pq-02/,compliance/gsma-pq-02.pdf,gsma,yes,GSMA,url_authoritative,90,cswp39:assurance,51,active,,,GSMA PQ.01;GSMA PQ.03,
gsma-pq-03,GSMA PQ.03 v2.0: Post Quantum Cryptography Guidelines for Telecom Use Cases,"Primary GSMA operational guidance document for quantum-safe migration in telecom networks. Version 2.0 (Oct 2024) focuses on migration planning, covering both common aspects and use-case-specific guidance for 5G AKA, TLS, IPSec/IKEv2, SIM/USIM provisioning, and network interconnect. Builds on PQ.01 impact assessment and PQ.02 risk framework.",Information Technology,Telecommunications,PQC-REGION-GLOBAL,guidance,Ongoing,ongoing,,"The most operationally relevant GSMA PQC document for MNOs. v1.0 published Feb 2024; v2.0 published Oct 2024. Covers standalone and hybrid PQC modes, NIST FIPS 203/204/205 algorithm selection, and phased migration roadmap. Liaised to IETF in Feb 2024. Companion government-initiatives tracker updated March 2025. | requires_pqc yes->guidance 2026-08-09 (R6 body_type rule, extended to technical_standard). A specification specifies; it does not oblige anyone to adopt it. The obligation to deploy PQC comes from CNSA 2.0, the OMB memoranda and the executive orders, which are their own rows. Left as 'yes' this row asserted that a standards document mandates compliance. | 2026-08-16: replaced GSMA newsroom landing page with the actual 146-page PQ.03 v2.0 PDF (linked from the same newsroom page's own download button).",GSMA,GSMA PQ.03 PQC Guidelines,,International:GSMA,technical_standard,https://www.gsma.com/newsroom/wp-content/uploads//PQ.03-Post-Quantum-Cryptography-Guidelines-for-Telecom-Use-Cases-v2.0-2.pdf,compliance/gsma-pq-03.pdf,gsma,yes,GSMA,url_authoritative,95,cswp39:governance;cswp39:lifecycle,51,active,,,GSMA PQ.01;GSMA PQ.02;ETSI-TS103744;3GPP-PQC,2026-08-16
3gpp-rel19-pqc-study,3GPP Release 19 SA3: Quantum-Safe Protocol Inventory,"SA3 study completed in 3GPP Release 19 (frozen Dec 2025) inventorying all existing 5G/4G security protocols that are relevant for a future quantum-safe cryptography transition. Identifies cryptographic dependencies across AKA, TLS, IPSec, and inter-network protocols and maps migration priority.",Information Technology,Telecommunications,PQC-REGION-GLOBAL,no,2025-12,fixed,2025,"Release 19 froze December 2025. The SA3 security working group completed a protocol-inventory study item as the prerequisite for the normative PQC work item approved for Release 20. This study establishes the scope and sequencing for quantum-safe algorithm integration into 3GPP specifications. | 2026-08-16: replaced the generic 3GPP Release-19 landing page (no PQC content) with 3GPP TR 33.938 v19.2.0, the actual SA3 cryptographic/protocol inventory this row describes.",3GPP SA3,3GPP-PQC-Study-2025,,Global:3GPP SA3,technical_standard,https://www.3gpp.org/ftp/Specs/archive/33_series/33.938/33938-j20.zip,compliance/3gpp-rel19-pqc-study.docx,etsi-cyber,yes,3GPP SA3,url_authoritative,85,cswp39:inventory;cswp39:lifecycle,51,active,,,3GPP-PQC;3gpp-rel20-pqc,2026-08-16
3gpp-rel20-pqc,3GPP Release 20 SA3: PQC Transition Work Item (Normative),"Approved normative work item in 3GPP Release 20 to specify post-quantum cryptographic algorithm integration across 5G/6G security protocols. Follows the Release 19 inventory study. Will update TS 33.501 (5G security architecture) and related specs to support ML-KEM, ML-DSA, and hybrid modes in AKA, TLS, and IKEv2.",Information Technology,Telecommunications,PQC-REGION-GLOBAL,guidance,"Approved work item, in progress (Rel-20, ~2027 freeze)",fixed,2027,"Release 20 work item approved following R19 protocol inventory. This is the normative (mandatory specification) track — once published, 5G implementations must support the specified quantum-safe algorithms. Coordinates with IETF, ETSI QSC, and GSMA PQ.03. Timeline: R20 freeze expected 2027–2028. | requires_pqc yes->guidance 2026-08-09 (R6 body_type rule, extended to technical_standard). A specification specifies; it does not oblige anyone to adopt it. The obligation to deploy PQC comes from CNSA 2.0, the OMB memoranda and the executive orders, which are their own rows. Left as 'yes' this row asserted that a standards document mandates compliance.",3GPP SA3,3GPP-PQC-Study-2025,,Global:3GPP SA3,technical_standard,https://www.3gpp.org/specifications-technologies/releases/release-20,compliance/3gpp-rel20-pqc.docx,etsi-cyber,yes,3GPP SA3,url_authoritative,85,cswp39:governance;cswp39:lifecycle,51,active,,,3GPP-PQC;3gpp-rel19-pqc-study;GSMA-PQ02;ETSI-TS103744,2026-08-16
FIPS-203,FIPS 203 (ML-KEM),NIST standard for the Module-Lattice-Based Key-Encapsulation Mechanism (ML-KEM); the primary quantum-safe key-establishment algorithm,Government & Defense;Information Technology;Finance & Insurance,92;54;51;52,US;PQC-REGION-GLOBAL,guidance,,none,,"FIPS 203 specifies ML-KEM (derived from CRYSTALS-Kyber). Foundational PQC standard referenced by CNSA 2.0, TLS, SSH, IKEv2 and the GSMA/3GPP/ETSI telecom profiles. | requires_pqc yes->guidance 2026-08-09 (R6 body_type rule, extended to technical_standard). A specification specifies; it does not oblige anyone to adopt it. The obligation to deploy PQC comes from CNSA 2.0, the OMB memoranda and the executive orders, which are their own rows. Left as 'yes' this row asserted that a standards document mandates compliance.",NIST,FIPS 203,,United States:NIST,technical_standard,https://csrc.nist.gov/pubs/fips/203/final,compliance/FIPS-203.pdf,nist-csrc,yes,NIST,url_authoritative,95,cswp39:governance,92;54;51;52,active,,,FIPS-204;FIPS-205;NIST SP 800-227,
FIPS-204,FIPS 204 (ML-DSA),NIST standard for the Module-Lattice-Based Digital Signature Algorithm (ML-DSA); the primary quantum-safe digital signature,Government & Defense;Information Technology;Finance & Insurance,92;54;51;52,US;PQC-REGION-GLOBAL,guidance,,none,,"FIPS 204 specifies ML-DSA (derived from CRYSTALS-Dilithium). Basis for PQC certificates, code signing and the CNSA 2.0 signature requirements. | requires_pqc yes->guidance 2026-08-09 (R6 body_type rule, extended to technical_standard). A specification specifies; it does not oblige anyone to adopt it. The obligation to deploy PQC comes from CNSA 2.0, the OMB memoranda and the executive orders, which are their own rows. Left as 'yes' this row asserted that a standards document mandates compliance.",NIST,FIPS 204,,United States:NIST,technical_standard,https://csrc.nist.gov/pubs/fips/204/final,compliance/FIPS-204.pdf,nist-csrc,yes,NIST,url_authoritative,95,cswp39:governance,92;54;51;52,active,,,FIPS-205;FIPS-203,
FIPS-205,FIPS 205 (SLH-DSA),NIST standard for the Stateless Hash-Based Digital Signature Algorithm (SLH-DSA); the conservative quantum-safe signature for firmware/code signing,Government & Defense;Information Technology;Finance & Insurance,92;54;51;52,US;PQC-REGION-GLOBAL,guidance,,none,,"FIPS 205 specifies SLH-DSA (derived from SPHINCS+). Hash-based signature with conservative security assumptions; named alongside ML-DSA in CNSA 2.0 for firmware/code signing. | requires_pqc yes->guidance 2026-08-09 (R6 body_type rule, extended to technical_standard). A specification specifies; it does not oblige anyone to adopt it. The obligation to deploy PQC comes from CNSA 2.0, the OMB memoranda and the executive orders, which are their own rows. Left as 'yes' this row asserted that a standards document mandates compliance.",NIST,FIPS 205,,United States:NIST,technical_standard,https://csrc.nist.gov/pubs/fips/205/final,compliance/FIPS-205.pdf,nist-csrc,yes,NIST,url_authoritative,95,cswp39:governance,92;54;51;52,active,,,FIPS-203;FIPS-204;NIST-SP-800-230-ipd,
OMB-M-23-02,OMB M-23-02,US OMB memo 'Migrating to Post-Quantum Cryptography' — mandates federal cryptographic inventories and PQC migration planning,Government & Defense,92,US,yes,2035 (annual prioritized inventories through migration),fixed,2035,"OMB M-23-02 (Nov 2022) directs federal agencies to designate a migration lead, run annual cryptographic inventories of high-impact/HVA systems, and submit prioritized PQC migration plans through 2035. Operationalizes NSM-10. | Verified 2026-08-09 by retrieving the instrument itself. Verdict CONFIRMED yes: binding OMB direction with dated recurring deliverables: agencies ""are required to submit ... an assessment of the funding required to migrate"".",OMB,OMB-M-23-02,,United States:OMB,compliance_framework,https://www.whitehouse.gov/wp-content/uploads/2022/11/M-23-02-M-Memo-on-Migrating-to-Post-Quantum-Cryptography.pdf,compliance/OMB-M-23-02.pdf,omb,yes,OMB,url_authoritative,90,cswp39:assurance;cswp39:governance;cswp39:inventory;cswp39:lifecycle,92,active,,,NSM-10;EO-14028;FIPS 199;NIST SP 800-56A;NIST-SP-800-56B;NIST-SP-800-56C-R2,
NSM-10,NSM-10,US National Security Memorandum 10 — directs the transition to quantum-resistant cryptography while mitigating risks to vulnerable cryptographic systems,Government & Defense,92,US,yes,2035 (national migration goal),fixed,2035:national migration goal,"NSM-10 (May 2022) is the foundational US PQC policy directive; basis for OMB M-23-02 and the NIST NCCoE migration project. Sets the whole-of-government quantum-resistant transition goal. | Verified 2026-08-09 by retrieving the instrument itself. Verdict CONFIRMED yes: presidential directive with ""shall"" taskings; 2035 is a stated goal, correctly labelled.",White House/NSC,NSM-10,,United States:NSA,compliance_framework,https://bidenwhitehouse.archives.gov/briefing-room/statements-releases/2022/05/04/national-security-memorandum-on-promoting-united-states-leadership-in-quantum-computing-while-mitigating-risks-to-vulnerable-cryptographic-systems/,compliance/NSM-10.html,us-white-house,yes,White House/NSC,url_authoritative,90,cswp39:governance;cswp39:inventory;cswp39:lifecycle,92,active,,,NSM-8,2026-08-16
EO-14412,EO 14412,"Executive Order 14412, ""Securing the Nation Against Advanced Cryptographic Attacks"" — the operative US executive order mandating civilian-agency PQC migration",Government & Defense,92,US,yes,2030 (key establishment); 2031 (digital signatures),phased,2030:key establishment;2031:digital signatures,"Executive Order 14412 (signed June 22 2026; Federal Register Vol. 91, No. 121, pp. 38483-38486, FR doc 2026-12909, published June 25 2026). Agencies name a PQC migration lead within 30 days of signing; OMB issues cryptographic-inventory and migration-plan guidance within 90 days. High Value Assets and high-impact federal systems, plus covered contractors, transition to PQC key establishment (FIPS 203 / ML-KEM) by December 31 2030 and to PQC digital signatures (FIPS 204 / ML-DSA) by December 31 2031. Excludes National Security Systems, which remain under CNSA 2.0 / NSA oversight with separate annual reporting through 2027. | Verified 2026-08-09 by retrieving the instrument itself. Verdict CONFIRMED yes: binding ""shall"" taskings with hard dates; FR citation 91 FR 38483 confirmed via the Federal Register API. |  Two note corrections: covered-contractor transition is only a FAR Council 'proposed rule' (Sec. 6(c)), not an obligation in force; and Sec. 5(c) requires annual reporting 'until PQC migration is complete', not 'through 2027' (2027 is the NIST pilot completion date).",OMB,EO-2026-06-22-Securing-the-Nation,,United States:Federal Agencies,compliance_framework,https://www.whitehouse.gov/presidential-actions/2026/06/securing-the-nation-against-advanced-cryptographic-attacks/,compliance/EO-14412.pdf,us-white-house,yes,OMB,url_authoritative,90,cswp39:governance;cswp39:inventory;cswp39:lifecycle,92,active,,,FIPS-140-3-STANDARD; FIPS-203; FIPS 186-5; FIPS 199,2026-08-16
US-QCCPA,Quantum Computing Cybersecurity Preparedness Act,US Public Law 117-260 — requires federal agencies to inventory and migrate IT systems to post-quantum cryptography,Government & Defense,92,US,yes,In force (enacted December 2022),ongoing,2022:in force,"Public Law 117-260 (H.R.7535) codifies the federal PQC inventory and migration duties in statute, anchoring NSM-10 and OMB M-23-02 in binding law. | Verified 2026-08-09 by retrieving the instrument itself. Verdict CONFIRMED yes: statute (Pub. L. 117-260, 6 U.S.C. 1526) - the strongest instrument in the set.",OMB/Congress,QCCPA-2022;US-QCCPA-2022,,United States:OMB,compliance_framework,https://www.congress.gov/bill/117th-congress/house-bill/7535/text,compliance/US-QCCPA.html,us-congress,yes,US Congress,url_authoritative,90,cswp39:governance;cswp39:inventory;cswp39:lifecycle,92,active,,,US Public Law 117-260,
IETF-TLS-MLKEM,IETF Hybrid ML-KEM for TLS 1.3,IETF specification for hybrid post-quantum key exchange in TLS 1.3 (X25519MLKEM768 / draft-ietf-tls-ecdhe-mlkem); deployed across major browsers and CDNs,Information Technology;Finance & Insurance,54;51;52,PQC-REGION-GLOBAL,guidance,,none,,"Defines how ML-KEM (FIPS 203) rides on TLS 1.3 as a hybrid with X25519. Already enabled by Chrome, Firefox and Cloudflare; the de-facto quantum-safe TLS baseline. | requires_pqc yes->guidance 2026-08-09 (R6 body_type rule, extended to technical_standard). A specification specifies; it does not oblige anyone to adopt it. The obligation to deploy PQC comes from CNSA 2.0, the OMB memoranda and the executive orders, which are their own rows. Left as 'yes' this row asserted that a standards document mandates compliance.",IETF,draft-ietf-tls-ecdhe-mlkem-05,,International:IETF,technical_standard,https://datatracker.ietf.org/doc/draft-ietf-tls-ecdhe-mlkem/,compliance/IETF-TLS-MLKEM.html,ietf,yes,IETF,url_authoritative,90,cswp39:assurance;cswp39:governance,54;51;52,active,,,FIPS-203;FIPS 186-5;NIST SP 800-227;NIST SP 800-56A;NIST-SP-800-56C-R2;RFC 7748;RFC-9846-The-Transport-Layer-Security-TLS-Protocol-Version-1;RFC 5869;RFC 9794;RFC 9847;draft-ietf-tls-hybrid-design-16,
OMB-M-26-15,OMB M-26-15,"US OMB memorandum 'Execution of the Migration to Post-Quantum Cryptography' — implements EO 14412, sets a 5-phase agency migration schedule (2026-2035), and requires PQC Migration Plans within 120 days",Government & Defense,92,US,yes,"2030 (key establishment, HVAs); 2031 (digital signatures, HVAs); 2035 (full migration)",phased,"2030:key establishment, hvas;2031:digital signatures, hvas;2035:full migration","OMB Memorandum M-26-15 (June 24 2026; OMB Director Russell T. Vought) implements Executive Order 14412 and fulfills OMB's Quantum Computing Cybersecurity Preparedness Act (QCCPA) responsibility. Agencies must submit PQC Migration Plans to OMB/ONCD within 120 days (October 22 2026) and align with NIST IR 8547. Establishes a 5-phase schedule: Discovery (2026-27), Pilots (2027-28), Key-Establishment Migration (2028-30), Signature Migration (2031), Full Migration (by 2035). Does not apply to national security systems. | Verified 2026-08-09 by retrieving the instrument itself. Verdict CONFIRMED yes: a ""REQUIRED AGENCY ACTIONS"" section: agencies ""must"" execute a prioritized migration.",OMB,OMB-M-26-15;NSM-10;OMB-M-23-02,,United States:OMB,compliance_framework,https://www.whitehouse.gov/wp-content/uploads/2026/06/M-26-15-Execution-of-the-Migration-to-Post-Quantum-Cryptography.pdf,compliance/OMB-M-26-15.pdf,omb,yes,OMB,url_authoritative,90,cswp39:governance;cswp39:inventory;cswp39:lifecycle;cswp39:observability,92,active,,,EO-14412;US-QCCPA;NSM-10;FIPS-203;FIPS-204;FIPS-205;FIPS 186-5;NIST-IR-8547;EO-14306;CISA-PQC-CATEGORY-LIST-2026;NIST CSWP 39;FIPS 206;FIPS-207-HQC;NIST SP 800-56A;NIST-SP-800-56B;NIST-SP-800-56C-R2,
MICA-EU-MARKETS-IN-CRYPTO-ASSE,MiCA (EU Markets in Crypto-Assets Regulation),Found while drafting related_standards for AMF-FR (2026-07-17) -- Regulation (EU) 2023/1114,,,,,,,,,,,,,,https://eur-lex.europa.eu/eli/reg/2023/1114/oj/eng,compliance/MICA-EU-MARKETS-IN-CRYPTO-ASSE.html,,,,,,cswp39:governance,,deprecated,2026-07-17,"Duplicate of existing row 'MICA' (same Regulation (EU) 2023/1114), which was already deprecated 2026-07-16: ""MiCA itself is not a cryptography standard"" -- PQC relevance is indirect/speculative (wallet/custody security), not a direct PQC framework. This stub was created before that existing row was found; not populated as a second active entry. See id=MICA for the canonical (also deprecated) record.",,
E-ITS-ESTONIAN-INFORMATION-SEC,E-ITS (Estonian Information Security Standard),"Found while drafting related_standards for EE-CSA (2026-07-17) -- RIA-published, ISO/IEC 27001-compatible national standard",Government & Defense,92,EE,no,Transition from ISKE completed 2022-12-31 (no forward PQC deadline stated),fixed,2022,"ISO/IEC 27001-compatible national baseline-protection standard (built on German BSI IT-Grundschutz), mandatory for public-sector bodies, voluntary for private use. No PQC/quantum content in the cached page.",RIA (Estonian Information System Authority),,,,technical_standard,https://www.ria.ee/en/cyber-security/management-state-information-security-measures,compliance/E-ITS-ESTONIAN-INFORMATION-SEC.pdf,,,,,30,,92,active,,,ISO/IEC 27001,
CRI-PROFILE-CYBER-RISK-INSTITU,CRI Profile (Cyber Risk Institute),"Found while drafting related_standards for DFS-NYCRR-500 (2026-07-17) -- financial-sector cybersecurity risk framework, aligned to NIST CSF v2",Finance & Insurance,52,,no,Not stated in source,unknown,,"LOW CONFIDENCE: cached evidence is CRI's marketing/registration-gate page for the Profile framework, not the framework document itself (which sits behind a download gate). No PQC/cryptographic control content visible on the cached page. Recommend re-fetching the actual Profile PDF before treating this row as fully verified. | 2026-08-16: replaced CRI's registration-gated download-request page with the ungated 359-page CRI Profile v2.0 Guidebook hosted directly on cyberriskinstitute.org.",Cyber Risk Institute (CRI),,,,compliance_framework,https://cyberriskinstitute.org/wp-content/uploads/2024/02/Final-CRI-Profile-v2.0-Guidebook-Public.-Date-2024.02.29-1.pdf,compliance/CRI-PROFILE-CYBER-RISK-INSTITU.pdf,,,,,30,cswp39:assurance;cswp39:governance;cswp39:inventory;cswp39:lifecycle;cswp39:observability,52,active,,,NIST CSF v2,2026-08-16
CYBERSAKERHETSLAG-SWEDEN-CYBER,"Cybersakerhetslag (Sweden Cybersecurity Act, SFS 2025:1506)","Found while drafting related_standards for MSB-SE-CYB (2026-07-17) -- implements EU NIS2 in Sweden, in force 2026-01-15",Information Technology;Finance & Insurance;Healthcare & Life Sciences;Energy & Utilities;Transportation,54;52;62;22;51;48,SE,expected,In force 2026-01-15,ongoing,2026:in force,"Sweden's NIS2 transposition (SFS 2025:1506). Sector scope is defined by cross-reference to NIS2 Annexes I/II rather than enumerated in-text -- industries/naics here mirror the catalog's existing 'NIS2' row for consistency, not a direct statement in this Swedish text. 2 kap. 3 SS requires 'strategies and procedures for the use of cryptography', a general hygiene obligation with no PQC/quantum-specific language. enforcement_body left blank -- the statute delegates naming the supervisory authority to a future government decision, not stated in-text (likely MSB by analogy to the sibling MSB-SE-CYB row, but not confirmed here).",Not stated in source (statute delegates naming the supervisory authority to a future government decision),,,,compliance_framework,https://www.riksdagen.se/sv/dokument-och-lagar/dokument/svensk-forfattningssamling/cybersakerhetslag-20251506_sfs-2025-1506/,compliance/CYBERSAKERHETSLAG-SWEDEN-CYBER.html,,,,,30,cswp39:governance,54;52;62;22;51;48,active,,,NIS2,
OMB-MEMORANDUM-M-19-03,OMB Memorandum M-19-03,"Found while drafting related_standards for OMB-M-23-02/EO-14412/OMB-M-26-15 (2026-07-17) -- cited by all 3 rows, never had its own catalog entry",Government & Defense,92,US,no,Not stated in source,unknown,,"High Value Asset (HVA) program governance memo, Dec 10 2018 -- predates and is silent on PQC; cited by later PQC-era memos (NSM-10, OMB M-23-02, OMB M-26-15) only for its HVA methodology, not for any crypto-algorithm requirement of its own.",OMB / DHS,,,,compliance_framework,https://www.whitehouse.gov/wp-content/uploads/2018/12/M-19-03.pdf,compliance/OMB-MEMORANDUM-M-19-03.pdf,,,,,30,,92,active,,,,
NATIONAL-SECURITY-MEMORANDUM-2,National Security Memorandum 22 (NSM-22),"Found while drafting related_standards for EO-14412 (2026-07-17) -- Critical Infrastructure Security and Resilience, April 30 2024",Government & Defense;Critical Manufacturing;Information Technology;Energy & Utilities;Finance & Insurance;Food & Agriculture;Healthcare & Life Sciences;Transportation;Chemical;Defense Industrial Base,Government & Defense; Critical Manufacturing; Communications; Energy & Utilities; Financial Services; Food & Agriculture; Healthcare; Transportation Systems; Information Technology; Water & Wastewater Systems; Chemical; Defense Industrial Base,US,expected,"Cascading from issuance (2024-04-30): 30-day, 180-day, and 1-year implementation milestones",fixed,2024,"NSM-22, all 16 official US critical-infrastructure sectors. No 'quantum'/'PQC'/'cryptograph' language found in the full ~78k-character document -- broad forward-looking cyber-resilience language only, no named crypto mandate. naics_codes left blank: the 16-sector CI taxonomy spans nearly the whole NAICS space with no clean 1:1 mapping stated in the document itself.","White House / NSC, operationalized via CISA as National Coordinator",,,,compliance_framework,https://bidenwhitehouse.archives.gov/briefing-room/presidential-actions/2024/04/30/national-security-memorandum-on-critical-infrastructure-security-and-resilience/,compliance/NATIONAL-SECURITY-MEMORANDUM-2.html,,,,,30,cswp39:governance,92;33;51;22;52;11;62;48;32,active,,,,
CZ-NUKIB-MIN-CRYPTO-REQS,NÚKIB Minimum Requirements for Cryptographic Algorithms,"NÚKIB (Czech National Cyber and Information Security Agency) approved/recommended cryptographic algorithm list, issued pursuant to Section 26(d) of Decree No. 82/2018 Coll. Liable entities under the Cyber Security Act (No. 181/2014 Coll.) are obliged to take these recommendations into account. Section 4 explicitly approves PQC algorithms: ML-KEM-1024 (standalone KEM, FIPS 203), ML-DSA-87 and SLH-DSA (standalone signatures, FIPS 204/205), plus hybrid classical+PQC combinations for both KEM and signatures. No explicit compliance deadline date is stated in this document (v4.0, valid 2025-02-01) — deadline left unset rather than guessed.",Critical Infrastructure;Government & Defense,Critical Infrastructure; Government,CZ,guidance,,unknown,,"requires_pqc yes -> guidance 2026-08-09, verified against the instrument. The document's own title is 'Cryptographic Security Recommendations' and it is marked 'Non-binding EN translation of CZ version 4.0'. Its legal hook reads: liable entities under Act No. 181/2014 Coll. 'are obliged to take into account cryptographic recommendations issued by' NUKIB — an obligation to consider, not to deploy. 53 occurrences of 'recommend', zero of 'mandate' or 'obliga*' in the algorithm sections.",National Cyber and Information Security Agency (NÚKIB),CZ-NUKIB-Crypto-Requirements-2023,,,regulatory_body,https://nukib.gov.cz/download/publications_en/Minimum%20Requirements%20for%20Cryptographic%20Algorithms.pdf,compliance/CZ-NUKIB-MIN-CRYPTO-REQS.pdf,nukib,,,,60,cswp39:governance,22;48;51;52;92,active,,,FIPS 203;FIPS 204;FIPS 205,2026-08-09
IL-BOI-DIRECTIVE-364-QUANTUM,Bank of Israel — Banking System Preparedness for Quantum Computing Cyber Risks,"Bank of Israel circular (2025-01-07) to all banking corporations and licensed payment service providers, issued under Proper Conduct of Banking Business Directive 364 ('Management of IT Risks, Information Security, and Cyber Defense'). Mandatory language ('you are required to act, at a minimum, as follows'): raise board/management awareness of quantum risk (reviewed at least every 2 years), map all encrypted information assets (algorithm, key length, data sensitivity, retention duration re: harvest-now-decrypt-later), and build workforce/infrastructure readiness for a PQC/QKD transition. This is a preparedness-and-mapping mandate, not yet an algorithm-deployment mandate with a migration deadline.",Finance & Insurance,Financial Services; Banking,IL,yes,2026-01-07,fixed,2026,"Deadline is for submitting the required preparedness plan (1 year from letter date), not a PQC algorithm deployment deadline.",Bank of Israel — Banking Supervision Department,,,Israel:Bank of Israel,regulatory_body,https://www.boi.org.il/media/sm4f1ssu/202501en.pdf,compliance/IL-BOI-DIRECTIVE-364-QUANTUM.pdf,boi-israel,,,,60,cswp39:governance;cswp39:inventory,52,deprecated,2026-08-09,"Duplicate of BOI-PQC — same instrument (Bank of Israel Supervisor of Banks letter, 7 January 2025, issued under Proper Conduct of Banking Business Directive 364), same PDF (boi.org.il/media/sm4f1ssu/202501en.pdf). This row's richer content (Directive 364 framing, the 2026-01-07 preparedness-plan submission deadline) has been merged into BOI-PQC, which is the older id and the one referenced by trusted_source_xref and compliancemanualdownload.md.",,
US-CISA-PQC-PRODUCT-CATEGORIES,CISA Product Categories for Technologies That Use Post-Quantum Cryptography Standards,"CISA's response to Executive Order 14306 (2025-06-06), ""Sustaining Select Efforts to Strengthen the Nation's Cybersecurity..."": a regularly-updated list of hardware/software product categories (cloud services, web software, networking hardware, endpoint security) where PQC-capable products are widely available for key establishment and digital signatures. Developed with NSA. Guidance, not a hard mandate: ""organizations should acquire only PQC-capable products when planning acquisitions"" in the listed categories.",Government & Defense;Critical Infrastructure,Federal Government; Critical Infrastructure,US,guidance,,none,,"EO 14306's own deadline for CISA/DHS to first release this list (met — page shows Publish Date January 23, 2026 for a later, regularly-updated revision), not a migration deadline imposed on regulated entities. | requires_pqc yes -> guidance 2026-08-09. This is a list of product categories published by CISA under EO 14306; it imposes nothing on regulated entities. The row's own notes already said so — 'EO 14306's own deadline for CISA/DHS to first release this list ... not a migration deadline imposed on regulated entities' — which is exactly the self-contradiction R7 was written to catch.",Cybersecurity and Infrastructure Security Agency (CISA),CISA-PQC-CATEGORY-LIST-2026,,,regulatory_body,https://www.cisa.gov/resources-tools/resources/product-categories-technologies-use-post-quantum-cryptography-standards,compliance/US-CISA-PQC-PRODUCT-CATEGORIES.pdf,cisa-pqc-products,,,,60,cswp39:governance,92;22;48;51;52,active,,,EO-14306;FIPS 203;FIPS 204;FIPS 205,2026-08-09
AISEP-AUSTRALIAN-INFORMATION-S,AISEP — Australian Information Security Evaluation Program,Australia's national Common Criteria evaluation and certification scheme for IT security products.,Government & Defense;Information Technology,,AU,no,Ongoing,ongoing,,,"Australian Certification Authority (ACA), Australian Signals Directorate",,,,certification_body,https://www.cyber.gov.au/business-government/protecting-devices-systems/assessment-evaluation-programs/australian-information-security-evaluation-program,compliance/AISEP-AUSTRALIAN-INFORMATION-S.html,aisep,no,CC Recognition Arrangement,url_authoritative,75,cswp39:assurance,92;54,active,,,Common Criteria,
CANADIAN-COMMON-CRITERIA-SCHEM,Canadian Common Criteria Scheme,"Canada's national Common Criteria evaluation and certification scheme, operated by the Canadian Centre for Cyber Security.",Government & Defense;Information Technology,,CA,no,Ongoing,ongoing,,,Communications Security Establishment Canada (CSE) / Canadian Centre for Cyber Security,,,,certification_body,https://www.cyber.gc.ca/en/tools-services/common-criteria,compliance/CANADIAN-COMMON-CRITERIA-SCHEM.html,cccs-cc,no,CC Recognition Arrangement,url_authoritative,75,cswp39:assurance,92;54,active,,,,
BSI-COMMON-CRITERIA-CERTIFICAT,BSI Common Criteria Certification Scheme,"Germany's Common Criteria and ITSEC-based product certification scheme, operated by BSI.",Government & Defense;Information Technology,,DE,no,Ongoing,ongoing,,,Bundesamt fur Sicherheit in der Informationstechnik (BSI),,,,certification_body,https://www.bsi.bund.de/EN/Themen/Unternehmen-und-Organisationen/Standards-und-Zertifizierung/Zertifizierung-und-Anerkennung/Zertifizierung-von-Produkten/Zertifizierung-nach-CC/zertifizierung-nach-cc_node.html,compliance/BSI-COMMON-CRITERIA-CERTIFICAT.pdf,bsi-cc-scheme,no,CC Recognition Arrangement,url_authoritative,75,cswp39:assurance,92;54,active,,,Common Criteria;ITSEC,2026-08-16
ORGANISMO-DE-CERTIFICACION-OC-,Organismo de Certificacion (OC-CCN) Spain,"Spain's national Common Criteria and EUCC certification body, operated within the Centro Criptologico Nacional.",Public Administration;Professional & Technical Services,,ES,no,Ongoing,ongoing,,,"Organismo de Certificacion (OC-CCN), Centro Criptologico Nacional",,,,certification_body,https://oc.ccn.cni.es/en/,compliance/ORGANISMO-DE-CERTIFICACION-OC-.html,oc-ccn,no,CC Recognition Arrangement,url_authoritative,75,cswp39:assurance,92;54,deprecated,2026-08-14,deprecation-sweep (unspecified): cites a site root (https://oc.ccn.cni.es/en/) rather than a document; resolved title 'Organismo de Certificación - Home' — repoint at the actual document; a homepage cannot evidence a claim,Common Criteria;EUCC,
ANSSI-COMMON-CRITERIA-CERTIFIC,ANSSI Common Criteria Certification,"France's Common Criteria (and CSPN) product certification scheme, operated by ANSSI. Common Criteria certificates are valid for up to 5 years.",Government & Defense;Information Technology,,FR,no,Ongoing,ongoing,,,Agence nationale de la securite des systemes d'information (ANSSI),,,,certification_body,https://cyber.gouv.fr/offre-de-service/solutions-certifiees-et-qualifiees/comprendre-levaluation-de-securite/certification-de-produits/comprendre-la-certification/,compliance/ANSSI-COMMON-CRITERIA-CERTIFIC.pdf,anssi-cc-scheme,no,CC Recognition Arrangement,url_authoritative,75,cswp39:assurance,92;54,active,,,,2026-08-16
IC3S-INDIAN-COMMON-CRITERIA-CE,IC3S — Indian Common Criteria Certification Scheme,"India's national Common Criteria IT Security Evaluation and Certification Scheme, operated by STQC.",Government & Defense;Information Technology,,IN,no,Ongoing,ongoing,,,"STQC Directorate, Ministry of Electronics and Information Technology",,,,certification_body,https://commoncriteria-india.gov.in/indian-common-criteria-certification-scheme-ic3s-overview,compliance/IC3S-INDIAN-COMMON-CRITERIA-CE.pdf,ic3s,no,CC Recognition Arrangement,url_authoritative,75,cswp39:assurance,92;54,active,,,,
OCSI-ORGANISMO-DI-CERTIFICAZIO,OCSI — Organismo di Certificazione della Sicurezza Informatica,Italy's national Common Criteria certification scheme (in force since 2004) ceased activities on 27 February 2026; OCSI now operates only under the European EUCC system for new certifications. Certificates already issued under the national scheme remain valid until natural expiry or revocation.,Government & Defense;Information Technology,,IT,no,Transitioned to EUCC 2026-02-27,fixed,"2026:national scheme ceased, transitioned to EUCC","National scheme (2004-2026) superseded by EUCC per OCSI's own site: ""ha cessato le attivita dal 27 febbraio 2026"". Distinct from CSEC/Sweden, whose cached page states no such cessation.","Organismo di Certificazione della Sicurezza Informatica (OCSI), Agenzia per la Cybersicurezza Nazionale (ACN)",,,,certification_body,https://www.ocsi.gov.it/index.php/organismo/lo-schema.html,compliance/OCSI-ORGANISMO-DI-CERTIFICAZIO.html,ocsi,no,CC Recognition Arrangement,url_authoritative,85,cswp39:assurance,92;54,active,,,Common Criteria;EUCC,2026-08-16
JISEC-JAPAN-IT-SECURITY-EVALUA,JISEC — Japan IT Security Evaluation and Certification Scheme,"Japan's Common Criteria-based IT Security Evaluation and Certification Scheme, operated by IPA.",Government & Defense;Information Technology,,JP,no,Ongoing,ongoing,,,Information-technology Promotion Agency (IPA),,,,certification_body,https://www.ipa.go.jp/en/security/jisec/index.html,compliance/JISEC-JAPAN-IT-SECURITY-EVALUA.pdf,jisec,no,CC Recognition Arrangement,url_authoritative,75,cswp39:assurance,92;54,active,,,Common Criteria,
ITSCC-IT-SECURITY-CERTIFICATIO,ITSCC — IT Security Certification Center Korea,Korea's Common Criteria certification body for information security products.,Government & Defense;Information Technology,,KR,no,Ongoing,ongoing,,"Source page is Korean-language; enforcement_body/scope confirmed via the page's own Korean text (""IT보안인증사무국은 ... CC 인증기관입니다"" = ""ITSCC is the designated CC certification body"").",IT Security Certification Center (ITSCC),,,,certification_body,https://www.itscc.kr/main.do,compliance/ITSCC-IT-SECURITY-CERTIFICATIO.html,itscc,no,CC Recognition Arrangement,url_authoritative,70,cswp39:assurance,92;54,active,,,,2026-08-16
MYCC-MALAYSIAN-COMMON-CRITERIA,MyCC — Malaysian Common Criteria Evaluation and Certification Scheme,"Malaysia's Common Criteria Evaluation and Certification Scheme, operated by CyberSecurity Malaysia (MyCB).",Government & Defense;Information Technology,,MY,no,Ongoing,ongoing,,"Page also lists a separate ""Post-Quantum Cryptography Initiatives"" service in CyberSecurity Malaysia's site nav, alongside MyCC — a sibling program, not part of the CC scheme itself; not a basis for requires_pqc=yes on this row.","Malaysian Common Criteria Certification Body (MyCB), CyberSecurity Malaysia",,,,certification_body,https://www.cybersecurity.my/portal-main/services/malaysian-common-criteria-scheme-overview,compliance/MYCC-MALAYSIAN-COMMON-CRITERIA.html,mycc,no,CC Recognition Arrangement,url_authoritative,75,cswp39:assurance;cswp39:governance,92;54,active,,,,2026-08-16
NSCIB-NETHERLANDS-SCHEME-FOR-C,NSCIB — Netherlands Scheme for Certification in the Area of IT Security,"The Netherlands Scheme for Certification in the Area of IT Security, operated by TrustCB.",Government & Defense;Information Technology,,NL,no,Ongoing,ongoing,,,TrustCB (National Scheme Authority for NSCIB),,,,certification_body,https://trustcb.com/common-criteria/nscib/,compliance/NSCIB-NETHERLANDS-SCHEME-FOR-C.pdf,nscib,no,CC Recognition Arrangement,url_authoritative,75,cswp39:assurance,92;54,active,,,,2026-08-16
SERTIT-NORWEGIAN-CERTIFICATION,SERTIT — Norwegian Certification Authority for IT Security,"Norway's Common Criteria certification authority, part of the Norwegian National Security Authority (NSM).",Government & Defense;Information Technology,,NO,no,Ongoing,ongoing,,,"SERTIT, Norwegian National Security Authority (NSM)",,,,certification_body,https://sertit.no/the-norwegian-certification-scheme/about-the-certification-scheme/,compliance/SERTIT-NORWEGIAN-CERTIFICATION.pdf,sertit,no,CC Recognition Arrangement,url_authoritative,75,cswp39:assurance,92;54,active,,,,
NASK-COMMON-CRITERIA-CERTIFICA,NASK Common Criteria Certification Poland,"Poland's Common Criteria certification scheme, operated by the NASK Certification Body (accredited 2021).",Government & Defense;Information Technology,,PL,no,Ongoing,ongoing,,,"NASK Certification Body, NASK National Research Institute",,,,certification_body,https://certyfikacja.nask.pl/en/en-common-criteria/,compliance/NASK-COMMON-CRITERIA-CERTIFICA.pdf,nask-cc,no,CC Recognition Arrangement,url_authoritative,75,cswp39:assurance;cswp39:governance,92;54,active,,,,
NCSA-QATAR-COMMON-CRITERIA-SCH,NCSA Qatar Common Criteria Scheme,"Qatar Common Criteria Scheme (QCCS) -- Qatar joined the CCRA as a certification consumer in 2015 and became a certification-issuing member in 2023, the first country in the Middle East and North Africa to do so.",Government & Defense;Information Technology,,QA,no,Ongoing,ongoing,,"Evidence for this row was unfetchable by every automated tier (curl_cffi, playwright-stealth, crawl4ai all returned an 8-character JS shell on both assurance.ncsa.gov.qa and ncsa.gov.qa) -- the user manually saved the rendered page 2026-07-31, which is the cached document now on file.","National Cyber Security Agency (NCSA), National Cyber Governance and Assurance Affairs",,,,certification_body,https://ncsa.gov.qa/en/pages/qccs,compliance/NCSA-QATAR-COMMON-CRITERIA-SCH.html,ncsa-qa-qccs,,,url_authoritative,80,cswp39:assurance,92;54,active,,,,
CSEC-SWEDISH-CERTIFICATION-BOD,CSEC — Swedish Certification Body for IT Security,"CSEC operates as Sweden's national certification body for IT security in products and systems according to Common Criteria, part of the Swedish Defence Materiel Administration (FMV).",Government & Defense;Information Technology,,SE,no,Ongoing,ongoing,,"The cached page states CSEC's ongoing CC role but does NOT itself state a cessation date the way OCSI/Italy's cached page does; earlier open-web research suggested a 2026-02-27 EUCC transition for Sweden too, but that claim is not repeated here because it is not present in THIS document.","CSEC, Swedish Defence Materiel Administration (FMV)",,,,certification_body,https://www.fmv.se/english/supplier-information/csec/,compliance/CSEC-SWEDISH-CERTIFICATION-BOD.pdf,csec,no,CC Recognition Arrangement,url_authoritative,75,cswp39:assurance,92;54,active,,,Common Criteria,
SCCS-SINGAPORE-COMMON-CRITERIA,SCCS — Singapore Common Criteria Scheme,"The Singapore Common Criteria Scheme (SCCS), operated by the Cyber Security Agency of Singapore.",Government & Defense;Information Technology,,SG,no,Ongoing,ongoing,,,Cyber Security Agency of Singapore (CSA),,,,certification_body,https://www.csa.gov.sg/our-programmes/certification-and-labelling-schemes/singapore-common-criteria-scheme,compliance/SCCS-SINGAPORE-COMMON-CRITERIA.pdf,sccs,no,CC Recognition Arrangement,url_authoritative,75,cswp39:assurance,92;54,active,,,,
TSE-COMMON-CRITERIA-CERTIFICAT,TSE Common Criteria Certification Scheme,"Turkiye's Common Criteria certification scheme, operated by the Turkish Standards Institution (TSE).",Public Administration;Professional & Technical Services,,TR,no,Ongoing,ongoing,,Website is TSE's general institutional homepage (no dedicated CC subpage found live); no genuine CC-specific content beyond institutional identity confirmed in the cached page.,Turk Standardlari Enstitusu (TSE),,,,certification_body,https://www.tse.org.tr/,compliance/TSE-COMMON-CRITERIA-CERTIFICAT.html,tse-cc,no,CC Recognition Arrangement,url_authoritative,65,cswp39:assurance,92;54,deprecated,2026-08-14,deprecation-sweep (unspecified): cites a site root (https://www.tse.org.tr/) rather than a document; resolved title 'TSE - Türk Standardları Enstitüsü' — repoint at the actual document; a homepage cannot evidence a claim,,
NIAP-NATIONAL-INFORMATION-ASSU,NIAP — National Information Assurance Partnership,"NIAP is the US national scheme for Common Criteria evaluation, maintaining the Protection Profile registry referenced throughout US federal procurement.",Government & Defense;Information Technology,,US,no,Ongoing,ongoing,,,"National Information Assurance Partnership (NIAP), NSA",NIAP,,,certification_body,https://www.niap-ccevs.org/protectionprofiles,compliance/NIAP-NATIONAL-INFORMATION-ASSU.pdf,niap,no,CC Recognition Arrangement,url_authoritative,80,cswp39:assurance,92;54,active,,,Common Criteria,
FFIEC-IT-EXAMINATION-HANDBOOK-,FFIEC IT Examination Handbook — Information Security,"Interagency examination standard for information security at US-regulated banking institutions, issued by the Federal Financial Institutions Examination Council.",Finance & Insurance,,US,no,Ongoing,ongoing,,,Federal Financial Institutions Examination Council (FFIEC),,,,compliance_framework,https://ithandbook.ffiec.gov/it-booklets/information-security,compliance/FFIEC-IT-EXAMINATION-HANDBOOK-.pdf,,,,url_authoritative,70,cswp39:assurance;cswp39:governance;cswp39:inventory;cswp39:lifecycle;cswp39:observability,52,active,,,,
CJIS-SECURITY-POLICY-FBI,CJIS Security Policy (FBI),"FBI Criminal Justice Information Services Security Policy -- mandatory security controls for systems handling criminal justice information (fingerprints, criminal records, etc.).",Government & Defense,,US,no,Ongoing,ongoing,,,FBI Criminal Justice Information Services (CJIS) Division,,,,compliance_framework,https://le.fbi.gov/file-repository/cjis_security_policy_v6-1_20260625.pdf,compliance/CJIS-SECURITY-POLICY-FBI.pdf,,,,url_authoritative,70,cswp39:assurance;cswp39:governance;cswp39:lifecycle,92,active,,,,
PSD2-REVISED-PAYMENT-SERVICES-,PSD2 — Revised Payment Services Directive (EU),EU Directive (EU) 2015/2366 on payment services in the internal market -- strong customer authentication and payment-security requirements for EU payment service providers.,Finance & Insurance,,PQC-REGION-EU,no,In force 2018-01-13,ongoing,2018:in force,,European Banking Authority (EBA); national competent authorities,PSD2-Directive-EU-2015-2366,,,compliance_framework,https://eur-lex.europa.eu/eli/dir/2015/2366/oj/eng,compliance/PSD2-REVISED-PAYMENT-SERVICES-.html,,,,url_authoritative,75,cswp39:governance,52,active,,,,
CCCS-ITSP-40-111-CRYPTOGRAPHIC,CCCS ITSP.40.111 — Cryptographic Algorithms for UNCLASSIFIED/PROTECTED A/B (Canada),"Canadian Centre for Cyber Security approved cryptographic algorithms for UNCLASSIFIED, PROTECTED A, and PROTECTED B information -- explicitly lists ML-KEM, ML-DSA, and SLH-DSA as approved post-quantum mechanisms.",Government & Defense;Information Technology,,CA,expected,Ongoing,ongoing,,"Document itself names NIST post-quantum standards (ML-KEM, ML-DSA, SLH-DSA) as approved mechanisms -- the one row in this batch where requires_pqc=yes is directly supported by the cited text, not inferred. | requires_pqc yes -> expected 2026-08-09 (R6, strict reading), applied for consistency with CAB-FORUM-SMC013 and BSI-TR-02102 — the same body_type and the same argument. ITSP.40.111 is CCCS guidance listing approved algorithms; the obligation on Canadian departments arises from the policy instruments that cite it.",Canadian Centre for Cyber Security (CCCS),,,,technical_standard,https://www.cyber.gc.ca/en/guidance/cryptographic-algorithms-unclassified-protected-protected-b-information-itsp40111,compliance/CCCS-ITSP-40-111-CRYPTOGRAPHIC.html,,,,url_authoritative,90,cswp39:governance;cswp39:lifecycle,92;54,active,,,,2026-08-09
INDIA-DPDP-ACT-2023,India DPDP Act 2023,"India Digital Personal Data Protection Act, 2023 (No. 22 of 2023) -- national personal-data-protection law requiring ""reasonable security safeguards"" for processed personal data.",Finance & Insurance;Information Technology;Government & Defense,,IN,no,Ongoing,ongoing,,,Data Protection Board of India,,,,compliance_framework,https://www.meity.gov.in/static/uploads/2024/06/2bf1f0e9f04e6fb4f8fef35e82c42aa5.pdf,compliance/INDIA-DPDP-ACT-2023.pdf,,,,url_authoritative,70,,52;54;51;92,active,,,,
BNM-RMIT-RISK-MANAGEMENT-IN-TE,BNM RMiT — Risk Management in Technology (Malaysia),"Bank Negara Malaysia Risk Management in Technology (RMiT) policy document -- technology risk management requirements for Malaysian financial institutions, effective 28 November 2025.",Finance & Insurance,,MY,no,In force 2025-11-28,ongoing,2025:in force,"Document mentions quantum computing once, as an example threat scenario in a footnote on compromise-impact assessment (""Such as quantum computing."") -- not a PQC algorithm mandate or requirement, so requires_pqc stays no, consistent with how this batch treats general-threat awareness versus an actual approved-algorithm mandate (compare CCCS-ITSP-40-111, the one row in this batch that genuinely names ML-KEM/ML-DSA/SLH-DSA as approved mechanisms).",Bank Negara Malaysia (BNM),,,,compliance_framework,https://www.bnm.gov.my/documents/20124/938039/pd-rmit-nov25.pdf,compliance/BNM-RMIT-RISK-MANAGEMENT-IN-TE.pdf,,,,url_authoritative,75,cswp39:assurance;cswp39:observability,52,active,,,,
OJK-POJK-11-2022-IT-IMPLEMENTA,OJK POJK 11/2022 — IT Implementation by Commercial Banks (Indonesia),OJK Regulation No. 11/POJK.03/2022 on the Implementation of Information Technology by Commercial Banks (Indonesia) -- IT governance and cybersecurity requirements.,Finance & Insurance,,ID,no,Ongoing,ongoing,,,Otoritas Jasa Keuangan (OJK),,,,compliance_framework,https://ojk.go.id/id/regulasi/Documents/Pages/Penyelenggaraan-Teknologi-Informasi-Oleh-Bank-Umum/POJK%2011%20-%2003%20-%202022.pdf,compliance/OJK-POJK-11-2022-IT-IMPLEMENTA.pdf,,,,url_authoritative,75,,52,active,,,,
SAMA-CYBER-SECURITY-FRAMEWORK-,SAMA Cyber Security Framework (Saudi Arabia),Saudi Central Bank (SAMA) mandatory Cyber Security Framework for regulated financial institutions -- maturity-model-based cybersecurity controls.,Finance & Insurance,,SA,no,Ongoing,ongoing,,,Saudi Central Bank (SAMA),,,,compliance_framework,https://rulebook.sama.gov.sa/en/cyber-security-framework-2,compliance/SAMA-CYBER-SECURITY-FRAMEWORK-.html,,,,url_authoritative,75,cswp39:assurance;cswp39:governance,52,active,,,,
SFC-CIRCULAR-EXTERNA-007-2018-,SFC Circular Externa 007/2018 — Cybersecurity (Colombia),Superintendencia Financiera de Colombia Circular Externa 007 of 2018 -- minimum cybersecurity risk-management requirements for supervised financial entities.,Finance & Insurance,,CO,no,Ongoing,ongoing,,"2026-08-16: original cached PDF was only the 1-page cover letter (its own text says the annex is attached but the annex was missing); replaced with the full circular text including Capitulo V's complete cybersecurity risk-management requirements, from Colombia's Colpensiones normativa portal.",Superintendencia Financiera de Colombia (SFC),,,,compliance_framework,https://normativa.colpensiones.gov.co/colpensiones/docs/circular_superfinanciera_0007_2018.htm,compliance/SFC-CIRCULAR-EXTERNA-007-2018-.html,,,,url_authoritative,70,,52,active,,,,2026-08-16
SBS-RESOLUCION-504-2021-INFORM,SBS Resolucion 504-2021 — Information Security and Cybersecurity Management (Peru),"Peru Superintendencia de Banca, Seguros y AFP Resolucion 504-2021 -- Reglamento para la Gestion de la Seguridad de la Informacion y la Ciberseguridad for financial, insurance, and pension entities.",Finance & Insurance,,PE,no,In force 2021-07-01,ongoing,2021:in force,,"Superintendencia de Banca, Seguros y AFP (SBS)",,,,compliance_framework,https://busquedas.elperuano.pe/normaslegales/aprueban-el-reglamento-para-la-gestion-de-la-seguridad-de-la-resolucion-no-504-2021-1929393-1/,compliance/SBS-RESOLUCION-504-2021-INFORM.html,,,,url_authoritative,75,cswp39:governance,52,active,,,,
