software_name,product_id,cert_type,cert_id,cert_vendor,cert_product,pqc_algorithms,certification_level,status,cert_date,cert_link,deprecated_at,deprecated_reason,pqc_cert_flag,cert_link_quality,data_quality_notes,date_stamp
.NET System.Security.Cryptography,net-system-security-cryptography,FIPS 140-3,4766,Microsoft Corporation,Kernel Mode Cryptographic Primitives Library,No PQC Mechanisms Detected,FIPS 140-3 L1,deprecated,2024-08-19,https://csrc.nist.gov/projects/cryptographic-module-validation-program/certificate/4766,2026-06-06,not in regen,,,,2026-07-09
.NET System.Security.Cryptography,net-system-security-cryptography,FIPS 140-3,4825,Microsoft Corporation,Cryptographic Primitives Library,No PQC Mechanisms Detected,FIPS 140-3 L1,deprecated,2024-10-07,https://csrc.nist.gov/projects/cryptographic-module-validation-program/certificate/4825,2026-06-06,not in regen,,,,2026-07-09
AMD SEV-SNP (Secure Encrypted Virtualization),amd-sev-snp-secure-encrypted-virtualization,FIPS 140-3,4555,Advanced Micro Devices (AMD),"AMD Ryzen PRO 5000 Series PSP Cryptographic CoProcessor (models 5475U, 5675U, 5875U)",No PQC Mechanisms Detected,FIPS 140-3 L1,deprecated,2023-07-31,https://csrc.nist.gov/projects/cryptographic-module-validation-program/certificate/4555,2026-06-06,not in regen,,,,2026-07-09
AMD SEV-SNP (Secure Encrypted Virtualization),amd-sev-snp-secure-encrypted-virtualization,FIPS 140-3,4626,Advanced Micro Devices (AMD),AMD Ryzen PRO 6000 Series PSP Cryptographic CoProcessor,No PQC Mechanisms Detected,FIPS 140-3 L1,deprecated,2023-10-04,https://csrc.nist.gov/projects/cryptographic-module-validation-program/certificate/4626,2026-06-06,not in regen,,,,2026-07-09
AMD SEV-SNP (Secure Encrypted Virtualization),amd-sev-snp-secure-encrypted-virtualization,FIPS 140-3,4819,"Advanced Micro Devices, Inc. (AMD)",AMD Pensando PenTrust Security Module,No PQC Mechanisms Detected,FIPS 140-3 L1,deprecated,2024-10-01,https://csrc.nist.gov/projects/cryptographic-module-validation-program/certificate/4819,2026-06-06,not in regen,,,,2026-07-09
AMD Versal Adaptive SoC,amd-versal-adaptive-soc,FIPS 140-3,4880,"Advanced Micro Devices (AMD), Microsoft Corporation",Pluton Security Processor ROM,No PQC Mechanisms Detected,FIPS 140-3 L2,deprecated,2024-11-14,https://csrc.nist.gov/projects/cryptographic-module-validation-program/certificate/4880,2026-05-10,not in regen,no_pqc_cert_classical_only,url_authoritative,CMVP #4880: Classical cryptography only. PQC (ML-KEM/ML-DSA/SLH-DSA) not yet validated under this certificate. CMVP PQC module validation anticipated 2026-2027 per NIST CMVP roadmap.,2026-05-06
AMD Versal Adaptive SoC,amd-versal-adaptive-soc,FIPS 140-3,4915,Advanced Micro Devices (AMD),"AMD ASP Cryptographic CoProcessor (""Raphael"")",No PQC Mechanisms Detected,FIPS 140-3 L1,deprecated,2024-12-12,https://csrc.nist.gov/projects/cryptographic-module-validation-program/certificate/4915,2026-06-06,not in regen,,,,2026-07-09
AMD Versal Adaptive SoC,amd-versal-adaptive-soc,FIPS 140-3,4914,Advanced Micro Devices (AMD),"AMD ASP Cryptographic CoProcessor (""Storm Peak"")",No PQC Mechanisms Detected,FIPS 140-3 L1,deprecated,2024-12-12,https://csrc.nist.gov/projects/cryptographic-module-validation-program/certificate/4914,2026-05-10,not in regen,no_pqc_cert_classical_only,url_authoritative,CMVP #4914: Classical cryptography only. PQC (ML-KEM/ML-DSA/SLH-DSA) not yet validated under this certificate. CMVP PQC module validation anticipated 2026-2027 per NIST CMVP roadmap.,2026-05-06
AMD Versal Adaptive SoC,amd-versal-adaptive-soc,FIPS 140-3,4941,Advanced Micro Devices (AMD),"AMD ASP Cryptographic CoProcessor (""Genoa"")",No PQC Mechanisms Detected,FIPS 140-3 L1,deprecated,2025-01-15,https://csrc.nist.gov/projects/cryptographic-module-validation-program/certificate/4941,2026-06-06,not in regen,,,,2026-07-09
AMD Versal Adaptive SoC,amd-versal-adaptive-soc,FIPS 140-3,5085,Advanced Micro Devices (AMD),"AMD ASP Cryptographic CoProcessor (""Turin"")",No PQC Mechanisms Detected,FIPS 140-3 L1,deprecated,2025-10-22,https://csrc.nist.gov/projects/cryptographic-module-validation-program/certificate/5085,2026-06-06,not in regen,,,,2026-07-09
AMD Versal Adaptive SoC,amd-versal-adaptive-soc,FIPS 140-3,5230,Advanced Micro Devices (AMD),"AMD ASP Cryptographic CoProcessor (""Strix Halo"")",No PQC Mechanisms Detected,FIPS 140-3 L1,deprecated,2026-04-08,https://csrc.nist.gov/projects/cryptographic-module-validation-program/certificate/5230,2026-06-06,not in regen,,,,2026-07-09
AMD Versal Adaptive SoC,amd-versal-adaptive-soc,FIPS 140-3,5237,Advanced Micro Devices (AMD),"AMD ASP Cryptographic CoProcessor (""Strix 1"" and ""Krackan 1"")",No PQC Mechanisms Detected,FIPS 140-3 L1,deprecated,2026-04-10,https://csrc.nist.gov/projects/cryptographic-module-validation-program/certificate/5237,2026-06-06,not in regen,,,,2026-07-09
ASI-HSM AHX5 KNET Cryptographic Module,ASI-HSM-AHX5-KNET-Cryptographic-Module,ACVP,A6066,Kryptus Seguranca da Informacao S.A.,ASI-HSM AHX5 KNET Cryptographic Module,"ML-DSA, ML-KEM",,Active,2024-11-04,https://csrc.nist.gov/projects/cryptographic-algorithm-validation-program/details?product=18785,,,,,,
ASI-HSM AHX5 KNET Cryptographic Module,ASI-HSM-AHX5-KNET-Cryptographic-Module,FIPS 140-3,5282,Kryptus,ASI-HSM AHX5 kNET Cryptographic Module,"ML-DSA, ML-KEM",FIPS 140-3 L3,Active,2026-05-20,https://csrc.nist.gov/projects/cryptographic-module-validation-program/certificate/5282,,,,,,
ASUS Post-Quantum Cryptography Module,asus-post-quantum-cryptography-module,ACVP,A6828,ASUSTeK Computer Inc.,Post-Quantum Cryptography Module,ML-DSA,,Active,2025-04-22,https://csrc.nist.gov/projects/cryptographic-algorithm-validation-program/details?product=19565,,,,,,
ASUS Post-Quantum Cryptography Module,asus-post-quantum-cryptography-module,ACVP,A8672,ASUSTeK Computer Inc.,Post-Quantum Cryptography Module,"ML-KEM, SLH-DSA",,deprecated,2026-06-26,https://csrc.nist.gov/projects/cryptographic-algorithm-validation-program/details?product=21553,2026-07-13,not in regen,pqc_cert_present,url_authoritative,"Added 2026-07-12 (product-cert review): vendor 'ASUSTeK Computer Inc.' is ASUS's real corporate entity (independently confirmed, not just a name-similarity guess). Not caught by the automated fallback pass -- its own real cert product name is a bare generic descriptor ('Post-Quantum Cryptography Module') with no distinguishing content, which the fallback's relevance gate correctly declines to trust on vendor identity alone (see match_certifications.py's _has_real_content docstring).",2026-07-12
ASUSTOR Post-Quantum Cryptography Module,asustor-post-quantum-cryptography-module,ACVP,A6882,ASUSTOR Inc.,Post-Quantum Cryptography Module,ML-DSA,,Active,2025-05-05,https://csrc.nist.gov/projects/cryptographic-algorithm-validation-program/details?product=19625,,,,,,
AWS Application Load Balancer (ALB),aws-application-load-balancer-alb,ACVP,A6295,"Amazon Web Services, Inc.",AWS-LC Cryptographic Module (static build) (C_SHA),ML-KEM,,deprecated,2024-11-25,https://csrc.nist.gov/projects/cryptographic-algorithm-validation-program/details?product=18997,2026-06-06,not in regen,,,,2026-07-09
AWS Application Load Balancer (ALB),aws-application-load-balancer-alb,ACVP,A6880,"Amazon Web Services, Inc.",AWS Key Management Service Cryptographic Algorithm Library,ML-DSA,,deprecated,2025-05-02,https://csrc.nist.gov/projects/cryptographic-algorithm-validation-program/details?product=19616,2026-06-06,not in regen,,,,2026-07-09
AWS Application Load Balancer (ALB),aws-application-load-balancer-alb,ACVP,A7917,"Amazon Web Services, Inc.",AWS-LC Cryptographic Module (static build) (C_SHA3),"ML-DSA, ML-KEM",,deprecated,2026-01-21,https://csrc.nist.gov/projects/cryptographic-algorithm-validation-program/details?product=20709,2026-06-06,not in regen,,,,2026-07-09
AWS Application Load Balancer (ALB),aws-application-load-balancer-alb,FIPS 140-3,4490,"Amazon Web Services, Inc.",AWS OpenSSL FIPS Provider,No PQC Mechanisms Detected,FIPS 140-3 L1,deprecated,2023-04-26,https://csrc.nist.gov/projects/cryptographic-module-validation-program/certificate/4490,2026-06-04,not in regen,,,,2026-07-09
AWS Application Load Balancer (ALB),aws-application-load-balancer-alb,FIPS 140-3,5146,"Amazon Web Services, Inc",AWS-LC Cryptographic Module (dynamic),No PQC Mechanisms Detected,FIPS 140-3 L1,deprecated,2026-01-26,https://csrc.nist.gov/projects/cryptographic-module-validation-program/certificate/5146,2026-06-04,not in regen,,,,2026-07-09
AWS Application Load Balancer (ALB),aws-application-load-balancer-alb,FIPS 140-3,5256,"Amazon Web Services, Inc.",AWS Link Encryption Module,No PQC Mechanisms Detected,FIPS 140-3 L1,deprecated,2026-05-05,https://csrc.nist.gov/projects/cryptographic-module-validation-program/certificate/5256,2026-06-06,not in regen,,,,2026-07-09
AWS Application Load Balancer (ALB),aws-application-load-balancer-alb,FIPS 140-3,5298,"Amazon Web Services, Inc",AWS-LC 3 Cryptographic Module (dynamic),ML-KEM,FIPS 140-3 L1,deprecated,2026-06-03,https://csrc.nist.gov/projects/cryptographic-module-validation-program/certificate/5298,2026-06-06,not in regen,,,,2026-07-09
AWS Application Load Balancer (ALB),aws-application-load-balancer-alb,FIPS 140-3,5310,Amazon Web Services,AWS Nitro Card Security Engine SSMAE,No PQC Mechanisms Detected,FIPS 140-3 L1,deprecated,2026-06-04,https://csrc.nist.gov/projects/cryptographic-module-validation-program/certificate/5310,2026-06-06,not in regen,,,,2026-07-09
AWS CloudHSM,aws-cloudhsm,ACVP,A6295,"Amazon Web Services, Inc.",AWS-LC Cryptographic Module (static build) (C_SHA),ML-KEM,,deprecated,2024-11-25,https://csrc.nist.gov/projects/cryptographic-algorithm-validation-program/details?product=18997,2026-06-06,not in regen,,,,2026-07-09
AWS CloudHSM,aws-cloudhsm,ACVP,A6880,"Amazon Web Services, Inc.",AWS Key Management Service Cryptographic Algorithm Library,ML-DSA,,deprecated,2025-05-02,https://csrc.nist.gov/projects/cryptographic-algorithm-validation-program/details?product=19616,2026-06-06,not in regen,,,,2026-07-09
AWS CloudHSM,aws-cloudhsm,ACVP,A7917,"Amazon Web Services, Inc.",AWS-LC Cryptographic Module (static build) (C_SHA3),"ML-DSA, ML-KEM",,deprecated,2026-01-21,https://csrc.nist.gov/projects/cryptographic-algorithm-validation-program/details?product=20709,2026-06-06,not in regen,,,,2026-07-09
AWS CloudHSM,aws-cloudhsm,FIPS 140-3,4490,"Amazon Web Services, Inc.",AWS OpenSSL FIPS Provider,No PQC Mechanisms Detected,FIPS 140-3 L1,deprecated,2023-04-26,https://csrc.nist.gov/projects/cryptographic-module-validation-program/certificate/4490,2026-06-04,not in regen,,,,2026-07-09
AWS CloudHSM,aws-cloudhsm,FIPS 140-3,4884,"Amazon Web Services, Inc.",AWS Key Management Service HSM,No PQC Mechanisms Detected,FIPS 140-3 L3,deprecated,2024-11-18,https://csrc.nist.gov/projects/cryptographic-module-validation-program/certificate/4884,2026-06-06,not in regen,,,,2026-07-09
AWS CloudHSM,aws-cloudhsm,FIPS 140-3,5146,"Amazon Web Services, Inc",AWS-LC Cryptographic Module (dynamic),No PQC Mechanisms Detected,FIPS 140-3 L1,deprecated,2026-01-26,https://csrc.nist.gov/projects/cryptographic-module-validation-program/certificate/5146,2026-06-06,not in regen,,,,2026-07-09
AWS CloudHSM,aws-cloudhsm,FIPS 140-3,5256,"Amazon Web Services, Inc.",AWS Link Encryption Module,No PQC Mechanisms Detected,FIPS 140-3 L1,deprecated,2026-05-05,https://csrc.nist.gov/projects/cryptographic-module-validation-program/certificate/5256,2026-06-06,not in regen,,,,2026-07-09
AWS CloudHSM,aws-cloudhsm,FIPS 140-3,5298,"Amazon Web Services, Inc",AWS-LC 3 Cryptographic Module (dynamic),ML-KEM,FIPS 140-3 L1,deprecated,2026-06-03,https://csrc.nist.gov/projects/cryptographic-module-validation-program/certificate/5298,2026-06-06,not in regen,,,,2026-07-09
AWS CloudHSM,aws-cloudhsm,FIPS 140-3,5310,Amazon Web Services,AWS Nitro Card Security Engine SSMAE,No PQC Mechanisms Detected,FIPS 140-3 L1,deprecated,2026-06-04,https://csrc.nist.gov/projects/cryptographic-module-validation-program/certificate/5310,2026-06-06,not in regen,,,,2026-07-09
AWS Identity and Access Management (IAM),aws-identity-and-access-management-iam,ACVP,A6295,"Amazon Web Services, Inc.",AWS-LC Cryptographic Module (static build) (C_SHA),ML-KEM,,deprecated,2024-11-25,https://csrc.nist.gov/projects/cryptographic-algorithm-validation-program/details?product=18997,2026-06-06,not in regen,,,,2026-07-09
AWS Identity and Access Management (IAM),aws-identity-and-access-management-iam,ACVP,A6880,"Amazon Web Services, Inc.",AWS Key Management Service Cryptographic Algorithm Library,ML-DSA,,deprecated,2025-05-02,https://csrc.nist.gov/projects/cryptographic-algorithm-validation-program/details?product=19616,2026-08-09,not in regen,,,,
AWS Identity and Access Management (IAM),aws-identity-and-access-management-iam,ACVP,A7365,AWS,AWS Key Management Service Cryptographic Algorithm Library,ML-DSA,,Active,2025-09-08,https://csrc.nist.gov/projects/cryptographic-algorithm-validation-program/details?product=20140,,,,,,
AWS Identity and Access Management (IAM),aws-identity-and-access-management-iam,ACVP,A7917,"Amazon Web Services, Inc.",AWS-LC Cryptographic Module (static build) (C_SHA3),"ML-DSA, ML-KEM",,deprecated,2026-01-21,https://csrc.nist.gov/projects/cryptographic-algorithm-validation-program/details?product=20709,2026-06-06,not in regen,,,,2026-07-09
AWS Identity and Access Management (IAM),aws-identity-and-access-management-iam,ACVP,A8804,AWS,AWS Key Management Service Cryptographic Algorithm Library,"ML-DSA, ML-KEM",,Active,2026-07-24,https://csrc.nist.gov/projects/cryptographic-algorithm-validation-program/details?product=21658,,,,,,
AWS Identity and Access Management (IAM),aws-identity-and-access-management-iam,FIPS 140-3,4490,"Amazon Web Services, Inc.",AWS OpenSSL FIPS Provider,No PQC Mechanisms Detected,FIPS 140-3 L1,deprecated,2023-04-26,https://csrc.nist.gov/projects/cryptographic-module-validation-program/certificate/4490,2026-06-04,not in regen,,,,2026-07-09
AWS Identity and Access Management (IAM),aws-identity-and-access-management-iam,FIPS 140-3,5146,"Amazon Web Services, Inc",AWS-LC Cryptographic Module (dynamic),No PQC Mechanisms Detected,FIPS 140-3 L1,deprecated,2026-01-26,https://csrc.nist.gov/projects/cryptographic-module-validation-program/certificate/5146,2026-06-04,not in regen,,,,2026-07-09
AWS Identity and Access Management (IAM),aws-identity-and-access-management-iam,FIPS 140-3,5256,"Amazon Web Services, Inc.",AWS Link Encryption Module,No PQC Mechanisms Detected,FIPS 140-3 L1,deprecated,2026-05-05,https://csrc.nist.gov/projects/cryptographic-module-validation-program/certificate/5256,2026-06-06,not in regen,,,,2026-07-09
AWS Identity and Access Management (IAM),aws-identity-and-access-management-iam,FIPS 140-3,5298,"Amazon Web Services, Inc",AWS-LC 3 Cryptographic Module (dynamic),ML-KEM,FIPS 140-3 L1,deprecated,2026-06-03,https://csrc.nist.gov/projects/cryptographic-module-validation-program/certificate/5298,2026-06-06,not in regen,,,,2026-07-09
AWS Identity and Access Management (IAM),aws-identity-and-access-management-iam,FIPS 140-3,5310,Amazon Web Services,AWS Nitro Card Security Engine SSMAE,No PQC Mechanisms Detected,FIPS 140-3 L1,deprecated,2026-06-04,https://csrc.nist.gov/projects/cryptographic-module-validation-program/certificate/5310,2026-06-06,not in regen,,,,2026-07-09
AWS KMS,aws-kms,ACVP,A6295,"Amazon Web Services, Inc.",AWS-LC Cryptographic Module (static build) (C_SHA),ML-KEM,,deprecated,2024-11-25,https://csrc.nist.gov/projects/cryptographic-algorithm-validation-program/details?product=18997,2026-06-06,not in regen,,,,2026-07-09
AWS KMS,aws-kms,ACVP,A6880,"Amazon Web Services, Inc.",AWS Key Management Service Cryptographic Algorithm Library,ML-DSA,,deprecated,2025-05-02,https://csrc.nist.gov/projects/cryptographic-algorithm-validation-program/details?product=19616,2026-06-06,not in regen,,,,2026-07-09
AWS KMS,aws-kms,ACVP,A7917,"Amazon Web Services, Inc.",AWS-LC Cryptographic Module (static build) (C_SHA3),"ML-DSA, ML-KEM",,deprecated,2026-01-21,https://csrc.nist.gov/projects/cryptographic-algorithm-validation-program/details?product=20709,2026-06-06,not in regen,,,,2026-07-09
AWS KMS,aws-kms,FIPS 140-3,4490,"Amazon Web Services, Inc.",AWS OpenSSL FIPS Provider,No PQC Mechanisms Detected,FIPS 140-3 L1,deprecated,2023-04-26,https://csrc.nist.gov/projects/cryptographic-module-validation-program/certificate/4490,2026-06-04,not in regen,,,,2026-07-09
AWS KMS,aws-kms,FIPS 140-3,4884,"Amazon Web Services, Inc.",AWS Key Management Service HSM,No PQC Mechanisms Detected,FIPS 140-3 L3,deprecated,2024-11-18,https://csrc.nist.gov/projects/cryptographic-module-validation-program/certificate/4884,2026-06-06,not in regen,,,,2026-07-09
AWS KMS,aws-kms,FIPS 140-3,5146,"Amazon Web Services, Inc",AWS-LC Cryptographic Module (dynamic),No PQC Mechanisms Detected,FIPS 140-3 L1,deprecated,2026-01-26,https://csrc.nist.gov/projects/cryptographic-module-validation-program/certificate/5146,2026-06-06,not in regen,,,,2026-07-09
AWS KMS,aws-kms,FIPS 140-3,5256,"Amazon Web Services, Inc.",AWS Link Encryption Module,No PQC Mechanisms Detected,FIPS 140-3 L1,deprecated,2026-05-05,https://csrc.nist.gov/projects/cryptographic-module-validation-program/certificate/5256,2026-06-06,not in regen,,,,2026-07-09
AWS KMS,aws-kms,FIPS 140-3,5298,"Amazon Web Services, Inc",AWS-LC 3 Cryptographic Module (dynamic),ML-KEM,FIPS 140-3 L1,deprecated,2026-06-03,https://csrc.nist.gov/projects/cryptographic-module-validation-program/certificate/5298,2026-06-06,not in regen,,,,2026-07-09
AWS KMS,aws-kms,FIPS 140-3,5310,Amazon Web Services,AWS Nitro Card Security Engine SSMAE,No PQC Mechanisms Detected,FIPS 140-3 L1,deprecated,2026-06-04,https://csrc.nist.gov/projects/cryptographic-module-validation-program/certificate/5310,2026-06-06,not in regen,,,,2026-07-09
AWS KMS (Cloud Gateway),aws-kms-cloud-gateway,ACVP,A6295,"Amazon Web Services, Inc.",AWS-LC Cryptographic Module (static build) (C_SHA),ML-KEM,,deprecated,2024-11-25,https://csrc.nist.gov/projects/cryptographic-algorithm-validation-program/details?product=18997,2026-06-06,not in regen,,,,2026-07-09
AWS KMS (Cloud Gateway),aws-kms-cloud-gateway,ACVP,A6880,"Amazon Web Services, Inc.",AWS Key Management Service Cryptographic Algorithm Library,ML-DSA,,deprecated,2025-05-02,https://csrc.nist.gov/projects/cryptographic-algorithm-validation-program/details?product=19616,2026-06-06,not in regen,,,,2026-07-09
AWS KMS (Cloud Gateway),aws-kms-cloud-gateway,ACVP,A7917,"Amazon Web Services, Inc.",AWS-LC Cryptographic Module (static build) (C_SHA3),"ML-DSA, ML-KEM",,deprecated,2026-01-21,https://csrc.nist.gov/projects/cryptographic-algorithm-validation-program/details?product=20709,2026-06-06,not in regen,,,,2026-07-09
AWS KMS (Cloud Gateway),aws-kms-cloud-gateway,FIPS 140-3,4490,"Amazon Web Services, Inc.",AWS OpenSSL FIPS Provider,No PQC Mechanisms Detected,FIPS 140-3 L1,deprecated,2023-04-26,https://csrc.nist.gov/projects/cryptographic-module-validation-program/certificate/4490,2026-06-04,not in regen,,,,2026-07-09
AWS KMS (Cloud Gateway),aws-kms-cloud-gateway,FIPS 140-3,5146,"Amazon Web Services, Inc",AWS-LC Cryptographic Module (dynamic),No PQC Mechanisms Detected,FIPS 140-3 L1,deprecated,2026-01-26,https://csrc.nist.gov/projects/cryptographic-module-validation-program/certificate/5146,2026-06-04,not in regen,,,,2026-07-09
AWS KMS (Cloud Gateway),aws-kms-cloud-gateway,FIPS 140-3,5256,"Amazon Web Services, Inc.",AWS Link Encryption Module,No PQC Mechanisms Detected,FIPS 140-3 L1,deprecated,2026-05-05,https://csrc.nist.gov/projects/cryptographic-module-validation-program/certificate/5256,2026-06-06,not in regen,,,,2026-07-09
AWS KMS (Cloud Gateway),aws-kms-cloud-gateway,FIPS 140-3,5298,"Amazon Web Services, Inc",AWS-LC 3 Cryptographic Module (dynamic),ML-KEM,FIPS 140-3 L1,deprecated,2026-06-03,https://csrc.nist.gov/projects/cryptographic-module-validation-program/certificate/5298,2026-06-06,not in regen,,,,2026-07-09
AWS KMS (Cloud Gateway),aws-kms-cloud-gateway,FIPS 140-3,5310,Amazon Web Services,AWS Nitro Card Security Engine SSMAE,No PQC Mechanisms Detected,FIPS 140-3 L1,deprecated,2026-06-04,https://csrc.nist.gov/projects/cryptographic-module-validation-program/certificate/5310,2026-06-06,not in regen,,,,2026-07-09
AWS Key Management Service Cryptographic Algorithm Library,AWS-Key-Management-Service-Cryptographic,ACVP,A6880,"Amazon Web Services, Inc.",AWS Key Management Service Cryptographic Algorithm Library,ML-DSA,,deprecated,2025-05-02,https://csrc.nist.gov/projects/cryptographic-algorithm-validation-program/details?product=19616,2026-07-30,not in regen,,,,
AWS Key Management Service Cryptographic Algorithm Library,AWS-Key-Management-Service-Cryptographic,ACVP,A7365,AWS,AWS Key Management Service Cryptographic Algorithm Library,ML-DSA,,Active,2025-09-08,https://csrc.nist.gov/projects/cryptographic-algorithm-validation-program/details?product=20140,,,,,,
AWS Key Management Service Cryptographic Algorithm Library,AWS-Key-Management-Service-Cryptographic,ACVP,A8804,AWS,AWS Key Management Service Cryptographic Algorithm Library,"ML-DSA, ML-KEM",,Active,2026-07-24,https://csrc.nist.gov/projects/cryptographic-algorithm-validation-program/details?product=21658,,,,,,
AWS s2n-tls,aws-s2n-tls,ACVP,A6295,"Amazon Web Services, Inc.",AWS-LC Cryptographic Module (static build) (C_SHA),ML-KEM,,deprecated,2024-11-25,https://csrc.nist.gov/projects/cryptographic-algorithm-validation-program/details?product=18997,2026-06-06,not in regen,,,,2026-07-09
AWS s2n-tls,aws-s2n-tls,ACVP,A6880,"Amazon Web Services, Inc.",AWS Key Management Service Cryptographic Algorithm Library,ML-DSA,,deprecated,2025-05-02,https://csrc.nist.gov/projects/cryptographic-algorithm-validation-program/details?product=19616,2026-06-06,not in regen,,,,2026-07-09
AWS s2n-tls,aws-s2n-tls,ACVP,A7917,"Amazon Web Services, Inc.",AWS-LC Cryptographic Module (static build) (C_SHA3),"ML-DSA, ML-KEM",,deprecated,2026-01-21,https://csrc.nist.gov/projects/cryptographic-algorithm-validation-program/details?product=20709,2026-07-13,not in regen,pqc_cert_present,url_authoritative,Re-activated 2026-07-12 (product-cert review): was deprecated 2026-06-06 'not in regen' along with a broader set of AWS-vendor matches later judged too imprecise by the matcher. This specific match re-verified independently — s2n-tls's own public documentation confirms AWS-LC as its crypto backend — and confirmed ML-DSA+ML-KEM coverage on the real NIST ACVP record (product=20709) before re-activating. The other deprecated AWS-vendor matches in this file were NOT re-activated (insufficient independent justification).,2026-07-12
AWS s2n-tls,aws-s2n-tls,FIPS 140-3,4490,"Amazon Web Services, Inc.",AWS OpenSSL FIPS Provider,No PQC Mechanisms Detected,FIPS 140-3 L1,deprecated,2023-04-26,https://csrc.nist.gov/projects/cryptographic-module-validation-program/certificate/4490,2026-06-04,not in regen,,,,2026-07-09
AWS s2n-tls,aws-s2n-tls,FIPS 140-3,5146,"Amazon Web Services, Inc",AWS-LC Cryptographic Module (dynamic),No PQC Mechanisms Detected,FIPS 140-3 L1,deprecated,2026-01-26,https://csrc.nist.gov/projects/cryptographic-module-validation-program/certificate/5146,2026-06-04,not in regen,,,,2026-07-09
AWS s2n-tls,aws-s2n-tls,FIPS 140-3,5256,"Amazon Web Services, Inc.",AWS Link Encryption Module,No PQC Mechanisms Detected,FIPS 140-3 L1,deprecated,2026-05-05,https://csrc.nist.gov/projects/cryptographic-module-validation-program/certificate/5256,2026-06-06,not in regen,,,,2026-07-09
AWS s2n-tls,aws-s2n-tls,FIPS 140-3,5298,"Amazon Web Services, Inc",AWS-LC 3 Cryptographic Module (dynamic),ML-KEM,FIPS 140-3 L1,deprecated,2026-06-03,https://csrc.nist.gov/projects/cryptographic-module-validation-program/certificate/5298,2026-06-06,not in regen,,,,2026-07-09
AWS s2n-tls,aws-s2n-tls,FIPS 140-3,5310,Amazon Web Services,AWS Nitro Card Security Engine SSMAE,No PQC Mechanisms Detected,FIPS 140-3 L1,deprecated,2026-06-04,https://csrc.nist.gov/projects/cryptographic-module-validation-program/certificate/5310,2026-06-06,not in regen,,,,2026-07-09
AWS-LC,aws-lc,ACVP,A6295,"Amazon Web Services, Inc.",AWS-LC Cryptographic Module (static build) (C_SHA),ML-KEM,,Active,2024-11-25,https://csrc.nist.gov/projects/cryptographic-algorithm-validation-program/details?product=18997,,,,,,
AWS-LC,aws-lc,ACVP,A6880,"Amazon Web Services, Inc.",AWS Key Management Service Cryptographic Algorithm Library,ML-DSA,,deprecated,2025-05-02,https://csrc.nist.gov/projects/cryptographic-algorithm-validation-program/details?product=19616,2026-06-06,not in regen,,,,2026-07-09
AWS-LC,aws-lc,ACVP,A7917,"Amazon Web Services, Inc.",AWS-LC Cryptographic Module (static build) (C_SHA3),"ML-DSA, ML-KEM",,Active,2026-01-21,https://csrc.nist.gov/projects/cryptographic-algorithm-validation-program/details?product=20709,,,,,,
AWS-LC,aws-lc,FIPS 140-3,4490,"Amazon Web Services, Inc.",AWS OpenSSL FIPS Provider,No PQC Mechanisms Detected,FIPS 140-3 L1,deprecated,2023-04-26,https://csrc.nist.gov/projects/cryptographic-module-validation-program/certificate/4490,2026-06-04,not in regen,,,,2026-07-09
AWS-LC,aws-lc,FIPS 140-3,5146,"Amazon Web Services, Inc",AWS-LC Cryptographic Module (dynamic),No PQC Mechanisms Detected,FIPS 140-3 L1,deprecated,2026-01-26,https://csrc.nist.gov/projects/cryptographic-module-validation-program/certificate/5146,2026-06-04,not in regen,,,,2026-07-09
AWS-LC,aws-lc,FIPS 140-3,5256,"Amazon Web Services, Inc.",AWS Link Encryption Module,No PQC Mechanisms Detected,FIPS 140-3 L1,deprecated,2026-05-05,https://csrc.nist.gov/projects/cryptographic-module-validation-program/certificate/5256,2026-06-06,not in regen,,,,2026-07-09
AWS-LC,aws-lc,FIPS 140-3,5298,"Amazon Web Services, Inc",AWS-LC 3 Cryptographic Module (dynamic),ML-KEM,FIPS 140-3 L1,deprecated,2026-06-03,https://csrc.nist.gov/projects/cryptographic-module-validation-program/certificate/5298,2026-06-06,not in regen,,,,2026-07-09
AWS-LC,aws-lc,FIPS 140-3,5310,Amazon Web Services,AWS Nitro Card Security Engine SSMAE,No PQC Mechanisms Detected,FIPS 140-3 L1,deprecated,2026-06-04,https://csrc.nist.gov/projects/cryptographic-module-validation-program/certificate/5310,2026-06-06,not in regen,,,,2026-07-09
AWS-LC,aws-lc,FIPS 140-3,5314,"Amazon Web Services, Inc",AWS-LC 3 Cryptographic Module (static),ML-KEM,FIPS 140-3 L1,Active,2026-06-05,https://csrc.nist.gov/projects/cryptographic-module-validation-program/certificate/5314,,,,,,
AWS-LC,aws-lc,FIPS 140-3,5429,Amazon Web Services Inc.,AWS-LC Cryptographic Module (dynamic),No PQC Mechanisms Detected,FIPS 140-3 L1,Active,2026-07-20,https://csrc.nist.gov/projects/cryptographic-module-validation-program/certificate/5429,,,,,,
Alibaba Cloud Crypto,Alibaba-Cloud-Crypto,ACVP,A7533,Alibaba Cloud Computing Ltd.,Alibaba Cloud Crypto (Alibaba Cloud Crypto),"ML-DSA, ML-KEM, SLH-DSA",,Active,2025-10-15,https://csrc.nist.gov/projects/cryptographic-algorithm-validation-program/details?product=20308,,,,,,
Amazon Web Services (AWS),amazon-web-services-aws,ACVP,A6295,"Amazon Web Services, Inc.",AWS-LC Cryptographic Module (static build) (C_SHA),ML-KEM,,deprecated,2024-11-25,https://csrc.nist.gov/projects/cryptographic-algorithm-validation-program/details?product=18997,2026-06-06,not in regen,,,,2026-07-09
Amazon Web Services (AWS),amazon-web-services-aws,ACVP,A6880,"Amazon Web Services, Inc.",AWS Key Management Service Cryptographic Algorithm Library,ML-DSA,,deprecated,2025-05-02,https://csrc.nist.gov/projects/cryptographic-algorithm-validation-program/details?product=19616,2026-06-06,not in regen,,,,2026-07-09
Amazon Web Services (AWS),amazon-web-services-aws,ACVP,A7917,"Amazon Web Services, Inc.",AWS-LC Cryptographic Module (static build) (C_SHA3),"ML-DSA, ML-KEM",,deprecated,2026-01-21,https://csrc.nist.gov/projects/cryptographic-algorithm-validation-program/details?product=20709,2026-06-06,not in regen,,,,2026-07-09
Amazon Web Services (AWS),amazon-web-services-aws,FIPS 140-3,4490,"Amazon Web Services, Inc.",AWS OpenSSL FIPS Provider,No PQC Mechanisms Detected,FIPS 140-3 L1,deprecated,2023-04-26,https://csrc.nist.gov/projects/cryptographic-module-validation-program/certificate/4490,2026-06-04,not in regen,,,,2026-07-09
Amazon Web Services (AWS),amazon-web-services-aws,FIPS 140-3,5146,"Amazon Web Services, Inc",AWS-LC Cryptographic Module (dynamic),No PQC Mechanisms Detected,FIPS 140-3 L1,deprecated,2026-01-26,https://csrc.nist.gov/projects/cryptographic-module-validation-program/certificate/5146,2026-06-04,not in regen,,,,2026-07-09
Amazon Web Services (AWS),amazon-web-services-aws,FIPS 140-3,5256,"Amazon Web Services, Inc.",AWS Link Encryption Module,No PQC Mechanisms Detected,FIPS 140-3 L1,deprecated,2026-05-05,https://csrc.nist.gov/projects/cryptographic-module-validation-program/certificate/5256,2026-06-06,not in regen,,,,2026-07-09
Amazon Web Services (AWS),amazon-web-services-aws,FIPS 140-3,5298,"Amazon Web Services, Inc",AWS-LC 3 Cryptographic Module (dynamic),ML-KEM,FIPS 140-3 L1,deprecated,2026-06-03,https://csrc.nist.gov/projects/cryptographic-module-validation-program/certificate/5298,2026-06-06,not in regen,,,,2026-07-09
Amazon Web Services (AWS),amazon-web-services-aws,FIPS 140-3,5310,Amazon Web Services,AWS Nitro Card Security Engine SSMAE,No PQC Mechanisms Detected,FIPS 140-3 L1,deprecated,2026-06-04,https://csrc.nist.gov/projects/cryptographic-module-validation-program/certificate/5310,2026-06-06,not in regen,,,,2026-07-09
Android 16,android-16,ACVP,A7700,"Google, Inc.",BoringCrypto,"ML-DSA, ML-KEM, SLH-DSA",,deprecated,2025-11-21,https://csrc.nist.gov/projects/cryptographic-algorithm-validation-program/details?product=20486,2026-06-06,not in regen,,,,2026-07-09
Android 16,android-16,ACVP,A8355,"Google, LLC",Trusty TEE,"ML-DSA, ML-KEM, SLH-DSA",,deprecated,2026-05-19,https://csrc.nist.gov/projects/cryptographic-algorithm-validation-program/details?product=21185,2026-06-06,not in regen,,,,2026-07-09
Android 16,android-16,ACVP,A8890,Google LLC,Android BoringCrypto,"ML-DSA, ML-KEM, SLH-DSA",,Active,2026-08-18,https://csrc.nist.gov/projects/cryptographic-algorithm-validation-program/details?product=21745,,,,,,
Android 16,android-16,FIPS 140-3,4726,"Google, LLC.",Android Kernel Cryptographic Module,No PQC Mechanisms Detected,FIPS 140-3 L1,Active,2024-07-12,https://csrc.nist.gov/projects/cryptographic-module-validation-program/certificate/4726,,,,,,
Android 16,android-16,FIPS 140-3,4799,"Google, LLC",Look-aside Cryptography and Compression Engine (LCE),No PQC Mechanisms Detected,FIPS 140-3 L1,deprecated,2024-09-13,https://csrc.nist.gov/projects/cryptographic-module-validation-program/certificate/4799,2026-06-06,not in regen,,,,2026-07-09
Android 16,android-16,FIPS 140-3,5087,"Google, LLC.",OpenSK Cryptographic Module,No PQC Mechanisms Detected,FIPS 140-3 L1,deprecated,2025-10-23,https://csrc.nist.gov/projects/cryptographic-module-validation-program/certificate/5087,2026-06-06,not in regen,,,,2026-07-09
Android 16,android-16,FIPS 140-3,5104,"Google, LLC",BoringCrypto,No PQC Mechanisms Detected,FIPS 140-3 L1,deprecated,2025-12-09,https://csrc.nist.gov/projects/cryptographic-module-validation-program/certificate/5104,2026-05-10,not in regen,no_pqc_cert_classical_only,url_authoritative,CMVP #5104: Classical cryptography only. PQC (ML-KEM/ML-DSA/SLH-DSA) not yet validated under this certificate. CMVP PQC module validation anticipated 2026-2027 per NIST CMVP roadmap.,2026-05-06
Android 16,android-16,FIPS 140-3,5165,"Google, LLC.",River Redux Cryptographic Module,No PQC Mechanisms Detected,FIPS 140-3 L1,deprecated,2026-03-18,https://csrc.nist.gov/projects/cryptographic-module-validation-program/certificate/5165,2026-06-06,not in regen,,,,2026-07-09
Android 16,android-16,FIPS 140-3,5244,"Google, LLC",BoringCrypto,No PQC Mechanisms Detected,FIPS 140-3 L1,deprecated,2026-04-18,https://csrc.nist.gov/projects/cryptographic-module-validation-program/certificate/5244,2026-06-04,not in regen,,,,2026-07-09
Android 16,android-16,FIPS 140-3,5296,"Google, LLC",BoringCrypto,No PQC Mechanisms Detected,FIPS 140-3 L1,deprecated,2026-06-02,https://csrc.nist.gov/projects/cryptographic-module-validation-program/certificate/5296,2026-06-06,not in regen,,,,2026-07-09
Angela CryptoModule Cryptographic Algorithm Library,angela-cryptomodule-cryptographic-algorithm-library,ACVP,A7037,ANGELATEK LTD.,Angela CryptoModule Cryptographic Algorithm Library,"ML-DSA, ML-KEM, SLH-DSA",,Active,2025-06-18,https://csrc.nist.gov/projects/cryptographic-algorithm-validation-program/details?product=19805,,,,,,
Apple PQ3 / CoreCrypto,apple-pq3-corecrypto,ACVP,A7637,Apple Inc.,"Apple corecrypto Module [Apple silicon, Kernel, Software, SL1] (vng_hwassist)","ML-DSA, ML-KEM",,Active,2025-10-31,https://csrc.nist.gov/projects/cryptographic-algorithm-validation-program/details?product=20368,,,,,,
Apple PQ3 / CoreCrypto,apple-pq3-corecrypto,ACVP,A7649,Apple Inc.,"Apple corecrypto Module [Apple silicon, Secure Key Store, Hardware, SL2] (c_ltc)","ML-DSA, ML-KEM",,Active,2025-10-31,https://csrc.nist.gov/projects/cryptographic-algorithm-validation-program/details?product=20372,,,,,,
Apple PQ3 / CoreCrypto,apple-pq3-corecrypto,ACVP,A7645,Apple Inc.,"Apple corecrypto Module [Apple silicon, User, Software, SL1] (vng_hwassist)","ML-DSA, ML-KEM",,Active,2025-10-31,https://csrc.nist.gov/projects/cryptographic-algorithm-validation-program/details?product=20361,,,,,,
Apple PQ3 / CoreCrypto,apple-pq3-corecrypto,FIPS 140-3,5184,Apple Inc.,"Apple corecrypto Module 18.3 [Apple silicon, User, Software, SL1]",No PQC Mechanisms Detected,FIPS 140-3 L1,deprecated,2026-03-11,https://csrc.nist.gov/projects/cryptographic-module-validation-program/certificate/5184,2026-05-10,not in regen,no_pqc_cert_classical_only,url_authoritative,CMVP #5184: Classical cryptography only. PQC (ML-KEM/ML-DSA/SLH-DSA) not yet validated under this certificate. CMVP PQC module validation anticipated 2026-2027 per NIST CMVP roadmap.,2026-05-06
Apple PQ3 / CoreCrypto,apple-pq3-corecrypto,FIPS 140-3,5202,Apple Inc.,"Apple corecrypto Module v14.0 [Intel, Kernel, Software, SL1]",No PQC Mechanisms Detected,FIPS 140-3 L1,deprecated,2026-03-19,https://csrc.nist.gov/projects/cryptographic-module-validation-program/certificate/5202,2026-05-10,not in regen,no_pqc_cert_classical_only,url_authoritative,CMVP #5202: Classical cryptography only. PQC (ML-KEM/ML-DSA/SLH-DSA) not yet validated under this certificate. CMVP PQC module validation anticipated 2026-2027 per NIST CMVP roadmap.,2026-05-06
Apple PQ3 / CoreCrypto,apple-pq3-corecrypto,FIPS 140-3,5201,Apple Inc.,"Apple corecrypto Module v14.0 [Intel, User, Software, SL1]",No PQC Mechanisms Detected,FIPS 140-3 L1,deprecated,2026-03-19,https://csrc.nist.gov/projects/cryptographic-module-validation-program/certificate/5201,2026-05-10,not in regen,no_pqc_cert_classical_only,url_authoritative,CMVP #5201: Classical cryptography only. PQC (ML-KEM/ML-DSA/SLH-DSA) not yet validated under this certificate. CMVP PQC module validation anticipated 2026-2027 per NIST CMVP roadmap.,2026-05-06
Apple PQ3 / CoreCrypto,apple-pq3-corecrypto,FIPS 140-3,5218,Apple Inc.,"Apple corecrypto Module v18.3 [Intel, Kernel, Software, SL1]",No PQC Mechanisms Detected,FIPS 140-3 L1,deprecated,2026-03-30,https://csrc.nist.gov/projects/cryptographic-module-validation-program/certificate/5218,2026-06-04,not in regen,,,,2026-07-09
Apple PQ3 / CoreCrypto,apple-pq3-corecrypto,FIPS 140-3,5217,Apple Inc.,"Apple corecrypto Module v18.3 [Intel, User, Software, SL1]",No PQC Mechanisms Detected,FIPS 140-3 L1,deprecated,2026-03-30,https://csrc.nist.gov/projects/cryptographic-module-validation-program/certificate/5217,2026-06-04,not in regen,,,,2026-07-09
Apple PQ3 / CoreCrypto,apple-pq3-corecrypto,FIPS 140-3,5216,Apple Inc.,"Apple corecrypto Module v14.0 [Apple silicon, User, Software, SL1]",No PQC Mechanisms Detected,FIPS 140-3 L1,deprecated,2026-03-30,https://csrc.nist.gov/projects/cryptographic-module-validation-program/certificate/5216,2026-05-16,not in regen,,,,2026-07-09
Apple PQ3 / CoreCrypto,apple-pq3-corecrypto,FIPS 140-3,5263,Apple Inc.,"Apple corecrypto Module v14.0 [Apple silicon, Kernel, Software, SL1]",No PQC Mechanisms Detected,FIPS 140-3 L1,deprecated,2026-05-12,https://csrc.nist.gov/projects/cryptographic-module-validation-program/certificate/5263,2026-06-04,not in regen,,,,2026-07-09
Apple PQ3 / CoreCrypto,,FIPS 140-3,5307,Apple Inc.,"Apple corecrypto Module v13.0 [Apple silicon, Secure Key Store, Hardware SL2]",No PQC Mechanisms Detected,FIPS 140-3 L2,deprecated,2026-06-03,https://csrc.nist.gov/projects/cryptographic-module-validation-program/certificate/5307,2026-07-12,not in regen,,,,
Apple PQ3 / CoreCrypto,,FIPS 140-3,5306,Apple Inc.,"Apple corecrypto Module 18.3 [Apple silicon, Secure Key Store, Hardware, SL2/PHY3]",No PQC Mechanisms Detected,FIPS 140-3 L2,deprecated,2026-06-03,https://csrc.nist.gov/projects/cryptographic-module-validation-program/certificate/5306,2026-07-12,not in regen,,,,
Apple PQ3 / CoreCrypto,,FIPS 140-3,5304,Apple Inc.,"Apple corecrypto Module v14.0 [Apple silicon, Secure Key Store, Hardware, SL2/PHY3]",No PQC Mechanisms Detected,FIPS 140-3 L2,deprecated,2026-06-03,https://csrc.nist.gov/projects/cryptographic-module-validation-program/certificate/5304,2026-07-12,not in regen,,,,
Apple PQ3 / CoreCrypto,apple-pq3-corecrypto,FIPS 140-3,5348,Apple Inc.,"Apple corecrypto Module v13.0 [Intel, User, Software, SL1]",No PQC Mechanisms Detected,FIPS 140-3 L1,Active,2026-06-19,https://csrc.nist.gov/projects/cryptographic-module-validation-program/certificate/5348,,,,,,
Apple PQ3 / CoreCrypto,apple-pq3-corecrypto,FIPS 140-3,5347,Apple Inc.,"Apple corecrypto Module v13.0 [Intel, Kernel, Software, SL1]",No PQC Mechanisms Detected,FIPS 140-3 L1,Active,2026-06-19,https://csrc.nist.gov/projects/cryptographic-module-validation-program/certificate/5347,,,,,,
Apple PQ3 / CoreCrypto,apple-pq3-corecrypto,FIPS 140-3,5387,Apple Inc.,"Apple corecrypto Module 18.3 [Apple silicon, Kernel, Software, SL1]",No PQC Mechanisms Detected,FIPS 140-3 L1,Active,2026-07-09,https://csrc.nist.gov/projects/cryptographic-module-validation-program/certificate/5387,,,,,,
Apple Safari,apple-safari,ACVP,A7637,Apple Inc.,"Apple corecrypto Module [Apple silicon, Kernel, Software, SL1] (vng_hwassist)","ML-DSA, ML-KEM",,deprecated,2025-10-31,https://csrc.nist.gov/projects/cryptographic-algorithm-validation-program/details?product=20368,2026-06-06,not in regen,,,,2026-07-09
Apple Safari,apple-safari,ACVP,A7649,Apple Inc.,"Apple corecrypto Module [Apple silicon, Secure Key Store, Hardware, SL2] (c_ltc)","ML-DSA, ML-KEM",,deprecated,2025-10-31,https://csrc.nist.gov/projects/cryptographic-algorithm-validation-program/details?product=20372,2026-06-06,not in regen,,,,2026-07-09
Apple Safari,apple-safari,ACVP,A7645,Apple Inc.,"Apple corecrypto Module [Apple silicon, User, Software, SL1] (vng_hwassist)","ML-DSA, ML-KEM",,deprecated,2025-10-31,https://csrc.nist.gov/projects/cryptographic-algorithm-validation-program/details?product=20361,2026-06-06,not in regen,,,,2026-07-09
Apple Safari,apple-safari,FIPS 140-3,5184,Apple Inc.,"Apple corecrypto Module 18.3 [Apple silicon, User, Software, SL1]",No PQC Mechanisms Detected,FIPS 140-3 L1,deprecated,2026-03-11,https://csrc.nist.gov/projects/cryptographic-module-validation-program/certificate/5184,2026-05-10,not in regen,no_pqc_cert_classical_only,url_authoritative,CMVP #5184: Classical cryptography only. PQC (ML-KEM/ML-DSA/SLH-DSA) not yet validated under this certificate. CMVP PQC module validation anticipated 2026-2027 per NIST CMVP roadmap.,2026-05-06
Apple Safari,apple-safari,FIPS 140-3,5202,Apple Inc.,"Apple corecrypto Module v14.0 [Intel, Kernel, Software, SL1]",No PQC Mechanisms Detected,FIPS 140-3 L1,deprecated,2026-03-19,https://csrc.nist.gov/projects/cryptographic-module-validation-program/certificate/5202,2026-05-10,not in regen,no_pqc_cert_classical_only,url_authoritative,CMVP #5202: Classical cryptography only. PQC (ML-KEM/ML-DSA/SLH-DSA) not yet validated under this certificate. CMVP PQC module validation anticipated 2026-2027 per NIST CMVP roadmap.,2026-05-06
Apple Safari,apple-safari,FIPS 140-3,5201,Apple Inc.,"Apple corecrypto Module v14.0 [Intel, User, Software, SL1]",No PQC Mechanisms Detected,FIPS 140-3 L1,deprecated,2026-03-19,https://csrc.nist.gov/projects/cryptographic-module-validation-program/certificate/5201,2026-05-10,not in regen,no_pqc_cert_classical_only,url_authoritative,CMVP #5201: Classical cryptography only. PQC (ML-KEM/ML-DSA/SLH-DSA) not yet validated under this certificate. CMVP PQC module validation anticipated 2026-2027 per NIST CMVP roadmap.,2026-05-06
Apple Safari,apple-safari,FIPS 140-3,5218,Apple Inc.,"Apple corecrypto Module v18.3 [Intel, Kernel, Software, SL1]",No PQC Mechanisms Detected,FIPS 140-3 L1,deprecated,2026-03-30,https://csrc.nist.gov/projects/cryptographic-module-validation-program/certificate/5218,2026-06-04,not in regen,,,,2026-07-09
Apple Safari,apple-safari,FIPS 140-3,5217,Apple Inc.,"Apple corecrypto Module v18.3 [Intel, User, Software, SL1]",No PQC Mechanisms Detected,FIPS 140-3 L1,deprecated,2026-03-30,https://csrc.nist.gov/projects/cryptographic-module-validation-program/certificate/5217,2026-06-04,not in regen,,,,2026-07-09
Apple Safari,apple-safari,FIPS 140-3,5216,Apple Inc.,"Apple corecrypto Module v14.0 [Apple silicon, User, Software, SL1]",No PQC Mechanisms Detected,FIPS 140-3 L1,deprecated,2026-03-30,https://csrc.nist.gov/projects/cryptographic-module-validation-program/certificate/5216,2026-05-16,not in regen,,,,2026-07-09
Apple Safari,apple-safari,FIPS 140-3,5263,Apple Inc.,"Apple corecrypto Module v14.0 [Apple silicon, Kernel, Software, SL1]",No PQC Mechanisms Detected,FIPS 140-3 L1,deprecated,2026-05-12,https://csrc.nist.gov/projects/cryptographic-module-validation-program/certificate/5263,2026-06-04,not in regen,,,,2026-07-09
Apple Safari,apple-safari,FIPS 140-3,5307,Apple Inc.,"Apple corecrypto Module v13.0 [Apple silicon, Secure Key Store, Hardware SL2]",No PQC Mechanisms Detected,FIPS 140-3 L2,deprecated,2026-06-03,https://csrc.nist.gov/projects/cryptographic-module-validation-program/certificate/5307,2026-06-06,not in regen,,,,2026-07-09
Apple Safari,apple-safari,FIPS 140-3,5306,Apple Inc.,"Apple corecrypto Module 18.3 [Apple silicon, Secure Key Store, Hardware, SL2/PHY3]",No PQC Mechanisms Detected,FIPS 140-3 L2,deprecated,2026-06-03,https://csrc.nist.gov/projects/cryptographic-module-validation-program/certificate/5306,2026-06-06,not in regen,,,,2026-07-09
Apple Safari,apple-safari,FIPS 140-3,5304,Apple Inc.,"Apple corecrypto Module v14.0 [Apple silicon, Secure Key Store, Hardware, SL2/PHY3]",No PQC Mechanisms Detected,FIPS 140-3 L2,deprecated,2026-06-03,https://csrc.nist.gov/projects/cryptographic-module-validation-program/certificate/5304,2026-06-06,not in regen,,,,2026-07-09
Apple codesign,apple-codesign,ACVP,A7637,Apple Inc.,"Apple corecrypto Module [Apple silicon, Kernel, Software, SL1] (vng_hwassist)","ML-DSA, ML-KEM",,deprecated,2025-10-31,https://csrc.nist.gov/projects/cryptographic-algorithm-validation-program/details?product=20368,2026-06-06,not in regen,,,,2026-07-09
Apple codesign,apple-codesign,ACVP,A7649,Apple Inc.,"Apple corecrypto Module [Apple silicon, Secure Key Store, Hardware, SL2] (c_ltc)","ML-DSA, ML-KEM",,deprecated,2025-10-31,https://csrc.nist.gov/projects/cryptographic-algorithm-validation-program/details?product=20372,2026-06-06,not in regen,,,,2026-07-09
Apple codesign,apple-codesign,ACVP,A7645,Apple Inc.,"Apple corecrypto Module [Apple silicon, User, Software, SL1] (vng_hwassist)","ML-DSA, ML-KEM",,deprecated,2025-10-31,https://csrc.nist.gov/projects/cryptographic-algorithm-validation-program/details?product=20361,2026-06-06,not in regen,,,,2026-07-09
Apple codesign,apple-codesign,FIPS 140-3,5101,Apple Inc.,"Apple corecrypto Module v14.1 [Apple silicon, Kernel, Software, SL1]",No PQC Mechanisms Detected,FIPS 140-3 L1,deprecated,2025-12-02,https://csrc.nist.gov/projects/cryptographic-module-validation-program/certificate/5101,2026-05-10,not in regen,no_pqc_cert_classical_only,url_authoritative,CMVP #5101: Classical cryptography only. PQC (ML-KEM/ML-DSA/SLH-DSA) not yet validated under this certificate. CMVP PQC module validation anticipated 2026-2027 per NIST CMVP roadmap.,2026-05-06
Apple codesign,apple-codesign,FIPS 140-3,5108,Apple Inc.,"Apple corecrypto Module v14.1 [Apple silicon, User, Software, SL1]",No PQC Mechanisms Detected,FIPS 140-3 L1,deprecated,2025-12-14,https://csrc.nist.gov/projects/cryptographic-module-validation-program/certificate/5108,2026-05-10,not in regen,no_pqc_cert_classical_only,url_authoritative,CMVP #5108: Classical cryptography only. PQC (ML-KEM/ML-DSA/SLH-DSA) not yet validated under this certificate. CMVP PQC module validation anticipated 2026-2027 per NIST CMVP roadmap.,2026-05-06
Apple codesign,apple-codesign,FIPS 140-3,5184,Apple Inc.,"Apple corecrypto Module 18.3 [Apple silicon, User, Software, SL1]",No PQC Mechanisms Detected,FIPS 140-3 L1,deprecated,2026-03-11,https://csrc.nist.gov/projects/cryptographic-module-validation-program/certificate/5184,2026-05-10,not in regen,no_pqc_cert_classical_only,url_authoritative,CMVP #5184: Classical cryptography only. PQC (ML-KEM/ML-DSA/SLH-DSA) not yet validated under this certificate. CMVP PQC module validation anticipated 2026-2027 per NIST CMVP roadmap.,2026-05-06
Apple codesign,apple-codesign,FIPS 140-3,5202,Apple Inc.,"Apple corecrypto Module v14.0 [Intel, Kernel, Software, SL1]",No PQC Mechanisms Detected,FIPS 140-3 L1,deprecated,2026-03-19,https://csrc.nist.gov/projects/cryptographic-module-validation-program/certificate/5202,2026-06-04,not in regen,,,,2026-07-09
Apple codesign,apple-codesign,FIPS 140-3,5201,Apple Inc.,"Apple corecrypto Module v14.0 [Intel, User, Software, SL1]",No PQC Mechanisms Detected,FIPS 140-3 L1,deprecated,2026-03-19,https://csrc.nist.gov/projects/cryptographic-module-validation-program/certificate/5201,2026-05-16,not in regen,,,,2026-07-09
Apple codesign,apple-codesign,FIPS 140-3,5218,Apple Inc.,"Apple corecrypto Module v18.3 [Intel, Kernel, Software, SL1]",No PQC Mechanisms Detected,FIPS 140-3 L1,deprecated,2026-03-30,https://csrc.nist.gov/projects/cryptographic-module-validation-program/certificate/5218,2026-06-04,not in regen,,,,2026-07-09
Apple codesign,apple-codesign,FIPS 140-3,5217,Apple Inc.,"Apple corecrypto Module v18.3 [Intel, User, Software, SL1]",No PQC Mechanisms Detected,FIPS 140-3 L1,deprecated,2026-03-30,https://csrc.nist.gov/projects/cryptographic-module-validation-program/certificate/5217,2026-06-04,not in regen,,,,2026-07-09
Apple codesign,apple-codesign,FIPS 140-3,5216,Apple Inc.,"Apple corecrypto Module v14.0 [Apple silicon, User, Software, SL1]",No PQC Mechanisms Detected,FIPS 140-3 L1,deprecated,2026-03-30,https://csrc.nist.gov/projects/cryptographic-module-validation-program/certificate/5216,2026-06-04,not in regen,,,,2026-07-09
Apple codesign,apple-codesign,FIPS 140-3,5263,Apple Inc.,"Apple corecrypto Module v14.0 [Apple silicon, Kernel, Software, SL1]",No PQC Mechanisms Detected,FIPS 140-3 L1,deprecated,2026-05-12,https://csrc.nist.gov/projects/cryptographic-module-validation-program/certificate/5263,2026-06-04,not in regen,,,,2026-07-09
Apple codesign,apple-codesign,FIPS 140-3,5289,Apple Inc.,"Apple corecrypto Module v13.0 [Apple silicon, Secure Key Store, Hardware SL2/PHY3]",No PQC Mechanisms Detected,FIPS 140-3 L2,deprecated,2026-05-22,https://csrc.nist.gov/projects/cryptographic-module-validation-program/certificate/5289,2026-06-06,not in regen,,,,2026-07-09
Apple codesign,apple-codesign,FIPS 140-3,5307,Apple Inc.,"Apple corecrypto Module v13.0 [Apple silicon, Secure Key Store, Hardware SL2]",No PQC Mechanisms Detected,FIPS 140-3 L2,deprecated,2026-06-03,https://csrc.nist.gov/projects/cryptographic-module-validation-program/certificate/5307,2026-06-06,not in regen,,,,2026-07-09
Apple codesign,apple-codesign,FIPS 140-3,5306,Apple Inc.,"Apple corecrypto Module 18.3 [Apple silicon, Secure Key Store, Hardware, SL2/PHY3]",No PQC Mechanisms Detected,FIPS 140-3 L2,deprecated,2026-06-03,https://csrc.nist.gov/projects/cryptographic-module-validation-program/certificate/5306,2026-06-06,not in regen,,,,2026-07-09
Apple codesign,apple-codesign,FIPS 140-3,5304,Apple Inc.,"Apple corecrypto Module v14.0 [Apple silicon, Secure Key Store, Hardware, SL2/PHY3]",No PQC Mechanisms Detected,FIPS 140-3 L2,deprecated,2026-06-03,https://csrc.nist.gov/projects/cryptographic-module-validation-program/certificate/5304,2026-06-06,not in regen,,,,2026-07-09
Apple codesign,apple-codesign,FIPS 140-3,5303,Apple Inc.,"Apple corecrypto Module v14.0 [Apple silicon, Secure Key Store, Hardware, SL2]",No PQC Mechanisms Detected,FIPS 140-3 L2,deprecated,2026-06-03,https://csrc.nist.gov/projects/cryptographic-module-validation-program/certificate/5303,2026-06-06,not in regen,,,,2026-07-09
Arctera Cryptographic Module for Java,arctera-cryptographic-module-for-java,FIPS 140-3,5082,Arctera US LLC,Arctera Cryptographic Module for Java,"HSS, LMS",FIPS 140-3 L1,Active,2025-10-21,https://csrc.nist.gov/projects/cryptographic-module-validation-program/certificate/5082,,,,,,
Arctera Cryptographic Module for Java,arctera-cryptographic-module-for-java,FIPS 140-3,5320,InfoScale and Arctera,InfoScale and Arctera Cryptographic Module for Java,"LMS, HSS",FIPS 140-3 L1,Active,2026-06-10,https://csrc.nist.gov/projects/cryptographic-module-validation-program/certificate/5320,,,,,,
Arista EOS (Extensible Operating System),arista-eos-extensible-operating-system,FIPS 140-3,4592,"Arista Networks, Inc.",Arista EOS Crypto Module,Falcon,FIPS 140-3 L1,Active,2023-09-12,https://csrc.nist.gov/projects/cryptographic-module-validation-program/certificate/4592,,,,,,
Arista EOS (Extensible Operating System),arista-eos-extensible-operating-system,FIPS 140-3,5001,"Arista Networks, Inc.",Arista Crypto Module,No PQC Mechanisms Detected,FIPS 140-3 L1,deprecated,2025-04-17,https://csrc.nist.gov/projects/cryptographic-module-validation-program/certificate/5001,2026-06-06,not in regen,,,,2026-07-09
Arista EOS (Extensible Operating System),arista-eos-extensible-operating-system,FIPS 140-3,5309,"Arista Networks, Inc.",Arista MACsec data plane accelerator [PHY],No PQC Mechanisms Detected,FIPS 140-3 L1,deprecated,2026-06-03,https://csrc.nist.gov/projects/cryptographic-module-validation-program/certificate/5309,2026-06-06,not in regen,,,,2026-07-09
Atalla AT1000e,,ACVP,A7400,Utimaco IS GmbH,Lattice Module - ML,"ML-DSA, ML-KEM",,deprecated,2025-09-17,https://csrc.nist.gov/projects/cryptographic-algorithm-validation-program/details?product=20181,2026-05-16,not in regen,,,,
Azure Dedicated HSM (Thales Luna 7),azure-dedicated-hsm-marvell-liquidsecurity,ACVP,A7358,Thales,Thales Luna K7 Cryptographic Library,"LMS, ML-DSA, ML-KEM",,Active,2025-09-02,https://csrc.nist.gov/projects/cryptographic-algorithm-validation-program/details?product=20110,,,,,,
Azure Dedicated HSM (Thales Luna 7),azure-dedicated-hsm-marvell-liquidsecurity,ACVP,A8273,Thales,Thales Luna G7 Cryptographic Library,"ML-DSA, ML-KEM",,Active,2026-04-17,https://csrc.nist.gov/projects/cryptographic-algorithm-validation-program/details?product=21087,,,,,,
Azure Dedicated HSM (Thales Luna 7),azure-dedicated-hsm-marvell-liquidsecurity,FIPS 140-3,4110,Thales,ProtectServer PCIe HSM 3,No PQC Mechanisms Detected,FIPS 140-3 L3,Active,2021-12-20,https://csrc.nist.gov/projects/cryptographic-module-validation-program/certificate/4110,,,,,,
Azure Dedicated HSM (Thales Luna 7),azure-dedicated-hsm-marvell-liquidsecurity,FIPS 140-3,4195,Thales,Thales Luna Backup HSM Cryptographic Module,No PQC Mechanisms Detected,FIPS 140-3 L3,Active,2022-04-14,https://csrc.nist.gov/projects/cryptographic-module-validation-program/certificate/4195,,,,,,
Azure Dedicated HSM (Thales Luna 7),azure-dedicated-hsm-marvell-liquidsecurity,FIPS 140-3,4684,Thales,Thales Luna K7 Cryptographic Module,No PQC Mechanisms Detected,FIPS 140-3 L3,Active,2024-04-02,https://csrc.nist.gov/projects/cryptographic-module-validation-program/certificate/4684,,,,,,
Azure Dedicated HSM (Thales Luna 7),azure-dedicated-hsm-marvell-liquidsecurity,FIPS 140-3,4962,Thales,Thales Luna G7 Cryptographic Module,No PQC Mechanisms Detected,FIPS 140-3 L3,Active,2025-02-07,https://csrc.nist.gov/projects/cryptographic-module-validation-program/certificate/4962,,,,,,
Azure DevOps,azure-devops,FIPS 140-3,4766,Microsoft Corporation,Kernel Mode Cryptographic Primitives Library,No PQC Mechanisms Detected,FIPS 140-3 L1,deprecated,2024-08-19,https://csrc.nist.gov/projects/cryptographic-module-validation-program/certificate/4766,2026-06-06,not in regen,,,,2026-07-09
Azure DevOps,azure-devops,FIPS 140-3,4825,Microsoft Corporation,Cryptographic Primitives Library,No PQC Mechanisms Detected,FIPS 140-3 L1,deprecated,2024-10-07,https://csrc.nist.gov/projects/cryptographic-module-validation-program/certificate/4825,2026-06-06,not in regen,,,,2026-07-09
Azure Key Vault,azure-key-vault,FIPS 140-3,4766,Microsoft Corporation,Kernel Mode Cryptographic Primitives Library,No PQC Mechanisms Detected,FIPS 140-3 L1,deprecated,2024-08-19,https://csrc.nist.gov/projects/cryptographic-module-validation-program/certificate/4766,2026-06-06,not in regen,,,,2026-07-09
Azure Key Vault,azure-key-vault,FIPS 140-3,4825,Microsoft Corporation,Cryptographic Primitives Library,No PQC Mechanisms Detected,FIPS 140-3 L1,deprecated,2024-10-07,https://csrc.nist.gov/projects/cryptographic-module-validation-program/certificate/4825,2026-06-06,not in regen,,,,2026-07-09
Best PQC MLKEM,best-pqc-mlkem,ACVP,A7795,Best PQC Intelligent Cybersecurity Ltd.,Best PQC MLKEM,ML-KEM,,Active,2025-12-15,https://csrc.nist.gov/projects/cryptographic-algorithm-validation-program/details?product=20590,,,,,,
BitLocker (Windows),bitlocker-windows,FIPS 140-3,4688,Microsoft Corporation,BitLocker Dump Filter,No PQC Mechanisms Detected,FIPS 140-3 L1,deprecated,2024-04-03,https://csrc.nist.gov/projects/cryptographic-module-validation-program/certificate/4688,2026-09-01,not in regen,,,,
BitLocker (Windows),bitlocker-windows,FIPS 140-3,4766,Microsoft Corporation,Kernel Mode Cryptographic Primitives Library,No PQC Mechanisms Detected,FIPS 140-3 L1,deprecated,2024-08-19,https://csrc.nist.gov/projects/cryptographic-module-validation-program/certificate/4766,2026-06-06,not in regen,,,,2026-07-09
BitLocker (Windows),bitlocker-windows,FIPS 140-3,4825,Microsoft Corporation,Cryptographic Primitives Library,No PQC Mechanisms Detected,FIPS 140-3 L1,deprecated,2024-10-07,https://csrc.nist.gov/projects/cryptographic-module-validation-program/certificate/4825,2026-06-06,not in regen,,,,2026-07-09
BitLocker (Windows),bitlocker-windows,FIPS 140-3,5409,Microsoft Corporation,BitLocker Dump Filter,No PQC Mechanisms Detected,FIPS 140-3 L1,Active,2026-08-31,https://csrc.nist.gov/projects/cryptographic-module-validation-program/certificate/5409,,,,,,
Bitwarden,bitwarden,FIPS 140-3,5507,"Bitwarden, Inc.",Bitwarden Cryptographic Module,No PQC Mechanisms Detected,FIPS 140-3 L1,Active,2026-08-27,https://csrc.nist.gov/projects/cryptographic-module-validation-program/certificate/5507,,,,,,
BlackBerry Certicom Security Builder FIPS Module,blackberry-certicom-security-builder-fips-module,FIPS 140-3,4267,BlackBerry Limited,Security Builder® FIPS Module,No PQC Mechanisms Detected,FIPS 140-3 L1,Active,2022-07-18,https://csrc.nist.gov/projects/cryptographic-module-validation-program/certificate/4267,,,,,,
BlackBerry QNX Hypervisor 8.0 for Safety,blackberry-qnx-hypervisor-8,FIPS 140-3,4267,BlackBerry Limited,Security Builder® FIPS Module,No PQC Mechanisms Detected,FIPS 140-3 L1,deprecated,2022-07-18,https://csrc.nist.gov/projects/cryptographic-module-validation-program/certificate/4267,2026-06-06,not in regen,,,,2026-07-09
BlackBerry QNX Neutrino RTOS,,FIPS 140-3,4267,BlackBerry Limited,Security Builder® FIPS Module,No PQC Mechanisms Detected,FIPS 140-3 L1,deprecated,2022-07-18,https://csrc.nist.gov/projects/cryptographic-module-validation-program/certificate/4267,2026-06-02,not in regen,,,,
Blocare PQC Module,blocare-pqc-module,ACVP,A7717,"HOYE Technology CO., LTD.",Blocare PQC Module,ML-KEM,,Active,2025-11-28,https://csrc.nist.gov/projects/cryptographic-algorithm-validation-program/details?product=20500,,,,,,
BoringCrypto,boringcrypto,ACVP,A7700,"Google, Inc.",BoringCrypto,"ML-DSA, ML-KEM, SLH-DSA",,deprecated,2025-11-21,https://csrc.nist.gov/projects/cryptographic-algorithm-validation-program/details?product=20486,2026-07-13,not in regen,pqc_cert_present,url_authoritative,"Added 2026-07-12 (product-cert review): name+vendor+pqcCoverage match against compliance-data.json id=A7700, real NIST ACVP/CMVP record. Full record confirms exact algorithm coverage matching the catalog claim (tier-2 LLM check had lacked the pqcCoverage field and could not confirm on its own).",2026-07-12
BoringCrypto,boringcrypto,ACVP,A7759,"Samsung Electronics Co., Ltd.",Samsung BoringCrypto Android,"ML-DSA, ML-KEM, SLH-DSA",,deprecated,2025-12-12,https://csrc.nist.gov/projects/cryptographic-algorithm-validation-program/details?product=20545,2026-09-01,not in regen,,,,
BoringCrypto,boringcrypto,ACVP,A8348,"Samsung Electronics Co., Ltd.",Samsung BoringCrypto Android,"ML-DSA, ML-KEM, SLH-DSA",,Active,2026-05-15,https://csrc.nist.gov/projects/cryptographic-algorithm-validation-program/details?product=21175,,,,,,
BoringCrypto,boringcrypto,ACVP,A8890,Google LLC,Android BoringCrypto,"ML-DSA, ML-KEM, SLH-DSA",,Active,2026-08-18,https://csrc.nist.gov/projects/cryptographic-algorithm-validation-program/details?product=21745,,,,,,
BoringSSL,boringssl,ACVP,A7700,"Google, Inc.",BoringCrypto,"ML-DSA, ML-KEM, SLH-DSA",,deprecated,2025-11-21,https://csrc.nist.gov/projects/cryptographic-algorithm-validation-program/details?product=20486,2026-06-06,not in regen,,,,2026-07-09
BoringSSL,boringssl,ACVP,A8355,"Google, LLC",Trusty TEE,"ML-DSA, ML-KEM, SLH-DSA",,deprecated,2026-05-19,https://csrc.nist.gov/projects/cryptographic-algorithm-validation-program/details?product=21185,2026-06-06,not in regen,,,,2026-07-09
BoringSSL,boringssl,FIPS 140-3,5087,"Google, LLC.",OpenSK Cryptographic Module,No PQC Mechanisms Detected,FIPS 140-3 L1,deprecated,2025-10-23,https://csrc.nist.gov/projects/cryptographic-module-validation-program/certificate/5087,2026-06-06,not in regen,,,,2026-07-09
BoringSSL,boringssl,FIPS 140-3,5104,"Google, LLC",BoringCrypto,No PQC Mechanisms Detected,FIPS 140-3 L1,deprecated,2025-12-09,https://csrc.nist.gov/projects/cryptographic-module-validation-program/certificate/5104,2026-05-10,not in regen,no_pqc_cert_classical_only,url_authoritative,CMVP #5104: Classical cryptography only. PQC (ML-KEM/ML-DSA/SLH-DSA) not yet validated under this certificate. CMVP PQC module validation anticipated 2026-2027 per NIST CMVP roadmap.,2026-05-06
BoringSSL,boringssl,FIPS 140-3,5165,"Google, LLC.",River Redux Cryptographic Module,No PQC Mechanisms Detected,FIPS 140-3 L1,deprecated,2026-03-18,https://csrc.nist.gov/projects/cryptographic-module-validation-program/certificate/5165,2026-06-06,not in regen,,,,2026-07-09
BoringSSL,boringssl,FIPS 140-3,5244,"Google, LLC",BoringCrypto,No PQC Mechanisms Detected,FIPS 140-3 L1,deprecated,2026-04-18,https://csrc.nist.gov/projects/cryptographic-module-validation-program/certificate/5244,2026-06-04,not in regen,,,,2026-07-09
BoringSSL,boringssl,FIPS 140-3,5296,"Google, LLC",BoringCrypto,No PQC Mechanisms Detected,FIPS 140-3 L1,deprecated,2026-06-02,https://csrc.nist.gov/projects/cryptographic-module-validation-program/certificate/5296,2026-06-06,not in regen,,,,2026-07-09
Bouncy Castle,bouncy-castle,ACVP,A6973,Legion of the Bouncy Castle Inc.,BC-FNA (Bouncy Castle FIPS .NET 4.8 API),"ML-DSA, ML-KEM, SLH-DSA",,Active,2025-05-29,https://csrc.nist.gov/projects/cryptographic-algorithm-validation-program/details?product=19716,,,,,,
Bouncy Castle,bouncy-castle,ACVP,A6974,Legion of the Bouncy Castle Inc.,BC-FNA (Bouncy Castle FIPS .NET 6.0 API),"ML-DSA, ML-KEM, SLH-DSA",,Active,2025-05-29,https://csrc.nist.gov/projects/cryptographic-algorithm-validation-program/details?product=19717,,,,,,
Bouncy Castle,bouncy-castle,ACVP,A7309,Legion of the Bouncy Castle Inc.,BC-FJA (Bouncy Castle FIPS JAVA API),"ML-DSA, ML-KEM, SLH-DSA",,deprecated,2025-08-08,https://csrc.nist.gov/projects/cryptographic-algorithm-validation-program/details?product=20052,2026-08-09,not in regen,,,,
Bouncy Castle,bouncy-castle,ACVP,A8100,Legion of the Bouncy Castle Inc.,BC-FJA (Bouncy Castle FIPS JAVA API),"ML-DSA, ML-KEM, SLH-DSA",,Active,2026-03-09,https://csrc.nist.gov/projects/cryptographic-algorithm-validation-program/details?product=20860,,,,,,
Bouncy Castle,bouncy-castle,FIPS 140-3,4416,Legion of the Bouncy Castle Inc.,BC-FNA (Bouncy Castle FIPS .NET API),No PQC Mechanisms Detected,FIPS 140-3 L1,Active,2023-01-18,https://csrc.nist.gov/projects/cryptographic-module-validation-program/certificate/4416,,,,,,
Bouncy Castle,bouncy-castle,FIPS 140-3,4943,Legion of the Bouncy Castle Inc.,BC-FJA (Bouncy Castle FIPS Java API),LMS,FIPS 140-3 L1,Active,2025-01-17,https://csrc.nist.gov/projects/cryptographic-module-validation-program/certificate/4943,,,,,,
Bouncy Castle C# .NET,bouncy-castle-c-net,ACVP,A6973,Legion of the Bouncy Castle Inc.,BC-FNA (Bouncy Castle FIPS .NET 4.8 API),"ML-DSA, ML-KEM, SLH-DSA",,Active,2025-05-29,https://csrc.nist.gov/projects/cryptographic-algorithm-validation-program/details?product=19716,,,,,,
Bouncy Castle C# .NET,bouncy-castle-c-net,ACVP,A6974,Legion of the Bouncy Castle Inc.,BC-FNA (Bouncy Castle FIPS .NET 6.0 API),"ML-DSA, ML-KEM, SLH-DSA",,Active,2025-05-29,https://csrc.nist.gov/projects/cryptographic-algorithm-validation-program/details?product=19717,,,,,,
Bouncy Castle C# .NET,bouncy-castle-c-net,ACVP,A8100,Legion of the Bouncy Castle Inc.,BC-FJA (Bouncy Castle FIPS JAVA API),"ML-DSA, ML-KEM, SLH-DSA",,deprecated,2026-03-09,https://csrc.nist.gov/projects/cryptographic-algorithm-validation-program/details?product=20860,2026-06-06,not in regen,,,,2026-07-09
Bouncy Castle C# .NET,bouncy-castle-c-net,FIPS 140-3,4416,Legion of the Bouncy Castle Inc.,BC-FNA (Bouncy Castle FIPS .NET API),No PQC Mechanisms Detected,FIPS 140-3 L1,Active,2023-01-18,https://csrc.nist.gov/projects/cryptographic-module-validation-program/certificate/4416,,,,,,
Bouncy Castle C# .NET,bouncy-castle-c-net,FIPS 140-3,4943,Legion of the Bouncy Castle Inc.,BC-FJA (Bouncy Castle FIPS Java API),LMS,FIPS 140-3 L1,deprecated,2025-01-17,https://csrc.nist.gov/projects/cryptographic-module-validation-program/certificate/4943,2026-06-06,not in regen,,,,2026-07-09
Bouncy Castle C\# / Java,bouncy-castle-c-java,ACVP,A8100,Legion of the Bouncy Castle Inc.,BC-FJA (Bouncy Castle FIPS JAVA API),"ML-DSA, ML-KEM, SLH-DSA",,Active,2026-03-09,https://csrc.nist.gov/projects/cryptographic-algorithm-validation-program/details?product=20860,,,,,,
Bouncy Castle C\# / Java,bouncy-castle-c-java,FIPS 140-3,4416,Legion of the Bouncy Castle Inc.,BC-FNA (Bouncy Castle FIPS .NET API),No PQC Mechanisms Detected,FIPS 140-3 L1,deprecated,2023-01-18,https://csrc.nist.gov/projects/cryptographic-module-validation-program/certificate/4416,2026-06-06,not in regen,,,,2026-07-09
Bouncy Castle C\# / Java,bouncy-castle-c-java,FIPS 140-3,4943,Legion of the Bouncy Castle Inc.,BC-FJA (Bouncy Castle FIPS Java API),LMS,FIPS 140-3 L1,Active,2025-01-17,https://csrc.nist.gov/projects/cryptographic-module-validation-program/certificate/4943,,,,,,
Bouncy Castle Java,bouncy-castle-java,ACVP,A6973,Legion of the Bouncy Castle Inc.,BC-FNA (Bouncy Castle FIPS .NET 4.8 API),"ML-DSA, ML-KEM, SLH-DSA",,deprecated,2025-05-29,https://csrc.nist.gov/projects/cryptographic-algorithm-validation-program/details?product=19716,2026-06-06,not in regen,,,,2026-07-09
Bouncy Castle Java,bouncy-castle-java,ACVP,A6974,Legion of the Bouncy Castle Inc.,BC-FNA (Bouncy Castle FIPS .NET 6.0 API),"ML-DSA, ML-KEM, SLH-DSA",,deprecated,2025-05-29,https://csrc.nist.gov/projects/cryptographic-algorithm-validation-program/details?product=19717,2026-06-06,not in regen,,,,2026-07-09
Bouncy Castle Java,bouncy-castle-java,ACVP,A8100,Legion of the Bouncy Castle Inc.,BC-FJA (Bouncy Castle FIPS JAVA API),"ML-DSA, ML-KEM, SLH-DSA",,Active,2026-03-09,https://csrc.nist.gov/projects/cryptographic-algorithm-validation-program/details?product=20860,,,,,,
Bouncy Castle Java,bouncy-castle-java,FIPS 140-3,4416,Legion of the Bouncy Castle Inc.,BC-FNA (Bouncy Castle FIPS .NET API),No PQC Mechanisms Detected,FIPS 140-3 L1,deprecated,2023-01-18,https://csrc.nist.gov/projects/cryptographic-module-validation-program/certificate/4416,2026-06-06,not in regen,,,,2026-07-09
Bouncy Castle Java,bouncy-castle-java,FIPS 140-3,4943,Legion of the Bouncy Castle Inc.,BC-FJA (Bouncy Castle FIPS Java API),LMS,FIPS 140-3 L1,Active,2025-01-17,https://csrc.nist.gov/projects/cryptographic-module-validation-program/certificate/4943,,,,,,
Bouncy Castle Java LTS,bouncy-castle-java-lts,ACVP,A6973,Legion of the Bouncy Castle Inc.,BC-FNA (Bouncy Castle FIPS .NET 4.8 API),"ML-DSA, ML-KEM, SLH-DSA",,deprecated,2025-05-29,https://csrc.nist.gov/projects/cryptographic-algorithm-validation-program/details?product=19716,2026-06-06,not in regen,,,,2026-07-09
Bouncy Castle Java LTS,bouncy-castle-java-lts,ACVP,A6974,Legion of the Bouncy Castle Inc.,BC-FNA (Bouncy Castle FIPS .NET 6.0 API),"ML-DSA, ML-KEM, SLH-DSA",,deprecated,2025-05-29,https://csrc.nist.gov/projects/cryptographic-algorithm-validation-program/details?product=19717,2026-06-06,not in regen,,,,2026-07-09
Bouncy Castle Java LTS,bouncy-castle-java-lts,ACVP,A8100,Legion of the Bouncy Castle Inc.,BC-FJA (Bouncy Castle FIPS JAVA API),"ML-DSA, ML-KEM, SLH-DSA",,Active,2026-03-09,https://csrc.nist.gov/projects/cryptographic-algorithm-validation-program/details?product=20860,,,,,,
Bouncy Castle Java LTS,bouncy-castle-java-lts,FIPS 140-3,4416,Legion of the Bouncy Castle Inc.,BC-FNA (Bouncy Castle FIPS .NET API),No PQC Mechanisms Detected,FIPS 140-3 L1,deprecated,2023-01-18,https://csrc.nist.gov/projects/cryptographic-module-validation-program/certificate/4416,2026-06-06,not in regen,,,,2026-07-09
Bouncy Castle Java LTS,bouncy-castle-java-lts,FIPS 140-3,4943,Legion of the Bouncy Castle Inc.,BC-FJA (Bouncy Castle FIPS Java API),LMS,FIPS 140-3 L1,Active,2025-01-17,https://csrc.nist.gov/projects/cryptographic-module-validation-program/certificate/4943,,,,,,
Broadcom Avi (NSX ALB),broadcom-avi-nsx-alb,FIPS 140-3,4861,"Broadcom, Inc",VMware’s OpenSSL FIPS Provider,No PQC Mechanisms Detected,FIPS 140-3 L1,deprecated,2024-11-04,https://csrc.nist.gov/projects/cryptographic-module-validation-program/certificate/4861,2026-05-16,not in regen,,,,2026-07-09
Broadcom Avi (NSX ALB),broadcom-avi-nsx-alb,FIPS 140-3,4952,"Broadcom, Inc.",PrismPlus Cryptographic Module,No PQC Mechanisms Detected,FIPS 140-3 L1,deprecated,2025-01-27,https://csrc.nist.gov/projects/cryptographic-module-validation-program/certificate/4952,2026-06-06,not in regen,,,,2026-07-09
Broadcom Avi (NSX ALB),broadcom-avi-nsx-alb,FIPS 140-3,4973,Broadcom Inc.,VMware's BoringCrypto Module,No PQC Mechanisms Detected,FIPS 140-3 L1,deprecated,2025-02-26,https://csrc.nist.gov/projects/cryptographic-module-validation-program/certificate/4973,2026-06-06,not in regen,,,,2026-07-09
Broadcom Avi (NSX ALB),broadcom-avi-nsx-alb,FIPS 140-3,4986,Broadcom Inc.,VMware's BC-FJA (Bouncy Castle FIPS Java API),No PQC Mechanisms Detected,FIPS 140-3 L1,deprecated,2025-03-14,https://csrc.nist.gov/projects/cryptographic-module-validation-program/certificate/4986,2026-06-06,not in regen,,,,2026-07-09
Broadcom Avi (NSX ALB),broadcom-avi-nsx-alb,FIPS 140-3,5007,"Broadcom, Inc.",BCM58202B0,No PQC Mechanisms Detected,FIPS 140-3 L3,deprecated,2025-04-21,https://csrc.nist.gov/projects/cryptographic-module-validation-program/certificate/5007,2026-06-06,not in regen,,,,2026-07-09
Broadcom Avi (NSX ALB),broadcom-avi-nsx-alb,FIPS 140-3,5258,Broadcom Inc,Symantec Messaging Gateway Cryptographic Module,No PQC Mechanisms Detected,FIPS 140-3 L1,deprecated,2026-05-07,https://csrc.nist.gov/projects/cryptographic-module-validation-program/certificate/5258,2026-06-06,not in regen,,,,2026-07-09
Broadcom Emulex SecureHBA,broadcom-emulex-securehba,FIPS 140-3,4973,Broadcom Inc.,VMware's BoringCrypto Module,No PQC Mechanisms Detected,FIPS 140-3 L1,deprecated,2025-02-26,https://csrc.nist.gov/projects/cryptographic-module-validation-program/certificate/4973,2026-05-16,not in regen,,,,2026-07-09
Broadcom Emulex SecureHBA,broadcom-emulex-securehba,FIPS 140-3,4986,Broadcom Inc.,VMware's BC-FJA (Bouncy Castle FIPS Java API),No PQC Mechanisms Detected,FIPS 140-3 L1,deprecated,2025-03-14,https://csrc.nist.gov/projects/cryptographic-module-validation-program/certificate/4986,2026-06-06,not in regen,,,,2026-07-09
Broadcom Emulex SecureHBA,broadcom-emulex-securehba,FIPS 140-3,5007,"Broadcom, Inc.",BCM58202B0,No PQC Mechanisms Detected,FIPS 140-3 L3,deprecated,2025-04-21,https://csrc.nist.gov/projects/cryptographic-module-validation-program/certificate/5007,2026-06-06,not in regen,,,,2026-07-09
Broadcom Emulex SecureHBA,broadcom-emulex-securehba,FIPS 140-3,5258,Broadcom Inc,Symantec Messaging Gateway Cryptographic Module,No PQC Mechanisms Detected,FIPS 140-3 L1,deprecated,2026-05-07,https://csrc.nist.gov/projects/cryptographic-module-validation-program/certificate/5258,2026-06-06,not in regen,,,,2026-07-09
Broadcom PGP Cryptographic Engine,Broadcom-PGP-Cryptographic-Engine,ACVP,A8618,Broadcom Inc.,PGP Cryptographic Engine,"ML-DSA, ML-KEM, SLH-DSA",,Active,2026-06-22,https://csrc.nist.gov/projects/cryptographic-algorithm-validation-program/details?product=21463,,,,,,
Broadcom Symantec DLP,broadcom-symantec-dlp,FIPS 140-3,4973,Broadcom Inc.,VMware's BoringCrypto Module,No PQC Mechanisms Detected,FIPS 140-3 L1,deprecated,2025-02-26,https://csrc.nist.gov/projects/cryptographic-module-validation-program/certificate/4973,2026-05-16,not in regen,,,,2026-07-09
Broadcom Symantec DLP,broadcom-symantec-dlp,FIPS 140-3,4986,Broadcom Inc.,VMware's BC-FJA (Bouncy Castle FIPS Java API),No PQC Mechanisms Detected,FIPS 140-3 L1,deprecated,2025-03-14,https://csrc.nist.gov/projects/cryptographic-module-validation-program/certificate/4986,2026-06-06,not in regen,,,,2026-07-09
Broadcom Symantec DLP,broadcom-symantec-dlp,FIPS 140-3,5007,"Broadcom, Inc.",BCM58202B0,No PQC Mechanisms Detected,FIPS 140-3 L3,deprecated,2025-04-21,https://csrc.nist.gov/projects/cryptographic-module-validation-program/certificate/5007,2026-06-06,not in regen,,,,2026-07-09
Broadcom Symantec DLP,broadcom-symantec-dlp,FIPS 140-3,5258,Broadcom Inc,Symantec Messaging Gateway Cryptographic Module,No PQC Mechanisms Detected,FIPS 140-3 L1,Active,2026-05-07,https://csrc.nist.gov/projects/cryptographic-module-validation-program/certificate/5258,,,,,,
Broadcom Symantec SES,broadcom-symantec-ses,FIPS 140-3,4861,"Broadcom, Inc",VMware’s OpenSSL FIPS Provider,No PQC Mechanisms Detected,FIPS 140-3 L1,deprecated,2024-11-04,https://csrc.nist.gov/projects/cryptographic-module-validation-program/certificate/4861,2026-05-16,not in regen,,,,2026-07-09
Broadcom Symantec SES,broadcom-symantec-ses,FIPS 140-3,4952,"Broadcom, Inc.",PrismPlus Cryptographic Module,No PQC Mechanisms Detected,FIPS 140-3 L1,deprecated,2025-01-27,https://csrc.nist.gov/projects/cryptographic-module-validation-program/certificate/4952,2026-06-06,not in regen,,,,2026-07-09
Broadcom Symantec SES,broadcom-symantec-ses,FIPS 140-3,4973,Broadcom Inc.,VMware's BoringCrypto Module,No PQC Mechanisms Detected,FIPS 140-3 L1,deprecated,2025-02-26,https://csrc.nist.gov/projects/cryptographic-module-validation-program/certificate/4973,2026-06-06,not in regen,,,,2026-07-09
Broadcom Symantec SES,broadcom-symantec-ses,FIPS 140-3,4986,Broadcom Inc.,VMware's BC-FJA (Bouncy Castle FIPS Java API),No PQC Mechanisms Detected,FIPS 140-3 L1,deprecated,2025-03-14,https://csrc.nist.gov/projects/cryptographic-module-validation-program/certificate/4986,2026-06-06,not in regen,,,,2026-07-09
Broadcom Symantec SES,broadcom-symantec-ses,FIPS 140-3,5007,"Broadcom, Inc.",BCM58202B0,No PQC Mechanisms Detected,FIPS 140-3 L3,deprecated,2025-04-21,https://csrc.nist.gov/projects/cryptographic-module-validation-program/certificate/5007,2026-06-06,not in regen,,,,2026-07-09
Broadcom Symantec SES,broadcom-symantec-ses,FIPS 140-3,5258,Broadcom Inc,Symantec Messaging Gateway Cryptographic Module,No PQC Mechanisms Detected,FIPS 140-3 L1,Active,2026-05-07,https://csrc.nist.gov/projects/cryptographic-module-validation-program/certificate/5258,,,,,,
C-DOT ML-KEM Cryptographic Algorithms,c-dot-ml-kem-cryptographic-algorithms,ACVP,A7878,Center for Development of Telematics,C-DOT ML-KEM Cryptographic Algorithms,ML-KEM,,Active,2026-01-16,https://csrc.nist.gov/projects/cryptographic-algorithm-validation-program/details?product=20638,,,,,,
CGI Momentum Java Cryptographic Module,cgi-momentum-java-cryptographic-module,FIPS 140-3,5083,CGI Federal Inc.,CGI Momentum™ Java Cryptographic Module,"HSS, LMS",FIPS 140-3 L1,Active,2025-10-22,https://csrc.nist.gov/projects/cryptographic-module-validation-program/certificate/5083,,,,,,
CIQ Rocky Linux CAVP PQC,ciq-rocky-linux-cavp-pqc,ACVP,A7786,"Ctrl IQ, Inc.",Rocky Linux 9 NSS Cryptographic Module (Generic C),"ML-DSA, ML-KEM",,Active,2025-12-15,https://csrc.nist.gov/projects/cryptographic-algorithm-validation-program/details?product=20576,,,,,,
CLEAR Cryptosystem,clear-cryptosystem,FIPS 140-3,5126,"Quantum Knight, INC.",CLEAR Cryptosystem,"HSS, LMS",FIPS 140-3 L1,Active,2026-01-13,https://csrc.nist.gov/projects/cryptographic-module-validation-program/certificate/5126,,,,,,
CTERA Crypto Module (Java),ctera-crypto-module-java,FIPS 140-3,5121,CTERA Networks Ltd.,CTERA Crypto Module™ (Java),"HSS, LMS",FIPS 140-3 L1,Active,2026-01-13,https://csrc.nist.gov/projects/cryptographic-module-validation-program/certificate/5121,,,,,,
Chainguard FIPS Provider for OpenSSL (NEON),Chainguard-FIPS-Provider-for-OpenSSL-NEO,ACVP,A7584,"Chainguard, Inc.",Chainguard FIPS Provider for OpenSSL (NEON),"ML-DSA, ML-KEM, SLH-DSA",,Active,2025-10-27,https://csrc.nist.gov/projects/cryptographic-algorithm-validation-program/details?product=20427,,,,,,
Chainguard FIPS Provider for OpenSSL (NEON),Chainguard-FIPS-Provider-for-OpenSSL-NEO,ACVP,A7593,"Chainguard, Inc.",Chainguard FIPS Provider for OpenSSL (SHA3_ASM),"ML-DSA, ML-KEM, SLH-DSA",,Active,2025-10-27,https://csrc.nist.gov/projects/cryptographic-algorithm-validation-program/details?product=20415,,,,,,
Chainguard FIPS Provider for OpenSSL (SHA3_ASM),Chainguard-FIPS-Provider-for-OpenSSL-SHA,ACVP,A7920,"Amazon Web Services, Inc.",AWS-LC Cryptographic Module (static build) (SHA3_ASM),"ML-DSA, ML-KEM",,Active,2026-01-21,https://csrc.nist.gov/projects/cryptographic-algorithm-validation-program/details?product=20712,,,,,,
Chainguard FIPS Provider for OpenSSL (SHA3_ASM),Chainguard-FIPS-Provider-for-OpenSSL-SHA,ACVP,A7915,"Amazon Web Services, Inc.",AWS-LC Cryptographic Module (static build) (SHA3_ASM_N1),"ML-DSA, ML-KEM",,Active,2026-01-21,https://csrc.nist.gov/projects/cryptographic-algorithm-validation-program/details?product=20723,,,,,,
Chainguard FIPS Provider for OpenSSL (SHA3_AVX2),Chainguard-FIPS-Provider-for-OpenSSL-SHA-2,ACVP,A7584,"Chainguard, Inc.",Chainguard FIPS Provider for OpenSSL (NEON),"ML-DSA, ML-KEM, SLH-DSA",,Active,2025-10-27,https://csrc.nist.gov/projects/cryptographic-algorithm-validation-program/details?product=20427,,,,,,
Chainguard FIPS Provider for OpenSSL (SHA3_AVX2),Chainguard-FIPS-Provider-for-OpenSSL-SHA-2,ACVP,A7612,"Chainguard, Inc.",Chainguard FIPS Provider for OpenSSL (SHA3_AVX2),"ML-DSA, ML-KEM, SLH-DSA",,Active,2025-10-27,https://csrc.nist.gov/projects/cryptographic-algorithm-validation-program/details?product=20414,,,,,,
Chainguard FIPS Provider for OpenSSL (SHA3_AVX512),Chainguard-FIPS-Provider-for-OpenSSL-SHA-3,ACVP,A7584,"Chainguard, Inc.",Chainguard FIPS Provider for OpenSSL (NEON),"ML-DSA, ML-KEM, SLH-DSA",,Active,2025-10-27,https://csrc.nist.gov/projects/cryptographic-algorithm-validation-program/details?product=20427,,,,,,
Chainguard FIPS Provider for OpenSSL (SHA3_AVX512),Chainguard-FIPS-Provider-for-OpenSSL-SHA-3,ACVP,A7611,"Chainguard, Inc.",Chainguard FIPS Provider for OpenSSL (SHA3_AVX512),"ML-DSA, ML-KEM, SLH-DSA",,Active,2025-10-27,https://csrc.nist.gov/projects/cryptographic-algorithm-validation-program/details?product=20413,,,,,,
Chainguard FIPS Provider for OpenSSL (SHA3_AVX512VL),Chainguard-FIPS-Provider-for-OpenSSL-SHA-4,ACVP,A7584,"Chainguard, Inc.",Chainguard FIPS Provider for OpenSSL (NEON),"ML-DSA, ML-KEM, SLH-DSA",,Active,2025-10-27,https://csrc.nist.gov/projects/cryptographic-algorithm-validation-program/details?product=20427,,,,,,
Chainguard FIPS Provider for OpenSSL (SHA3_AVX512VL),Chainguard-FIPS-Provider-for-OpenSSL-SHA-4,ACVP,A7610,"Chainguard, Inc.",Chainguard FIPS Provider for OpenSSL (SHA3_AVX512VL),"ML-DSA, ML-KEM, SLH-DSA",,Active,2025-10-27,https://csrc.nist.gov/projects/cryptographic-algorithm-validation-program/details?product=20412,,,,,,
Chainguard FIPS Provider for OpenSSL (SHA3_CE),Chainguard-FIPS-Provider-for-OpenSSL-SHA-5,ACVP,A7584,"Chainguard, Inc.",Chainguard FIPS Provider for OpenSSL (NEON),"ML-DSA, ML-KEM, SLH-DSA",,Active,2025-10-27,https://csrc.nist.gov/projects/cryptographic-algorithm-validation-program/details?product=20427,,,,,,
Chainguard FIPS Provider for OpenSSL (SHA3_CE),Chainguard-FIPS-Provider-for-OpenSSL-SHA-5,ACVP,A7585,"Chainguard, Inc.",Chainguard FIPS Provider for OpenSSL (SHA3_CE),"ML-DSA, ML-KEM, SLH-DSA",,Active,2025-10-27,https://csrc.nist.gov/projects/cryptographic-algorithm-validation-program/details?product=20428,,,,,,
Chainguard FIPS Provider for OpenSSL (SHA_AVX),Chainguard-FIPS-Provider-for-OpenSSL-SHA-6,ACVP,A7584,"Chainguard, Inc.",Chainguard FIPS Provider for OpenSSL (NEON),"ML-DSA, ML-KEM, SLH-DSA",,deprecated,2025-10-27,https://csrc.nist.gov/projects/cryptographic-algorithm-validation-program/details?product=20427,2026-08-09,not in regen,,,,
Chainguard FIPS Provider for OpenSSL (SHA_AVX),Chainguard-FIPS-Provider-for-OpenSSL-SHA-6,ACVP,A7593,"Chainguard, Inc.",Chainguard FIPS Provider for OpenSSL (SHA3_ASM),"ML-DSA, ML-KEM, SLH-DSA",,deprecated,2025-10-27,https://csrc.nist.gov/projects/cryptographic-algorithm-validation-program/details?product=20415,2026-08-09,not in regen,,,,
Chainguard FIPS Provider for OpenSSL (SHA_AVX),Chainguard-FIPS-Provider-for-OpenSSL-SHA-6,FIPS 140-3,5132,"Chainguard, Inc.",Chainguard FIPS Provider for OpenSSL,No PQC Mechanisms Detected,FIPS 140-3 L1,Active,2026-01-14,https://csrc.nist.gov/projects/cryptographic-module-validation-program/certificate/5132,,,,,,
Chainguard FIPS Provider for OpenSSL (SHA_SHANI),Chainguard-FIPS-Provider-for-OpenSSL-SHA-7,ACVP,A7584,"Chainguard, Inc.",Chainguard FIPS Provider for OpenSSL (NEON),"ML-DSA, ML-KEM, SLH-DSA",,deprecated,2025-10-27,https://csrc.nist.gov/projects/cryptographic-algorithm-validation-program/details?product=20427,2026-08-09,not in regen,,,,
Chainguard FIPS Provider for OpenSSL (SHA_SHANI),Chainguard-FIPS-Provider-for-OpenSSL-SHA-7,ACVP,A7593,"Chainguard, Inc.",Chainguard FIPS Provider for OpenSSL (SHA3_ASM),"ML-DSA, ML-KEM, SLH-DSA",,deprecated,2025-10-27,https://csrc.nist.gov/projects/cryptographic-algorithm-validation-program/details?product=20415,2026-08-09,not in regen,,,,
Chainguard FIPS Provider for OpenSSL (SHA_SHANI),Chainguard-FIPS-Provider-for-OpenSSL-SHA-7,FIPS 140-3,5132,"Chainguard, Inc.",Chainguard FIPS Provider for OpenSSL,No PQC Mechanisms Detected,FIPS 140-3 L1,Active,2026-01-14,https://csrc.nist.gov/projects/cryptographic-module-validation-program/certificate/5132,,,,,,
Chainguard FIPS Provider for OpenSSL (SHA_SSSE3),Chainguard-FIPS-Provider-for-OpenSSL-SHA-8,ACVP,A7584,"Chainguard, Inc.",Chainguard FIPS Provider for OpenSSL (NEON),"ML-DSA, ML-KEM, SLH-DSA",,deprecated,2025-10-27,https://csrc.nist.gov/projects/cryptographic-algorithm-validation-program/details?product=20427,2026-08-09,not in regen,,,,
Chainguard FIPS Provider for OpenSSL (SHA_SSSE3),Chainguard-FIPS-Provider-for-OpenSSL-SHA-8,ACVP,A7591,"Chainguard, Inc.",Chainguard FIPS Provider for OpenSSL (SHA_ASM),SLH-DSA,,deprecated,2025-10-27,https://csrc.nist.gov/projects/cryptographic-algorithm-validation-program/details?product=20410,2026-08-09,not in regen,,,,
Chainguard FIPS Provider for OpenSSL (SHA_SSSE3),Chainguard-FIPS-Provider-for-OpenSSL-SHA-8,FIPS 140-3,5132,"Chainguard, Inc.",Chainguard FIPS Provider for OpenSSL,No PQC Mechanisms Detected,FIPS 140-3 L1,Active,2026-01-14,https://csrc.nist.gov/projects/cryptographic-module-validation-program/certificate/5132,,,,,,
Check Point Quantum,check-point-quantum,FIPS 140-3,2788,Check Point Software Technologies Ltd.,Harmony Endpoint FDE and MEPP CryptoCore,No PQC Mechanisms Detected,FIPS 140-3 L1,deprecated,2016-11-07,https://csrc.nist.gov/projects/cryptographic-module-validation-program/certificate/2788,2026-06-06,not in regen,,,,2026-07-09
Check Point Quantum,check-point-quantum,FIPS 140-3,4264,Check Point Software Technologies Ltd.,Quantum Security Gateway Cryptographic Library,Potentially PQC (Name Match),FIPS 140-3 L1,deprecated,2022-07-15,https://csrc.nist.gov/projects/cryptographic-module-validation-program/certificate/4264,2026-06-06,not in regen,,,,2026-07-09
Chelpis Quantum PQC (Taiwan),chelpis-quantum-pqc-taiwan,ACVP,A7024,"Chelpis Quantum Corp., Ltd.",Chelpis Post-Quantum Collection - mlkem-native (C backend),ML-KEM,,Active,2025-06-11,https://csrc.nist.gov/projects/cryptographic-algorithm-validation-program/details?product=19778,,,,,,
Chelpis Quantum PQC (Taiwan),chelpis-quantum-pqc-taiwan,ACVP,A8021,"Chelpis Quantum Corp., Ltd.",Chelpis Post-Quantum Collection (Optimized),"ML-DSA, ML-KEM",,Active,2026-02-10,https://csrc.nist.gov/projects/cryptographic-algorithm-validation-program/details?product=20833,,,,,,
Chelpis Quantum PQC (Taiwan),chelpis-quantum-pqc-taiwan,ACVP,A8023,"Chelpis Quantum Corp., Ltd.",Chelpis Post-Quantum Collection (Portable),"ML-DSA, ML-KEM, SLH-DSA",,Active,2026-02-11,https://csrc.nist.gov/projects/cryptographic-algorithm-validation-program/details?product=20834,,,,,,
ChromeOS,chromeos,ACVP,A7700,"Google, Inc.",BoringCrypto,"ML-DSA, ML-KEM, SLH-DSA",,deprecated,2025-11-21,https://csrc.nist.gov/projects/cryptographic-algorithm-validation-program/details?product=20486,2026-06-06,not in regen,,,,2026-07-09
ChromeOS,chromeos,ACVP,A8355,"Google, LLC",Trusty TEE,"ML-DSA, ML-KEM, SLH-DSA",,deprecated,2026-05-19,https://csrc.nist.gov/projects/cryptographic-algorithm-validation-program/details?product=21185,2026-06-06,not in regen,,,,2026-07-09
ChromeOS,chromeos,FIPS 140-3,4726,"Google, LLC.",Android Kernel Cryptographic Module,No PQC Mechanisms Detected,FIPS 140-3 L1,deprecated,2024-07-12,https://csrc.nist.gov/projects/cryptographic-module-validation-program/certificate/4726,2026-06-06,not in regen,,,,2026-07-09
ChromeOS,chromeos,FIPS 140-3,4799,"Google, LLC",Look-aside Cryptography and Compression Engine (LCE),No PQC Mechanisms Detected,FIPS 140-3 L1,deprecated,2024-09-13,https://csrc.nist.gov/projects/cryptographic-module-validation-program/certificate/4799,2026-06-06,not in regen,,,,2026-07-09
ChromeOS,chromeos,FIPS 140-3,5087,"Google, LLC.",OpenSK Cryptographic Module,No PQC Mechanisms Detected,FIPS 140-3 L1,deprecated,2025-10-23,https://csrc.nist.gov/projects/cryptographic-module-validation-program/certificate/5087,2026-06-06,not in regen,,,,2026-07-09
ChromeOS,chromeos,FIPS 140-3,5104,"Google, LLC",BoringCrypto,No PQC Mechanisms Detected,FIPS 140-3 L1,deprecated,2025-12-09,https://csrc.nist.gov/projects/cryptographic-module-validation-program/certificate/5104,2026-05-10,not in regen,no_pqc_cert_classical_only,url_authoritative,CMVP #5104: Classical cryptography only. PQC (ML-KEM/ML-DSA/SLH-DSA) not yet validated under this certificate. CMVP PQC module validation anticipated 2026-2027 per NIST CMVP roadmap.,2026-05-06
ChromeOS,chromeos,FIPS 140-3,5165,"Google, LLC.",River Redux Cryptographic Module,No PQC Mechanisms Detected,FIPS 140-3 L1,deprecated,2026-03-18,https://csrc.nist.gov/projects/cryptographic-module-validation-program/certificate/5165,2026-06-06,not in regen,,,,2026-07-09
ChromeOS,chromeos,FIPS 140-3,5244,"Google, LLC",BoringCrypto,No PQC Mechanisms Detected,FIPS 140-3 L1,deprecated,2026-04-18,https://csrc.nist.gov/projects/cryptographic-module-validation-program/certificate/5244,2026-06-04,not in regen,,,,2026-07-09
ChromeOS,chromeos,FIPS 140-3,5296,"Google, LLC",BoringCrypto,No PQC Mechanisms Detected,FIPS 140-3 L1,deprecated,2026-06-02,https://csrc.nist.gov/projects/cryptographic-module-validation-program/certificate/5296,2026-06-06,not in regen,,,,2026-07-09
Ciena WaveLogic 6 Extreme,ciena-wavelogic-6-extreme,FIPS 140-3,4654,Ciena Corporation,Ciena 3926 Platform,No PQC Mechanisms Detected,FIPS 140-3 L2,deprecated,2023-11-14,https://csrc.nist.gov/projects/cryptographic-module-validation-program/certificate/4654,2026-06-06,not in regen,,,,2026-07-09
Ciena WaveLogic 6 Extreme,ciena-wavelogic-6-extreme,FIPS 140-3,4913,Ciena Corporation,WaveLogic 5 Extreme Encryption Modem,No PQC Mechanisms Detected,FIPS 140-3 L2,Active,2024-12-09,https://csrc.nist.gov/projects/cryptographic-module-validation-program/certificate/4913,,,,,,
Ciena WaveLogic 6 Extreme,ciena-wavelogic-6-extreme,FIPS 140-3,4920,Ciena Corporation,Waveserver 5 Control Processor Module,No PQC Mechanisms Detected,FIPS 140-3 L2,deprecated,2024-12-18,https://csrc.nist.gov/projects/cryptographic-module-validation-program/certificate/4920,2026-06-06,not in regen,,,,2026-07-09
Ciena WaveLogic 6 Extreme,ciena-wavelogic-6-extreme,FIPS 140-3,5293,Ciena Corporation,SAOS 10.11.1,No PQC Mechanisms Detected,FIPS 140-3 L2,deprecated,2026-05-26,https://csrc.nist.gov/projects/cryptographic-module-validation-program/certificate/5293,2026-06-06,not in regen,,,,2026-07-09
CipherLinq,CipherLinq,FIPS 140-3,5062,Higher Ground LLC,CipherLinq,"HSS, LMS",FIPS 140-3 L1,Active,2025-09-19,https://csrc.nist.gov/projects/cryptographic-module-validation-program/certificate/5062,,,,,,
CipherPlus Cryptographic Module,,ACVP,A7970,CIPHERPLUS PTE. LTD.,CipherPlus Cryptographic Module,"ML-DSA, ML-KEM",,deprecated,2026-01-28,https://csrc.nist.gov/projects/cryptographic-algorithm-validation-program/details?product=20785,2026-07-16,not in regen,,,,
CipherPlus PQC Cryptographic Module,cipherplus-pqc-cryptographic-module,ACVP,A7970,CIPHERPLUS PTE. LTD.,CipherPlus Cryptographic Module,"ML-DSA, ML-KEM",,Active,2026-01-28,https://csrc.nist.gov/projects/cryptographic-algorithm-validation-program/details?product=20785,,,,,,
Cisco AI Defense (formerly Robust Intelligence Platform),robust-intelligence-cisco-ai-defense,FIPS 140-3,4747,"Cisco Systems, Inc.",Cisco FIPS Object Module,No PQC Mechanisms Detected,FIPS 140-3 L1,deprecated,2024-08-01,https://csrc.nist.gov/projects/cryptographic-module-validation-program/certificate/4747,2026-06-06,not in regen,,,,2026-07-09
Cisco AI Defense (formerly Robust Intelligence Platform),robust-intelligence-cisco-ai-defense,FIPS 140-3,4891,"Cisco Systems, Inc",CiscoSSL FIPS Provider,No PQC Mechanisms Detected,FIPS 140-3 L1,deprecated,2024-11-18,https://csrc.nist.gov/projects/cryptographic-module-validation-program/certificate/4891,2026-06-06,not in regen,,,,2026-07-09
Cisco ASA (Adaptive Security Appliance),cisco-asa-adaptive-security-appliance,ACVP,A6567,"Cisco Systems, Inc.",CiscoSSL OQS FIPS Library,"ML-DSA, ML-KEM",,deprecated,2025-02-05,https://csrc.nist.gov/projects/cryptographic-algorithm-validation-program/details?product=19275,2026-06-06,not in regen,,,,2026-07-09
Cisco ASA (Adaptive Security Appliance),cisco-asa-adaptive-security-appliance,FIPS 140-3,5071,"Cisco Systems, Inc.",Cisco Secure Firewall Threat Defense Cryptographic Module (FPR 4200 Series),No PQC Mechanisms Detected,FIPS 140-3 L2,deprecated,2025-09-23,https://csrc.nist.gov/projects/cryptographic-module-validation-program/certificate/5071,2026-06-04,not in regen,,,,2026-07-09
Cisco ASA (Adaptive Security Appliance),cisco-asa-adaptive-security-appliance,FIPS 140-3,5070,"Cisco Systems, Inc.",Cisco Secure Firewall Threat Defense Cryptographic Module (FPR 1000 Series),No PQC Mechanisms Detected,FIPS 140-3 L2,deprecated,2025-09-23,https://csrc.nist.gov/projects/cryptographic-module-validation-program/certificate/5070,2026-05-16,not in regen,,,,2026-07-09
Cisco ASA (Adaptive Security Appliance),cisco-asa-adaptive-security-appliance,FIPS 140-3,5114,"Cisco Systems, Inc.",Cisco Adaptive Security Appliance Virtual Cryptographic Module,No PQC Mechanisms Detected,FIPS 140-3 L1,deprecated,2025-12-19,https://csrc.nist.gov/projects/cryptographic-module-validation-program/certificate/5114,2026-06-04,not in regen,,,,2026-07-09
Cisco ASA (Adaptive Security Appliance),cisco-asa-adaptive-security-appliance,FIPS 140-3,5138,"Cisco Systems, Inc",Cisco Firepower Management Center Virtual Cryptographic Module,No PQC Mechanisms Detected,FIPS 140-3 L1,deprecated,2026-01-15,https://csrc.nist.gov/projects/cryptographic-module-validation-program/certificate/5138,2026-06-06,not in regen,,,,2026-07-09
Cisco ASA (Adaptive Security Appliance),cisco-asa-adaptive-security-appliance,FIPS 140-3,5137,"Cisco Systems, Inc",Cisco Firepower Threat Defense Virtual Cryptographic Module,No PQC Mechanisms Detected,FIPS 140-3 L1,deprecated,2026-01-15,https://csrc.nist.gov/projects/cryptographic-module-validation-program/certificate/5137,2026-06-06,not in regen,,,,2026-07-09
Cisco ASA (Adaptive Security Appliance),cisco-asa-adaptive-security-appliance,FIPS 140-3,5262,"Cisco Systems, Inc.",Adaptive Security Appliance Virtual Cryptographic Module,No PQC Mechanisms Detected,FIPS 140-3 L1,deprecated,2026-05-11,https://csrc.nist.gov/projects/cryptographic-module-validation-program/certificate/5262,2026-09-01,not in regen,,,,
Cisco ASA (Adaptive Security Appliance),cisco-asa-adaptive-security-appliance,FIPS 140-3,5287,"Cisco Systems, Inc.",Cisco Adaptive Security Appliance on 4K/9K Cryptographic Module,No PQC Mechanisms Detected,FIPS 140-3 L1,Active,2026-05-22,https://csrc.nist.gov/projects/cryptographic-module-validation-program/certificate/5287,,,,,,
Cisco ASA (Adaptive Security Appliance),cisco-asa-adaptive-security-appliance,FIPS 140-3,5295,"Cisco Systems, Inc.",Firepower Threat Defense Virtual Cryptographic Module,No PQC Mechanisms Detected,FIPS 140-3 L1,deprecated,2026-06-01,https://csrc.nist.gov/projects/cryptographic-module-validation-program/certificate/5295,2026-06-06,not in regen,,,,2026-07-09
Cisco Catalyst 9500 PQC,cisco-catalyst-9500-pqc,FIPS 140-3,4747,"Cisco Systems, Inc.",Cisco FIPS Object Module,No PQC Mechanisms Detected,FIPS 140-3 L1,deprecated,2024-08-01,https://csrc.nist.gov/projects/cryptographic-module-validation-program/certificate/4747,2026-06-06,not in regen,,,,2026-07-09
Cisco Catalyst 9500 PQC,cisco-catalyst-9500-pqc,FIPS 140-3,4891,"Cisco Systems, Inc",CiscoSSL FIPS Provider,No PQC Mechanisms Detected,FIPS 140-3 L1,deprecated,2024-11-18,https://csrc.nist.gov/projects/cryptographic-module-validation-program/certificate/4891,2026-06-06,not in regen,,,,2026-07-09
Cisco Catalyst Center,cisco-catalyst-center,ACVP,A6567,"Cisco Systems, Inc.",CiscoSSL OQS FIPS Library,"ML-DSA, ML-KEM",,deprecated,2025-02-05,https://csrc.nist.gov/projects/cryptographic-algorithm-validation-program/details?product=19275,2026-06-06,not in regen,,,,2026-07-09
Cisco Catalyst Center,cisco-catalyst-center,FIPS 140-3,5071,"Cisco Systems, Inc.",Cisco Secure Firewall Threat Defense Cryptographic Module (FPR 4200 Series),No PQC Mechanisms Detected,FIPS 140-3 L2,deprecated,2025-09-23,https://csrc.nist.gov/projects/cryptographic-module-validation-program/certificate/5071,2026-06-04,not in regen,,,,2026-07-09
Cisco Catalyst Center,cisco-catalyst-center,FIPS 140-3,5070,"Cisco Systems, Inc.",Cisco Secure Firewall Threat Defense Cryptographic Module (FPR 1000 Series),No PQC Mechanisms Detected,FIPS 140-3 L2,deprecated,2025-09-23,https://csrc.nist.gov/projects/cryptographic-module-validation-program/certificate/5070,2026-05-16,not in regen,,,,2026-07-09
Cisco Catalyst Center,cisco-catalyst-center,FIPS 140-3,5114,"Cisco Systems, Inc.",Cisco Adaptive Security Appliance Virtual Cryptographic Module,No PQC Mechanisms Detected,FIPS 140-3 L1,deprecated,2025-12-19,https://csrc.nist.gov/projects/cryptographic-module-validation-program/certificate/5114,2026-06-04,not in regen,,,,2026-07-09
Cisco Catalyst Center,cisco-catalyst-center,FIPS 140-3,5138,"Cisco Systems, Inc",Cisco Firepower Management Center Virtual Cryptographic Module,No PQC Mechanisms Detected,FIPS 140-3 L1,deprecated,2026-01-15,https://csrc.nist.gov/projects/cryptographic-module-validation-program/certificate/5138,2026-07-20,not in regen,,,,
Cisco Catalyst Center,cisco-catalyst-center,FIPS 140-3,5137,"Cisco Systems, Inc",Cisco Firepower Threat Defense Virtual Cryptographic Module,No PQC Mechanisms Detected,FIPS 140-3 L1,deprecated,2026-01-15,https://csrc.nist.gov/projects/cryptographic-module-validation-program/certificate/5137,2026-06-06,not in regen,,,,2026-07-09
Cisco Catalyst Center,cisco-catalyst-center,FIPS 140-3,5262,"Cisco Systems, Inc.",Adaptive Security Appliance Virtual Cryptographic Module,No PQC Mechanisms Detected,FIPS 140-3 L1,deprecated,2026-05-11,https://csrc.nist.gov/projects/cryptographic-module-validation-program/certificate/5262,2026-06-06,not in regen,,,,2026-07-09
Cisco Catalyst Center,cisco-catalyst-center,FIPS 140-3,5287,"Cisco Systems, Inc.",Cisco Adaptive Security Appliance on 4K/9K Cryptographic Module,No PQC Mechanisms Detected,FIPS 140-3 L1,deprecated,2026-05-22,https://csrc.nist.gov/projects/cryptographic-module-validation-program/certificate/5287,2026-06-06,not in regen,,,,2026-07-09
Cisco Catalyst Center,cisco-catalyst-center,FIPS 140-3,5295,"Cisco Systems, Inc.",Firepower Threat Defense Virtual Cryptographic Module,No PQC Mechanisms Detected,FIPS 140-3 L1,deprecated,2026-06-01,https://csrc.nist.gov/projects/cryptographic-module-validation-program/certificate/5295,2026-06-06,not in regen,,,,2026-07-09
Cisco Catalyst Center,cisco-catalyst-center,FIPS 140-3,5386,"Cisco Systems, Inc",Firepower Management Center Virtual VMware Cryptographic Module,No PQC Mechanisms Detected,FIPS 140-3 L1,Active,2026-07-09,https://csrc.nist.gov/projects/cryptographic-module-validation-program/certificate/5386,,,,,,
Cisco IOS XE PQC,cisco-ios-xe-pqc,ACVP,A6567,"Cisco Systems, Inc.",CiscoSSL OQS FIPS Library,"ML-DSA, ML-KEM",,deprecated,2025-02-05,https://csrc.nist.gov/projects/cryptographic-algorithm-validation-program/details?product=19275,2026-06-06,not in regen,,,,2026-07-09
Cisco IOS XE PQC,cisco-ios-xe-pqc,FIPS 140-3,4549,"Cisco Systems, Inc.",Cisco Catalyst Embedded Wireless Controller on C9100 Series Access Points,No PQC Mechanisms Detected,FIPS 140-3 L2,deprecated,2023-07-11,https://csrc.nist.gov/projects/cryptographic-module-validation-program/certificate/4549,2026-06-06,not in regen,,,,2026-07-09
Cisco IOS XE PQC,cisco-ios-xe-pqc,FIPS 140-3,4554,"Cisco Systems, Inc.",Cisco Catalyst 9800-CL Wireless Controller,No PQC Mechanisms Detected,FIPS 140-3 L1,deprecated,2023-07-28,https://csrc.nist.gov/projects/cryptographic-module-validation-program/certificate/4554,2026-06-06,not in regen,,,,2026-07-09
Cisco IOS XE PQC,cisco-ios-xe-pqc,FIPS 140-3,4606,"Cisco Systems, Inc.",Cisco Catalyst 9800 (40/80/L) Wireless Controllers running IOS-XE 16.12,No PQC Mechanisms Detected,FIPS 140-2 L1,deprecated,2023-09-26,https://csrc.nist.gov/projects/cryptographic-module-validation-program/certificate/4606,2026-05-10,not in regen,no_pqc_cert_classical_only,url_authoritative,CMVP #4606: Classical cryptography only. PQC (ML-KEM/ML-DSA/SLH-DSA) not yet validated under this certificate. CMVP PQC module validation anticipated 2026-2027 per NIST CMVP roadmap.,2026-05-06
Cisco IOS XE PQC,cisco-ios-xe-pqc,FIPS 140-3,4638,"Cisco Systems, Inc.",Cisco ISR 1000 Series Routers without MACSEC,No PQC Mechanisms Detected,FIPS 140-3 L1,deprecated,2023-10-18,https://csrc.nist.gov/projects/cryptographic-module-validation-program/certificate/4638,2026-06-06,not in regen,,,,2026-07-09
Cisco IOS XE PQC,cisco-ios-xe-pqc,FIPS 140-3,4643,"Cisco Systems, Inc.",Cisco ASR 1000 Series Routers without MACSEC,No PQC Mechanisms Detected,FIPS 140-3 L1,deprecated,2023-10-25,https://csrc.nist.gov/projects/cryptographic-module-validation-program/certificate/4643,2026-06-06,not in regen,,,,2026-07-09
Cisco IOS XE PQC,,FIPS 140-3,4752,"Cisco Systems, Inc.",IOS Common Cryptographic Module (IC2M),No PQC Mechanisms Detected,FIPS 140-3 L1,deprecated,2024-08-07,https://csrc.nist.gov/projects/cryptographic-module-validation-program/certificate/4752,2026-07-12,not in regen,,,,
Cisco IOS XE PQC,cisco-ios-xe-pqc,FIPS 140-3,5356,"Cisco Systems, Inc.",IOS Common Cryptographic Module (IC2M),No PQC Mechanisms Detected,FIPS 140-3 L1,Active,2026-06-26,https://csrc.nist.gov/projects/cryptographic-module-validation-program/certificate/5356,,,,,,
Cisco IOS XR,cisco-ios-xr,ACVP,A6567,"Cisco Systems, Inc.",CiscoSSL OQS FIPS Library,"ML-DSA, ML-KEM",,deprecated,2025-02-05,https://csrc.nist.gov/projects/cryptographic-algorithm-validation-program/details?product=19275,2026-06-06,not in regen,,,,2026-07-09
Cisco IOS XR,cisco-ios-xr,FIPS 140-3,4549,"Cisco Systems, Inc.",Cisco Catalyst Embedded Wireless Controller on C9100 Series Access Points,No PQC Mechanisms Detected,FIPS 140-3 L2,deprecated,2023-07-11,https://csrc.nist.gov/projects/cryptographic-module-validation-program/certificate/4549,2026-06-06,not in regen,,,,2026-07-09
Cisco IOS XR,cisco-ios-xr,FIPS 140-3,4554,"Cisco Systems, Inc.",Cisco Catalyst 9800-CL Wireless Controller,No PQC Mechanisms Detected,FIPS 140-3 L1,deprecated,2023-07-28,https://csrc.nist.gov/projects/cryptographic-module-validation-program/certificate/4554,2026-06-06,not in regen,,,,2026-07-09
Cisco IOS XR,cisco-ios-xr,FIPS 140-3,4606,"Cisco Systems, Inc.",Cisco Catalyst 9800 (40/80/L) Wireless Controllers running IOS-XE 16.12,No PQC Mechanisms Detected,FIPS 140-2 L1,deprecated,2023-09-26,https://csrc.nist.gov/projects/cryptographic-module-validation-program/certificate/4606,2026-05-10,not in regen,no_pqc_cert_classical_only,url_authoritative,CMVP #4606: Classical cryptography only. PQC (ML-KEM/ML-DSA/SLH-DSA) not yet validated under this certificate. CMVP PQC module validation anticipated 2026-2027 per NIST CMVP roadmap.,2026-05-06
Cisco IOS XR,cisco-ios-xr,FIPS 140-3,4638,"Cisco Systems, Inc.",Cisco ISR 1000 Series Routers without MACSEC,No PQC Mechanisms Detected,FIPS 140-3 L1,deprecated,2023-10-18,https://csrc.nist.gov/projects/cryptographic-module-validation-program/certificate/4638,2026-06-06,not in regen,,,,2026-07-09
Cisco IOS XR,cisco-ios-xr,FIPS 140-3,4643,"Cisco Systems, Inc.",Cisco ASR 1000 Series Routers without MACSEC,No PQC Mechanisms Detected,FIPS 140-3 L1,deprecated,2023-10-25,https://csrc.nist.gov/projects/cryptographic-module-validation-program/certificate/4643,2026-06-06,not in regen,,,,2026-07-09
Cisco IOS XR,,FIPS 140-3,4752,"Cisco Systems, Inc.",IOS Common Cryptographic Module (IC2M),No PQC Mechanisms Detected,FIPS 140-3 L1,deprecated,2024-08-07,https://csrc.nist.gov/projects/cryptographic-module-validation-program/certificate/4752,2026-07-12,not in regen,,,,
Cisco IOS XR,cisco-ios-xr,FIPS 140-3,5356,"Cisco Systems, Inc.",IOS Common Cryptographic Module (IC2M),No PQC Mechanisms Detected,FIPS 140-3 L1,Active,2026-06-26,https://csrc.nist.gov/projects/cryptographic-module-validation-program/certificate/5356,,,,,,
Cisco Identity Services Engine (ISE),cisco-identity-services-engine-ise,FIPS 140-3,4747,"Cisco Systems, Inc.",Cisco FIPS Object Module,No PQC Mechanisms Detected,FIPS 140-3 L1,deprecated,2024-08-01,https://csrc.nist.gov/projects/cryptographic-module-validation-program/certificate/4747,2026-06-06,not in regen,,,,2026-07-09
Cisco Identity Services Engine (ISE),cisco-identity-services-engine-ise,FIPS 140-3,4891,"Cisco Systems, Inc",CiscoSSL FIPS Provider,No PQC Mechanisms Detected,FIPS 140-3 L1,deprecated,2024-11-18,https://csrc.nist.gov/projects/cryptographic-module-validation-program/certificate/4891,2026-06-06,not in regen,,,,2026-07-09
Cisco Meraki MX (Cloud-Managed Firewall),cisco-meraki-mx-cloud-managed-firewall,ACVP,A6567,"Cisco Systems, Inc.",CiscoSSL OQS FIPS Library,"ML-DSA, ML-KEM",,deprecated,2025-02-05,https://csrc.nist.gov/projects/cryptographic-algorithm-validation-program/details?product=19275,2026-06-06,not in regen,,,,2026-07-09
Cisco Meraki MX (Cloud-Managed Firewall),cisco-meraki-mx-cloud-managed-firewall,ACVP,A8591,Check Point Software Technologies,"Check Point Gaia OS R82.10 Cryptography Module running on Check Point Firewall models MHO140, MHO175, 3920, 3950, 3970, 3980, 9100, 9200, 9300, 9400, 9700, 9800, 19100, 19200, 29100, 29200, 700S, 700M, 7000L, 7000XL, 7000Ultra, and Cloud Firewall and Cloud Management series VM with VMware ESXi 8.0.0","ML-DSA, ML-KEM, SLH-DSA",,Active,2026-06-17,https://csrc.nist.gov/projects/cryptographic-algorithm-validation-program/details?product=21399,,,,,,
Cisco Meraki MX (Cloud-Managed Firewall),cisco-meraki-mx-cloud-managed-firewall,FIPS 140-3,5071,"Cisco Systems, Inc.",Cisco Secure Firewall Threat Defense Cryptographic Module (FPR 4200 Series),No PQC Mechanisms Detected,FIPS 140-3 L2,deprecated,2025-09-23,https://csrc.nist.gov/projects/cryptographic-module-validation-program/certificate/5071,2026-06-04,not in regen,,,,2026-07-09
Cisco Meraki MX (Cloud-Managed Firewall),cisco-meraki-mx-cloud-managed-firewall,FIPS 140-3,5070,"Cisco Systems, Inc.",Cisco Secure Firewall Threat Defense Cryptographic Module (FPR 1000 Series),No PQC Mechanisms Detected,FIPS 140-3 L2,deprecated,2025-09-23,https://csrc.nist.gov/projects/cryptographic-module-validation-program/certificate/5070,2026-05-16,not in regen,,,,2026-07-09
Cisco Meraki MX (Cloud-Managed Firewall),cisco-meraki-mx-cloud-managed-firewall,FIPS 140-3,5114,"Cisco Systems, Inc.",Cisco Adaptive Security Appliance Virtual Cryptographic Module,No PQC Mechanisms Detected,FIPS 140-3 L1,deprecated,2025-12-19,https://csrc.nist.gov/projects/cryptographic-module-validation-program/certificate/5114,2026-06-04,not in regen,,,,2026-07-09
Cisco Meraki MX (Cloud-Managed Firewall),cisco-meraki-mx-cloud-managed-firewall,FIPS 140-3,5138,"Cisco Systems, Inc",Cisco Firepower Management Center Virtual Cryptographic Module,No PQC Mechanisms Detected,FIPS 140-3 L1,deprecated,2026-01-15,https://csrc.nist.gov/projects/cryptographic-module-validation-program/certificate/5138,2026-06-06,not in regen,,,,2026-07-09
Cisco Meraki MX (Cloud-Managed Firewall),cisco-meraki-mx-cloud-managed-firewall,FIPS 140-3,5137,"Cisco Systems, Inc",Cisco Firepower Threat Defense Virtual Cryptographic Module,No PQC Mechanisms Detected,FIPS 140-3 L1,deprecated,2026-01-15,https://csrc.nist.gov/projects/cryptographic-module-validation-program/certificate/5137,2026-06-06,not in regen,,,,2026-07-09
Cisco Meraki MX (Cloud-Managed Firewall),cisco-meraki-mx-cloud-managed-firewall,FIPS 140-3,5262,"Cisco Systems, Inc.",Adaptive Security Appliance Virtual Cryptographic Module,No PQC Mechanisms Detected,FIPS 140-3 L1,deprecated,2026-05-11,https://csrc.nist.gov/projects/cryptographic-module-validation-program/certificate/5262,2026-06-06,not in regen,,,,2026-07-09
Cisco Meraki MX (Cloud-Managed Firewall),cisco-meraki-mx-cloud-managed-firewall,FIPS 140-3,5287,"Cisco Systems, Inc.",Cisco Adaptive Security Appliance on 4K/9K Cryptographic Module,No PQC Mechanisms Detected,FIPS 140-3 L1,deprecated,2026-05-22,https://csrc.nist.gov/projects/cryptographic-module-validation-program/certificate/5287,2026-06-06,not in regen,,,,2026-07-09
Cisco Meraki MX (Cloud-Managed Firewall),cisco-meraki-mx-cloud-managed-firewall,FIPS 140-3,5295,"Cisco Systems, Inc.",Firepower Threat Defense Virtual Cryptographic Module,No PQC Mechanisms Detected,FIPS 140-3 L1,deprecated,2026-06-01,https://csrc.nist.gov/projects/cryptographic-module-validation-program/certificate/5295,2026-06-06,not in regen,,,,2026-07-09
Cisco Secure Client (AnyConnect),cisco-secure-client-anyconnect,ACVP,A6567,"Cisco Systems, Inc.",CiscoSSL OQS FIPS Library,"ML-DSA, ML-KEM",,deprecated,2025-02-05,https://csrc.nist.gov/projects/cryptographic-algorithm-validation-program/details?product=19275,2026-06-06,not in regen,,,,2026-07-09
Cisco Secure Client (AnyConnect),cisco-secure-client-anyconnect,FIPS 140-3,4747,"Cisco Systems, Inc.",Cisco FIPS Object Module,No PQC Mechanisms Detected,FIPS 140-3 L1,deprecated,2024-08-01,https://csrc.nist.gov/projects/cryptographic-module-validation-program/certificate/4747,2026-06-06,not in regen,,,,2026-07-09
Cisco Secure Client (AnyConnect),cisco-secure-client-anyconnect,FIPS 140-3,4891,"Cisco Systems, Inc",CiscoSSL FIPS Provider,No PQC Mechanisms Detected,FIPS 140-3 L1,deprecated,2024-11-18,https://csrc.nist.gov/projects/cryptographic-module-validation-program/certificate/4891,2026-06-06,not in regen,,,,2026-07-09
Cisco Webex,cisco-webex,FIPS 140-3,4747,"Cisco Systems, Inc.",Cisco FIPS Object Module,No PQC Mechanisms Detected,FIPS 140-3 L1,deprecated,2024-08-01,https://csrc.nist.gov/projects/cryptographic-module-validation-program/certificate/4747,2026-06-06,not in regen,,,,2026-07-09
Cisco Webex,cisco-webex,FIPS 140-3,4891,"Cisco Systems, Inc",CiscoSSL FIPS Provider,No PQC Mechanisms Detected,FIPS 140-3 L1,deprecated,2024-11-18,https://csrc.nist.gov/projects/cryptographic-module-validation-program/certificate/4891,2026-06-06,not in regen,,,,2026-07-09
Citrix ADC (NetScaler),citrix-adc-netscaler,FIPS 140-3,4043,"Citrix Systems, Inc.",Citrix ADC MPX,No PQC Mechanisms Detected,FIPS 140-3 L2,Active,2021-10-16,https://csrc.nist.gov/projects/cryptographic-module-validation-program/certificate/4043,,,,,,
Citrix ADC (NetScaler),citrix-adc-netscaler,FIPS 140-3,4098,"Citrix Systems, Inc.",Citrix ADC VPX,No PQC Mechanisms Detected,FIPS 140-3 L1,Active,2021-12-12,https://csrc.nist.gov/projects/cryptographic-module-validation-program/certificate/4098,,,,,,
Citrix CVAD,citrix-cvad,ACVP,A7486,"Citrix Systems, Inc.",Citrix FIPS Cryptographic Module,"ML-DSA, ML-KEM, SLH-DSA",,deprecated,2025-10-08,https://csrc.nist.gov/projects/cryptographic-algorithm-validation-program/details?product=20273,2026-06-06,not in regen,,,,2026-07-09
Citrix CVAD,citrix-cvad,FIPS 140-3,4043,"Citrix Systems, Inc.",Citrix ADC MPX,No PQC Mechanisms Detected,FIPS 140-3 L2,deprecated,2021-10-16,https://csrc.nist.gov/projects/cryptographic-module-validation-program/certificate/4043,2026-06-06,not in regen,,,,2026-07-09
Citrix CVAD,citrix-cvad,FIPS 140-3,4098,"Citrix Systems, Inc.",Citrix ADC VPX,No PQC Mechanisms Detected,FIPS 140-3 L1,deprecated,2021-12-12,https://csrc.nist.gov/projects/cryptographic-module-validation-program/certificate/4098,2026-06-06,not in regen,,,,2026-07-09
Citrix FIPS Cryptographic Module,,ACVP,A7486,"Citrix Systems, Inc.",Citrix FIPS Cryptographic Module,"ML-DSA, ML-KEM, SLH-DSA",,deprecated,2025-10-08,https://csrc.nist.gov/projects/cryptographic-algorithm-validation-program/details?product=20273,2026-07-16,not in regen,,,,
Citrix Virtual Apps and Desktops,citrix-virtual-apps-and-desktops,ACVP,A7486,"Citrix Systems, Inc.",Citrix FIPS Cryptographic Module,"ML-DSA, ML-KEM, SLH-DSA",,deprecated,2025-10-08,https://csrc.nist.gov/projects/cryptographic-algorithm-validation-program/details?product=20273,2026-06-06,not in regen,,,,2026-07-09
Citrix Virtual Apps and Desktops,citrix-virtual-apps-and-desktops,FIPS 140-3,4043,"Citrix Systems, Inc.",Citrix ADC MPX,No PQC Mechanisms Detected,FIPS 140-3 L2,deprecated,2021-10-16,https://csrc.nist.gov/projects/cryptographic-module-validation-program/certificate/4043,2026-06-06,not in regen,,,,2026-07-09
Citrix Virtual Apps and Desktops,citrix-virtual-apps-and-desktops,FIPS 140-3,4098,"Citrix Systems, Inc.",Citrix ADC VPX,No PQC Mechanisms Detected,FIPS 140-3 L1,deprecated,2021-12-12,https://csrc.nist.gov/projects/cryptographic-module-validation-program/certificate/4098,2026-06-06,not in regen,,,,2026-07-09
Cloudera Cryptographic Module for Java,cloudera-cryptographic-module-for-java,FIPS 140-3,5084,"Cloudera, Inc.",Cloudera Cryptographic Module for Java,"HSS, LMS",FIPS 140-3 L1,Active,2025-10-22,https://csrc.nist.gov/projects/cryptographic-module-validation-program/certificate/5084,,,,,,
Cloudian HyperStore 8.0,,FIPS 140-3,5068,Cloudian Inc.,Cloudian-FJA (FIPS Java API),No PQC Mechanisms Detected,FIPS 140-3 L1,deprecated,2025-09-22,https://csrc.nist.gov/projects/cryptographic-module-validation-program/certificate/5068,2026-06-02,not in regen,,,,
Cloudian-FJA (FIPS Java API),Cloudian-FJA-FIPS-Java-API,FIPS 140-3,5068,Cloudian Inc.,Cloudian-FJA (FIPS Java API),"LMS, HSS",FIPS 140-3 L1,Active,2025-09-22,https://csrc.nist.gov/projects/cryptographic-module-validation-program/certificate/5068,,,,,,
Code Siren Post-Quantum Cryptographic (PQC) Library,code-siren-post-quantum-cryptographic-pqc-library,ACVP,A7809,"Code Siren, LLC",Code Siren Post-Quantum Cryptographic (PQC) Library,"ML-DSA, ML-KEM",,Active,2025-12-19,https://csrc.nist.gov/projects/cryptographic-algorithm-validation-program/details?product=20592,,,,,,
Codebat ML-DSA Cryptographic Engine,codebat-ml-dsa-cryptographic-engine,ACVP,A8288,"Codebat Technologies, Inc.",Codebat ML-DSA Cryptographic Engine,ML-DSA,,Active,2026-04-23,https://csrc.nist.gov/projects/cryptographic-algorithm-validation-program/details?product=21089,,,,,,
Cohesity DataCloud,cohesity-datacloud,FIPS 140-3,4922,"Cohesity, Inc.",Cohesity FIPS Object Module,No PQC Mechanisms Detected,FIPS 140-3 L1,deprecated,2024-12-18,https://csrc.nist.gov/projects/cryptographic-module-validation-program/certificate/4922,2026-06-06,not in regen,,,,2026-07-09
Cohesity DataCloud,cohesity-datacloud,FIPS 140-3,5120,"Cohesity, Inc.",Cohesity Cryptographic Module for Java,"HSS, LMS",FIPS 140-3 L1,deprecated,2026-01-13,https://csrc.nist.gov/projects/cryptographic-module-validation-program/certificate/5120,2026-06-06,not in regen,,,,2026-07-09
Crypto4A QxEDGE,crypto4a-qxedge,ACVP,A5631,"Crypto4A Technologies, Inc.",QASM Cryptographic Module,"LMS, ML-DSA, ML-KEM, SLH-DSA",,deprecated,2024-08-14,https://csrc.nist.gov/projects/cryptographic-algorithm-validation-program/details?product=18297,2026-07-13,not in regen,pqc_cert_present,url_authoritative,Re-activated 2026-07-12 (product-cert review): was deprecated 'not in regen'. Same QASM module as Crypto4A QxHSM -- re-verified real LMS/ML-DSA/ML-KEM/SLH-DSA coverage before re-activating.,2026-07-12
Crypto4A QxEDGE,crypto4a-qxedge,FIPS 140-3,4250,Crypto4A Technologies Inc.,QASM Cryptographic Module,No PQC Mechanisms Detected,FIPS 140-3 L3,deprecated,2022-06-13,https://csrc.nist.gov/projects/cryptographic-module-validation-program/certificate/4250,2026-06-06,not in regen,,,,2026-07-09
Crypto4A QxHSM,crypto4a-qxhsm,ACVP,A5631,"Crypto4A Technologies, Inc.",QASM Cryptographic Module,"LMS, ML-DSA, ML-KEM, SLH-DSA",,deprecated,2024-08-14,https://csrc.nist.gov/projects/cryptographic-algorithm-validation-program/details?product=18297,2026-07-13,not in regen,pqc_cert_present,url_authoritative,Re-activated 2026-07-12 (product-cert review): was deprecated 'not in regen'. QASM is Crypto4A's crypto module underlying their QxHSM/QxEDGE hardware line -- re-verified real LMS/ML-DSA/ML-KEM/SLH-DSA coverage before re-activating.,2026-07-12
Crypto4A QxHSM,crypto4a-qxhsm,FIPS 140-3,4250,Crypto4A Technologies Inc.,QASM Cryptographic Module,No PQC Mechanisms Detected,FIPS 140-3 L3,deprecated,2022-06-13,https://csrc.nist.gov/projects/cryptographic-module-validation-program/certificate/4250,2026-06-06,not in regen,,,,2026-07-09
Crypto4A QxVault,crypto4a-qxvault,FIPS 140-3,4250,Crypto4A Technologies Inc.,QASM Cryptographic Module,No PQC Mechanisms Detected,FIPS 140-3 L3,deprecated,2022-06-13,https://csrc.nist.gov/projects/cryptographic-module-validation-program/certificate/4250,2026-06-06,not in regen,,,,2026-07-09
CryptoNext COMPASS Network Probe,cryptonext-compass-network-probe,ACVP,A6639,CryptoNext Security,C-QSL (ARM_NEON),"ML-DSA, ML-KEM, SLH-DSA",,deprecated,2025-03-03,https://csrc.nist.gov/projects/cryptographic-algorithm-validation-program/details?product=19370,2026-05-16,not in regen,,,,2026-07-09
CryptoNext Quantum-Safe Library,cryptonext-quantum-safe-library,ACVP,A6639,CryptoNext Security,C-QSL (ARM_NEON),"ML-DSA, ML-KEM, SLH-DSA",,deprecated,2025-03-03,https://csrc.nist.gov/projects/cryptographic-algorithm-validation-program/details?product=19370,2026-06-06,not in regen,,,,2026-07-09
CryptoNext Quantum-Safe Library,cryptonext-quantum-safe-library,ACVP,A6638,CryptoNext Security,C-QSL (AVX2),"ML-DSA, ML-KEM, SLH-DSA",,deprecated,2025-03-03,https://csrc.nist.gov/projects/cryptographic-algorithm-validation-program/details?product=19369,2026-06-06,not in regen,,,,2026-07-09
CryptoNext Quantum-Safe Library (C-QSL),cryptonext-quantum-safe-library-c-qsl,ACVP,A6639,CryptoNext Security,C-QSL (ARM_NEON),"ML-DSA, ML-KEM, SLH-DSA",,Active,2025-03-03,https://csrc.nist.gov/projects/cryptographic-algorithm-validation-program/details?product=19370,,,,,,
CryptoNext Quantum-Safe Library (C-QSL),cryptonext-quantum-safe-library-c-qsl,ACVP,A6638,CryptoNext Security,C-QSL (AVX2),"ML-DSA, ML-KEM, SLH-DSA",,Active,2025-03-03,https://csrc.nist.gov/projects/cryptographic-algorithm-validation-program/details?product=19369,,,,,,
Cryptographic library NESLIB 6.11.3 on ST31R480 A01 (version 6.11.3)(ANSSI-CC-2025/26),Cryptographic-library-NESLIB-6-11-3-on-S,Common Criteria,cc-cryptographic-library-neslib-pqml-2-1-on-st33k1m5a-and-st33k1m5m-b04---b01--eucc-3090-2026-67--d48727ec,STMicroelectronics,"Cryptographic Library NesLib-PQML 2.1 on ST33K1M5A and ST33K1M5M B04 , B01 (EUCC-3090-2026-67)","ML-KEM, ML-DSA, LMS","EAL5+,ALC_DVS.2,ALC_FLR.2,AVA_VAN.5",Active,2026-07-17,https://www.commoncriteriaportal.org/files/epfiles/EUCC-3090-2026-67-cible.pdf,,,,,,
Cryptographic library NESLIB 6.11.3 on ST31R480 A01 (version 6.11.3)(ANSSI-CC-2025/26),Cryptographic-library-NESLIB-6-11-3-on-S,Common Criteria,cc-cryptographic-library-neslib-pqml-2-1-on-st33k1m5c-and-st33k1m5t-c03---a01--eucc-3090-2026-66--1d4a9254,STMicroelectronics,"Cryptographic Library NesLib-PQML 2.1 on ST33K1M5C and ST33K1M5T C03 , A01 (EUCC-3090-2026-66)","ML-KEM, ML-DSA, LMS","EAL5+,ALC_DVS.2,ALC_FLR.2,AVA_VAN.5",Active,2026-07-17,https://www.commoncriteriaportal.org/files/epfiles/EUCC-3090-2026-66-cible.pdf,,,,,,
Cryptographic library NESLIB 6.11.3 on ST31R480 B01 (version 6.11.3) (ANSSI-CC-2025/27),Cryptographic-library-NESLIB-6-11-3-on-S-2,Common Criteria,cc-cryptographic-library-neslib-pqml-2-1-on-st33k1m5a-and-st33k1m5m-b04---b01--eucc-3090-2026-67--d48727ec,STMicroelectronics,"Cryptographic Library NesLib-PQML 2.1 on ST33K1M5A and ST33K1M5M B04 , B01 (EUCC-3090-2026-67)","ML-KEM, ML-DSA, LMS","EAL5+,ALC_DVS.2,ALC_FLR.2,AVA_VAN.5",Active,2026-07-17,https://www.commoncriteriaportal.org/files/epfiles/EUCC-3090-2026-67-cible.pdf,,,,,,
Cryptographic library NESLIB 6.11.3 on ST31R480 B01 (version 6.11.3) (ANSSI-CC-2025/27),Cryptographic-library-NESLIB-6-11-3-on-S-2,Common Criteria,cc-cryptographic-library-neslib-pqml-2-1-on-st33k1m5c-and-st33k1m5t-c03---a01--eucc-3090-2026-66--1d4a9254,STMicroelectronics,"Cryptographic Library NesLib-PQML 2.1 on ST33K1M5C and ST33K1M5T C03 , A01 (EUCC-3090-2026-66)","ML-KEM, ML-DSA, LMS","EAL5+,ALC_DVS.2,ALC_FLR.2,AVA_VAN.5",Active,2026-07-17,https://www.commoncriteriaportal.org/files/epfiles/EUCC-3090-2026-66-cible.pdf,,,,,,
Cryptographic library NesLib 6.11.0 on ST31R480 A01 référence NesLib version 6.11,Cryptographic-library-NesLib-6-11-0-on-S,Common Criteria,cc-cryptographic-library-neslib-pqml-2-1-on-st33k1m5a-and-st33k1m5m-b04---b01--eucc-3090-2026-67--d48727ec,STMicroelectronics,"Cryptographic Library NesLib-PQML 2.1 on ST33K1M5A and ST33K1M5M B04 , B01 (EUCC-3090-2026-67)","ML-KEM, ML-DSA, LMS","EAL5+,ALC_DVS.2,ALC_FLR.2,AVA_VAN.5",Active,2026-07-17,https://www.commoncriteriaportal.org/files/epfiles/EUCC-3090-2026-67-cible.pdf,,,,,,
Cryptographic library NesLib 6.11.0 on ST31R480 A01 référence NesLib version 6.11,Cryptographic-library-NesLib-6-11-0-on-S,Common Criteria,cc-cryptographic-library-neslib-pqml-2-1-on-st33k1m5c-and-st33k1m5t-c03---a01--eucc-3090-2026-66--1d4a9254,STMicroelectronics,"Cryptographic Library NesLib-PQML 2.1 on ST33K1M5C and ST33K1M5T C03 , A01 (EUCC-3090-2026-66)","ML-KEM, ML-DSA, LMS","EAL5+,ALC_DVS.2,ALC_FLR.2,AVA_VAN.5",Active,2026-07-17,https://www.commoncriteriaportal.org/files/epfiles/EUCC-3090-2026-66-cible.pdf,,,,,,
Cryptographic library NesLib 6.11.6 on ST33K1M5A and ST33K1M5M B04 Version : 6.11.6 / B04 (EUCC-3090-2026-17),Cryptographic-library-NesLib-6-11-6-on-S,Common Criteria,cc-cryptographic-library-neslib-pqml-2-1-on-st33k1m5a-and-st33k1m5m-b04---b01--eucc-3090-2026-67--d48727ec,STMicroelectronics,"Cryptographic Library NesLib-PQML 2.1 on ST33K1M5A and ST33K1M5M B04 , B01 (EUCC-3090-2026-67)","ML-KEM, ML-DSA, LMS","EAL5+,ALC_DVS.2,ALC_FLR.2,AVA_VAN.5",Active,2026-07-17,https://www.commoncriteriaportal.org/files/epfiles/EUCC-3090-2026-67-cible.pdf,,,,,,
Cryptographic library NesLib 6.11.6 on ST33K1M5A and ST33K1M5M B04 Version : 6.11.6 / B04 (EUCC-3090-2026-17),Cryptographic-library-NesLib-6-11-6-on-S,Common Criteria,cc-cryptographic-library-neslib-pqml-2-1-on-st33k1m5c-and-st33k1m5t-c03---a01--eucc-3090-2026-66--1d4a9254,STMicroelectronics,"Cryptographic Library NesLib-PQML 2.1 on ST33K1M5C and ST33K1M5T C03 , A01 (EUCC-3090-2026-66)","ML-KEM, ML-DSA, LMS","EAL5+,ALC_DVS.2,ALC_FLR.2,AVA_VAN.5",Active,2026-07-17,https://www.commoncriteriaportal.org/files/epfiles/EUCC-3090-2026-66-cible.pdf,,,,,,
Cryptographic library NesLib 6.11.6 on ST33K1M5C and ST33K1M5T C03 Version : 6.11.6 / C03 (EUCC-3090-2026-16),Cryptographic-library-NesLib-6-11-6-on-S-2,Common Criteria,cc-cryptographic-library-neslib-pqml-2-1-on-st33k1m5a-and-st33k1m5m-b04---b01--eucc-3090-2026-67--d48727ec,STMicroelectronics,"Cryptographic Library NesLib-PQML 2.1 on ST33K1M5A and ST33K1M5M B04 , B01 (EUCC-3090-2026-67)","ML-KEM, ML-DSA, LMS","EAL5+,ALC_DVS.2,ALC_FLR.2,AVA_VAN.5",Active,2026-07-17,https://www.commoncriteriaportal.org/files/epfiles/EUCC-3090-2026-67-cible.pdf,,,,,,
Cryptographic library NesLib 6.11.6 on ST33K1M5C and ST33K1M5T C03 Version : 6.11.6 / C03 (EUCC-3090-2026-16),Cryptographic-library-NesLib-6-11-6-on-S-2,Common Criteria,cc-cryptographic-library-neslib-pqml-2-1-on-st33k1m5c-and-st33k1m5t-c03---a01--eucc-3090-2026-66--1d4a9254,STMicroelectronics,"Cryptographic Library NesLib-PQML 2.1 on ST33K1M5C and ST33K1M5T C03 , A01 (EUCC-3090-2026-66)","ML-KEM, ML-DSA, LMS","EAL5+,ALC_DVS.2,ALC_FLR.2,AVA_VAN.5",Active,2026-07-17,https://www.commoncriteriaportal.org/files/epfiles/EUCC-3090-2026-66-cible.pdf,,,,,,
DINAMO Hardware Security Module Cryptographic Library,DINAMO-Hardware-Security-Module-Cryptogr,ACVP,A8232,"Dinamo Networks, Inc.",DINAMO Hardware Security Module Cryptographic Library,"ML-DSA, ML-KEM, SLH-DSA",,Active,2026-04-08,https://csrc.nist.gov/projects/cryptographic-algorithm-validation-program/details?product=21039,,,,,,
Dell BSAFE Crypto Module for C,dell-bsafe-crypto-module-for-c,ACVP,A6943,"Dell Australia Pty Limited, BSAFE Product Team",Dell BSAFE Crypto Module for Java,ML-DSA,,deprecated,2025-05-23,https://csrc.nist.gov/projects/cryptographic-algorithm-validation-program/details?product=19691,2026-06-06,not in regen,,,,2026-07-09
Dell BSAFE Crypto Module for C,dell-bsafe-crypto-module-for-c,ACVP,A8272,"Dell Australia Pty Limited, BSAFE Product Team",Dell BSAFE Crypto Module for C v3.1,"ML-DSA, ML-KEM",,Active,2026-04-17,https://csrc.nist.gov/projects/cryptographic-algorithm-validation-program/details?product=21088,,,,,,
Dell BSAFE Crypto Module for C,dell-bsafe-crypto-module-for-c,FIPS 140-3,4892,"Dell Inc., BSAFE Product Team",Dell™ BSAFE™ Crypto Module for Java 7.0,No PQC Mechanisms Detected,FIPS 140-3 L1,deprecated,2024-11-19,https://csrc.nist.gov/projects/cryptographic-module-validation-program/certificate/4892,2026-05-16,not in regen,,,,2026-07-09
Dell BSAFE Crypto Module for C,dell-bsafe-crypto-module-for-c,FIPS 140-3,4942,"Dell Australia Pty Limited, BSAFE Product Team",Dell BSAFE™ Crypto Module,No PQC Mechanisms Detected,FIPS 140-3 L1,deprecated,2025-01-16,https://csrc.nist.gov/projects/cryptographic-module-validation-program/certificate/4942,2026-06-06,not in regen,,,,2026-07-09
Dell BSAFE Crypto Module for C,dell-bsafe-crypto-module-for-c,FIPS 140-3,4967,"Dell Australia Pty Limited, BSAFE Product Team",Dell BSAFE™ Crypto Module for C,No PQC Mechanisms Detected,FIPS 140-3 L1,deprecated,2025-02-19,https://csrc.nist.gov/projects/cryptographic-module-validation-program/certificate/4967,2026-06-06,not in regen,,,,2026-07-09
Dell BSAFE Crypto Module for C,dell-bsafe-crypto-module-for-c,FIPS 140-3,5259,Dell Inc.,Dell FIPS Module,No PQC Mechanisms Detected,FIPS 140-3 L1,deprecated,2026-05-07,https://csrc.nist.gov/projects/cryptographic-module-validation-program/certificate/5259,2026-06-06,not in regen,,,,2026-07-09
Dell BSAFE Crypto-J,dell-bsafe-crypto-j,ACVP,A6943,"Dell Australia Pty Limited, BSAFE Product Team",Dell BSAFE Crypto Module for Java,ML-DSA,,deprecated,2025-05-23,https://csrc.nist.gov/projects/cryptographic-algorithm-validation-program/details?product=19691,2026-06-06,not in regen,,,,2026-07-09
Dell BSAFE Crypto-J,dell-bsafe-crypto-j,ACVP,A8272,"Dell Australia Pty Limited, BSAFE Product Team",Dell BSAFE Crypto Module for C v3.1,"ML-DSA, ML-KEM",,deprecated,2026-04-17,https://csrc.nist.gov/projects/cryptographic-algorithm-validation-program/details?product=21088,2026-06-06,not in regen,,,,2026-07-09
Dell BSAFE Crypto-J,dell-bsafe-crypto-j,FIPS 140-3,4892,"Dell Inc., BSAFE Product Team",Dell™ BSAFE™ Crypto Module for Java 7.0,No PQC Mechanisms Detected,FIPS 140-3 L1,deprecated,2024-11-19,https://csrc.nist.gov/projects/cryptographic-module-validation-program/certificate/4892,2026-05-16,not in regen,,,,2026-07-09
Dell BSAFE Crypto-J,dell-bsafe-crypto-j,FIPS 140-3,4942,"Dell Australia Pty Limited, BSAFE Product Team",Dell BSAFE™ Crypto Module,No PQC Mechanisms Detected,FIPS 140-3 L1,deprecated,2025-01-16,https://csrc.nist.gov/projects/cryptographic-module-validation-program/certificate/4942,2026-06-06,not in regen,,,,2026-07-09
Dell BSAFE Crypto-J,dell-bsafe-crypto-j,FIPS 140-3,4967,"Dell Australia Pty Limited, BSAFE Product Team",Dell BSAFE™ Crypto Module for C,No PQC Mechanisms Detected,FIPS 140-3 L1,deprecated,2025-02-19,https://csrc.nist.gov/projects/cryptographic-module-validation-program/certificate/4967,2026-06-06,not in regen,,,,2026-07-09
Dell BSAFE Crypto-J,dell-bsafe-crypto-j,FIPS 140-3,5259,Dell Inc.,Dell FIPS Module,No PQC Mechanisms Detected,FIPS 140-3 L1,deprecated,2026-05-07,https://csrc.nist.gov/projects/cryptographic-module-validation-program/certificate/5259,2026-06-06,not in regen,,,,2026-07-09
Dell PowerStore OS 4.0,dell-powerstore-os-4-0,FIPS 140-3,4892,"Dell Inc., BSAFE Product Team",Dell™ BSAFE™ Crypto Module for Java 7.0,No PQC Mechanisms Detected,FIPS 140-3 L1,deprecated,2024-11-19,https://csrc.nist.gov/projects/cryptographic-module-validation-program/certificate/4892,2026-05-16,not in regen,,,,2026-07-09
Dell PowerStore OS 4.0,dell-powerstore-os-4-0,FIPS 140-3,4942,"Dell Australia Pty Limited, BSAFE Product Team",Dell BSAFE™ Crypto Module,No PQC Mechanisms Detected,FIPS 140-3 L1,deprecated,2025-01-16,https://csrc.nist.gov/projects/cryptographic-module-validation-program/certificate/4942,2026-06-06,not in regen,,,,2026-07-09
Dell PowerStore OS 4.0,dell-powerstore-os-4-0,FIPS 140-3,4967,"Dell Australia Pty Limited, BSAFE Product Team",Dell BSAFE™ Crypto Module for C,No PQC Mechanisms Detected,FIPS 140-3 L1,deprecated,2025-02-19,https://csrc.nist.gov/projects/cryptographic-module-validation-program/certificate/4967,2026-06-06,not in regen,,,,2026-07-09
Dell PowerStore OS 4.0,dell-powerstore-os-4-0,FIPS 140-3,5259,Dell Inc.,Dell FIPS Module,No PQC Mechanisms Detected,FIPS 140-3 L1,deprecated,2026-05-07,https://csrc.nist.gov/projects/cryptographic-module-validation-program/certificate/5259,2026-06-06,not in regen,,,,2026-07-09
DigiCert CertCentral,digicert-certcentral,FIPS 140-3,4761,"DigiCert, Inc.",Mocana Cryptographic Suite B Module,No PQC Mechanisms Detected,FIPS 140-3 L1,deprecated,2024-08-14,https://csrc.nist.gov/projects/cryptographic-module-validation-program/certificate/4761,2026-06-06,not in regen,,,,2026-07-09
DigiCert CertCentral,digicert-certcentral,FIPS 140-3,4818,"DigiCert, Inc.",Mocana Cryptographic Loadable Kernel Module,No PQC Mechanisms Detected,FIPS 140-3 L1,deprecated,2024-10-01,https://csrc.nist.gov/projects/cryptographic-module-validation-program/certificate/4818,2026-06-06,not in regen,,,,2026-07-09
DigiCert CertCentral,digicert-certcentral,FIPS 140-3,5243,"DigiCert, Inc.",DigiCert TrustCore Cryptographic Suite B Module,No PQC Mechanisms Detected,FIPS 140-3 L1,deprecated,2026-04-15,https://csrc.nist.gov/projects/cryptographic-module-validation-program/certificate/5243,2026-06-06,not in regen,,,,2026-07-09
DigiCert Code-Signing (v2026),,FIPS 140-3,4761,"DigiCert, Inc.",Mocana Cryptographic Suite B Module,No PQC Mechanisms Detected,FIPS 140-3 L1,deprecated,2024-08-14,https://csrc.nist.gov/projects/cryptographic-module-validation-program/certificate/4761,2026-06-02,not in regen,,,,
DigiCert Code-Signing (v2026),,FIPS 140-3,4818,"DigiCert, Inc.",Mocana Cryptographic Loadable Kernel Module,No PQC Mechanisms Detected,FIPS 140-3 L1,deprecated,2024-10-01,https://csrc.nist.gov/projects/cryptographic-module-validation-program/certificate/4818,2026-06-02,not in regen,,,,
DigiCert Code-Signing (v2026),,FIPS 140-3,5243,"DigiCert, Inc.",DigiCert TrustCore Cryptographic Suite B Module,No PQC Mechanisms Detected,FIPS 140-3 L1,deprecated,2026-04-15,https://csrc.nist.gov/projects/cryptographic-module-validation-program/certificate/5243,2026-06-02,not in regen,,,,
DigiCert Device Trust Manager,digicert-device-trust-manager,FIPS 140-3,4761,"DigiCert, Inc.",Mocana Cryptographic Suite B Module,No PQC Mechanisms Detected,FIPS 140-3 L1,deprecated,2024-08-14,https://csrc.nist.gov/projects/cryptographic-module-validation-program/certificate/4761,2026-06-06,not in regen,,,,2026-07-09
DigiCert Device Trust Manager,digicert-device-trust-manager,FIPS 140-3,4818,"DigiCert, Inc.",Mocana Cryptographic Loadable Kernel Module,No PQC Mechanisms Detected,FIPS 140-3 L1,deprecated,2024-10-01,https://csrc.nist.gov/projects/cryptographic-module-validation-program/certificate/4818,2026-06-06,not in regen,,,,2026-07-09
DigiCert Device Trust Manager,digicert-device-trust-manager,FIPS 140-3,5243,"DigiCert, Inc.",DigiCert TrustCore Cryptographic Suite B Module,No PQC Mechanisms Detected,FIPS 140-3 L1,deprecated,2026-04-15,https://csrc.nist.gov/projects/cryptographic-module-validation-program/certificate/5243,2026-06-06,not in regen,,,,2026-07-09
DigiCert ONE,digicert-one,FIPS 140-3,4761,"DigiCert, Inc.",Mocana Cryptographic Suite B Module,No PQC Mechanisms Detected,FIPS 140-3 L1,deprecated,2024-08-14,https://csrc.nist.gov/projects/cryptographic-module-validation-program/certificate/4761,2026-06-06,not in regen,,,,2026-07-09
DigiCert ONE,digicert-one,FIPS 140-3,4818,"DigiCert, Inc.",Mocana Cryptographic Loadable Kernel Module,No PQC Mechanisms Detected,FIPS 140-3 L1,deprecated,2024-10-01,https://csrc.nist.gov/projects/cryptographic-module-validation-program/certificate/4818,2026-06-06,not in regen,,,,2026-07-09
DigiCert ONE,digicert-one,FIPS 140-3,5243,"DigiCert, Inc.",DigiCert TrustCore Cryptographic Suite B Module,No PQC Mechanisms Detected,FIPS 140-3 L1,deprecated,2026-04-15,https://csrc.nist.gov/projects/cryptographic-module-validation-program/certificate/5243,2026-06-06,not in regen,,,,2026-07-09
DigiCert SigningHub,digicert-signinghub,FIPS 140-3,4761,"DigiCert, Inc.",Mocana Cryptographic Suite B Module,No PQC Mechanisms Detected,FIPS 140-3 L1,deprecated,2024-08-14,https://csrc.nist.gov/projects/cryptographic-module-validation-program/certificate/4761,2026-06-06,not in regen,,,,2026-07-09
DigiCert SigningHub,digicert-signinghub,FIPS 140-3,4818,"DigiCert, Inc.",Mocana Cryptographic Loadable Kernel Module,No PQC Mechanisms Detected,FIPS 140-3 L1,deprecated,2024-10-01,https://csrc.nist.gov/projects/cryptographic-module-validation-program/certificate/4818,2026-06-06,not in regen,,,,2026-07-09
DigiCert SigningHub,digicert-signinghub,FIPS 140-3,5243,"DigiCert, Inc.",DigiCert TrustCore Cryptographic Suite B Module,No PQC Mechanisms Detected,FIPS 140-3 L1,deprecated,2026-04-15,https://csrc.nist.gov/projects/cryptographic-module-validation-program/certificate/5243,2026-06-06,not in regen,,,,2026-07-09
DigiCert Software Trust Manager,digicert-software-trust-manager,FIPS 140-3,4761,"DigiCert, Inc.",Mocana Cryptographic Suite B Module,No PQC Mechanisms Detected,FIPS 140-3 L1,deprecated,2024-08-14,https://csrc.nist.gov/projects/cryptographic-module-validation-program/certificate/4761,2026-06-06,not in regen,,,,2026-07-09
DigiCert Software Trust Manager,digicert-software-trust-manager,FIPS 140-3,4818,"DigiCert, Inc.",Mocana Cryptographic Loadable Kernel Module,No PQC Mechanisms Detected,FIPS 140-3 L1,deprecated,2024-10-01,https://csrc.nist.gov/projects/cryptographic-module-validation-program/certificate/4818,2026-06-06,not in regen,,,,2026-07-09
DigiCert Software Trust Manager,digicert-software-trust-manager,FIPS 140-3,5243,"DigiCert, Inc.",DigiCert TrustCore Cryptographic Suite B Module,No PQC Mechanisms Detected,FIPS 140-3 L1,deprecated,2026-04-15,https://csrc.nist.gov/projects/cryptographic-module-validation-program/certificate/5243,2026-06-06,not in regen,,,,2026-07-09
DigiCert Trust Lifecycle Manager,digicert-trust-lifecycle-manager,FIPS 140-3,4761,"DigiCert, Inc.",Mocana Cryptographic Suite B Module,No PQC Mechanisms Detected,FIPS 140-3 L1,deprecated,2024-08-14,https://csrc.nist.gov/projects/cryptographic-module-validation-program/certificate/4761,2026-06-06,not in regen,,,,2026-07-09
DigiCert Trust Lifecycle Manager,digicert-trust-lifecycle-manager,FIPS 140-3,4818,"DigiCert, Inc.",Mocana Cryptographic Loadable Kernel Module,No PQC Mechanisms Detected,FIPS 140-3 L1,deprecated,2024-10-01,https://csrc.nist.gov/projects/cryptographic-module-validation-program/certificate/4818,2026-06-06,not in regen,,,,2026-07-09
DigiCert Trust Lifecycle Manager,digicert-trust-lifecycle-manager,FIPS 140-3,5243,"DigiCert, Inc.",DigiCert TrustCore Cryptographic Suite B Module,No PQC Mechanisms Detected,FIPS 140-3 L1,deprecated,2026-04-15,https://csrc.nist.gov/projects/cryptographic-module-validation-program/certificate/5243,2026-06-06,not in regen,,,,2026-07-09
DigiCert TrustCore SDK,digicert-trustcore-sdk,FIPS 140-3,4761,"DigiCert, Inc.",Mocana Cryptographic Suite B Module,No PQC Mechanisms Detected,FIPS 140-3 L1,deprecated,2024-08-14,https://csrc.nist.gov/projects/cryptographic-module-validation-program/certificate/4761,2026-06-06,not in regen,,,,2026-07-09
DigiCert TrustCore SDK,digicert-trustcore-sdk,FIPS 140-3,4818,"DigiCert, Inc.",Mocana Cryptographic Loadable Kernel Module,No PQC Mechanisms Detected,FIPS 140-3 L1,deprecated,2024-10-01,https://csrc.nist.gov/projects/cryptographic-module-validation-program/certificate/4818,2026-06-06,not in regen,,,,2026-07-09
DigiCert TrustCore SDK,,FIPS 140-3,5243,"DigiCert, Inc.",DigiCert TrustCore Cryptographic Suite B Module,No PQC Mechanisms Detected,FIPS 140-3 L1,deprecated,2026-04-15,https://csrc.nist.gov/projects/cryptographic-module-validation-program/certificate/5243,2026-07-12,not in regen,,,,
DigiCert TrustCore SDK,digicert-trustcore-sdk,FIPS 140-3,5321,"DigiCert, Inc.",DigiCert TrustCore Cryptographic Suite B Module,No PQC Mechanisms Detected,FIPS 140-3 L1,Active,2026-06-10,https://csrc.nist.gov/projects/cryptographic-module-validation-program/certificate/5321,,,,,,
DigiCert TrustCore SDK,digicert-trustcore-sdk,FIPS 140-3,5322,"DigiCert, Inc.",DigiCert TrustCore Cryptographic Loadable Kernel Module,No PQC Mechanisms Detected,FIPS 140-3 L1,Active,2026-06-10,https://csrc.nist.gov/projects/cryptographic-module-validation-program/certificate/5322,,,,,,
DocuSign,,FIPS 140-3,4782,"DocuSign, Inc.",DocuSign QSCD Appliance,No PQC Mechanisms Detected,FIPS 140-3 L3,deprecated,2024-08-28,https://csrc.nist.gov/projects/cryptographic-module-validation-program/certificate/4782,2026-06-02,not in regen,,,,
DocuSign Intelligent Agreement Management (eSignature + CLM),docusign-iam,FIPS 140-3,4782,"DocuSign, Inc.",DocuSign QSCD Appliance,No PQC Mechanisms Detected,FIPS 140-3 L3,deprecated,2024-08-28,https://csrc.nist.gov/projects/cryptographic-module-validation-program/certificate/4782,2026-06-06,not in regen,,,,2026-07-09
Druva Data Resiliency Cloud,druva-data-resiliency-cloud,FIPS 140-3,4260,Druva Inc.,Druva FIPS Cryptographic Module,No PQC Mechanisms Detected,FIPS 140-3 L1,deprecated,2022-07-06,https://csrc.nist.gov/projects/cryptographic-module-validation-program/certificate/4260,2026-06-06,not in regen,,,,2026-07-09
Druva Data Resiliency Cloud,druva-data-resiliency-cloud,FIPS 140-3,5176,Druva Inc.,Druva FIPS 140-3 Cryptographic Module,No PQC Mechanisms Detected,FIPS 140-3 L1,deprecated,2026-03-10,https://csrc.nist.gov/projects/cryptographic-module-validation-program/certificate/5176,2026-06-06,not in regen,,,,2026-07-09
EigenQ Quantum Encryption Module,,ACVP,A6797,EigenQ Inc,EigenQ Quantum Encryption Module,"ML-DSA, ML-KEM",,deprecated,2025-04-14,https://csrc.nist.gov/projects/cryptographic-algorithm-validation-program/details?product=19528,2026-07-16,not in regen,,,,
EigenQ Quantum Encryption Module (QEM),eigenq-quantum-encryption-module-qem,ACVP,A6797,EigenQ Inc,EigenQ Quantum Encryption Module,"ML-DSA, ML-KEM",,Active,2025-04-14,https://csrc.nist.gov/projects/cryptographic-algorithm-validation-program/details?product=19528,,,,,,
Entrust KeyControl,entrust-keycontrol,ACVP,A7285,Entrust Corporation,nShield 5 Algorithm Library - nCore,"ML-DSA, ML-KEM, SLH-DSA",,deprecated,2025-07-30,https://csrc.nist.gov/projects/cryptographic-algorithm-validation-program/details?product=20056,2026-07-13,not in regen,pqc_cert_present,url_authoritative,Re-activated 2026-07-12 (product-cert review): was deprecated 'not in regen'. OVERRIDE_RULES already establishes Entrust KeyControl's crypto operations route through Entrust's nShield HSM backend (same pattern as the existing IBM Cloud HSM/Utimaco override) -- re-verified real ML-DSA/ML-KEM/SLH-DSA coverage before re-activating.,2026-07-12
Entrust KeyControl,entrust-keycontrol,ACVP,A7990,Entrust Corporation,PQSDK,LMS,,deprecated,2026-01-30,https://csrc.nist.gov/projects/cryptographic-algorithm-validation-program/details?product=20796,2026-06-06,not in regen,,,,2026-07-09
Entrust KeyControl,entrust-keycontrol,FIPS 140-3,4338,Entrust,"nShield F3 10+ 500+ 6000+ & nShield F3 500+ 1500+ 6000+ for nShield Connect+, Connect CLX and HSMi",No PQC Mechanisms Detected,FIPS 140-3 L3,deprecated,2022-10-16,https://csrc.nist.gov/projects/cryptographic-module-validation-program/certificate/4338,2026-06-06,not in regen,,,,2026-07-09
Entrust KeyControl,entrust-keycontrol,FIPS 140-3,4336,Entrust,nShield F2 500+ & nShield F2 1500+ & nShield F2 6000+,No PQC Mechanisms Detected,FIPS 140-3 L2,deprecated,2022-10-16,https://csrc.nist.gov/projects/cryptographic-module-validation-program/certificate/4336,2026-06-06,not in regen,,,,2026-07-09
Entrust KeyControl,entrust-keycontrol,FIPS 140-3,4335,Entrust,nShield Solo XC F3 & nShield Solo XC F3 for nShield Connect XC and for nShield HSMi,No PQC Mechanisms Detected,FIPS 140-3 L3,deprecated,2022-10-16,https://csrc.nist.gov/projects/cryptographic-module-validation-program/certificate/4335,2026-06-06,not in regen,,,,2026-07-09
Entrust KeyControl,entrust-keycontrol,FIPS 140-3,4333,Entrust,nShield Solo XC F2,No PQC Mechanisms Detected,FIPS 140-3 L2,deprecated,2022-10-16,https://csrc.nist.gov/projects/cryptographic-module-validation-program/certificate/4333,2026-06-06,not in regen,,,,2026-07-09
Entrust KeyControl,entrust-keycontrol,FIPS 140-3,4765,Entrust,nShield 5s Hardware Security Module,No PQC Mechanisms Detected,FIPS 140-3 L3,deprecated,2024-08-19,https://csrc.nist.gov/projects/cryptographic-module-validation-program/certificate/4765,2026-06-06,not in regen,,,,2026-07-09
Entrust PKI,entrust-pki,ACVP,A7285,Entrust Corporation,nShield 5 Algorithm Library - nCore,"ML-DSA, ML-KEM, SLH-DSA",,deprecated,2025-07-30,https://csrc.nist.gov/projects/cryptographic-algorithm-validation-program/details?product=20056,2026-07-13,not in regen,pqc_cert_present,url_authoritative,Re-activated 2026-07-12 (product-cert review): was deprecated 'not in regen'. Same nShield-backend reasoning as Entrust KeyControl -- re-verified real ML-DSA/ML-KEM/SLH-DSA coverage before re-activating.,2026-07-12
Entrust PKI,entrust-pki,ACVP,A7990,Entrust Corporation,PQSDK,LMS,,deprecated,2026-01-30,https://csrc.nist.gov/projects/cryptographic-algorithm-validation-program/details?product=20796,2026-06-06,not in regen,,,,2026-07-09
Entrust PKI,entrust-pki,FIPS 140-3,4338,Entrust,"nShield F3 10+ 500+ 6000+ & nShield F3 500+ 1500+ 6000+ for nShield Connect+, Connect CLX and HSMi",No PQC Mechanisms Detected,FIPS 140-3 L3,deprecated,2022-10-16,https://csrc.nist.gov/projects/cryptographic-module-validation-program/certificate/4338,2026-06-06,not in regen,,,,2026-07-09
Entrust PKI,entrust-pki,FIPS 140-3,4336,Entrust,nShield F2 500+ & nShield F2 1500+ & nShield F2 6000+,No PQC Mechanisms Detected,FIPS 140-3 L2,deprecated,2022-10-16,https://csrc.nist.gov/projects/cryptographic-module-validation-program/certificate/4336,2026-06-06,not in regen,,,,2026-07-09
Entrust PKI,entrust-pki,FIPS 140-3,4765,Entrust,nShield 5s Hardware Security Module,No PQC Mechanisms Detected,FIPS 140-3 L3,deprecated,2024-08-19,https://csrc.nist.gov/projects/cryptographic-module-validation-program/certificate/4765,2026-06-06,not in regen,,,,2026-07-09
Entrust Signing Automation,,ACVP,A7285,Entrust Corporation,nShield 5 Algorithm Library - nCore,"ML-DSA, ML-KEM, SLH-DSA",,deprecated,2025-07-30,https://csrc.nist.gov/projects/cryptographic-algorithm-validation-program/details?product=20056,2026-05-16,not in regen,,,,
Entrust nShield,entrust-nshield,ACVP,A7285,Entrust Corporation,nShield 5 Algorithm Library - nCore,"ML-DSA, ML-KEM, SLH-DSA",,Active,2025-07-30,https://csrc.nist.gov/projects/cryptographic-algorithm-validation-program/details?product=20056,,,,,,
Entrust nShield,entrust-nshield,ACVP,A7990,Entrust Corporation,PQSDK,LMS,,deprecated,2026-01-30,https://csrc.nist.gov/projects/cryptographic-algorithm-validation-program/details?product=20796,2026-06-06,not in regen,,,,2026-07-09
Entrust nShield,entrust-nshield,FIPS 140-3,4338,Entrust,"nShield F3 10+ 500+ 6000+ & nShield F3 500+ 1500+ 6000+ for nShield Connect+, Connect CLX and HSMi",No PQC Mechanisms Detected,FIPS 140-3 L3,Active,2022-10-16,https://csrc.nist.gov/projects/cryptographic-module-validation-program/certificate/4338,,,,,,
Entrust nShield,entrust-nshield,FIPS 140-3,4336,Entrust,nShield F2 500+ & nShield F2 1500+ & nShield F2 6000+,No PQC Mechanisms Detected,FIPS 140-3 L2,Active,2022-10-16,https://csrc.nist.gov/projects/cryptographic-module-validation-program/certificate/4336,,,,,,
Entrust nShield,entrust-nshield,FIPS 140-3,4335,Entrust,nShield Solo XC F3 & nShield Solo XC F3 for nShield Connect XC and for nShield HSMi,No PQC Mechanisms Detected,FIPS 140-3 L3,Active,2022-10-16,https://csrc.nist.gov/projects/cryptographic-module-validation-program/certificate/4335,,,,,,
Entrust nShield,entrust-nshield,FIPS 140-3,4333,Entrust,nShield Solo XC F2,No PQC Mechanisms Detected,FIPS 140-3 L2,Active,2022-10-16,https://csrc.nist.gov/projects/cryptographic-module-validation-program/certificate/4333,,,,,,
Entrust nShield,,FIPS 140-3,4765,Entrust,nShield 5s Hardware Security Module,No PQC Mechanisms Detected,FIPS 140-3 L3,deprecated,2024-08-19,https://csrc.nist.gov/projects/cryptographic-module-validation-program/certificate/4765,2026-07-12,not in regen,,,,
Entrust nShield,entrust-nshield,FIPS 140-3,5329,Entrust Corporation,nShield 5s Hardware Security Module,No PQC Mechanisms Detected,FIPS 140-3 L3,Active,2026-06-15,https://csrc.nist.gov/projects/cryptographic-module-validation-program/certificate/5329,,,,,,
F5 ADSP PQC,f5-adsp-pqc,FIPS 140-3,5023,"F5, Inc.",OpenSSL Cryptographic Module,No PQC Mechanisms Detected,FIPS 140-3 L1,deprecated,2025-06-08,https://csrc.nist.gov/projects/cryptographic-module-validation-program/certificate/5023,2026-06-06,not in regen,,,,2026-07-09
F5 ADSP PQC,f5-adsp-pqc,FIPS 140-3,5045,"F5, Inc.",F5OS-A Cryptographic Module,No PQC Mechanisms Detected,FIPS 140-3 L2,deprecated,2025-07-23,https://csrc.nist.gov/projects/cryptographic-module-validation-program/certificate/5045,2026-06-06,not in regen,,,,2026-07-09
F5 ADSP PQC,f5-adsp-pqc,FIPS 140-3,5056,"F5, Inc.",Device Cryptographic Module,No PQC Mechanisms Detected,FIPS 140-3 L2,deprecated,2025-09-02,https://csrc.nist.gov/projects/cryptographic-module-validation-program/certificate/5056,2026-06-06,not in regen,,,,2026-07-09
F5 BIG-IP,f5-big-ip,FIPS 140-3,4716,"F5, Inc.",Cryptographic Module for BIG-IP ®,No PQC Mechanisms Detected,FIPS 140-3 L1,Active,2024-07-09,https://csrc.nist.gov/projects/cryptographic-module-validation-program/certificate/4716,,,,,,
F5 BIG-IP,f5-big-ip,FIPS 140-3,4895,"F5, Inc.",Cryptographic Module for BIG-IP,No PQC Mechanisms Detected,FIPS 140-3 L1,deprecated,2024-11-21,https://csrc.nist.gov/projects/cryptographic-module-validation-program/certificate/4895,2026-06-04,not in regen,,,,2026-07-09
F5 BIG-IP,f5-big-ip,FIPS 140-3,4945,"F5, Inc.",BIG-IP Tenant Cryptographic Module,No PQC Mechanisms Detected,FIPS 140-3 L2,deprecated,2025-01-17,https://csrc.nist.gov/projects/cryptographic-module-validation-program/certificate/4945,2026-05-16,not in regen,,,,2026-07-09
F5 BIG-IP,f5-big-ip,FIPS 140-3,5045,"F5, Inc.",F5OS-A Cryptographic Module,No PQC Mechanisms Detected,FIPS 140-3 L2,deprecated,2025-07-23,https://csrc.nist.gov/projects/cryptographic-module-validation-program/certificate/5045,2026-06-06,not in regen,,,,2026-07-09
F5 BIG-IP,f5-big-ip,FIPS 140-3,5056,"F5, Inc.",Device Cryptographic Module,No PQC Mechanisms Detected,FIPS 140-3 L2,deprecated,2025-09-02,https://csrc.nist.gov/projects/cryptographic-module-validation-program/certificate/5056,2026-06-06,not in regen,,,,2026-07-09
F5 BIG-IP,,FIPS 140-3,5269,"F5, Inc.",BIG-IP Tenant Cryptographic Module,No PQC Mechanisms Detected,FIPS 140-3 L2,deprecated,2026-05-15,https://csrc.nist.gov/projects/cryptographic-module-validation-program/certificate/5269,2026-07-12,not in regen,,,,
F5 BIG-IP,f5-big-ip,FIPS 140-3,5299,"F5, Inc.",Cryptographic Module for BIG-IP,No PQC Mechanisms Detected,FIPS 140-3 L1,deprecated,2026-06-03,https://csrc.nist.gov/projects/cryptographic-module-validation-program/certificate/5299,2026-09-01,not in regen,,,,
F5 BIG-IP,f5-big-ip,FIPS 140-3,5388,"F5, Inc.",BIG-IP Tenant Cryptographic Module,No PQC Mechanisms Detected,FIPS 140-3 L2,Active,2026-07-09,https://csrc.nist.gov/projects/cryptographic-module-validation-program/certificate/5388,,,,,,
F5 BIG-IP,f5-big-ip,FIPS 140-3,5487,"F5, Inc.",Cryptographic Module for BIG-IP,No PQC Mechanisms Detected,FIPS 140-3 L1,Active,2026-08-14,https://csrc.nist.gov/projects/cryptographic-module-validation-program/certificate/5487,,,,,,
FileVault (macOS),filevault-macos,ACVP,A7637,Apple Inc.,"Apple corecrypto Module [Apple silicon, Kernel, Software, SL1] (vng_hwassist)","ML-DSA, ML-KEM",,deprecated,2025-10-31,https://csrc.nist.gov/projects/cryptographic-algorithm-validation-program/details?product=20368,2026-06-06,not in regen,,,,2026-07-09
FileVault (macOS),filevault-macos,ACVP,A7649,Apple Inc.,"Apple corecrypto Module [Apple silicon, Secure Key Store, Hardware, SL2] (c_ltc)","ML-DSA, ML-KEM",,deprecated,2025-10-31,https://csrc.nist.gov/projects/cryptographic-algorithm-validation-program/details?product=20372,2026-06-06,not in regen,,,,2026-07-09
FileVault (macOS),filevault-macos,ACVP,A7645,Apple Inc.,"Apple corecrypto Module [Apple silicon, User, Software, SL1] (vng_hwassist)","ML-DSA, ML-KEM",,deprecated,2025-10-31,https://csrc.nist.gov/projects/cryptographic-algorithm-validation-program/details?product=20361,2026-06-06,not in regen,,,,2026-07-09
FileVault (macOS),filevault-macos,Common Criteria,anssi-cc-2024-42,APPLE,"Apple Pay on Mac Mini with M2 Pro and Magic Keyboard with Touch ID, reference Mac mini with M2 Pro and Magic keyboard with Touch ID versiion macOS Son",BIKE,EAL2+,deprecated,2025-01-10,https://messervices.cyber.gouv.fr/visas/ANSSI-CC-2024-42-rapport.pdf,2026-07-11,not in regen,,,,2026-07-09
FileVault (macOS),filevault-macos,Common Criteria,anssi-cc-2025-36,APPLE,Apple Pay on Mac mini with M4 and Magic keyboard with Touch ID référence Mac mini with M4 and Magic keyboard with Touch ID version macOS Sequoia 15.4,BIKE,EAL2+,deprecated,2025-10-23,https://messervices.cyber.gouv.fr/visas/ANSSI-CC-2025-36-rapport.pdf,2026-07-11,not in regen,,,,2026-07-09
FileVault (macOS),filevault-macos,FIPS 140-3,5101,Apple Inc.,"Apple corecrypto Module v14.1 [Apple silicon, Kernel, Software, SL1]",No PQC Mechanisms Detected,FIPS 140-3 L1,deprecated,2025-12-02,https://csrc.nist.gov/projects/cryptographic-module-validation-program/certificate/5101,2026-05-10,not in regen,no_pqc_cert_classical_only,url_authoritative,CMVP #5101: Classical cryptography only. PQC (ML-KEM/ML-DSA/SLH-DSA) not yet validated under this certificate. CMVP PQC module validation anticipated 2026-2027 per NIST CMVP roadmap.,2026-05-06
FileVault (macOS),filevault-macos,FIPS 140-3,5108,Apple Inc.,"Apple corecrypto Module v14.1 [Apple silicon, User, Software, SL1]",No PQC Mechanisms Detected,FIPS 140-3 L1,deprecated,2025-12-14,https://csrc.nist.gov/projects/cryptographic-module-validation-program/certificate/5108,2026-05-10,not in regen,no_pqc_cert_classical_only,url_authoritative,CMVP #5108: Classical cryptography only. PQC (ML-KEM/ML-DSA/SLH-DSA) not yet validated under this certificate. CMVP PQC module validation anticipated 2026-2027 per NIST CMVP roadmap.,2026-05-06
FileVault (macOS),filevault-macos,FIPS 140-3,5184,Apple Inc.,"Apple corecrypto Module 18.3 [Apple silicon, User, Software, SL1]",No PQC Mechanisms Detected,FIPS 140-3 L1,deprecated,2026-03-11,https://csrc.nist.gov/projects/cryptographic-module-validation-program/certificate/5184,2026-05-10,not in regen,no_pqc_cert_classical_only,url_authoritative,CMVP #5184: Classical cryptography only. PQC (ML-KEM/ML-DSA/SLH-DSA) not yet validated under this certificate. CMVP PQC module validation anticipated 2026-2027 per NIST CMVP roadmap.,2026-05-06
FileVault (macOS),filevault-macos,FIPS 140-3,5202,Apple Inc.,"Apple corecrypto Module v14.0 [Intel, Kernel, Software, SL1]",No PQC Mechanisms Detected,FIPS 140-3 L1,deprecated,2026-03-19,https://csrc.nist.gov/projects/cryptographic-module-validation-program/certificate/5202,2026-06-04,not in regen,,,,2026-07-09
FileVault (macOS),filevault-macos,FIPS 140-3,5201,Apple Inc.,"Apple corecrypto Module v14.0 [Intel, User, Software, SL1]",No PQC Mechanisms Detected,FIPS 140-3 L1,deprecated,2026-03-19,https://csrc.nist.gov/projects/cryptographic-module-validation-program/certificate/5201,2026-05-16,not in regen,,,,2026-07-09
FileVault (macOS),filevault-macos,FIPS 140-3,5218,Apple Inc.,"Apple corecrypto Module v18.3 [Intel, Kernel, Software, SL1]",No PQC Mechanisms Detected,FIPS 140-3 L1,deprecated,2026-03-30,https://csrc.nist.gov/projects/cryptographic-module-validation-program/certificate/5218,2026-06-04,not in regen,,,,2026-07-09
FileVault (macOS),filevault-macos,FIPS 140-3,5217,Apple Inc.,"Apple corecrypto Module v18.3 [Intel, User, Software, SL1]",No PQC Mechanisms Detected,FIPS 140-3 L1,deprecated,2026-03-30,https://csrc.nist.gov/projects/cryptographic-module-validation-program/certificate/5217,2026-06-04,not in regen,,,,2026-07-09
FileVault (macOS),filevault-macos,FIPS 140-3,5216,Apple Inc.,"Apple corecrypto Module v14.0 [Apple silicon, User, Software, SL1]",No PQC Mechanisms Detected,FIPS 140-3 L1,deprecated,2026-03-30,https://csrc.nist.gov/projects/cryptographic-module-validation-program/certificate/5216,2026-06-04,not in regen,,,,2026-07-09
FileVault (macOS),filevault-macos,FIPS 140-3,5263,Apple Inc.,"Apple corecrypto Module v14.0 [Apple silicon, Kernel, Software, SL1]",No PQC Mechanisms Detected,FIPS 140-3 L1,deprecated,2026-05-12,https://csrc.nist.gov/projects/cryptographic-module-validation-program/certificate/5263,2026-06-04,not in regen,,,,2026-07-09
FileVault (macOS),filevault-macos,FIPS 140-3,5289,Apple Inc.,"Apple corecrypto Module v13.0 [Apple silicon, Secure Key Store, Hardware SL2/PHY3]",No PQC Mechanisms Detected,FIPS 140-3 L2,deprecated,2026-05-22,https://csrc.nist.gov/projects/cryptographic-module-validation-program/certificate/5289,2026-06-06,not in regen,,,,2026-07-09
FileVault (macOS),filevault-macos,FIPS 140-3,5307,Apple Inc.,"Apple corecrypto Module v13.0 [Apple silicon, Secure Key Store, Hardware SL2]",No PQC Mechanisms Detected,FIPS 140-3 L2,deprecated,2026-06-03,https://csrc.nist.gov/projects/cryptographic-module-validation-program/certificate/5307,2026-06-06,not in regen,,,,2026-07-09
FileVault (macOS),filevault-macos,FIPS 140-3,5306,Apple Inc.,"Apple corecrypto Module 18.3 [Apple silicon, Secure Key Store, Hardware, SL2/PHY3]",No PQC Mechanisms Detected,FIPS 140-3 L2,deprecated,2026-06-03,https://csrc.nist.gov/projects/cryptographic-module-validation-program/certificate/5306,2026-06-06,not in regen,,,,2026-07-09
FileVault (macOS),filevault-macos,FIPS 140-3,5304,Apple Inc.,"Apple corecrypto Module v14.0 [Apple silicon, Secure Key Store, Hardware, SL2/PHY3]",No PQC Mechanisms Detected,FIPS 140-3 L2,deprecated,2026-06-03,https://csrc.nist.gov/projects/cryptographic-module-validation-program/certificate/5304,2026-06-06,not in regen,,,,2026-07-09
FileVault (macOS),filevault-macos,FIPS 140-3,5303,Apple Inc.,"Apple corecrypto Module v14.0 [Apple silicon, Secure Key Store, Hardware, SL2]",No PQC Mechanisms Detected,FIPS 140-3 L2,deprecated,2026-06-03,https://csrc.nist.gov/projects/cryptographic-module-validation-program/certificate/5303,2026-06-06,not in regen,,,,2026-07-09
Forcepoint DLP,forcepoint-dlp,FIPS 140-3,4835,Forcepoint,Forcepoint NGFW Cryptographic Kernel Module,No PQC Mechanisms Detected,FIPS 140-3 L1,deprecated,2024-10-11,https://csrc.nist.gov/projects/cryptographic-module-validation-program/certificate/4835,2026-06-06,not in regen,,,,2026-07-09
Fortanix Data Security Manager,fortanix-data-security-manager,ACVP,A5344,"Fortanix, Inc.",Fortanix Crypto Algorithm Library,LMS,None,deprecated,2024-05-22,https://csrc.nist.gov/projects/cryptographic-algorithm-validation-program/details?product=17995,2026-06-04,not in regen,,,,2026-07-09
Fortanix Data Security Manager,fortanix-data-security-manager,FIPS 140-3,4139,"Fortanix, Inc.",Fortanix SDKMS Appliance,No PQC Mechanisms Detected,FIPS 140-3 L3,deprecated,2022-01-19,https://csrc.nist.gov/projects/cryptographic-module-validation-program/certificate/4139,2026-06-06,not in regen,,,,2026-07-09
Fortanix PQC Central,fortanix-pqc-central,FIPS 140-3,4139,"Fortanix, Inc.",Fortanix SDKMS Appliance,No PQC Mechanisms Detected,FIPS 140-3 L3,deprecated,2022-01-19,https://csrc.nist.gov/projects/cryptographic-module-validation-program/certificate/4139,2026-06-06,not in regen,,,,2026-07-09
FortiPQC Software Library,fortipqc-software-library,ACVP,A8034,"FortifyIQ, Inc.",FortiPQC software library,"ML-DSA, ML-KEM",,Active,2026-02-23,https://csrc.nist.gov/projects/cryptographic-algorithm-validation-program/details?product=20849,,,,,,
FortiPQC software library,,ACVP,A8034,"FortifyIQ, Inc.",FortiPQC software library,"ML-DSA, ML-KEM",,deprecated,2026-02-23,https://csrc.nist.gov/projects/cryptographic-algorithm-validation-program/details?product=20849,2026-07-16,not in regen,,,,
Fortinet FortiAuthenticator,fortinet-fortiauthenticator,FIPS 140-3,4362,"Fortinet, Inc.",FortiManager 6.2,No PQC Mechanisms Detected,FIPS 140-3 L1,deprecated,2022-11-09,https://csrc.nist.gov/projects/cryptographic-module-validation-program/certificate/4362,2026-06-06,not in regen,,,,2026-07-09
Fortinet FortiAuthenticator,fortinet-fortiauthenticator,FIPS 140-3,4443,"Fortinet, Inc.",FortiOS 6.4/7.0,No PQC Mechanisms Detected,FIPS 140-3 L1,deprecated,2023-02-23,https://csrc.nist.gov/projects/cryptographic-module-validation-program/certificate/4443,2026-06-06,not in regen,,,,2026-07-09
Fortinet FortiAuthenticator,fortinet-fortiauthenticator,FIPS 140-3,4931,Fortinet Technologies Inc.,FortiClient Crypto Library,No PQC Mechanisms Detected,FIPS 140-3 L1,deprecated,2024-12-20,https://csrc.nist.gov/projects/cryptographic-module-validation-program/certificate/4931,2026-06-06,not in regen,,,,2026-07-09
Fortinet FortiGate (FortiOS),fortinet-fortigate-fortios,FIPS 140-3,4415,"Fortinet, Inc.",FortiGate-VM 6.4 and 7.0,No PQC Mechanisms Detected,FIPS 140-3 L1,deprecated,2023-01-16,https://csrc.nist.gov/projects/cryptographic-module-validation-program/certificate/4415,2026-09-01,not in regen,,,,
Fortinet FortiGate (FortiOS),fortinet-fortigate-fortios,FIPS 140-3,4497,"Fortinet, Inc.",FortiGate Next-Generation Firewalls with FortiOS 6.4/7.0,No PQC Mechanisms Detected,FIPS 140-3 L2,Active,2023-05-02,https://csrc.nist.gov/projects/cryptographic-module-validation-program/certificate/4497,,,,,,
Fortinet FortiGate (FortiOS),fortinet-fortigate-fortios,FIPS 140-3,4607,"Fortinet, Inc.",FortiGate-VM,No PQC Mechanisms Detected,FIPS 140-3 L1,Active,2023-09-26,https://csrc.nist.gov/projects/cryptographic-module-validation-program/certificate/4607,,,,,,
Fortinet FortiGate (FortiOS),fortinet-fortigate-fortios,FIPS 140-3,4608,"Fortinet, Inc.",FortiGate-6300F/6301F/6500F/6501F,No PQC Mechanisms Detected,FIPS 140-2 L2,deprecated,2023-09-26,https://csrc.nist.gov/projects/cryptographic-module-validation-program/certificate/4608,2026-06-04,not in regen,,,,2026-07-09
Fortinet FortiGate (FortiOS),fortinet-fortigate-fortios,FIPS 140-3,4613,"Fortinet, Inc.",FortiGate-5001E1 Blade with FortiGate-5144C Chassis,No PQC Mechanisms Detected,FIPS 140-3 L2,Active,2023-09-27,https://csrc.nist.gov/projects/cryptographic-module-validation-program/certificate/4613,,,,,,
Fortinet FortiGate (FortiOS),fortinet-fortigate-fortios,FIPS 140-3,4612,"Fortinet, Inc.",FortiGate-600D/1200D/1500D/3000D/3700D and FortiGate-5001D with FortiGate-5144C Chassis,No PQC Mechanisms Detected,FIPS 140-3 L2,Active,2023-09-27,https://csrc.nist.gov/projects/cryptographic-module-validation-program/certificate/4612,,,,,,
Fortinet FortiGate (FortiOS),fortinet-fortigate-fortios,FIPS 140-3,4611,"Fortinet, Inc.",FortiGate-61E/61F/81E/101E/101F and FortiWiFi-61E,No PQC Mechanisms Detected,FIPS 140-2 L2,deprecated,2023-09-27,https://csrc.nist.gov/projects/cryptographic-module-validation-program/certificate/4611,2026-05-16,not in regen,,,,2026-07-09
Fortinet FortiGate (FortiOS),fortinet-fortigate-fortios,FIPS 140-3,4610,"Fortinet, Inc.",FortiGate-3401E/3601E/3960E/3980E,No PQC Mechanisms Detected,FIPS 140-2 L2,deprecated,2023-09-27,https://csrc.nist.gov/projects/cryptographic-module-validation-program/certificate/4610,2026-05-16,not in regen,,,,2026-07-09
Fortinet FortiGate (FortiOS),fortinet-fortigate-fortios,FIPS 140-3,4609,"Fortinet, Inc.",FortiGate-201E/301E/401E/501E/601E,No PQC Mechanisms Detected,FIPS 140-2 L2,deprecated,2023-09-27,https://csrc.nist.gov/projects/cryptographic-module-validation-program/certificate/4609,2026-05-16,not in regen,,,,2026-07-09
Fortinet FortiGate (FortiOS),fortinet-fortigate-fortios,FIPS 140-3,5481,"Fortinet, Inc.",FortiGate 7.2 and 7.4,No PQC Mechanisms Detected,FIPS 140-3 L2,Active,2026-08-12,https://csrc.nist.gov/projects/cryptographic-module-validation-program/certificate/5481,,,,,,
Fortinet FortiGate-Rugged,fortinet-fortigate-rugged,FIPS 140-3,4362,"Fortinet, Inc.",FortiManager 6.2,No PQC Mechanisms Detected,FIPS 140-3 L1,deprecated,2022-11-09,https://csrc.nist.gov/projects/cryptographic-module-validation-program/certificate/4362,2026-06-06,not in regen,,,,2026-07-09
Fortinet FortiGate-Rugged,fortinet-fortigate-rugged,FIPS 140-3,4443,"Fortinet, Inc.",FortiOS 6.4/7.0,No PQC Mechanisms Detected,FIPS 140-3 L1,deprecated,2023-02-23,https://csrc.nist.gov/projects/cryptographic-module-validation-program/certificate/4443,2026-06-06,not in regen,,,,2026-07-09
Fortinet FortiGate-Rugged,fortinet-fortigate-rugged,FIPS 140-3,4931,Fortinet Technologies Inc.,FortiClient Crypto Library,No PQC Mechanisms Detected,FIPS 140-3 L1,deprecated,2024-12-20,https://csrc.nist.gov/projects/cryptographic-module-validation-program/certificate/4931,2026-06-06,not in regen,,,,2026-07-09
Fortinet FortiManager,fortinet-fortimanager,FIPS 140-3,4415,"Fortinet, Inc.",FortiGate-VM 6.4 and 7.0,No PQC Mechanisms Detected,FIPS 140-3 L1,deprecated,2023-01-16,https://csrc.nist.gov/projects/cryptographic-module-validation-program/certificate/4415,2026-06-06,not in regen,,,,2026-07-09
Fortinet FortiManager,fortinet-fortimanager,FIPS 140-3,4497,"Fortinet, Inc.",FortiGate Next-Generation Firewalls with FortiOS 6.4/7.0,No PQC Mechanisms Detected,FIPS 140-3 L2,deprecated,2023-05-02,https://csrc.nist.gov/projects/cryptographic-module-validation-program/certificate/4497,2026-06-06,not in regen,,,,2026-07-09
Fortinet FortiManager,fortinet-fortimanager,FIPS 140-3,4607,"Fortinet, Inc.",FortiGate-VM,No PQC Mechanisms Detected,FIPS 140-3 L1,deprecated,2023-09-26,https://csrc.nist.gov/projects/cryptographic-module-validation-program/certificate/4607,2026-06-06,not in regen,,,,2026-07-09
Fortinet FortiManager,fortinet-fortimanager,FIPS 140-3,4608,"Fortinet, Inc.",FortiGate-6300F/6301F/6500F/6501F,No PQC Mechanisms Detected,FIPS 140-2 L2,deprecated,2023-09-26,https://csrc.nist.gov/projects/cryptographic-module-validation-program/certificate/4608,2026-06-04,not in regen,,,,2026-07-09
Fortinet FortiManager,fortinet-fortimanager,FIPS 140-3,4613,"Fortinet, Inc.",FortiGate-5001E1 Blade with FortiGate-5144C Chassis,No PQC Mechanisms Detected,FIPS 140-3 L2,deprecated,2023-09-27,https://csrc.nist.gov/projects/cryptographic-module-validation-program/certificate/4613,2026-06-06,not in regen,,,,2026-07-09
Fortinet FortiManager,fortinet-fortimanager,FIPS 140-3,4612,"Fortinet, Inc.",FortiGate-600D/1200D/1500D/3000D/3700D and FortiGate-5001D with FortiGate-5144C Chassis,No PQC Mechanisms Detected,FIPS 140-3 L2,deprecated,2023-09-27,https://csrc.nist.gov/projects/cryptographic-module-validation-program/certificate/4612,2026-06-06,not in regen,,,,2026-07-09
Fortinet FortiManager,fortinet-fortimanager,FIPS 140-3,4611,"Fortinet, Inc.",FortiGate-61E/61F/81E/101E/101F and FortiWiFi-61E,No PQC Mechanisms Detected,FIPS 140-2 L2,deprecated,2023-09-27,https://csrc.nist.gov/projects/cryptographic-module-validation-program/certificate/4611,2026-05-16,not in regen,,,,2026-07-09
Fortinet FortiManager,fortinet-fortimanager,FIPS 140-3,4610,"Fortinet, Inc.",FortiGate-3401E/3601E/3960E/3980E,No PQC Mechanisms Detected,FIPS 140-2 L2,deprecated,2023-09-27,https://csrc.nist.gov/projects/cryptographic-module-validation-program/certificate/4610,2026-05-16,not in regen,,,,2026-07-09
Fortinet FortiManager,fortinet-fortimanager,FIPS 140-3,4609,"Fortinet, Inc.",FortiGate-201E/301E/401E/501E/601E,No PQC Mechanisms Detected,FIPS 140-2 L2,deprecated,2023-09-27,https://csrc.nist.gov/projects/cryptographic-module-validation-program/certificate/4609,2026-05-16,not in regen,,,,2026-07-09
Fortinet FortiOS,fortinet-fortios,FIPS 140-3,3897,"Fortinet, Inc.",FortiWLM-100D and FortiWLM-1000D,No PQC Mechanisms Detected,FIPS 140-2 L2,deprecated,2021-04-16,https://csrc.nist.gov/projects/cryptographic-module-validation-program/certificate/3897,2026-05-10,not in regen,no_pqc_cert_classical_only,url_authoritative,CMVP #3897: Classical cryptography only. PQC (ML-KEM/ML-DSA/SLH-DSA) not yet validated under this certificate. CMVP PQC module validation anticipated 2026-2027 per NIST CMVP roadmap.,2026-05-06
Fortinet FortiOS,fortinet-fortios,FIPS 140-3,4362,"Fortinet, Inc.",FortiManager 6.2,No PQC Mechanisms Detected,FIPS 140-3 L1,deprecated,2022-11-09,https://csrc.nist.gov/projects/cryptographic-module-validation-program/certificate/4362,2026-06-06,not in regen,,,,2026-07-09
Fortinet FortiOS,fortinet-fortios,FIPS 140-3,4361,"Fortinet, Inc.",FortiAnalyzer 6.2,No PQC Mechanisms Detected,FIPS 140-3 L1,deprecated,2022-11-09,https://csrc.nist.gov/projects/cryptographic-module-validation-program/certificate/4361,2026-06-04,not in regen,,,,2026-07-09
Fortinet FortiOS,fortinet-fortios,FIPS 140-3,4443,"Fortinet, Inc.",FortiOS 6.4/7.0,No PQC Mechanisms Detected,FIPS 140-3 L1,deprecated,2023-02-23,https://csrc.nist.gov/projects/cryptographic-module-validation-program/certificate/4443,2026-09-01,not in regen,,,,
Fortinet FortiOS,fortinet-fortios,FIPS 140-3,4931,Fortinet Technologies Inc.,FortiClient Crypto Library,No PQC Mechanisms Detected,FIPS 140-3 L1,deprecated,2024-12-20,https://csrc.nist.gov/projects/cryptographic-module-validation-program/certificate/4931,2026-06-06,not in regen,,,,2026-07-09
Fortinet FortiOS,fortinet-fortios,FIPS 140-3,5268,"Fortinet, Inc.",FortiAP Access Points with FortiAP 7.4,No PQC Mechanisms Detected,FIPS 140-3 L2,deprecated,2026-05-15,https://csrc.nist.gov/projects/cryptographic-module-validation-program/certificate/5268,2026-06-06,not in regen,,,,2026-07-09
Fortinet FortiOS,fortinet-fortios,FIPS 140-3,5308,Fortinet Technologies Inc,FortiSwitch Crypto Library,No PQC Mechanisms Detected,FIPS 140-3 L1,deprecated,2026-06-03,https://csrc.nist.gov/projects/cryptographic-module-validation-program/certificate/5308,2026-06-06,not in regen,,,,2026-07-09
Fortinet FortiWeb,fortinet-fortiweb,FIPS 140-3,4415,"Fortinet, Inc.",FortiGate-VM 6.4 and 7.0,No PQC Mechanisms Detected,FIPS 140-3 L1,deprecated,2023-01-16,https://csrc.nist.gov/projects/cryptographic-module-validation-program/certificate/4415,2026-06-06,not in regen,,,,2026-07-09
Fortinet FortiWeb,fortinet-fortiweb,FIPS 140-3,4497,"Fortinet, Inc.",FortiGate Next-Generation Firewalls with FortiOS 6.4/7.0,No PQC Mechanisms Detected,FIPS 140-3 L2,deprecated,2023-05-02,https://csrc.nist.gov/projects/cryptographic-module-validation-program/certificate/4497,2026-06-06,not in regen,,,,2026-07-09
Fortinet FortiWeb,fortinet-fortiweb,FIPS 140-3,4607,"Fortinet, Inc.",FortiGate-VM,No PQC Mechanisms Detected,FIPS 140-3 L1,deprecated,2023-09-26,https://csrc.nist.gov/projects/cryptographic-module-validation-program/certificate/4607,2026-06-06,not in regen,,,,2026-07-09
Fortinet FortiWeb,fortinet-fortiweb,FIPS 140-3,4608,"Fortinet, Inc.",FortiGate-6300F/6301F/6500F/6501F,No PQC Mechanisms Detected,FIPS 140-2 L2,deprecated,2023-09-26,https://csrc.nist.gov/projects/cryptographic-module-validation-program/certificate/4608,2026-06-04,not in regen,,,,2026-07-09
Fortinet FortiWeb,fortinet-fortiweb,FIPS 140-3,4613,"Fortinet, Inc.",FortiGate-5001E1 Blade with FortiGate-5144C Chassis,No PQC Mechanisms Detected,FIPS 140-3 L2,deprecated,2023-09-27,https://csrc.nist.gov/projects/cryptographic-module-validation-program/certificate/4613,2026-06-06,not in regen,,,,2026-07-09
Fortinet FortiWeb,fortinet-fortiweb,FIPS 140-3,4612,"Fortinet, Inc.",FortiGate-600D/1200D/1500D/3000D/3700D and FortiGate-5001D with FortiGate-5144C Chassis,No PQC Mechanisms Detected,FIPS 140-3 L2,deprecated,2023-09-27,https://csrc.nist.gov/projects/cryptographic-module-validation-program/certificate/4612,2026-06-06,not in regen,,,,2026-07-09
Fortinet FortiWeb,fortinet-fortiweb,FIPS 140-3,4611,"Fortinet, Inc.",FortiGate-61E/61F/81E/101E/101F and FortiWiFi-61E,No PQC Mechanisms Detected,FIPS 140-2 L2,deprecated,2023-09-27,https://csrc.nist.gov/projects/cryptographic-module-validation-program/certificate/4611,2026-05-16,not in regen,,,,2026-07-09
Fortinet FortiWeb,fortinet-fortiweb,FIPS 140-3,4610,"Fortinet, Inc.",FortiGate-3401E/3601E/3960E/3980E,No PQC Mechanisms Detected,FIPS 140-2 L2,deprecated,2023-09-27,https://csrc.nist.gov/projects/cryptographic-module-validation-program/certificate/4610,2026-05-16,not in regen,,,,2026-07-09
Fortinet FortiWeb,fortinet-fortiweb,FIPS 140-3,4609,"Fortinet, Inc.",FortiGate-201E/301E/401E/501E/601E,No PQC Mechanisms Detected,FIPS 140-2 L2,deprecated,2023-09-27,https://csrc.nist.gov/projects/cryptographic-module-validation-program/certificate/4609,2026-05-16,not in regen,,,,2026-07-09
Fujitsu PQC Networks,fujitsu-pqc-networks,FIPS 140-3,5180,Fujitsu Limited,Fujitsu Enterprise Postgres Cryptographic Module,No PQC Mechanisms Detected,FIPS 140-3 L1,deprecated,2026-03-10,https://csrc.nist.gov/projects/cryptographic-module-validation-program/certificate/5180,2026-06-06,not in regen,,,,2026-07-09
Futurex Cloud,futurex-cloud,ACVP,A7998,Futurex LP,GSP4000 Hardware Security Module,"ML-DSA, ML-KEM",,deprecated,2026-02-04,https://csrc.nist.gov/projects/cryptographic-algorithm-validation-program/details?product=20805,2026-07-13,not in regen,pqc_cert_present,url_authoritative,Re-activated 2026-07-12 (product-cert review): was deprecated 'not in regen'. Same GSP4000 HSM backend as Futurex CryptoHub -- re-verified real ML-DSA/ML-KEM coverage before re-activating.,2026-07-12
Futurex CryptoHub,futurex-cryptohub,ACVP,A7998,Futurex LP,GSP4000 Hardware Security Module,"ML-DSA, ML-KEM",,deprecated,2026-02-04,https://csrc.nist.gov/projects/cryptographic-algorithm-validation-program/details?product=20805,2026-07-13,not in regen,pqc_cert_present,url_authoritative,Re-activated 2026-07-12 (product-cert review): was deprecated 'not in regen'. GSP4000 is Futurex's flagship HSM underlying their CryptoHub platform -- re-verified real ML-DSA/ML-KEM coverage before re-activating.,2026-07-12
Futurex CryptoHub,futurex-cryptohub,FIPS 140-3,4086,Futurex,EXP1000 Hardware Security Module,No PQC Mechanisms Detected,FIPS 140-3 L3,deprecated,2021-11-30,https://csrc.nist.gov/projects/cryptographic-module-validation-program/certificate/4086,2026-06-06,not in regen,,,,2026-07-09
Futurex CryptoHub,futurex-cryptohub,FIPS 140-3,4085,Futurex,GSP3000 Hardware Security Module,No PQC Mechanisms Detected,FIPS 140-3 L3,deprecated,2021-11-30,https://csrc.nist.gov/projects/cryptographic-module-validation-program/certificate/4085,2026-06-06,not in regen,,,,2026-07-09
Futurex GSP4000 Hardware Security Module,futurex-gsp4000-hardware-security-module,ACVP,A7998,Futurex LP,GSP4000 Hardware Security Module,"ML-DSA, ML-KEM",,Active,2026-02-04,https://csrc.nist.gov/projects/cryptographic-algorithm-validation-program/details?product=20805,,,,,,
Futurex Vectera Plus,futurex-vectera-plus,ACVP,A7998,Futurex LP,GSP4000 Hardware Security Module,"ML-DSA, ML-KEM",,deprecated,2026-02-04,https://csrc.nist.gov/projects/cryptographic-algorithm-validation-program/details?product=20805,2026-06-06,not in regen,,,,2026-07-09
Futurex Vectera Plus,futurex-vectera-plus,FIPS 140-3,4086,Futurex,EXP1000 Hardware Security Module,No PQC Mechanisms Detected,FIPS 140-3 L3,deprecated,2021-11-30,https://csrc.nist.gov/projects/cryptographic-module-validation-program/certificate/4086,2026-06-06,not in regen,,,,2026-07-09
Futurex Vectera Plus,futurex-vectera-plus,FIPS 140-3,4085,Futurex,GSP3000 Hardware Security Module,No PQC Mechanisms Detected,FIPS 140-3 L3,deprecated,2021-11-30,https://csrc.nist.gov/projects/cryptographic-module-validation-program/certificate/4085,2026-06-06,not in regen,,,,2026-07-09
Gmail / Google Workspace,gmail-google-workspace,ACVP,A7700,"Google, Inc.",BoringCrypto,"ML-DSA, ML-KEM, SLH-DSA",,deprecated,2025-11-21,https://csrc.nist.gov/projects/cryptographic-algorithm-validation-program/details?product=20486,2026-06-06,not in regen,,,,2026-07-09
Gmail / Google Workspace,gmail-google-workspace,ACVP,A8355,"Google, LLC",Trusty TEE,"ML-DSA, ML-KEM, SLH-DSA",,deprecated,2026-05-19,https://csrc.nist.gov/projects/cryptographic-algorithm-validation-program/details?product=21185,2026-06-06,not in regen,,,,2026-07-09
Gmail / Google Workspace,gmail-google-workspace,FIPS 140-3,5087,"Google, LLC.",OpenSK Cryptographic Module,No PQC Mechanisms Detected,FIPS 140-3 L1,deprecated,2025-10-23,https://csrc.nist.gov/projects/cryptographic-module-validation-program/certificate/5087,2026-06-06,not in regen,,,,2026-07-09
Gmail / Google Workspace,gmail-google-workspace,FIPS 140-3,5104,"Google, LLC",BoringCrypto,No PQC Mechanisms Detected,FIPS 140-3 L1,deprecated,2025-12-09,https://csrc.nist.gov/projects/cryptographic-module-validation-program/certificate/5104,2026-05-10,not in regen,no_pqc_cert_classical_only,url_authoritative,CMVP #5104: Classical cryptography only. PQC (ML-KEM/ML-DSA/SLH-DSA) not yet validated under this certificate. CMVP PQC module validation anticipated 2026-2027 per NIST CMVP roadmap.,2026-05-06
Gmail / Google Workspace,gmail-google-workspace,FIPS 140-3,5165,"Google, LLC.",River Redux Cryptographic Module,No PQC Mechanisms Detected,FIPS 140-3 L1,deprecated,2026-03-18,https://csrc.nist.gov/projects/cryptographic-module-validation-program/certificate/5165,2026-06-06,not in regen,,,,2026-07-09
Gmail / Google Workspace,gmail-google-workspace,FIPS 140-3,5244,"Google, LLC",BoringCrypto,No PQC Mechanisms Detected,FIPS 140-3 L1,deprecated,2026-04-18,https://csrc.nist.gov/projects/cryptographic-module-validation-program/certificate/5244,2026-06-04,not in regen,,,,2026-07-09
Gmail / Google Workspace,gmail-google-workspace,FIPS 140-3,5296,"Google, LLC",BoringCrypto,No PQC Mechanisms Detected,FIPS 140-3 L1,deprecated,2026-06-02,https://csrc.nist.gov/projects/cryptographic-module-validation-program/certificate/5296,2026-06-06,not in regen,,,,2026-07-09
Go stdlib crypto/mlkem,go-stdlib-crypto-mlkem,ACVP,A7700,"Google, Inc.",BoringCrypto,"ML-DSA, ML-KEM, SLH-DSA",,deprecated,2025-11-21,https://csrc.nist.gov/projects/cryptographic-algorithm-validation-program/details?product=20486,2026-06-06,not in regen,,,,2026-07-09
Go stdlib crypto/mlkem,go-stdlib-crypto-mlkem,ACVP,A8355,"Google, LLC",Trusty TEE,"ML-DSA, ML-KEM, SLH-DSA",,deprecated,2026-05-19,https://csrc.nist.gov/projects/cryptographic-algorithm-validation-program/details?product=21185,2026-06-06,not in regen,,,,2026-07-09
Go stdlib crypto/mlkem,go-stdlib-crypto-mlkem,FIPS 140-3,5087,"Google, LLC.",OpenSK Cryptographic Module,No PQC Mechanisms Detected,FIPS 140-3 L1,deprecated,2025-10-23,https://csrc.nist.gov/projects/cryptographic-module-validation-program/certificate/5087,2026-06-06,not in regen,,,,2026-07-09
Go stdlib crypto/mlkem,go-stdlib-crypto-mlkem,FIPS 140-3,5104,"Google, LLC",BoringCrypto,No PQC Mechanisms Detected,FIPS 140-3 L1,deprecated,2025-12-09,https://csrc.nist.gov/projects/cryptographic-module-validation-program/certificate/5104,2026-05-10,not in regen,no_pqc_cert_classical_only,url_authoritative,CMVP #5104: Classical cryptography only. PQC (ML-KEM/ML-DSA/SLH-DSA) not yet validated under this certificate. CMVP PQC module validation anticipated 2026-2027 per NIST CMVP roadmap.,2026-05-06
Go stdlib crypto/mlkem,go-stdlib-crypto-mlkem,FIPS 140-3,5165,"Google, LLC.",River Redux Cryptographic Module,No PQC Mechanisms Detected,FIPS 140-3 L1,deprecated,2026-03-18,https://csrc.nist.gov/projects/cryptographic-module-validation-program/certificate/5165,2026-06-06,not in regen,,,,2026-07-09
Go stdlib crypto/mlkem,go-stdlib-crypto-mlkem,FIPS 140-3,5244,"Google, LLC",BoringCrypto,No PQC Mechanisms Detected,FIPS 140-3 L1,deprecated,2026-04-18,https://csrc.nist.gov/projects/cryptographic-module-validation-program/certificate/5244,2026-06-04,not in regen,,,,2026-07-09
Go stdlib crypto/mlkem,go-stdlib-crypto-mlkem,FIPS 140-3,5296,"Google, LLC",BoringCrypto,No PQC Mechanisms Detected,FIPS 140-3 L1,deprecated,2026-06-02,https://csrc.nist.gov/projects/cryptographic-module-validation-program/certificate/5296,2026-06-06,not in regen,,,,2026-07-09
Google ALTS,google-alts,ACVP,A7700,"Google, Inc.",BoringCrypto,"ML-DSA, ML-KEM, SLH-DSA",,deprecated,2025-11-21,https://csrc.nist.gov/projects/cryptographic-algorithm-validation-program/details?product=20486,2026-06-06,not in regen,,,,2026-07-09
Google ALTS,google-alts,ACVP,A8355,"Google, LLC",Trusty TEE,"ML-DSA, ML-KEM, SLH-DSA",,deprecated,2026-05-19,https://csrc.nist.gov/projects/cryptographic-algorithm-validation-program/details?product=21185,2026-06-06,not in regen,,,,2026-07-09
Google ALTS,google-alts,FIPS 140-3,5087,"Google, LLC.",OpenSK Cryptographic Module,No PQC Mechanisms Detected,FIPS 140-3 L1,deprecated,2025-10-23,https://csrc.nist.gov/projects/cryptographic-module-validation-program/certificate/5087,2026-06-06,not in regen,,,,2026-07-09
Google ALTS,google-alts,FIPS 140-3,5104,"Google, LLC",BoringCrypto,No PQC Mechanisms Detected,FIPS 140-3 L1,deprecated,2025-12-09,https://csrc.nist.gov/projects/cryptographic-module-validation-program/certificate/5104,2026-05-10,not in regen,no_pqc_cert_classical_only,url_authoritative,CMVP #5104: Classical cryptography only. PQC (ML-KEM/ML-DSA/SLH-DSA) not yet validated under this certificate. CMVP PQC module validation anticipated 2026-2027 per NIST CMVP roadmap.,2026-05-06
Google ALTS,google-alts,FIPS 140-3,5165,"Google, LLC.",River Redux Cryptographic Module,No PQC Mechanisms Detected,FIPS 140-3 L1,deprecated,2026-03-18,https://csrc.nist.gov/projects/cryptographic-module-validation-program/certificate/5165,2026-06-06,not in regen,,,,2026-07-09
Google ALTS,google-alts,FIPS 140-3,5244,"Google, LLC",BoringCrypto,No PQC Mechanisms Detected,FIPS 140-3 L1,deprecated,2026-04-18,https://csrc.nist.gov/projects/cryptographic-module-validation-program/certificate/5244,2026-06-04,not in regen,,,,2026-07-09
Google ALTS,google-alts,FIPS 140-3,5296,"Google, LLC",BoringCrypto,No PQC Mechanisms Detected,FIPS 140-3 L1,deprecated,2026-06-02,https://csrc.nist.gov/projects/cryptographic-module-validation-program/certificate/5296,2026-06-06,not in regen,,,,2026-07-09
Google Chrome,google-chrome,ACVP,A7700,"Google, Inc.",BoringCrypto,"ML-DSA, ML-KEM, SLH-DSA",,deprecated,2025-11-21,https://csrc.nist.gov/projects/cryptographic-algorithm-validation-program/details?product=20486,2026-06-06,not in regen,,,,2026-07-09
Google Chrome,google-chrome,ACVP,A8355,"Google, LLC",Trusty TEE,"ML-DSA, ML-KEM, SLH-DSA",,deprecated,2026-05-19,https://csrc.nist.gov/projects/cryptographic-algorithm-validation-program/details?product=21185,2026-06-06,not in regen,,,,2026-07-09
Google Chrome,google-chrome,FIPS 140-3,5087,"Google, LLC.",OpenSK Cryptographic Module,No PQC Mechanisms Detected,FIPS 140-3 L1,deprecated,2025-10-23,https://csrc.nist.gov/projects/cryptographic-module-validation-program/certificate/5087,2026-06-06,not in regen,,,,2026-07-09
Google Chrome,google-chrome,FIPS 140-3,5104,"Google, LLC",BoringCrypto,No PQC Mechanisms Detected,FIPS 140-3 L1,deprecated,2025-12-09,https://csrc.nist.gov/projects/cryptographic-module-validation-program/certificate/5104,2026-05-10,not in regen,no_pqc_cert_classical_only,url_authoritative,CMVP #5104: Classical cryptography only. PQC (ML-KEM/ML-DSA/SLH-DSA) not yet validated under this certificate. CMVP PQC module validation anticipated 2026-2027 per NIST CMVP roadmap.,2026-05-06
Google Chrome,google-chrome,FIPS 140-3,5165,"Google, LLC.",River Redux Cryptographic Module,No PQC Mechanisms Detected,FIPS 140-3 L1,deprecated,2026-03-18,https://csrc.nist.gov/projects/cryptographic-module-validation-program/certificate/5165,2026-06-06,not in regen,,,,2026-07-09
Google Chrome,google-chrome,FIPS 140-3,5244,"Google, LLC",BoringCrypto,No PQC Mechanisms Detected,FIPS 140-3 L1,deprecated,2026-04-18,https://csrc.nist.gov/projects/cryptographic-module-validation-program/certificate/5244,2026-06-04,not in regen,,,,2026-07-09
Google Chrome,google-chrome,FIPS 140-3,5296,"Google, LLC",BoringCrypto,No PQC Mechanisms Detected,FIPS 140-3 L1,deprecated,2026-06-02,https://csrc.nist.gov/projects/cryptographic-module-validation-program/certificate/5296,2026-06-06,not in regen,,,,2026-07-09
Google Cloud CDN,google-cloud-cdn,FIPS 140-3,5087,"Google, LLC.",OpenSK Cryptographic Module,No PQC Mechanisms Detected,FIPS 140-3 L1,deprecated,2025-10-23,https://csrc.nist.gov/projects/cryptographic-module-validation-program/certificate/5087,2026-06-06,not in regen,,,,2026-07-09
Google Cloud CDN,google-cloud-cdn,FIPS 140-3,5104,"Google, LLC",BoringCrypto,No PQC Mechanisms Detected,FIPS 140-3 L1,deprecated,2025-12-09,https://csrc.nist.gov/projects/cryptographic-module-validation-program/certificate/5104,2026-05-10,not in regen,no_pqc_cert_classical_only,url_authoritative,CMVP #5104: Classical cryptography only. PQC (ML-KEM/ML-DSA/SLH-DSA) not yet validated under this certificate. CMVP PQC module validation anticipated 2026-2027 per NIST CMVP roadmap.,2026-05-06
Google Cloud CDN,google-cloud-cdn,FIPS 140-3,5165,"Google, LLC.",River Redux Cryptographic Module,No PQC Mechanisms Detected,FIPS 140-3 L1,deprecated,2026-03-18,https://csrc.nist.gov/projects/cryptographic-module-validation-program/certificate/5165,2026-06-06,not in regen,,,,2026-07-09
Google Cloud CDN,google-cloud-cdn,FIPS 140-3,5244,"Google, LLC",BoringCrypto,No PQC Mechanisms Detected,FIPS 140-3 L1,deprecated,2026-04-18,https://csrc.nist.gov/projects/cryptographic-module-validation-program/certificate/5244,2026-06-04,not in regen,,,,2026-07-09
Google Cloud CDN,google-cloud-cdn,FIPS 140-3,5296,"Google, LLC",BoringCrypto,No PQC Mechanisms Detected,FIPS 140-3 L1,deprecated,2026-06-02,https://csrc.nist.gov/projects/cryptographic-module-validation-program/certificate/5296,2026-06-06,not in regen,,,,2026-07-09
Google Cloud HSM,google-cloud-hsm,ACVP,A7700,"Google, Inc.",BoringCrypto,"ML-DSA, ML-KEM, SLH-DSA",,deprecated,2025-11-21,https://csrc.nist.gov/projects/cryptographic-algorithm-validation-program/details?product=20486,2026-06-06,not in regen,,,,2026-07-09
Google Cloud HSM,google-cloud-hsm,ACVP,A8355,"Google, LLC",Trusty TEE,"ML-DSA, ML-KEM, SLH-DSA",,deprecated,2026-05-19,https://csrc.nist.gov/projects/cryptographic-algorithm-validation-program/details?product=21185,2026-06-06,not in regen,,,,2026-07-09
Google Cloud HSM,google-cloud-hsm,FIPS 140-3,4700,"Marvell Semiconductor, Inc.",NITROXIII CNN35XX-NFBE HSM Family,No PQC Mechanisms Detected,FIPS 140-3 L3,Active,2024-05-30,https://csrc.nist.gov/projects/cryptographic-module-validation-program/certificate/4700,,,,,,
Google Cloud HSM,google-cloud-hsm,FIPS 140-3,4703,"Marvell Semiconductor, Inc.",Marvell LS2 HSM Family,No PQC Mechanisms Detected,FIPS 140-3 L3,deprecated,2024-06-06,https://csrc.nist.gov/projects/cryptographic-module-validation-program/certificate/4703,2026-09-01,not in regen,,,,
Google Cloud HSM,google-cloud-hsm,FIPS 140-3,5087,"Google, LLC.",OpenSK Cryptographic Module,No PQC Mechanisms Detected,FIPS 140-3 L1,deprecated,2025-10-23,https://csrc.nist.gov/projects/cryptographic-module-validation-program/certificate/5087,2026-06-04,not in regen,,,,2026-07-09
Google Cloud HSM,google-cloud-hsm,FIPS 140-3,5104,"Google, LLC",BoringCrypto,No PQC Mechanisms Detected,FIPS 140-3 L1,deprecated,2025-12-09,https://csrc.nist.gov/projects/cryptographic-module-validation-program/certificate/5104,2026-05-10,not in regen,no_pqc_cert_classical_only,url_authoritative,CMVP #5104: Classical cryptography only. PQC (ML-KEM/ML-DSA/SLH-DSA) not yet validated under this certificate. CMVP PQC module validation anticipated 2026-2027 per NIST CMVP roadmap.,2026-05-06
Google Cloud HSM,google-cloud-hsm,FIPS 140-3,5165,"Google, LLC.",River Redux Cryptographic Module,No PQC Mechanisms Detected,FIPS 140-3 L1,deprecated,2026-03-18,https://csrc.nist.gov/projects/cryptographic-module-validation-program/certificate/5165,2026-06-06,not in regen,,,,2026-07-09
Google Cloud HSM,google-cloud-hsm,FIPS 140-3,5244,"Google, LLC",BoringCrypto,No PQC Mechanisms Detected,FIPS 140-3 L1,deprecated,2026-04-18,https://csrc.nist.gov/projects/cryptographic-module-validation-program/certificate/5244,2026-06-04,not in regen,,,,2026-07-09
Google Cloud HSM,google-cloud-hsm,FIPS 140-3,5272,"Google, LLC",Google HSM,No PQC Mechanisms Detected,FIPS 140-3 L3,Active,2026-05-19,https://csrc.nist.gov/projects/cryptographic-module-validation-program/certificate/5272,,,,,,
Google Cloud HSM,google-cloud-hsm,FIPS 140-3,5296,"Google, LLC",BoringCrypto,No PQC Mechanisms Detected,FIPS 140-3 L1,deprecated,2026-06-02,https://csrc.nist.gov/projects/cryptographic-module-validation-program/certificate/5296,2026-06-06,not in regen,,,,2026-07-09
Google Cloud HSM,google-cloud-hsm,FIPS 140-3,5502,"Marvell Semiconductor, Inc.",Marvell LS2 HSM Family,"ML-KEM, ML-DSA",FIPS 140-3 L3,Active,2026-08-25,https://csrc.nist.gov/projects/cryptographic-module-validation-program/certificate/5502,,,,,,
Google Cloud KMS,google-cloud-kms,ACVP,A7700,"Google, Inc.",BoringCrypto,"ML-DSA, ML-KEM, SLH-DSA",,deprecated,2025-11-21,https://csrc.nist.gov/projects/cryptographic-algorithm-validation-program/details?product=20486,2026-06-06,not in regen,,,,2026-07-09
Google Cloud KMS,google-cloud-kms,ACVP,A8355,"Google, LLC",Trusty TEE,"ML-DSA, ML-KEM, SLH-DSA",,deprecated,2026-05-19,https://csrc.nist.gov/projects/cryptographic-algorithm-validation-program/details?product=21185,2026-06-06,not in regen,,,,2026-07-09
Google Cloud KMS,google-cloud-kms,FIPS 140-3,4652,"Google, LLC",Cr50 U2F Cryptographic Library,No PQC Mechanisms Detected,FIPS 140-3 L1,deprecated,2023-11-06,https://csrc.nist.gov/projects/cryptographic-module-validation-program/certificate/4652,2026-06-04,not in regen,,,,2026-07-09
Google Cloud KMS,google-cloud-kms,FIPS 140-3,4799,"Google, LLC",Look-aside Cryptography and Compression Engine (LCE),No PQC Mechanisms Detected,FIPS 140-3 L1,deprecated,2024-09-13,https://csrc.nist.gov/projects/cryptographic-module-validation-program/certificate/4799,2026-06-06,not in regen,,,,2026-07-09
Google Cloud KMS,google-cloud-kms,FIPS 140-3,5087,"Google, LLC.",OpenSK Cryptographic Module,No PQC Mechanisms Detected,FIPS 140-3 L1,deprecated,2025-10-23,https://csrc.nist.gov/projects/cryptographic-module-validation-program/certificate/5087,2026-06-06,not in regen,,,,2026-07-09
Google Cloud KMS,google-cloud-kms,FIPS 140-3,5104,"Google, LLC",BoringCrypto,No PQC Mechanisms Detected,FIPS 140-3 L1,deprecated,2025-12-09,https://csrc.nist.gov/projects/cryptographic-module-validation-program/certificate/5104,2026-05-10,not in regen,no_pqc_cert_classical_only,url_authoritative,CMVP #5104: Classical cryptography only. PQC (ML-KEM/ML-DSA/SLH-DSA) not yet validated under this certificate. CMVP PQC module validation anticipated 2026-2027 per NIST CMVP roadmap.,2026-05-06
Google Cloud KMS,google-cloud-kms,FIPS 140-3,5165,"Google, LLC.",River Redux Cryptographic Module,No PQC Mechanisms Detected,FIPS 140-3 L1,deprecated,2026-03-18,https://csrc.nist.gov/projects/cryptographic-module-validation-program/certificate/5165,2026-06-06,not in regen,,,,2026-07-09
Google Cloud KMS,google-cloud-kms,FIPS 140-3,5244,"Google, LLC",BoringCrypto,No PQC Mechanisms Detected,FIPS 140-3 L1,deprecated,2026-04-18,https://csrc.nist.gov/projects/cryptographic-module-validation-program/certificate/5244,2026-06-04,not in regen,,,,2026-07-09
Google Cloud KMS,google-cloud-kms,FIPS 140-3,5272,"Google, LLC",Google HSM,No PQC Mechanisms Detected,FIPS 140-3 L3,deprecated,2026-05-19,https://csrc.nist.gov/projects/cryptographic-module-validation-program/certificate/5272,2026-06-06,not in regen,,,,2026-07-09
Google Cloud KMS,google-cloud-kms,FIPS 140-3,5296,"Google, LLC",BoringCrypto,No PQC Mechanisms Detected,FIPS 140-3 L1,deprecated,2026-06-02,https://csrc.nist.gov/projects/cryptographic-module-validation-program/certificate/5296,2026-06-06,not in regen,,,,2026-07-09
Google Cloud KMS (Cloud Gateway),google-cloud-kms-cloud-gateway,ACVP,A7700,"Google, Inc.",BoringCrypto,"ML-DSA, ML-KEM, SLH-DSA",,deprecated,2025-11-21,https://csrc.nist.gov/projects/cryptographic-algorithm-validation-program/details?product=20486,2026-06-06,not in regen,,,,2026-07-09
Google Cloud KMS (Cloud Gateway),google-cloud-kms-cloud-gateway,ACVP,A8355,"Google, LLC",Trusty TEE,"ML-DSA, ML-KEM, SLH-DSA",,deprecated,2026-05-19,https://csrc.nist.gov/projects/cryptographic-algorithm-validation-program/details?product=21185,2026-06-06,not in regen,,,,2026-07-09
Google Cloud KMS (Cloud Gateway),google-cloud-kms-cloud-gateway,FIPS 140-3,5087,"Google, LLC.",OpenSK Cryptographic Module,No PQC Mechanisms Detected,FIPS 140-3 L1,deprecated,2025-10-23,https://csrc.nist.gov/projects/cryptographic-module-validation-program/certificate/5087,2026-06-06,not in regen,,,,2026-07-09
Google Cloud KMS (Cloud Gateway),google-cloud-kms-cloud-gateway,FIPS 140-3,5104,"Google, LLC",BoringCrypto,No PQC Mechanisms Detected,FIPS 140-3 L1,deprecated,2025-12-09,https://csrc.nist.gov/projects/cryptographic-module-validation-program/certificate/5104,2026-05-10,not in regen,no_pqc_cert_classical_only,url_authoritative,CMVP #5104: Classical cryptography only. PQC (ML-KEM/ML-DSA/SLH-DSA) not yet validated under this certificate. CMVP PQC module validation anticipated 2026-2027 per NIST CMVP roadmap.,2026-05-06
Google Cloud KMS (Cloud Gateway),google-cloud-kms-cloud-gateway,FIPS 140-3,5165,"Google, LLC.",River Redux Cryptographic Module,No PQC Mechanisms Detected,FIPS 140-3 L1,deprecated,2026-03-18,https://csrc.nist.gov/projects/cryptographic-module-validation-program/certificate/5165,2026-06-06,not in regen,,,,2026-07-09
Google Cloud KMS (Cloud Gateway),google-cloud-kms-cloud-gateway,FIPS 140-3,5244,"Google, LLC",BoringCrypto,No PQC Mechanisms Detected,FIPS 140-3 L1,deprecated,2026-04-18,https://csrc.nist.gov/projects/cryptographic-module-validation-program/certificate/5244,2026-06-04,not in regen,,,,2026-07-09
Google Cloud KMS (Cloud Gateway),google-cloud-kms-cloud-gateway,FIPS 140-3,5296,"Google, LLC",BoringCrypto,No PQC Mechanisms Detected,FIPS 140-3 L1,deprecated,2026-06-02,https://csrc.nist.gov/projects/cryptographic-module-validation-program/certificate/5296,2026-06-06,not in regen,,,,2026-07-09
Google Cloud Platform (GCP),google-cloud-platform-gcp,ACVP,A7700,"Google, Inc.",BoringCrypto,"ML-DSA, ML-KEM, SLH-DSA",,deprecated,2025-11-21,https://csrc.nist.gov/projects/cryptographic-algorithm-validation-program/details?product=20486,2026-06-06,not in regen,,,,2026-07-09
Google Cloud Platform (GCP),google-cloud-platform-gcp,ACVP,A8355,"Google, LLC",Trusty TEE,"ML-DSA, ML-KEM, SLH-DSA",,deprecated,2026-05-19,https://csrc.nist.gov/projects/cryptographic-algorithm-validation-program/details?product=21185,2026-06-06,not in regen,,,,2026-07-09
Google Cloud Platform (GCP),google-cloud-platform-gcp,FIPS 140-3,5087,"Google, LLC.",OpenSK Cryptographic Module,No PQC Mechanisms Detected,FIPS 140-3 L1,deprecated,2025-10-23,https://csrc.nist.gov/projects/cryptographic-module-validation-program/certificate/5087,2026-06-06,not in regen,,,,2026-07-09
Google Cloud Platform (GCP),google-cloud-platform-gcp,FIPS 140-3,5104,"Google, LLC",BoringCrypto,No PQC Mechanisms Detected,FIPS 140-3 L1,deprecated,2025-12-09,https://csrc.nist.gov/projects/cryptographic-module-validation-program/certificate/5104,2026-05-10,not in regen,no_pqc_cert_classical_only,url_authoritative,CMVP #5104: Classical cryptography only. PQC (ML-KEM/ML-DSA/SLH-DSA) not yet validated under this certificate. CMVP PQC module validation anticipated 2026-2027 per NIST CMVP roadmap.,2026-05-06
Google Cloud Platform (GCP),google-cloud-platform-gcp,FIPS 140-3,5165,"Google, LLC.",River Redux Cryptographic Module,No PQC Mechanisms Detected,FIPS 140-3 L1,deprecated,2026-03-18,https://csrc.nist.gov/projects/cryptographic-module-validation-program/certificate/5165,2026-06-06,not in regen,,,,2026-07-09
Google Cloud Platform (GCP),google-cloud-platform-gcp,FIPS 140-3,5244,"Google, LLC",BoringCrypto,No PQC Mechanisms Detected,FIPS 140-3 L1,deprecated,2026-04-18,https://csrc.nist.gov/projects/cryptographic-module-validation-program/certificate/5244,2026-06-04,not in regen,,,,2026-07-09
Google Cloud Platform (GCP),google-cloud-platform-gcp,FIPS 140-3,5296,"Google, LLC",BoringCrypto,No PQC Mechanisms Detected,FIPS 140-3 L1,deprecated,2026-06-02,https://csrc.nist.gov/projects/cryptographic-module-validation-program/certificate/5296,2026-06-06,not in regen,,,,2026-07-09
Google GKE,google-gke,FIPS 140-3,4652,"Google, LLC",Cr50 U2F Cryptographic Library,No PQC Mechanisms Detected,FIPS 140-3 L1,deprecated,2023-11-06,https://csrc.nist.gov/projects/cryptographic-module-validation-program/certificate/4652,2026-06-06,not in regen,,,,2026-07-09
Google GKE,google-gke,FIPS 140-3,4799,"Google, LLC",Look-aside Cryptography and Compression Engine (LCE),No PQC Mechanisms Detected,FIPS 140-3 L1,deprecated,2024-09-13,https://csrc.nist.gov/projects/cryptographic-module-validation-program/certificate/4799,2026-06-06,not in regen,,,,2026-07-09
Google GKE,google-gke,FIPS 140-3,5087,"Google, LLC.",OpenSK Cryptographic Module,No PQC Mechanisms Detected,FIPS 140-3 L1,deprecated,2025-10-23,https://csrc.nist.gov/projects/cryptographic-module-validation-program/certificate/5087,2026-06-06,not in regen,,,,2026-07-09
Google GKE,google-gke,FIPS 140-3,5104,"Google, LLC",BoringCrypto,No PQC Mechanisms Detected,FIPS 140-3 L1,deprecated,2025-12-09,https://csrc.nist.gov/projects/cryptographic-module-validation-program/certificate/5104,2026-05-10,not in regen,no_pqc_cert_classical_only,url_authoritative,CMVP #5104: Classical cryptography only. PQC (ML-KEM/ML-DSA/SLH-DSA) not yet validated under this certificate. CMVP PQC module validation anticipated 2026-2027 per NIST CMVP roadmap.,2026-05-06
Google GKE,google-gke,FIPS 140-3,5165,"Google, LLC.",River Redux Cryptographic Module,No PQC Mechanisms Detected,FIPS 140-3 L1,deprecated,2026-03-18,https://csrc.nist.gov/projects/cryptographic-module-validation-program/certificate/5165,2026-06-06,not in regen,,,,2026-07-09
Google GKE,google-gke,FIPS 140-3,5244,"Google, LLC",BoringCrypto,No PQC Mechanisms Detected,FIPS 140-3 L1,deprecated,2026-04-18,https://csrc.nist.gov/projects/cryptographic-module-validation-program/certificate/5244,2026-06-04,not in regen,,,,2026-07-09
Google GKE,google-gke,FIPS 140-3,5296,"Google, LLC",BoringCrypto,No PQC Mechanisms Detected,FIPS 140-3 L1,deprecated,2026-06-02,https://csrc.nist.gov/projects/cryptographic-module-validation-program/certificate/5296,2026-06-06,not in regen,,,,2026-07-09
Google OpenTitan,google-opentitan,ACVP,A7700,"Google, Inc.",BoringCrypto,"ML-DSA, ML-KEM, SLH-DSA",,deprecated,2025-11-21,https://csrc.nist.gov/projects/cryptographic-algorithm-validation-program/details?product=20486,2026-06-06,not in regen,,,,2026-07-09
Google OpenTitan,google-opentitan,ACVP,A8355,"Google, LLC",Trusty TEE,"ML-DSA, ML-KEM, SLH-DSA",,deprecated,2026-05-19,https://csrc.nist.gov/projects/cryptographic-algorithm-validation-program/details?product=21185,2026-06-06,not in regen,,,,2026-07-09
Google OpenTitan,google-opentitan,FIPS 140-3,4367,"Google, LLC.",Titan-D Chip,No PQC Mechanisms Detected,FIPS 140-3 L1,deprecated,2022-11-15,https://csrc.nist.gov/projects/cryptographic-module-validation-program/certificate/4367,2026-06-06,not in regen,,,,2026-07-09
Google OpenTitan,google-opentitan,FIPS 140-3,5087,"Google, LLC.",OpenSK Cryptographic Module,No PQC Mechanisms Detected,FIPS 140-3 L1,deprecated,2025-10-23,https://csrc.nist.gov/projects/cryptographic-module-validation-program/certificate/5087,2026-06-06,not in regen,,,,2026-07-09
Google OpenTitan,google-opentitan,FIPS 140-3,5104,"Google, LLC",BoringCrypto,No PQC Mechanisms Detected,FIPS 140-3 L1,deprecated,2025-12-09,https://csrc.nist.gov/projects/cryptographic-module-validation-program/certificate/5104,2026-05-10,not in regen,no_pqc_cert_classical_only,url_authoritative,CMVP #5104: Classical cryptography only. PQC (ML-KEM/ML-DSA/SLH-DSA) not yet validated under this certificate. CMVP PQC module validation anticipated 2026-2027 per NIST CMVP roadmap.,2026-05-06
Google OpenTitan,google-opentitan,FIPS 140-3,5166,"Google, LLC.",Titan-BPN Cryptographic Module,No PQC Mechanisms Detected,FIPS 140-3 L1,deprecated,2026-03-18,https://csrc.nist.gov/projects/cryptographic-module-validation-program/certificate/5166,2026-06-06,not in regen,,,,2026-07-09
Google OpenTitan,google-opentitan,FIPS 140-3,5165,"Google, LLC.",River Redux Cryptographic Module,No PQC Mechanisms Detected,FIPS 140-3 L1,deprecated,2026-03-18,https://csrc.nist.gov/projects/cryptographic-module-validation-program/certificate/5165,2026-06-06,not in regen,,,,2026-07-09
Google OpenTitan,google-opentitan,FIPS 140-3,5244,"Google, LLC",BoringCrypto,No PQC Mechanisms Detected,FIPS 140-3 L1,deprecated,2026-04-18,https://csrc.nist.gov/projects/cryptographic-module-validation-program/certificate/5244,2026-06-04,not in regen,,,,2026-07-09
Google OpenTitan,google-opentitan,FIPS 140-3,5296,"Google, LLC",BoringCrypto,No PQC Mechanisms Detected,FIPS 140-3 L1,deprecated,2026-06-02,https://csrc.nist.gov/projects/cryptographic-module-validation-program/certificate/5296,2026-06-06,not in regen,,,,2026-07-09
Google Tink,google-tink,ACVP,A7700,"Google, Inc.",BoringCrypto,"ML-DSA, ML-KEM, SLH-DSA",,deprecated,2025-11-21,https://csrc.nist.gov/projects/cryptographic-algorithm-validation-program/details?product=20486,2026-06-06,not in regen,,,,2026-07-09
Google Tink,google-tink,ACVP,A8355,"Google, LLC",Trusty TEE,"ML-DSA, ML-KEM, SLH-DSA",,deprecated,2026-05-19,https://csrc.nist.gov/projects/cryptographic-algorithm-validation-program/details?product=21185,2026-06-06,not in regen,,,,2026-07-09
Google Tink,google-tink,FIPS 140-3,5087,"Google, LLC.",OpenSK Cryptographic Module,No PQC Mechanisms Detected,FIPS 140-3 L1,deprecated,2025-10-23,https://csrc.nist.gov/projects/cryptographic-module-validation-program/certificate/5087,2026-06-06,not in regen,,,,2026-07-09
Google Tink,google-tink,FIPS 140-3,5104,"Google, LLC",BoringCrypto,No PQC Mechanisms Detected,FIPS 140-3 L1,deprecated,2025-12-09,https://csrc.nist.gov/projects/cryptographic-module-validation-program/certificate/5104,2026-05-10,not in regen,no_pqc_cert_classical_only,url_authoritative,CMVP #5104: Classical cryptography only. PQC (ML-KEM/ML-DSA/SLH-DSA) not yet validated under this certificate. CMVP PQC module validation anticipated 2026-2027 per NIST CMVP roadmap.,2026-05-06
Google Tink,google-tink,FIPS 140-3,5165,"Google, LLC.",River Redux Cryptographic Module,No PQC Mechanisms Detected,FIPS 140-3 L1,deprecated,2026-03-18,https://csrc.nist.gov/projects/cryptographic-module-validation-program/certificate/5165,2026-06-06,not in regen,,,,2026-07-09
Google Tink,google-tink,FIPS 140-3,5244,"Google, LLC",BoringCrypto,No PQC Mechanisms Detected,FIPS 140-3 L1,deprecated,2026-04-18,https://csrc.nist.gov/projects/cryptographic-module-validation-program/certificate/5244,2026-06-04,not in regen,,,,2026-07-09
Google Tink,google-tink,FIPS 140-3,5296,"Google, LLC",BoringCrypto,No PQC Mechanisms Detected,FIPS 140-3 L1,deprecated,2026-06-02,https://csrc.nist.gov/projects/cryptographic-module-validation-program/certificate/5296,2026-06-06,not in regen,,,,2026-07-09
Google Workspace Identity,,FIPS 140-3,5087,"Google, LLC.",OpenSK Cryptographic Module,No PQC Mechanisms Detected,FIPS 140-3 L1,deprecated,2025-10-23,https://csrc.nist.gov/projects/cryptographic-module-validation-program/certificate/5087,2026-06-02,not in regen,,,,
Google Workspace Identity,,FIPS 140-3,5165,"Google, LLC.",River Redux Cryptographic Module,No PQC Mechanisms Detected,FIPS 140-3 L1,deprecated,2026-03-18,https://csrc.nist.gov/projects/cryptographic-module-validation-program/certificate/5165,2026-06-02,not in regen,,,,
Google Workspace Identity,,FIPS 140-3,5244,"Google, LLC",BoringCrypto,No PQC Mechanisms Detected,FIPS 140-3 L1,deprecated,2026-04-18,https://csrc.nist.gov/projects/cryptographic-module-validation-program/certificate/5244,2026-06-02,not in regen,,,,
HID Global Cryptographic Module,hid-global-cryptographic-module,FIPS 140-3,5123,HID Global Corporation,HID Global Cryptographic Module,"HSS, LMS",FIPS 140-3 L1,Active,2026-01-13,https://csrc.nist.gov/projects/cryptographic-module-validation-program/certificate/5123,,,,,,
HP Endpoint Security Controller Cryptographic Library,hp-endpoint-security-controller-cryptographic-library,FIPS 140-3,5198,HP Inc.,HP Endpoint Security Controller Cryptographic Library,LMS,FIPS 140-3 L1,Active,2026-03-13,https://csrc.nist.gov/projects/cryptographic-module-validation-program/certificate/5198,,,,,,
HP Enterprise Printers PQC,hp-enterprise-printers-pqc,FIPS 140-3,5124,HP Inc.,HPI Crypto Module for Java,"HSS, LMS",FIPS 140-3 L1,deprecated,2026-01-13,https://csrc.nist.gov/projects/cryptographic-module-validation-program/certificate/5124,2026-06-06,not in regen,,,,2026-07-09
HP Enterprise Printers PQC,hp-enterprise-printers-pqc,FIPS 140-3,5198,HP Inc.,HP Endpoint Security Controller Cryptographic Library,LMS,FIPS 140-3 L1,deprecated,2026-03-13,https://csrc.nist.gov/projects/cryptographic-module-validation-program/certificate/5198,2026-06-06,not in regen,,,,2026-07-09
HP Enterprise Printers PQC,hp-enterprise-printers-pqc,FIPS 140-3,5199,HP Inc,HP Anyware Cryptographic Module,No PQC Mechanisms Detected,FIPS 140-3 L1,deprecated,2026-03-18,https://csrc.nist.gov/projects/cryptographic-module-validation-program/certificate/5199,2026-06-06,not in regen,,,,2026-07-09
HPE Alletra MP,hpe-alletra-mp,FIPS 140-3,5011,"Hewlett Packard, Inc.",HP Poly Cryptographic Module,No PQC Mechanisms Detected,FIPS 140-3 L1,deprecated,2025-04-29,https://csrc.nist.gov/projects/cryptographic-module-validation-program/certificate/5011,2026-06-06,not in regen,,,,2026-07-09
HPE Alletra MP,hpe-alletra-mp,FIPS 140-3,5148,Hewlett Packard Enterprise,HPE Java Cryptographic Module,"HSS, LMS",FIPS 140-3 L1,deprecated,2026-01-27,https://csrc.nist.gov/projects/cryptographic-module-validation-program/certificate/5148,2026-06-06,not in regen,,,,2026-07-09
HPE Alletra MP,hpe-alletra-mp,FIPS 140-3,5152,HPE Aruba Networking,HPE Aruba Networking AOS-CX Cryptographic Module,No PQC Mechanisms Detected,FIPS 140-3 L1,deprecated,2026-02-04,https://csrc.nist.gov/projects/cryptographic-module-validation-program/certificate/5152,2026-06-06,not in regen,,,,2026-07-09
HPE Aruba ArubaOS-CX,hpe-aruba-arubaos-cx,FIPS 140-3,4067,"Aruba, a Hewlett Packard Enterprise company","Aruba AP-318, AP-344, AP-345, AP-374, AP-375, AP-377 and AP-387 Outdoor Access Points with ArubaOS FIPS Firmware",No PQC Mechanisms Detected,FIPS 140-3 L2,Active,2021-11-04,https://csrc.nist.gov/projects/cryptographic-module-validation-program/certificate/4067,,,,,,
HPE Aruba ArubaOS-CX,hpe-aruba-arubaos-cx,FIPS 140-3,4543,"Aruba, a Hewlett Packard Enterprise company","Aruba IAP-315, IAP-345, IAP-377, IAP-503H, IAP-505H, IAP-504, IAP-505, IAP-514, IAP-515, IAP-534, IAP-535, IAP-555, IAP-635, and IAP-655 Wireless Access Points",No PQC Mechanisms Detected,FIPS 140-3 L2,deprecated,2023-06-29,https://csrc.nist.gov/projects/cryptographic-module-validation-program/certificate/4543,2026-06-06,not in regen,,,,2026-07-09
HPE Aruba ArubaOS-CX,hpe-aruba-arubaos-cx,FIPS 140-3,4916,"Aruba, a Hewlett Packard Enterprise company","AP-514, AP-515, AP-534, AP-535, AP-584, AP-585, AP-587, AP-635 and AP-655 Access Points",No PQC Mechanisms Detected,FIPS 140-3 L2,deprecated,2024-12-12,https://csrc.nist.gov/projects/cryptographic-module-validation-program/certificate/4916,2026-06-06,not in regen,,,,2026-07-09
HPE Aruba ArubaOS-CX,,FIPS 140-3,5148,Hewlett Packard Enterprise,HPE Java Cryptographic Module,"HSS, LMS",FIPS 140-3 L1,deprecated,2026-01-27,https://csrc.nist.gov/projects/cryptographic-module-validation-program/certificate/5148,2026-06-06,not in regen,,,,
HPE Aruba ArubaOS-CX,hpe-aruba-arubaos-cx,FIPS 140-3,5152,HPE Aruba Networking,HPE Aruba Networking AOS-CX Cryptographic Module,No PQC Mechanisms Detected,FIPS 140-3 L1,Active,2026-02-04,https://csrc.nist.gov/projects/cryptographic-module-validation-program/certificate/5152,,,,,,
HPE Cryptographic Module,HPE-Cryptographic-Module,ACVP,A7669,Hewlett Packard Enterprise,HPE Cryptographic Module,"ML-DSA, ML-KEM, SLH-DSA",,Active,2025-11-03,https://csrc.nist.gov/projects/cryptographic-algorithm-validation-program/details?product=20448,,,,,,
HPE ProLiant Gen12,hpe-proliant-gen12,FIPS 140-3,5011,"Hewlett Packard, Inc.",HP Poly Cryptographic Module,No PQC Mechanisms Detected,FIPS 140-3 L1,deprecated,2025-04-29,https://csrc.nist.gov/projects/cryptographic-module-validation-program/certificate/5011,2026-06-06,not in regen,,,,2026-07-09
HPE ProLiant Gen12,hpe-proliant-gen12,FIPS 140-3,5148,Hewlett Packard Enterprise,HPE Java Cryptographic Module,"HSS, LMS",FIPS 140-3 L1,deprecated,2026-01-27,https://csrc.nist.gov/projects/cryptographic-module-validation-program/certificate/5148,2026-06-06,not in regen,,,,2026-07-09
HPE ProLiant Gen12,hpe-proliant-gen12,FIPS 140-3,5152,HPE Aruba Networking,HPE Aruba Networking AOS-CX Cryptographic Module,No PQC Mechanisms Detected,FIPS 140-3 L1,deprecated,2026-02-04,https://csrc.nist.gov/projects/cryptographic-module-validation-program/certificate/5152,2026-06-06,not in regen,,,,2026-07-09
HYCU Cryptographic Library Module,HYCU-Cryptographic-Library-Module,FIPS 140-3,5053,"HYCU, Inc.",HYCU Cryptographic Library Module,"HSS, LMS",FIPS 140-3 L1,Active,2025-08-12,https://csrc.nist.gov/projects/cryptographic-module-validation-program/certificate/5053,,,,,,
HiPKI SafGuard 2000 PQC Library,HiPKI-SafGuard-2000-PQC-Library,ACVP,A7735,"Chunghwa Telecom Co., Ltd. Telecommunication Laboratories",HiPKI SafGuard 2000 PQC Library,"ML-DSA, ML-KEM, SLH-DSA",,Active,2025-12-05,https://csrc.nist.gov/projects/cryptographic-algorithm-validation-program/details?product=20507,,,,,,
Higher Ground CipherLinq,Higher-Ground-CipherLinq,FIPS 140-3,5062,Higher Ground LLC,CipherLinq,"HSS, LMS",FIPS 140-3 L1,Active,2025-09-19,https://csrc.nist.gov/projects/cryptographic-module-validation-program/certificate/5062,,,,,,
Hikvision FIPS Provider,Hikvision-FIPS-Provider,ACVP,A7986,"Hangzhou Hikvision Digital Technology Co., Ltd.",Hikvision FIPS Provider,"ML-KEM, SLH-DSA",,Active,2026-01-30,https://csrc.nist.gov/projects/cryptographic-algorithm-validation-program/details?product=20788,,,,,,
Huawei PQC Network Security,huawei-pqc-network-security,FIPS 140-3,4235,"Huawei Technologies CO., Ltd.",Huawei EulerOS 2.0 OpenSSL Cryptographic Module,No PQC Mechanisms Detected,FIPS 140-3 L1,deprecated,2022-05-25,https://csrc.nist.gov/projects/cryptographic-module-validation-program/certificate/4235,2026-06-06,not in regen,,,,2026-07-09
Huawei PQC Network Security,huawei-pqc-network-security,FIPS 140-3,4261,"Huawei Technologies Co., Ltd.",HSSD_V6 Series,No PQC Mechanisms Detected,FIPS 140-3 L2,deprecated,2022-07-08,https://csrc.nist.gov/projects/cryptographic-module-validation-program/certificate/4261,2026-06-06,not in regen,,,,2026-07-09
I4P Trident HSM,i4p-trident-hsm,Common Criteria,cc-trident-version-3-1-3-92411081,I4P-informatikai Kft. (I4P Informatics Ltd.),Trident version 3.1.3,SPHINCS+,"EAL4+,ALC_FLR.3,AVA_VAN.5",deprecated,2024-04-16,https://www.commoncriteriaportal.org/files/epfiles/st_trident_313_v3.5.pdf,2026-08-29,not in regen,,,,
I4P Trident HSM,i4p-trident-hsm,Common Criteria,cc-trident-version-3-2-3-1e88e9c5,I4P-informatikai Kft. (I4P Informatics Ltd.),Trident version 3.2.3,"ML-KEM, ML-DSA, SLH-DSA","EAL4+,ALC_FLR.3,AVA_VAN.5",Active,2025-08-04,https://www.commoncriteriaportal.org/files/epfiles/st_trident_323_v.4.1.pdf,,,,,,
IBM Aspera,ibm-aspera,FIPS 140-3,4755,IBM Corporation,IBM® Crypto for C,No PQC Mechanisms Detected,FIPS 140-3 L1,deprecated,2024-08-09,https://csrc.nist.gov/projects/cryptographic-module-validation-program/certificate/4755,2026-05-10,not in regen,no_pqc_cert_classical_only,url_authoritative,CMVP #4755: Classical cryptography only. PQC (ML-KEM/ML-DSA/SLH-DSA) not yet validated under this certificate. CMVP PQC module validation anticipated 2026-2027 per NIST CMVP roadmap.,2026-05-06
IBM Aspera,ibm-aspera,FIPS 140-3,4789,IBM,IBM DataPower FIPS Provider,No PQC Mechanisms Detected,FIPS 140-3 L1,deprecated,2024-09-06,https://csrc.nist.gov/projects/cryptographic-module-validation-program/certificate/4789,2026-06-06,not in regen,,,,2026-07-09
IBM Aspera,ibm-aspera,FIPS 140-3,4889,IBM,AIX FIPS Crypto Provider for OpenSSL 3,No PQC Mechanisms Detected,FIPS 140-3 L1,deprecated,2024-11-18,https://csrc.nist.gov/projects/cryptographic-module-validation-program/certificate/4889,2026-06-06,not in regen,,,,2026-07-09
IBM Aspera,ibm-aspera,FIPS 140-3,5221,IBM Corporation,IBM ClevOS 3 OpenSSL Cryptographic Module,No PQC Mechanisms Detected,FIPS 140-3 L1,deprecated,2026-04-01,https://csrc.nist.gov/projects/cryptographic-module-validation-program/certificate/5221,2026-06-06,not in regen,,,,2026-07-09
IBM Cloud HSM (Utimaco),,ACVP,A7400,Utimaco IS GmbH,Lattice Module - ML,"ML-DSA, ML-KEM",,deprecated,2025-09-17,https://csrc.nist.gov/projects/cryptographic-algorithm-validation-program/details?product=20181,2026-06-06,not in regen,,,,
IBM Cloud HSM (Utimaco),,ACVP,A7401,Utimaco IS GmbH,Stateful hash based Module - HBS,LMS,,deprecated,2025-09-17,https://csrc.nist.gov/projects/cryptographic-algorithm-validation-program/details?product=20182,2026-06-06,not in regen,,,,
IBM Cloud HSM (Utimaco),ibm-cloud-hsm-utimaco,FIPS 140-3,3886,Utimaco IS GmbH,CryptoServer CSe-Series,No PQC Mechanisms Detected,FIPS 140-2 L3,deprecated,2021-04-07,https://csrc.nist.gov/projects/cryptographic-module-validation-program/certificate/3886,2026-05-10,not in regen,no_pqc_cert_classical_only,url_authoritative,CMVP #3886: Classical cryptography only. PQC (ML-KEM/ML-DSA/SLH-DSA) not yet validated under this certificate. CMVP PQC module validation anticipated 2026-2027 per NIST CMVP roadmap.,2026-05-06
IBM Cloud HSM (Utimaco),,FIPS 140-3,3925,Utimaco IS GmbH,CryptoServer Se-Series Gen2,No PQC Mechanisms Detected,FIPS 140-2 L3,deprecated,2021-05-10,https://csrc.nist.gov/projects/cryptographic-module-validation-program/certificate/3925,2026-05-16,not in regen,,,,
IBM Cloud HSM (Utimaco),ibm-cloud-hsm-utimaco,FIPS 140-3,4151,Utimaco IS GmbH,u.trust Anchor,No PQC Mechanisms Detected,FIPS 140-3 L3,deprecated,2022-02-10,https://csrc.nist.gov/projects/cryptographic-module-validation-program/certificate/4151,2026-05-10,not in regen,no_pqc_cert_classical_only,url_authoritative,CMVP #4151: Classical cryptography only. PQC (ML-KEM/ML-DSA/SLH-DSA) not yet validated under this certificate. CMVP PQC module validation anticipated 2026-2027 per NIST CMVP roadmap.,2026-05-06
IBM Cloud HSM (Utimaco),,FIPS 140-3,4992,Utimaco Inc.,Atalla Cryptographic Subsystem (ACS),No PQC Mechanisms Detected,FIPS 140-3 L3,deprecated,2025-03-25,https://csrc.nist.gov/projects/cryptographic-module-validation-program/certificate/4992,2026-06-06,not in regen,,,,
IBM Cloud HSM (Utimaco),,FIPS 140-3,5223,Utimaco IS GmbH,u.trust Anchor,No PQC Mechanisms Detected,FIPS 140-3 L3,deprecated,2026-04-01,https://csrc.nist.gov/projects/cryptographic-module-validation-program/certificate/5223,2026-06-06,not in regen,,,,
IBM Db2,ibm-db2,ACVP,A8454,IBM Corporation,IBM 4770-001 CCA Hardware Security Module (CLIC),"ML-DSA, ML-KEM",,deprecated,2026-06-02,https://csrc.nist.gov/projects/cryptographic-algorithm-validation-program/details?product=21295,2026-06-06,not in regen,,,,2026-07-09
IBM Db2,ibm-db2,FIPS 140-3,4755,IBM Corporation,IBM® Crypto for C,No PQC Mechanisms Detected,FIPS 140-3 L1,deprecated,2024-08-09,https://csrc.nist.gov/projects/cryptographic-module-validation-program/certificate/4755,2026-05-10,not in regen,no_pqc_cert_classical_only,url_authoritative,CMVP #4755: Classical cryptography only. PQC (ML-KEM/ML-DSA/SLH-DSA) not yet validated under this certificate. CMVP PQC module validation anticipated 2026-2027 per NIST CMVP roadmap.,2026-05-06
IBM Db2,ibm-db2,FIPS 140-3,4789,IBM,IBM DataPower FIPS Provider,No PQC Mechanisms Detected,FIPS 140-3 L1,deprecated,2024-09-06,https://csrc.nist.gov/projects/cryptographic-module-validation-program/certificate/4789,2026-06-06,not in regen,,,,2026-07-09
IBM Db2,ibm-db2,FIPS 140-3,4889,IBM,AIX FIPS Crypto Provider for OpenSSL 3,No PQC Mechanisms Detected,FIPS 140-3 L1,deprecated,2024-11-18,https://csrc.nist.gov/projects/cryptographic-module-validation-program/certificate/4889,2026-06-06,not in regen,,,,2026-07-09
IBM Db2,ibm-db2,FIPS 140-3,5221,IBM Corporation,IBM ClevOS 3 OpenSSL Cryptographic Module,No PQC Mechanisms Detected,FIPS 140-3 L1,deprecated,2026-04-01,https://csrc.nist.gov/projects/cryptographic-module-validation-program/certificate/5221,2026-06-06,not in regen,,,,2026-07-09
IBM Guardium Key Lifecycle Manager,ibm-guardium-key-lifecycle-manager,ACVP,A8454,IBM Corporation,IBM 4770-001 CCA Hardware Security Module (CLIC),"ML-DSA, ML-KEM",,deprecated,2026-06-02,https://csrc.nist.gov/projects/cryptographic-algorithm-validation-program/details?product=21295,2026-06-06,not in regen,,,,2026-07-09
IBM Guardium Key Lifecycle Manager,ibm-guardium-key-lifecycle-manager,FIPS 140-3,4079,IBM Corporation,IBM 4769-001 Cryptographic Coprocessor Security Module,No PQC Mechanisms Detected,FIPS 140-3 L1,deprecated,2021-11-29,https://csrc.nist.gov/projects/cryptographic-module-validation-program/certificate/4079,2026-06-06,not in regen,,,,2026-07-09
IBM Guardium Key Lifecycle Manager,ibm-guardium-key-lifecycle-manager,FIPS 140-3,4553,IBM,IBM 4769-001 Enterprise PKCS#11 HSM Cryptographic Coprocessor Security Module,No PQC Mechanisms Detected,FIPS 140-3 L1,deprecated,2023-07-27,https://csrc.nist.gov/projects/cryptographic-module-validation-program/certificate/4553,2026-06-06,not in regen,,,,2026-07-09
IBM Guardium Key Lifecycle Manager,ibm-guardium-key-lifecycle-manager,FIPS 140-3,4558,IBM,IBM 4770-001 Enterprise PKCS#11 HSM Cryptographic Coprocessor Security Module,No PQC Mechanisms Detected,FIPS 140-3 L1,deprecated,2023-08-18,https://csrc.nist.gov/projects/cryptographic-module-validation-program/certificate/4558,2026-06-06,not in regen,,,,2026-07-09
IBM Guardium Key Lifecycle Manager,ibm-guardium-key-lifecycle-manager,FIPS 140-3,4789,IBM,IBM DataPower FIPS Provider,No PQC Mechanisms Detected,FIPS 140-3 L1,deprecated,2024-09-06,https://csrc.nist.gov/projects/cryptographic-module-validation-program/certificate/4789,2026-05-10,not in regen,no_pqc_cert_classical_only,url_authoritative,CMVP #4789: Classical cryptography only. PQC (ML-KEM/ML-DSA/SLH-DSA) not yet validated under this certificate. CMVP PQC module validation anticipated 2026-2027 per NIST CMVP roadmap.,2026-05-06
IBM Guardium Key Lifecycle Manager,ibm-guardium-key-lifecycle-manager,FIPS 140-3,4889,IBM,AIX FIPS Crypto Provider for OpenSSL 3,No PQC Mechanisms Detected,FIPS 140-3 L1,deprecated,2024-11-18,https://csrc.nist.gov/projects/cryptographic-module-validation-program/certificate/4889,2026-06-06,not in regen,,,,2026-07-09
IBM Guardium Key Lifecycle Manager,ibm-guardium-key-lifecycle-manager,FIPS 140-3,5221,IBM Corporation,IBM ClevOS 3 OpenSSL Cryptographic Module,No PQC Mechanisms Detected,FIPS 140-3 L1,deprecated,2026-04-01,https://csrc.nist.gov/projects/cryptographic-module-validation-program/certificate/5221,2026-06-06,not in regen,,,,2026-07-09
IBM Guardium Quantum Safe,ibm-guardium-quantum-safe,FIPS 140-3,4755,IBM Corporation,IBM® Crypto for C,No PQC Mechanisms Detected,FIPS 140-3 L1,deprecated,2024-08-09,https://csrc.nist.gov/projects/cryptographic-module-validation-program/certificate/4755,2026-05-10,not in regen,no_pqc_cert_classical_only,url_authoritative,CMVP #4755: Classical cryptography only. PQC (ML-KEM/ML-DSA/SLH-DSA) not yet validated under this certificate. CMVP PQC module validation anticipated 2026-2027 per NIST CMVP roadmap.,2026-05-06
IBM Guardium Quantum Safe,ibm-guardium-quantum-safe,FIPS 140-3,4789,IBM,IBM DataPower FIPS Provider,No PQC Mechanisms Detected,FIPS 140-3 L1,deprecated,2024-09-06,https://csrc.nist.gov/projects/cryptographic-module-validation-program/certificate/4789,2026-06-06,not in regen,,,,2026-07-09
IBM Guardium Quantum Safe,ibm-guardium-quantum-safe,FIPS 140-3,4889,IBM,AIX FIPS Crypto Provider for OpenSSL 3,No PQC Mechanisms Detected,FIPS 140-3 L1,deprecated,2024-11-18,https://csrc.nist.gov/projects/cryptographic-module-validation-program/certificate/4889,2026-06-06,not in regen,,,,2026-07-09
IBM Guardium Quantum Safe,ibm-guardium-quantum-safe,FIPS 140-3,5221,IBM Corporation,IBM ClevOS 3 OpenSSL Cryptographic Module,No PQC Mechanisms Detected,FIPS 140-3 L1,deprecated,2026-04-01,https://csrc.nist.gov/projects/cryptographic-module-validation-program/certificate/5221,2026-06-06,not in regen,,,,2026-07-09
IBM Guardium Safe,ibm-guardium-safe,FIPS 140-3,4755,IBM Corporation,IBM® Crypto for C,No PQC Mechanisms Detected,FIPS 140-3 L1,deprecated,2024-08-09,https://csrc.nist.gov/projects/cryptographic-module-validation-program/certificate/4755,2026-05-10,not in regen,no_pqc_cert_classical_only,url_authoritative,CMVP #4755: Classical cryptography only. PQC (ML-KEM/ML-DSA/SLH-DSA) not yet validated under this certificate. CMVP PQC module validation anticipated 2026-2027 per NIST CMVP roadmap.,2026-05-06
IBM Guardium Safe,ibm-guardium-safe,FIPS 140-3,4789,IBM,IBM DataPower FIPS Provider,No PQC Mechanisms Detected,FIPS 140-3 L1,deprecated,2024-09-06,https://csrc.nist.gov/projects/cryptographic-module-validation-program/certificate/4789,2026-06-06,not in regen,,,,2026-07-09
IBM Guardium Safe,ibm-guardium-safe,FIPS 140-3,4889,IBM,AIX FIPS Crypto Provider for OpenSSL 3,No PQC Mechanisms Detected,FIPS 140-3 L1,deprecated,2024-11-18,https://csrc.nist.gov/projects/cryptographic-module-validation-program/certificate/4889,2026-06-06,not in regen,,,,2026-07-09
IBM Guardium Safe,ibm-guardium-safe,FIPS 140-3,5221,IBM Corporation,IBM ClevOS 3 OpenSSL Cryptographic Module,No PQC Mechanisms Detected,FIPS 140-3 L1,deprecated,2026-04-01,https://csrc.nist.gov/projects/cryptographic-module-validation-program/certificate/5221,2026-06-06,not in regen,,,,2026-07-09
IBM LinuxONE PQC,ibm-linuxone-pqc,FIPS 140-3,4755,IBM Corporation,IBM® Crypto for C,No PQC Mechanisms Detected,FIPS 140-3 L1,deprecated,2024-08-09,https://csrc.nist.gov/projects/cryptographic-module-validation-program/certificate/4755,2026-05-10,not in regen,no_pqc_cert_classical_only,url_authoritative,CMVP #4755: Classical cryptography only. PQC (ML-KEM/ML-DSA/SLH-DSA) not yet validated under this certificate. CMVP PQC module validation anticipated 2026-2027 per NIST CMVP roadmap.,2026-05-06
IBM LinuxONE PQC,ibm-linuxone-pqc,FIPS 140-3,4789,IBM,IBM DataPower FIPS Provider,No PQC Mechanisms Detected,FIPS 140-3 L1,deprecated,2024-09-06,https://csrc.nist.gov/projects/cryptographic-module-validation-program/certificate/4789,2026-06-06,not in regen,,,,2026-07-09
IBM LinuxONE PQC,ibm-linuxone-pqc,FIPS 140-3,4889,IBM,AIX FIPS Crypto Provider for OpenSSL 3,No PQC Mechanisms Detected,FIPS 140-3 L1,deprecated,2024-11-18,https://csrc.nist.gov/projects/cryptographic-module-validation-program/certificate/4889,2026-06-06,not in regen,,,,2026-07-09
IBM LinuxONE PQC,ibm-linuxone-pqc,FIPS 140-3,5221,IBM Corporation,IBM ClevOS 3 OpenSSL Cryptographic Module,No PQC Mechanisms Detected,FIPS 140-3 L1,deprecated,2026-04-01,https://csrc.nist.gov/projects/cryptographic-module-validation-program/certificate/5221,2026-06-06,not in regen,,,,2026-07-09
IBM MQ,ibm-mq,FIPS 140-3,4755,IBM Corporation,IBM® Crypto for C,No PQC Mechanisms Detected,FIPS 140-3 L1,deprecated,2024-08-09,https://csrc.nist.gov/projects/cryptographic-module-validation-program/certificate/4755,2026-05-10,not in regen,no_pqc_cert_classical_only,url_authoritative,CMVP #4755: Classical cryptography only. PQC (ML-KEM/ML-DSA/SLH-DSA) not yet validated under this certificate. CMVP PQC module validation anticipated 2026-2027 per NIST CMVP roadmap.,2026-05-06
IBM MQ,ibm-mq,FIPS 140-3,4789,IBM,IBM DataPower FIPS Provider,No PQC Mechanisms Detected,FIPS 140-3 L1,deprecated,2024-09-06,https://csrc.nist.gov/projects/cryptographic-module-validation-program/certificate/4789,2026-06-06,not in regen,,,,2026-07-09
IBM MQ,ibm-mq,FIPS 140-3,4889,IBM,AIX FIPS Crypto Provider for OpenSSL 3,No PQC Mechanisms Detected,FIPS 140-3 L1,deprecated,2024-11-18,https://csrc.nist.gov/projects/cryptographic-module-validation-program/certificate/4889,2026-06-06,not in regen,,,,2026-07-09
IBM MQ,ibm-mq,FIPS 140-3,5221,IBM Corporation,IBM ClevOS 3 OpenSSL Cryptographic Module,No PQC Mechanisms Detected,FIPS 140-3 L1,deprecated,2026-04-01,https://csrc.nist.gov/projects/cryptographic-module-validation-program/certificate/5221,2026-06-06,not in regen,,,,2026-07-09
IBM Quantum Safe Toolkit,ibm-quantum-safe-toolkit,FIPS 140-3,4755,IBM Corporation,IBM® Crypto for C,No PQC Mechanisms Detected,FIPS 140-3 L1,deprecated,2024-08-09,https://csrc.nist.gov/projects/cryptographic-module-validation-program/certificate/4755,2026-05-10,not in regen,no_pqc_cert_classical_only,url_authoritative,CMVP #4755: Classical cryptography only. PQC (ML-KEM/ML-DSA/SLH-DSA) not yet validated under this certificate. CMVP PQC module validation anticipated 2026-2027 per NIST CMVP roadmap.,2026-05-06
IBM Quantum Safe Toolkit,ibm-quantum-safe-toolkit,FIPS 140-3,4789,IBM,IBM DataPower FIPS Provider,No PQC Mechanisms Detected,FIPS 140-3 L1,deprecated,2024-09-06,https://csrc.nist.gov/projects/cryptographic-module-validation-program/certificate/4789,2026-06-06,not in regen,,,,2026-07-09
IBM Quantum Safe Toolkit,ibm-quantum-safe-toolkit,FIPS 140-3,4889,IBM,AIX FIPS Crypto Provider for OpenSSL 3,No PQC Mechanisms Detected,FIPS 140-3 L1,deprecated,2024-11-18,https://csrc.nist.gov/projects/cryptographic-module-validation-program/certificate/4889,2026-06-06,not in regen,,,,2026-07-09
IBM Quantum Safe Toolkit,ibm-quantum-safe-toolkit,FIPS 140-3,5221,IBM Corporation,IBM ClevOS 3 OpenSSL Cryptographic Module,No PQC Mechanisms Detected,FIPS 140-3 L1,deprecated,2026-04-01,https://csrc.nist.gov/projects/cryptographic-module-validation-program/certificate/5221,2026-06-06,not in regen,,,,2026-07-09
IBM Security Guardium Data Protection,ibm-security-guardium-data-protection,FIPS 140-3,4755,IBM Corporation,IBM® Crypto for C,No PQC Mechanisms Detected,FIPS 140-3 L1,deprecated,2024-08-09,https://csrc.nist.gov/projects/cryptographic-module-validation-program/certificate/4755,2026-05-10,not in regen,no_pqc_cert_classical_only,url_authoritative,CMVP #4755: Classical cryptography only. PQC (ML-KEM/ML-DSA/SLH-DSA) not yet validated under this certificate. CMVP PQC module validation anticipated 2026-2027 per NIST CMVP roadmap.,2026-05-06
IBM Security Guardium Data Protection,ibm-security-guardium-data-protection,FIPS 140-3,4789,IBM,IBM DataPower FIPS Provider,No PQC Mechanisms Detected,FIPS 140-3 L1,deprecated,2024-09-06,https://csrc.nist.gov/projects/cryptographic-module-validation-program/certificate/4789,2026-06-06,not in regen,,,,2026-07-09
IBM Security Guardium Data Protection,ibm-security-guardium-data-protection,FIPS 140-3,4889,IBM,AIX FIPS Crypto Provider for OpenSSL 3,No PQC Mechanisms Detected,FIPS 140-3 L1,deprecated,2024-11-18,https://csrc.nist.gov/projects/cryptographic-module-validation-program/certificate/4889,2026-06-06,not in regen,,,,2026-07-09
IBM Security Guardium Data Protection,ibm-security-guardium-data-protection,FIPS 140-3,5221,IBM Corporation,IBM ClevOS 3 OpenSSL Cryptographic Module,No PQC Mechanisms Detected,FIPS 140-3 L1,deprecated,2026-04-01,https://csrc.nist.gov/projects/cryptographic-module-validation-program/certificate/5221,2026-06-06,not in regen,,,,2026-07-09
IBM Storage Scale 5.2,ibm-storage-scale-5-2,FIPS 140-3,4755,IBM Corporation,IBM® Crypto for C,No PQC Mechanisms Detected,FIPS 140-3 L1,deprecated,2024-08-09,https://csrc.nist.gov/projects/cryptographic-module-validation-program/certificate/4755,2026-05-10,not in regen,no_pqc_cert_classical_only,url_authoritative,CMVP #4755: Classical cryptography only. PQC (ML-KEM/ML-DSA/SLH-DSA) not yet validated under this certificate. CMVP PQC module validation anticipated 2026-2027 per NIST CMVP roadmap.,2026-05-06
IBM Storage Scale 5.2,ibm-storage-scale-5-2,FIPS 140-3,4789,IBM,IBM DataPower FIPS Provider,No PQC Mechanisms Detected,FIPS 140-3 L1,deprecated,2024-09-06,https://csrc.nist.gov/projects/cryptographic-module-validation-program/certificate/4789,2026-06-06,not in regen,,,,2026-07-09
IBM Storage Scale 5.2,ibm-storage-scale-5-2,FIPS 140-3,4889,IBM,AIX FIPS Crypto Provider for OpenSSL 3,No PQC Mechanisms Detected,FIPS 140-3 L1,deprecated,2024-11-18,https://csrc.nist.gov/projects/cryptographic-module-validation-program/certificate/4889,2026-06-06,not in regen,,,,2026-07-09
IBM Storage Scale 5.2,ibm-storage-scale-5-2,FIPS 140-3,5221,IBM Corporation,IBM ClevOS 3 OpenSSL Cryptographic Module,No PQC Mechanisms Detected,FIPS 140-3 L1,deprecated,2026-04-01,https://csrc.nist.gov/projects/cryptographic-module-validation-program/certificate/5221,2026-06-06,not in regen,,,,2026-07-09
IBM z/OS Cryptographic Services (ICSF),ibm-z-os-cryptographic-services-icsf,FIPS 140-3,4755,IBM Corporation,IBM® Crypto for C,No PQC Mechanisms Detected,FIPS 140-3 L1,deprecated,2024-08-09,https://csrc.nist.gov/projects/cryptographic-module-validation-program/certificate/4755,2026-05-10,not in regen,no_pqc_cert_classical_only,url_authoritative,CMVP #4755: Classical cryptography only. PQC (ML-KEM/ML-DSA/SLH-DSA) not yet validated under this certificate. CMVP PQC module validation anticipated 2026-2027 per NIST CMVP roadmap.,2026-05-06
IBM z/OS Cryptographic Services (ICSF),ibm-z-os-cryptographic-services-icsf,FIPS 140-3,4789,IBM,IBM DataPower FIPS Provider,No PQC Mechanisms Detected,FIPS 140-3 L1,deprecated,2024-09-06,https://csrc.nist.gov/projects/cryptographic-module-validation-program/certificate/4789,2026-06-06,not in regen,,,,2026-07-09
IBM z/OS Cryptographic Services (ICSF),ibm-z-os-cryptographic-services-icsf,FIPS 140-3,4889,IBM,AIX FIPS Crypto Provider for OpenSSL 3,No PQC Mechanisms Detected,FIPS 140-3 L1,deprecated,2024-11-18,https://csrc.nist.gov/projects/cryptographic-module-validation-program/certificate/4889,2026-06-06,not in regen,,,,2026-07-09
IBM z/OS Cryptographic Services (ICSF),ibm-z-os-cryptographic-services-icsf,FIPS 140-3,5221,IBM Corporation,IBM ClevOS 3 OpenSSL Cryptographic Module,No PQC Mechanisms Detected,FIPS 140-3 L1,deprecated,2026-04-01,https://csrc.nist.gov/projects/cryptographic-module-validation-program/certificate/5221,2026-06-06,not in regen,,,,2026-07-09
IBM z/VSE,ibm-z-vse,FIPS 140-3,4530,IBM Corporation,IBM® z/VM® Version 7 Release 2 System SSL Cryptographic Module,No PQC Mechanisms Detected,FIPS 140-3 L1,deprecated,2023-06-05,https://csrc.nist.gov/projects/cryptographic-module-validation-program/certificate/4530,2026-06-06,not in regen,,,,2026-07-09
IBM z/VSE,ibm-z-vse,FIPS 140-3,4591,IBM Corporation,IBM z/OS Version 2 Release 4 ICSF PKCS #11 Cryptographic Module,No PQC Mechanisms Detected,FIPS 140-2 L1,deprecated,2023-09-11,https://csrc.nist.gov/projects/cryptographic-module-validation-program/certificate/4591,2026-05-10,not in regen,no_pqc_cert_classical_only,url_authoritative,CMVP #4591: Classical cryptography only. PQC (ML-KEM/ML-DSA/SLH-DSA) not yet validated under this certificate. CMVP PQC module validation anticipated 2026-2027 per NIST CMVP roadmap.,2026-05-06
IBM z/VSE,ibm-z-vse,FIPS 140-3,4618,IBM Corporation,IBM z/OS Version 2 Release 4 System SSL Cryptographic Module,No PQC Mechanisms Detected,FIPS 140-2 L1,deprecated,2023-09-28,https://csrc.nist.gov/projects/cryptographic-module-validation-program/certificate/4618,2026-06-04,not in regen,,,,2026-07-09
IBM z/VSE,ibm-z-vse,FIPS 140-3,4755,IBM Corporation,IBM® Crypto for C,No PQC Mechanisms Detected,FIPS 140-3 L1,deprecated,2024-08-09,https://csrc.nist.gov/projects/cryptographic-module-validation-program/certificate/4755,2026-06-06,not in regen,,,,2026-07-09
IBM z/VSE,ibm-z-vse,FIPS 140-3,4789,IBM,IBM DataPower FIPS Provider,No PQC Mechanisms Detected,FIPS 140-3 L1,deprecated,2024-09-06,https://csrc.nist.gov/projects/cryptographic-module-validation-program/certificate/4789,2026-06-06,not in regen,,,,2026-07-09
IBM z/VSE,ibm-z-vse,FIPS 140-3,4889,IBM,AIX FIPS Crypto Provider for OpenSSL 3,No PQC Mechanisms Detected,FIPS 140-3 L1,deprecated,2024-11-18,https://csrc.nist.gov/projects/cryptographic-module-validation-program/certificate/4889,2026-06-06,not in regen,,,,2026-07-09
IBM z/VSE,ibm-z-vse,FIPS 140-3,5221,IBM Corporation,IBM ClevOS 3 OpenSSL Cryptographic Module,No PQC Mechanisms Detected,FIPS 140-3 L1,deprecated,2026-04-01,https://csrc.nist.gov/projects/cryptographic-module-validation-program/certificate/5221,2026-06-06,not in regen,,,,2026-07-09
IBM z16 Crypto Express 8S,ibm-z16-crypto-express-8s,ACVP,A8454,IBM Corporation,IBM 4770-001 CCA Hardware Security Module (CLIC),"ML-DSA, ML-KEM",,deprecated,2026-06-02,https://csrc.nist.gov/projects/cryptographic-algorithm-validation-program/details?product=21295,2026-06-06,not in regen,,,,2026-07-09
IBM z16 Crypto Express 8S,ibm-z16-crypto-express-8s,FIPS 140-3,4079,IBM Corporation,IBM 4769-001 Cryptographic Coprocessor Security Module,No PQC Mechanisms Detected,FIPS 140-3 L1,deprecated,2021-11-29,https://csrc.nist.gov/projects/cryptographic-module-validation-program/certificate/4079,2026-06-06,not in regen,,,,2026-07-09
IBM z16 Crypto Express 8S,ibm-z16-crypto-express-8s,FIPS 140-3,4553,IBM,IBM 4769-001 Enterprise PKCS#11 HSM Cryptographic Coprocessor Security Module,No PQC Mechanisms Detected,FIPS 140-3 L1,deprecated,2023-07-27,https://csrc.nist.gov/projects/cryptographic-module-validation-program/certificate/4553,2026-06-06,not in regen,,,,2026-07-09
IBM z16 Crypto Express 8S,ibm-z16-crypto-express-8s,FIPS 140-3,4558,IBM,IBM 4770-001 Enterprise PKCS#11 HSM Cryptographic Coprocessor Security Module,No PQC Mechanisms Detected,FIPS 140-3 L1,deprecated,2023-08-18,https://csrc.nist.gov/projects/cryptographic-module-validation-program/certificate/4558,2026-06-06,not in regen,,,,2026-07-09
IBM z16 Crypto Express 8S,ibm-z16-crypto-express-8s,FIPS 140-3,4889,IBM,AIX FIPS Crypto Provider for OpenSSL 3,No PQC Mechanisms Detected,FIPS 140-3 L1,deprecated,2024-11-18,https://csrc.nist.gov/projects/cryptographic-module-validation-program/certificate/4889,2026-06-06,not in regen,,,,2026-07-09
IBM z16 Crypto Express 8S,ibm-z16-crypto-express-8s,FIPS 140-3,5221,IBM Corporation,IBM ClevOS 3 OpenSSL Cryptographic Module,No PQC Mechanisms Detected,FIPS 140-3 L1,deprecated,2026-04-01,https://csrc.nist.gov/projects/cryptographic-module-validation-program/certificate/5221,2026-06-06,not in regen,,,,2026-07-09
IBM z17 Quantum Safe,ibm-z17-quantum-safe,FIPS 140-3,4755,IBM Corporation,IBM® Crypto for C,No PQC Mechanisms Detected,FIPS 140-3 L1,deprecated,2024-08-09,https://csrc.nist.gov/projects/cryptographic-module-validation-program/certificate/4755,2026-05-10,not in regen,no_pqc_cert_classical_only,url_authoritative,CMVP #4755: Classical cryptography only. PQC (ML-KEM/ML-DSA/SLH-DSA) not yet validated under this certificate. CMVP PQC module validation anticipated 2026-2027 per NIST CMVP roadmap.,2026-05-06
IBM z17 Quantum Safe,ibm-z17-quantum-safe,FIPS 140-3,4789,IBM,IBM DataPower FIPS Provider,No PQC Mechanisms Detected,FIPS 140-3 L1,deprecated,2024-09-06,https://csrc.nist.gov/projects/cryptographic-module-validation-program/certificate/4789,2026-06-06,not in regen,,,,2026-07-09
IBM z17 Quantum Safe,ibm-z17-quantum-safe,FIPS 140-3,4889,IBM,AIX FIPS Crypto Provider for OpenSSL 3,No PQC Mechanisms Detected,FIPS 140-3 L1,deprecated,2024-11-18,https://csrc.nist.gov/projects/cryptographic-module-validation-program/certificate/4889,2026-06-06,not in regen,,,,2026-07-09
IBM z17 Quantum Safe,ibm-z17-quantum-safe,FIPS 140-3,5221,IBM Corporation,IBM ClevOS 3 OpenSSL Cryptographic Module,No PQC Mechanisms Detected,FIPS 140-3 L1,deprecated,2026-04-01,https://csrc.nist.gov/projects/cryptographic-module-validation-program/certificate/5221,2026-06-06,not in regen,,,,2026-07-09
IDEMIA Digital Identity Platform,idemia-digital-identity-platform,ACVP,A6961,IDEMIA Secure Transactions,IDEMIA Sphere Cryptographic Library,"LMS, ML-DSA, ML-KEM, SLH-DSA",,deprecated,2025-05-28,https://csrc.nist.gov/projects/cryptographic-algorithm-validation-program/details?product=19694,2026-06-06,not in regen,,,,2026-07-09
IDEMIA Digital Identity Platform,idemia-digital-identity-platform,FIPS 140-3,4827,IDEMIA,FIPS Applet on RookySE,No PQC Mechanisms Detected,FIPS 140-3 L3,deprecated,2024-10-11,https://csrc.nist.gov/projects/cryptographic-module-validation-program/certificate/4827,2026-06-06,not in regen,,,,2026-07-09
IDEMIA Digital Identity Platform,idemia-digital-identity-platform,FIPS 140-3,5024,IDEMIA,ID-One PIV 243 in NPIVP & CIV Configurations,No PQC Mechanisms Detected,FIPS 140-3 L2,deprecated,2025-06-09,https://csrc.nist.gov/projects/cryptographic-module-validation-program/certificate/5024,2026-06-06,not in regen,,,,2026-07-09
IDEMIA Digital Identity Platform,idemia-digital-identity-platform,FIPS 140-3,5027,IDEMIA,ID-One PIV 243 in SPE Configurations,No PQC Mechanisms Detected,FIPS 140-3 L3,deprecated,2025-06-17,https://csrc.nist.gov/projects/cryptographic-module-validation-program/certificate/5027,2026-06-06,not in regen,,,,2026-07-09
IDEMIA PQC Secure Element,idemia-pqc-secure-element,ACVP,A6961,IDEMIA Secure Transactions,IDEMIA Sphere Cryptographic Library,"LMS, ML-DSA, ML-KEM, SLH-DSA",,deprecated,2025-05-28,https://csrc.nist.gov/projects/cryptographic-algorithm-validation-program/details?product=19694,2026-06-06,not in regen,,,,2026-07-09
IDEMIA PQC Secure Element,idemia-pqc-secure-element,FIPS 140-3,4827,IDEMIA,FIPS Applet on RookySE,No PQC Mechanisms Detected,FIPS 140-3 L3,deprecated,2024-10-11,https://csrc.nist.gov/projects/cryptographic-module-validation-program/certificate/4827,2026-06-06,not in regen,,,,2026-07-09
IDEMIA PQC Secure Element,idemia-pqc-secure-element,FIPS 140-3,5024,IDEMIA,ID-One PIV 243 in NPIVP & CIV Configurations,No PQC Mechanisms Detected,FIPS 140-3 L2,deprecated,2025-06-09,https://csrc.nist.gov/projects/cryptographic-module-validation-program/certificate/5024,2026-06-06,not in regen,,,,2026-07-09
IDEMIA PQC Secure Element,idemia-pqc-secure-element,FIPS 140-3,5027,IDEMIA,ID-One PIV 243 in SPE Configurations,No PQC Mechanisms Detected,FIPS 140-3 L3,deprecated,2025-06-17,https://csrc.nist.gov/projects/cryptographic-module-validation-program/certificate/5027,2026-06-06,not in regen,,,,2026-07-09
IDEMIA Sphere Cryptographic Library,IDEMIA-Sphere-Cryptographic-Library,ACVP,A6961,IDEMIA Secure Transactions,IDEMIA Sphere Cryptographic Library,"LMS, ML-DSA, ML-KEM, SLH-DSA",,Active,2025-05-28,https://csrc.nist.gov/projects/cryptographic-algorithm-validation-program/details?product=19694,,,,,,
ITE LAx-551x Embedded Controller with PQC Cryptographic Engine,ITE-LAx-551x-Embedded-Controller-with-PQ,ACVP,A8331,ITE Tech. Inc.,ITE LAx-551x Embedded Controller with PQC Cryptographic Engine,"ML-DSA, ML-KEM",,Active,2026-05-06,https://csrc.nist.gov/projects/cryptographic-algorithm-validation-program/details?product=21092,,,,,,
Infineon AURIX TC49 PQC,infineon-aurix-tc49-pqc,FIPS 140-3,4446,Infineon Technologies AG,SLS37CSAUS V2X,No PQC Mechanisms Detected,FIPS 140-3 L3,deprecated,2023-03-07,https://csrc.nist.gov/projects/cryptographic-module-validation-program/certificate/4446,2026-06-06,not in regen,,,,2026-07-09
Infineon IFX_CCI_00007Ah/8Fh Crypto Suite,Infineon-IFX-CCI-00007Ah-8Fh-Crypto-Suit,Common Criteria,cc-ifx-cci-00007ah-8fh-a11--r11--m11-with-optional-crypto-suite-4873ba58,Infineon Technologies AG,"IFX_CCI_00007Ah/8Fh A11, R11, M11 with optional Crypto Suite","ML-KEM, ML-DSA","EAL6+,ALC_FLR.1,ATE_SDP.1",Active,2026-02-17,https://www.commoncriteriaportal.org/files/epfiles/EUCC-3087-2026-02-0001 Security Target.pdf,,,,,,
Infineon OPTIGA TPM SLB 9672,infineon-optiga-tpm-slb-9672,FIPS 140-3,4347,Infineon Technologies AG,Trusted Platform Module 2.0 SLB 9672,No PQC Mechanisms Detected,FIPS 140-3 L2,Active,2022-10-24,https://csrc.nist.gov/projects/cryptographic-module-validation-program/certificate/4347,,,,,,
Infineon OPTIGA TPM SLB 9672,infineon-optiga-tpm-slb-9672,FIPS 140-3,4446,Infineon Technologies AG,SLS37CSAUS V2X,No PQC Mechanisms Detected,FIPS 140-3 L3,deprecated,2023-03-07,https://csrc.nist.gov/projects/cryptographic-module-validation-program/certificate/4446,2026-06-06,not in regen,,,,2026-07-09
Infineon OPTIGA TPM SLB 9672,infineon-optiga-tpm-slb-9672,FIPS 140-3,4468,Infineon Technologies AG,Trusted Platform Module 2.0 SLB 9672 FW 17.25 and SLB 9673 FW 27.25,No PQC Mechanisms Detected,FIPS 140-3 L2,Active,2023-04-07,https://csrc.nist.gov/projects/cryptographic-module-validation-program/certificate/4468,,,,,,
Infineon OPTIGA TPM SLB 9672,infineon-optiga-tpm-slb-9672,FIPS 140-3,4467,Infineon Technologies AG,Trusted Platform Module 2.0 SLB 9672 FW 16.25 and SLB 9673 FW 26.25,No PQC Mechanisms Detected,FIPS 140-3 L2,Active,2023-04-07,https://csrc.nist.gov/projects/cryptographic-module-validation-program/certificate/4467,,,,,,
Infineon PSOC Control C3 PQC,infineon-psoc-control-c3-pqc,FIPS 140-3,4446,Infineon Technologies AG,SLS37CSAUS V2X,No PQC Mechanisms Detected,FIPS 140-3 L3,deprecated,2023-03-07,https://csrc.nist.gov/projects/cryptographic-module-validation-program/certificate/4446,2026-06-06,not in regen,,,,2026-07-09
Infineon TEGRION SLC27 PQC,infineon-tegrion-slc27-pqc,FIPS 140-3,4347,Infineon Technologies AG,Trusted Platform Module 2.0 SLB 9672,No PQC Mechanisms Detected,FIPS 140-3 L2,deprecated,2022-10-24,https://csrc.nist.gov/projects/cryptographic-module-validation-program/certificate/4347,2026-06-06,not in regen,,,,2026-07-09
Infineon TEGRION SLC27 PQC,infineon-tegrion-slc27-pqc,FIPS 140-3,4468,Infineon Technologies AG,Trusted Platform Module 2.0 SLB 9672 FW 17.25 and SLB 9673 FW 27.25,No PQC Mechanisms Detected,FIPS 140-3 L2,deprecated,2023-04-07,https://csrc.nist.gov/projects/cryptographic-module-validation-program/certificate/4468,2026-06-06,not in regen,,,,2026-07-09
Infineon TEGRION SLC27 PQC,infineon-tegrion-slc27-pqc,FIPS 140-3,4467,Infineon Technologies AG,Trusted Platform Module 2.0 SLB 9672 FW 16.25 and SLB 9673 FW 26.25,No PQC Mechanisms Detected,FIPS 140-3 L2,deprecated,2023-04-07,https://csrc.nist.gov/projects/cryptographic-module-validation-program/certificate/4467,2026-06-06,not in regen,,,,2026-07-09
Infineon TEGRION SLI22 Automotive,infineon-tegrion-sli22-automotive,FIPS 140-3,4446,Infineon Technologies AG,SLS37CSAUS V2X,No PQC Mechanisms Detected,FIPS 140-3 L3,deprecated,2023-03-07,https://csrc.nist.gov/projects/cryptographic-module-validation-program/certificate/4446,2026-06-06,not in regen,,,,2026-07-09
InformaCast Advanced and Fusion Server Java Crypto Library,InformaCast-Advanced-and-Fusion-Server-J,FIPS 140-3,5129,Singlewire Software,InformaCast Advanced and Fusion Server Java Crypto Library,"HSS, LMS",FIPS 140-3 L1,Active,2026-01-13,https://csrc.nist.gov/projects/cryptographic-module-validation-program/certificate/5129,,,,,,
Intel Platform Trust Technology (PTT),intel-platform-trust-technology-ptt,ACVP,A7332,Intel Corporation,liboqs,"ML-DSA, ML-KEM",,deprecated,2025-08-14,https://csrc.nist.gov/projects/cryptographic-algorithm-validation-program/details?product=20098,2026-06-06,not in regen,,,,2026-07-09
Intel Platform Trust Technology (PTT),intel-platform-trust-technology-ptt,FIPS 140-3,4150,Intel Corporation,"Intel® Converged Security and Manageability Engine (CSME) Crypto Module for Tiger Point PCH, Mule Creek Canyon PCH, and Rocket Lake PCH",No PQC Mechanisms Detected,FIPS 140-3 L1,deprecated,2022-02-10,https://csrc.nist.gov/projects/cryptographic-module-validation-program/certificate/4150,2026-05-16,not in regen,,,,2026-07-09
Intel Platform Trust Technology (PTT),intel-platform-trust-technology-ptt,FIPS 140-3,4158,Intel Corporation,Cryptographic Module for Intel® Converged Security and Manageability Engine (CSME),No PQC Mechanisms Detected,FIPS 140-3 L1,deprecated,2022-02-17,https://csrc.nist.gov/projects/cryptographic-module-validation-program/certificate/4158,2026-06-06,not in regen,,,,2026-07-09
Intel Platform Trust Technology (PTT),intel-platform-trust-technology-ptt,FIPS 140-3,4648,Intel Corporation,Cryptographic Module for Intel® Platforms' Security Engine Chipset,No PQC Mechanisms Detected,FIPS 140-3 L1,deprecated,2023-10-26,https://csrc.nist.gov/projects/cryptographic-module-validation-program/certificate/4648,2026-06-06,not in regen,,,,2026-07-09
Intel Platform Trust Technology (PTT),intel-platform-trust-technology-ptt,FIPS 140-3,4749,Intel Corporation,Crypto Module for Intel® Alder Point PCH Converged Security and Manageability Engine (CSME),No PQC Mechanisms Detected,FIPS 140-3 L2,deprecated,2024-08-02,https://csrc.nist.gov/projects/cryptographic-module-validation-program/certificate/4749,2026-06-06,not in regen,,,,2026-07-09
Intel Platform Trust Technology (PTT),intel-platform-trust-technology-ptt,FIPS 140-3,5032,Intel Corporation,Intel® QuickAssist Technology (QAT) Provider,No PQC Mechanisms Detected,FIPS 140-3 L1,deprecated,2025-06-26,https://csrc.nist.gov/projects/cryptographic-module-validation-program/certificate/5032,2026-06-06,not in regen,,,,2026-07-09
Intel Platform Trust Technology (PTT),intel-platform-trust-technology-ptt,FIPS 140-3,5267,Intel Corporation,Intel FNIC Control Plane Cryptographic Module,No PQC Mechanisms Detected,FIPS 140-3 L1,deprecated,2026-05-13,https://csrc.nist.gov/projects/cryptographic-module-validation-program/certificate/5267,2026-06-06,not in regen,,,,2026-07-09
Intel Stratix 10 (Secure),,ACVP,A7332,Intel Corporation,liboqs,"ML-DSA, ML-KEM",,deprecated,2025-08-14,https://csrc.nist.gov/projects/cryptographic-algorithm-validation-program/details?product=20098,2026-06-02,not in regen,,,,
Intel Stratix 10 (Secure),,FIPS 140-3,4150,Intel Corporation,"Intel® Converged Security and Manageability Engine (CSME) Crypto Module for Tiger Point PCH, Mule Creek Canyon PCH, and Rocket Lake PCH",No PQC Mechanisms Detected,FIPS 140-3 L1,deprecated,2022-02-10,https://csrc.nist.gov/projects/cryptographic-module-validation-program/certificate/4150,2026-05-16,not in regen,,,,
Intel Stratix 10 (Secure),,FIPS 140-3,4158,Intel Corporation,Cryptographic Module for Intel® Converged Security and Manageability Engine (CSME),No PQC Mechanisms Detected,FIPS 140-3 L1,deprecated,2022-02-17,https://csrc.nist.gov/projects/cryptographic-module-validation-program/certificate/4158,2026-06-02,not in regen,,,,
Intel Stratix 10 (Secure),,FIPS 140-3,4648,Intel Corporation,Cryptographic Module for Intel® Platforms' Security Engine Chipset,No PQC Mechanisms Detected,FIPS 140-3 L1,deprecated,2023-10-26,https://csrc.nist.gov/projects/cryptographic-module-validation-program/certificate/4648,2026-06-02,not in regen,,,,
Intel Stratix 10 (Secure),,FIPS 140-3,4749,Intel Corporation,Crypto Module for Intel® Alder Point PCH Converged Security and Manageability Engine (CSME),No PQC Mechanisms Detected,FIPS 140-3 L2,deprecated,2024-08-02,https://csrc.nist.gov/projects/cryptographic-module-validation-program/certificate/4749,2026-06-02,not in regen,,,,
Intel Stratix 10 (Secure),,FIPS 140-3,5032,Intel Corporation,Intel® QuickAssist Technology (QAT) Provider,No PQC Mechanisms Detected,FIPS 140-3 L1,deprecated,2025-06-26,https://csrc.nist.gov/projects/cryptographic-module-validation-program/certificate/5032,2026-06-02,not in regen,,,,
Intel Stratix 10 (Secure),,FIPS 140-3,5267,Intel Corporation,Intel FNIC Control Plane Cryptographic Module,No PQC Mechanisms Detected,FIPS 140-3 L1,deprecated,2026-05-13,https://csrc.nist.gov/projects/cryptographic-module-validation-program/certificate/5267,2026-06-02,not in regen,,,,
Intel TDX (Trust Domain Extensions),intel-tdx-trust-domain-extensions,ACVP,A7332,Intel Corporation,liboqs,"ML-DSA, ML-KEM",,deprecated,2025-08-14,https://csrc.nist.gov/projects/cryptographic-algorithm-validation-program/details?product=20098,2026-06-06,not in regen,,,,2026-07-09
Intel TDX (Trust Domain Extensions),intel-tdx-trust-domain-extensions,FIPS 140-3,4648,Intel Corporation,Cryptographic Module for Intel® Platforms' Security Engine Chipset,No PQC Mechanisms Detected,FIPS 140-3 L1,deprecated,2023-10-26,https://csrc.nist.gov/projects/cryptographic-module-validation-program/certificate/4648,2026-05-16,not in regen,,,,2026-07-09
Intel TDX (Trust Domain Extensions),intel-tdx-trust-domain-extensions,FIPS 140-3,4749,Intel Corporation,Crypto Module for Intel® Alder Point PCH Converged Security and Manageability Engine (CSME),No PQC Mechanisms Detected,FIPS 140-3 L2,deprecated,2024-08-02,https://csrc.nist.gov/projects/cryptographic-module-validation-program/certificate/4749,2026-06-06,not in regen,,,,2026-07-09
Intel TDX (Trust Domain Extensions),intel-tdx-trust-domain-extensions,FIPS 140-3,5032,Intel Corporation,Intel® QuickAssist Technology (QAT) Provider,No PQC Mechanisms Detected,FIPS 140-3 L1,deprecated,2025-06-26,https://csrc.nist.gov/projects/cryptographic-module-validation-program/certificate/5032,2026-06-06,not in regen,,,,2026-07-09
Intel TDX (Trust Domain Extensions),intel-tdx-trust-domain-extensions,FIPS 140-3,5267,Intel Corporation,Intel FNIC Control Plane Cryptographic Module,No PQC Mechanisms Detected,FIPS 140-3 L1,deprecated,2026-05-13,https://csrc.nist.gov/projects/cryptographic-module-validation-program/certificate/5267,2026-06-06,not in regen,,,,2026-07-09
Jmem PUF-Embedded Quantum-Safe PQCryptoEngine,Jmem-PUF-Embedded-Quantum-Safe-PQCryptoE,ACVP,A7290,Jmem Technology,PUF-Embedded Quantum-Safe PQCryptoEngine,"ML-DSA, ML-KEM",,Active,2025-07-31,https://csrc.nist.gov/projects/cryptographic-algorithm-validation-program/details?product=20059,,,,,,
Juniper Junos OS,juniper-junos-os,FIPS 140-3,4961,"Juniper Networks, Inc.",Juniper Networks PTX10008 and PTX10016 Packet Transport Routers,No PQC Mechanisms Detected,FIPS 140-3 L1,deprecated,2025-02-07,https://csrc.nist.gov/projects/cryptographic-module-validation-program/certificate/4961,2026-06-04,not in regen,,,,2026-07-09
Juniper Junos OS,juniper-junos-os,FIPS 140-3,4960,"Juniper Networks, Inc.",Juniper Networks PTX1000 Packet Transport Router,No PQC Mechanisms Detected,FIPS 140-3 L1,deprecated,2025-02-07,https://csrc.nist.gov/projects/cryptographic-module-validation-program/certificate/4960,2026-05-16,not in regen,,,,2026-07-09
Juniper Junos OS,juniper-junos-os,FIPS 140-3,5118,"Juniper Networks, Inc.",Juniper Networks MX304 and EX4100 with MACsec,No PQC Mechanisms Detected,FIPS 140-3 L1,deprecated,2026-01-09,https://csrc.nist.gov/projects/cryptographic-module-validation-program/certificate/5118,2026-06-04,not in regen,,,,2026-07-09
Juniper Junos OS,juniper-junos-os,FIPS 140-3,5136,Juniper Networks,"Juniper Networks EX, QFX and ACX Series with MACsec",No PQC Mechanisms Detected,FIPS 140-3 L1,deprecated,2026-01-15,https://csrc.nist.gov/projects/cryptographic-module-validation-program/certificate/5136,2026-06-04,not in regen,,,,2026-07-09
Juniper Junos OS,juniper-junos-os,FIPS 140-3,5134,"Juniper Networks, Inc.",Juniper Networks MX Series 3D Universal Edge Routers,No PQC Mechanisms Detected,FIPS 140-3 L1,deprecated,2026-01-15,https://csrc.nist.gov/projects/cryptographic-module-validation-program/certificate/5134,2026-06-04,not in regen,,,,2026-07-09
Juniper Junos OS,juniper-junos-os,FIPS 140-3,5266,"Juniper Networks, Inc.","Juniper Networks MX240, MX480 and MX960 series and EX9204, EX9208, EX9214 Ethernet Switches, Junos OS 22.3R1",No PQC Mechanisms Detected,FIPS 140-3 L1,deprecated,2026-05-13,https://csrc.nist.gov/projects/cryptographic-module-validation-program/certificate/5266,2026-07-20,not in regen,,,,
Juniper Junos OS,juniper-junos-os,FIPS 140-3,5281,"Juniper Networks, Inc.","Juniper Networks EX2300, EX2300-C and EX3400 Ethernet Switches",No PQC Mechanisms Detected,FIPS 140-3 L1,deprecated,2026-05-20,https://csrc.nist.gov/projects/cryptographic-module-validation-program/certificate/5281,2026-06-06,not in regen,,,,2026-07-09
Juniper Junos OS,juniper-junos-os,FIPS 140-3,5279,"Juniper Networks, Inc.",Juniper Networks MX10003 3D Universal Edge Router,No PQC Mechanisms Detected,FIPS 140-3 L1,deprecated,2026-05-20,https://csrc.nist.gov/projects/cryptographic-module-validation-program/certificate/5279,2026-06-06,not in regen,,,,2026-07-09
Juniper Junos OS,juniper-junos-os,FIPS 140-3,5278,"Juniper Networks, Inc.","Juniper Networks MX240, MX480 and MX960 series and EX9204, EX9208, EX9214 Ethernet Switches, Release 23.4R1.9",No PQC Mechanisms Detected,FIPS 140-3 L1,deprecated,2026-05-20,https://csrc.nist.gov/projects/cryptographic-module-validation-program/certificate/5278,2026-06-06,not in regen,,,,2026-07-09
Juniper Junos OS,juniper-junos-os,FIPS 140-3,5277,"Juniper Networks, Inc.",Juniper Networks MX2010 and MX2020 3D Universal Edge Routers,No PQC Mechanisms Detected,FIPS 140-3 L1,deprecated,2026-05-20,https://csrc.nist.gov/projects/cryptographic-module-validation-program/certificate/5277,2026-06-06,not in regen,,,,2026-07-09
Juniper Junos OS,juniper-junos-os,FIPS 140-3,5400,"Juniper Networks, Inc.",Junos® OS Evolved OpenSSL Cryptographic Module,No PQC Mechanisms Detected,FIPS 140-3 L1,Active,2026-07-20,https://csrc.nist.gov/projects/cryptographic-module-validation-program/certificate/5400,,,,,,
Juniper Junos OS,juniper-junos-os,FIPS 140-3,5490,"Juniper Networks, Inc.",Junos® OS Evolved MACsec Cryptographic Library,No PQC Mechanisms Detected,FIPS 140-3 L1,Active,2026-08-17,https://csrc.nist.gov/projects/cryptographic-module-validation-program/certificate/5490,,,,,,
Juniper SRX Series Firewalls,juniper-srx-series-firewalls,FIPS 140-3,4625,"Juniper Networks, Inc","Juniper Networks SRX345, SRX345-DUAL-AC, SRX380 and SRX1500 Services Gateway",No PQC Mechanisms Detected,FIPS 140-3 L2,deprecated,2023-10-04,https://csrc.nist.gov/projects/cryptographic-module-validation-program/certificate/4625,2026-06-06,not in regen,,,,2026-07-09
Juniper SRX Series Firewalls,juniper-srx-series-firewalls,FIPS 140-3,5119,"Juniper Networks, Inc.",Juniper Networks EX4100,No PQC Mechanisms Detected,FIPS 140-3 L1,deprecated,2026-01-09,https://csrc.nist.gov/projects/cryptographic-module-validation-program/certificate/5119,2026-05-16,not in regen,,,,2026-07-09
Juniper SRX Series Firewalls,juniper-srx-series-firewalls,FIPS 140-3,5135,Juniper Networks,"Juniper Networks EX, QFX and ACX Series",No PQC Mechanisms Detected,FIPS 140-3 L1,deprecated,2026-01-15,https://csrc.nist.gov/projects/cryptographic-module-validation-program/certificate/5135,2026-09-01,not in regen,,,,
Juniper SRX Series Firewalls,juniper-srx-series-firewalls,FIPS 140-3,5141,"Juniper Networks, Inc",Juniper Networks SRX Series Services Gateways,No PQC Mechanisms Detected,FIPS 140-3 L2,Active,2026-01-18,https://csrc.nist.gov/projects/cryptographic-module-validation-program/certificate/5141,,,,,,
Juniper SRX Series Firewalls,juniper-srx-series-firewalls,FIPS 140-3,5150,"Juniper Networks, Inc.",Juniper Networks vSRX 3.0 Virtual Firewall,No PQC Mechanisms Detected,FIPS 140-3 L1,deprecated,2026-01-28,https://csrc.nist.gov/projects/cryptographic-module-validation-program/certificate/5150,2026-06-06,not in regen,,,,2026-07-09
Juniper SRX Series Firewalls,juniper-srx-series-firewalls,FIPS 140-3,5265,"Juniper Networks, Inc.",Juniper Networks NFX350 Network Services Platform,No PQC Mechanisms Detected,FIPS 140-3 L1,deprecated,2026-05-13,https://csrc.nist.gov/projects/cryptographic-module-validation-program/certificate/5265,2026-06-06,not in regen,,,,2026-07-09
KIOXIA FIPS TC58NC1137GTC Crypto Sub-Chip Class A1,KIOXIA-FIPS-TC58NC1137GTC-Crypto-Sub-Chi,FIPS 140-3,4786,KIOXIA Corporation,KIOXIA TCG OPAL SSC Crypto Sub-Chip TC58NC1132GTC,No PQC Mechanisms Detected,FIPS 140-3 L2,deprecated,2024-09-03,https://csrc.nist.gov/projects/cryptographic-module-validation-program/certificate/4786,2026-07-30,not in regen,,,,
KIOXIA FIPS TC58NC1137GTC Crypto Sub-Chip Class A1,KIOXIA-FIPS-TC58NC1137GTC-Crypto-Sub-Chi,FIPS 140-3,4826,KIOXIA Corporation,KIOXIA FIPS TC58NC1137GTC/TC58NC1138GTC Crypto Sub-Chip,No PQC Mechanisms Detected,FIPS 140-3 L2,Active,2024-10-07,https://csrc.nist.gov/projects/cryptographic-module-validation-program/certificate/4826,,,,,,
KIOXIA FIPS TC58NC1137GTC Crypto Sub-Chip Class A1,KIOXIA-FIPS-TC58NC1137GTC-Crypto-Sub-Chi,FIPS 140-3,4946,KIOXIA Corporation,KIOXIA FIPS TC58NC1030GTB Crypto Sub-Chip,No PQC Mechanisms Detected,FIPS 140-3 L2,Active,2025-01-19,https://csrc.nist.gov/projects/cryptographic-module-validation-program/certificate/4946,,,,,,
KIOXIA FIPS TC58NC1137GTC Crypto Sub-Chip Class A1,KIOXIA-FIPS-TC58NC1137GTC-Crypto-Sub-Chi,FIPS 140-3,4984,KIOXIA Corporation,KIOXIA FIPS TC58NC1132GTC Crypto Sub-Chip,No PQC Mechanisms Detected,FIPS 140-3 L2,Active,2025-03-06,https://csrc.nist.gov/projects/cryptographic-module-validation-program/certificate/4984,,,,,,
KIOXIA FIPS TC58NC1137GTC Crypto Sub-Chip Class A1,KIOXIA-FIPS-TC58NC1137GTC-Crypto-Sub-Chi,FIPS 140-3,5416,KIOXIA Corporation,KIOXIA FIPS TC58NC1137GTC Crypto Sub-Chip Class A1,LMS,FIPS 140-3 L2,Active,2026-07-14,https://csrc.nist.gov/projects/cryptographic-module-validation-program/certificate/5416,,,,,,
KIOXIA FIPS TC58NC1137GTC Crypto Sub-Chip Class A1,KIOXIA-FIPS-TC58NC1137GTC-Crypto-Sub-Chi,FIPS 140-3,5454,KIOXIA Corporation,KIOXIA FIPS TC58NC1137GTC/TC58NC1138GTC Crypto Sub-Chip Class B1,No PQC Mechanisms Detected,FIPS 140-3 L1,Active,2026-07-29,https://csrc.nist.gov/projects/cryptographic-module-validation-program/certificate/5454,,,,,,
Kaseya FIPS Cryptographic Module for Java,Kaseya-FIPS-Cryptographic-Module-for-Jav,FIPS 140-3,5210,Kaseya US LLC,Kaseya FIPS Cryptographic Module for Java,"LMS, HSS",FIPS 140-3 L1,Active,2026-03-26,https://csrc.nist.gov/projects/cryptographic-module-validation-program/certificate/5210,,,,,,
Kiteworks PQC File Sharing,kiteworks-pqc-file-sharing,FIPS 140-3,4893,Kiteworks (Accellion Inc.),Kiteworks FIPS Module,No PQC Mechanisms Detected,FIPS 140-3 L1,deprecated,2024-11-20,https://csrc.nist.gov/projects/cryptographic-module-validation-program/certificate/4893,2026-06-06,not in regen,,,,2026-07-09
Kiteworks PQC File Sharing,kiteworks-pqc-file-sharing,FIPS 140-3,4980,Kiteworks,Kiteworks Cryptographic Module,No PQC Mechanisms Detected,FIPS 140-3 L1,deprecated,2025-03-03,https://csrc.nist.gov/projects/cryptographic-module-validation-program/certificate/4980,2026-06-06,not in regen,,,,2026-07-09
Kloudfuse Java Cryptographic Module,Kloudfuse-Java-Cryptographic-Module,FIPS 140-3,5209,Kloudfuse Inc,Kloudfuse Java Cryptographic Module,"HSS, LMS",FIPS 140-3 L1,Active,2026-03-26,https://csrc.nist.gov/projects/cryptographic-module-validation-program/certificate/5209,,,,,,
Kryptus kNET HSM PQC,kryptus-knet-hsm-pqc,FIPS 140-3,5282,Kryptus,ASI-HSM AHX5 kNET Cryptographic Module,"ML-DSA, ML-KEM",FIPS 140-3 L3,Active,2026-05-20,https://csrc.nist.gov/projects/cryptographic-module-validation-program/certificate/5282,,,,,,
Kubernetes,kubernetes,FIPS 140-3,5325,SUSE LLC,SUSE Rancher Kubernetes Cryptographic Library,ML-KEM,FIPS 140-3 L1,Active,2026-06-10,https://csrc.nist.gov/projects/cryptographic-module-validation-program/certificate/5325,,,,,,
LS2 HSM Family,LS2-HSM-Family,FIPS 140-3,5220,JISA Softech Private Limited,LS2 HSM Family,"ML-KEM, ML-DSA",FIPS 140-3 L3,Active,2026-04-01,https://csrc.nist.gov/projects/cryptographic-module-validation-program/certificate/5220,,,,,,
LS2 HSM Family,LS2-HSM-Family,FIPS 140-3,5502,"Marvell Semiconductor, Inc.",Marvell LS2 HSM Family,"ML-KEM, ML-DSA",FIPS 140-3 L3,Active,2026-08-25,https://csrc.nist.gov/projects/cryptographic-module-validation-program/certificate/5502,,,,,,
Libpqsecure-rs,Libpqsecure-rs,ACVP,A6936,"PQSecure Technologies, LLC",libpqsecure,"LMS, ML-DSA, ML-KEM, SLH-DSA",,Active,2025-05-20,https://csrc.nist.gov/projects/cryptographic-algorithm-validation-program/details?product=19682,,,,,,
Libpqsecure-rs,Libpqsecure-rs,ACVP,A7616,"PQSecure Technologies, LLC",Libpqsecure-rs,"LMS, ML-DSA, ML-KEM, SLH-DSA",,Active,2025-10-29,https://csrc.nist.gov/projects/cryptographic-algorithm-validation-program/details?product=20431,,,,,,
Marvell LiquidSecurity 2,marvell-liquidsecurity-2,ACVP,A6877,"Marvell Semiconductor, Inc.",LS2-OQS-Crypto,"ML-DSA, ML-KEM",,deprecated,2025-05-01,https://csrc.nist.gov/projects/cryptographic-algorithm-validation-program/details?product=19612,2026-06-06,not in regen,,,,2026-07-09
Marvell LiquidSecurity 2,marvell-liquidsecurity-2,ACVP,A8465,"Marvell Semiconductor, Inc.",LS2-OQS-Crypto,ML-DSA,,deprecated,2026-06-03,https://csrc.nist.gov/projects/cryptographic-algorithm-validation-program/details?product=21213,2026-06-06,not in regen,,,,2026-07-09
Marvell LiquidSecurity 2,marvell-liquidsecurity-2,Common Criteria,cc-marvell-ls2-hsm-hardware-version--cn9310410-03-c-firmware-version--marvell-ls2-fw-10-24-0780-bootloader-version--marvell-ls2-uboot-10-24-0702-r01-sb-or-marvell-ls2-uboot-10-24-0702-r02-sb-b3d6e815,"Marvell Semiconductor, Inc (Scheme: NL)",Marvell LS2 HSM Hardware version: CN9310410-03 C Firmware version: MARVELL-LS2-FW-10.24-0780 Bootloader version: MARVELL-LS2-UBOOT-10.24-0702-R01-SB or MARVELL-LS2-UBOOT-10.24-0702-R02-SB,"ML-KEM, ML-DSA","EAL4+,ALC_FLR.3,AVA_VAN.5",deprecated,2026-02-23,https://commoncriteriaportal.org/files/epfiles/NSCIB-CC-2400151-01-ST.pdf,2026-05-10,not in regen,pqc_cert_present,url_needs_review,CMVP #cc-marvell-ls2-hsm-hardware-version--cn9310410-03-c-firmware-version--marvell-ls2-fw-10-24-0780-bootloader-version--marvell-ls2-uboot-10-24-0702-r01-sb-or-marvell-ls2-uboot-10-24-0702-r02-sb-psm2: PQC mechanisms detected. Verify algorithms at https://csrc.nist.gov/projects/cryptographic-module-validation-program/certificate/cc-marvell-ls2-hsm-hardware-version--cn9310410-03-c-firmware-version--marvell-ls2-fw-10-24-0780-bootloader-version--marvell-ls2-uboot-10-24-0702-r01-sb-or-marvell-ls2-uboot-10-24-0702-r02-sb-psm2,2026-05-06
Marvell LiquidSecurity 2,marvell-liquidsecurity-2,FIPS 140-3,4700,"Marvell Semiconductor, Inc.",NITROXIII CNN35XX-NFBE HSM Family,No PQC Mechanisms Detected,FIPS 140-3 L3,deprecated,2024-05-30,https://csrc.nist.gov/projects/cryptographic-module-validation-program/certificate/4700,2026-06-06,not in regen,,,,2026-07-09
Marvell LiquidSecurity 2,marvell-liquidsecurity-2,FIPS 140-3,4703,"Marvell Semiconductor, Inc.",Marvell LS2 HSM Family,No PQC Mechanisms Detected,FIPS 140-3 L3,deprecated,2024-06-06,https://csrc.nist.gov/projects/cryptographic-module-validation-program/certificate/4703,2026-06-06,not in regen,,,,2026-07-09
Microsoft AD CS,microsoft-ad-cs,FIPS 140-3,4766,Microsoft Corporation,Kernel Mode Cryptographic Primitives Library,No PQC Mechanisms Detected,FIPS 140-3 L1,deprecated,2024-08-19,https://csrc.nist.gov/projects/cryptographic-module-validation-program/certificate/4766,2026-06-06,not in regen,,,,2026-07-09
Microsoft AD CS,microsoft-ad-cs,FIPS 140-3,4825,Microsoft Corporation,Cryptographic Primitives Library,No PQC Mechanisms Detected,FIPS 140-3 L1,deprecated,2024-10-07,https://csrc.nist.gov/projects/cryptographic-module-validation-program/certificate/4825,2026-06-06,not in regen,,,,2026-07-09
Microsoft Azure,microsoft-azure,FIPS 140-3,4766,Microsoft Corporation,Kernel Mode Cryptographic Primitives Library,No PQC Mechanisms Detected,FIPS 140-3 L1,deprecated,2024-08-19,https://csrc.nist.gov/projects/cryptographic-module-validation-program/certificate/4766,2026-06-06,not in regen,,,,2026-07-09
Microsoft Azure,microsoft-azure,FIPS 140-3,4825,Microsoft Corporation,Cryptographic Primitives Library,No PQC Mechanisms Detected,FIPS 140-3 L1,deprecated,2024-10-07,https://csrc.nist.gov/projects/cryptographic-module-validation-program/certificate/4825,2026-06-06,not in regen,,,,2026-07-09
Microsoft Defender for Endpoint,microsoft-defender-for-endpoint,FIPS 140-3,4766,Microsoft Corporation,Kernel Mode Cryptographic Primitives Library,No PQC Mechanisms Detected,FIPS 140-3 L1,deprecated,2024-08-19,https://csrc.nist.gov/projects/cryptographic-module-validation-program/certificate/4766,2026-06-06,not in regen,,,,2026-07-09
Microsoft Defender for Endpoint,microsoft-defender-for-endpoint,FIPS 140-3,4825,Microsoft Corporation,Cryptographic Primitives Library,No PQC Mechanisms Detected,FIPS 140-3 L1,deprecated,2024-10-07,https://csrc.nist.gov/projects/cryptographic-module-validation-program/certificate/4825,2026-06-06,not in regen,,,,2026-07-09
Microsoft Edge,microsoft-edge,FIPS 140-3,4766,Microsoft Corporation,Kernel Mode Cryptographic Primitives Library,No PQC Mechanisms Detected,FIPS 140-3 L1,deprecated,2024-08-19,https://csrc.nist.gov/projects/cryptographic-module-validation-program/certificate/4766,2026-06-06,not in regen,,,,2026-07-09
Microsoft Edge,microsoft-edge,FIPS 140-3,4825,Microsoft Corporation,Cryptographic Primitives Library,No PQC Mechanisms Detected,FIPS 140-3 L1,deprecated,2024-10-07,https://csrc.nist.gov/projects/cryptographic-module-validation-program/certificate/4825,2026-06-06,not in regen,,,,2026-07-09
Microsoft Entra External ID,microsoft-entra-external-id,FIPS 140-3,4766,Microsoft Corporation,Kernel Mode Cryptographic Primitives Library,No PQC Mechanisms Detected,FIPS 140-3 L1,deprecated,2024-08-19,https://csrc.nist.gov/projects/cryptographic-module-validation-program/certificate/4766,2026-06-06,not in regen,,,,2026-07-09
Microsoft Entra External ID,microsoft-entra-external-id,FIPS 140-3,4825,Microsoft Corporation,Cryptographic Primitives Library,No PQC Mechanisms Detected,FIPS 140-3 L1,deprecated,2024-10-07,https://csrc.nist.gov/projects/cryptographic-module-validation-program/certificate/4825,2026-06-06,not in regen,,,,2026-07-09
Microsoft Entra ID,microsoft-entra-id,FIPS 140-3,4766,Microsoft Corporation,Kernel Mode Cryptographic Primitives Library,No PQC Mechanisms Detected,FIPS 140-3 L1,deprecated,2024-08-19,https://csrc.nist.gov/projects/cryptographic-module-validation-program/certificate/4766,2026-06-06,not in regen,,,,2026-07-09
Microsoft Entra ID,microsoft-entra-id,FIPS 140-3,4825,Microsoft Corporation,Cryptographic Primitives Library,No PQC Mechanisms Detected,FIPS 140-3 L1,deprecated,2024-10-07,https://csrc.nist.gov/projects/cryptographic-module-validation-program/certificate/4825,2026-06-06,not in regen,,,,2026-07-09
Microsoft Entra Verified ID,microsoft-entra-verified-id,FIPS 140-3,4766,Microsoft Corporation,Kernel Mode Cryptographic Primitives Library,No PQC Mechanisms Detected,FIPS 140-3 L1,deprecated,2024-08-19,https://csrc.nist.gov/projects/cryptographic-module-validation-program/certificate/4766,2026-06-06,not in regen,,,,2026-07-09
Microsoft Entra Verified ID,microsoft-entra-verified-id,FIPS 140-3,4825,Microsoft Corporation,Cryptographic Primitives Library,No PQC Mechanisms Detected,FIPS 140-3 L1,deprecated,2024-10-07,https://csrc.nist.gov/projects/cryptographic-module-validation-program/certificate/4825,2026-06-06,not in regen,,,,2026-07-09
Microsoft Hyper-V,microsoft-hyper-v,FIPS 140-3,4766,Microsoft Corporation,Kernel Mode Cryptographic Primitives Library,No PQC Mechanisms Detected,FIPS 140-3 L1,deprecated,2024-08-19,https://csrc.nist.gov/projects/cryptographic-module-validation-program/certificate/4766,2026-06-06,not in regen,,,,2026-07-09
Microsoft Hyper-V,microsoft-hyper-v,FIPS 140-3,4825,Microsoft Corporation,Cryptographic Primitives Library,No PQC Mechanisms Detected,FIPS 140-3 L1,deprecated,2024-10-07,https://csrc.nist.gov/projects/cryptographic-module-validation-program/certificate/4825,2026-06-06,not in regen,,,,2026-07-09
Microsoft IIS 11,,FIPS 140-3,4766,Microsoft Corporation,Kernel Mode Cryptographic Primitives Library,No PQC Mechanisms Detected,FIPS 140-3 L1,deprecated,2024-08-19,https://csrc.nist.gov/projects/cryptographic-module-validation-program/certificate/4766,2026-06-02,not in regen,,,,
Microsoft IIS 11,,FIPS 140-3,4825,Microsoft Corporation,Cryptographic Primitives Library,No PQC Mechanisms Detected,FIPS 140-3 L1,deprecated,2024-10-07,https://csrc.nist.gov/projects/cryptographic-module-validation-program/certificate/4825,2026-06-02,not in regen,,,,
Microsoft Intune,microsoft-intune,FIPS 140-3,4766,Microsoft Corporation,Kernel Mode Cryptographic Primitives Library,No PQC Mechanisms Detected,FIPS 140-3 L1,deprecated,2024-08-19,https://csrc.nist.gov/projects/cryptographic-module-validation-program/certificate/4766,2026-06-06,not in regen,,,,2026-07-09
Microsoft Intune,microsoft-intune,FIPS 140-3,4825,Microsoft Corporation,Cryptographic Primitives Library,No PQC Mechanisms Detected,FIPS 140-3 L1,deprecated,2024-10-07,https://csrc.nist.gov/projects/cryptographic-module-validation-program/certificate/4825,2026-06-06,not in regen,,,,2026-07-09
Microsoft Outlook S/MIME,,FIPS 140-3,4766,Microsoft Corporation,Kernel Mode Cryptographic Primitives Library,No PQC Mechanisms Detected,FIPS 140-3 L1,deprecated,2024-08-19,https://csrc.nist.gov/projects/cryptographic-module-validation-program/certificate/4766,2026-06-02,not in regen,,,,
Microsoft Outlook S/MIME,,FIPS 140-3,4825,Microsoft Corporation,Cryptographic Primitives Library,No PQC Mechanisms Detected,FIPS 140-3 L1,deprecated,2024-10-07,https://csrc.nist.gov/projects/cryptographic-module-validation-program/certificate/4825,2026-06-02,not in regen,,,,
Microsoft PQCrypto-LWEKE,microsoft-pqcrypto-lweke,FIPS 140-3,4766,Microsoft Corporation,Kernel Mode Cryptographic Primitives Library,No PQC Mechanisms Detected,FIPS 140-3 L1,deprecated,2024-08-19,https://csrc.nist.gov/projects/cryptographic-module-validation-program/certificate/4766,2026-06-06,not in regen,,,,2026-07-09
Microsoft PQCrypto-LWEKE,microsoft-pqcrypto-lweke,FIPS 140-3,4825,Microsoft Corporation,Cryptographic Primitives Library,No PQC Mechanisms Detected,FIPS 140-3 L1,deprecated,2024-10-07,https://csrc.nist.gov/projects/cryptographic-module-validation-program/certificate/4825,2026-06-06,not in regen,,,,2026-07-09
Microsoft RDS,microsoft-rds,FIPS 140-3,4766,Microsoft Corporation,Kernel Mode Cryptographic Primitives Library,No PQC Mechanisms Detected,FIPS 140-3 L1,deprecated,2024-08-19,https://csrc.nist.gov/projects/cryptographic-module-validation-program/certificate/4766,2026-06-06,not in regen,,,,2026-07-09
Microsoft RDS,microsoft-rds,FIPS 140-3,4825,Microsoft Corporation,Cryptographic Primitives Library,No PQC Mechanisms Detected,FIPS 140-3 L1,deprecated,2024-10-07,https://csrc.nist.gov/projects/cryptographic-module-validation-program/certificate/4825,2026-06-06,not in regen,,,,2026-07-09
Microsoft Remote Desktop Services (RDS),microsoft-remote-desktop-services-rds,FIPS 140-3,4766,Microsoft Corporation,Kernel Mode Cryptographic Primitives Library,No PQC Mechanisms Detected,FIPS 140-3 L1,deprecated,2024-08-19,https://csrc.nist.gov/projects/cryptographic-module-validation-program/certificate/4766,2026-06-06,not in regen,,,,2026-07-09
Microsoft Remote Desktop Services (RDS),microsoft-remote-desktop-services-rds,FIPS 140-3,4825,Microsoft Corporation,Cryptographic Primitives Library,No PQC Mechanisms Detected,FIPS 140-3 L1,deprecated,2024-10-07,https://csrc.nist.gov/projects/cryptographic-module-validation-program/certificate/4825,2026-06-06,not in regen,,,,2026-07-09
Microsoft SignTool,microsoft-signtool,FIPS 140-3,4457,Microsoft Corporation,TCB Launcher,No PQC Mechanisms Detected,FIPS 140-3 L1,deprecated,2023-03-22,https://csrc.nist.gov/projects/cryptographic-module-validation-program/certificate/4457,2026-06-06,not in regen,,,,2026-07-09
Microsoft SignTool,microsoft-signtool,FIPS 140-3,4546,Microsoft Corporation,Boot Manager,No PQC Mechanisms Detected,FIPS 140-3 L1,deprecated,2023-06-30,https://csrc.nist.gov/projects/cryptographic-module-validation-program/certificate/4546,2026-06-06,not in regen,,,,2026-07-09
Microsoft SignTool,microsoft-signtool,FIPS 140-3,4545,Microsoft Corporation,Windows OS Loader,No PQC Mechanisms Detected,FIPS 140-3 L1,deprecated,2023-06-30,https://csrc.nist.gov/projects/cryptographic-module-validation-program/certificate/4545,2026-06-06,not in regen,,,,2026-07-09
Microsoft SignTool,microsoft-signtool,FIPS 140-3,4602,Microsoft Corporation,Code Integrity,No PQC Mechanisms Detected,FIPS 140-3 L1,deprecated,2023-09-20,https://csrc.nist.gov/projects/cryptographic-module-validation-program/certificate/4602,2026-06-06,not in regen,,,,2026-07-09
Microsoft SignTool,microsoft-signtool,FIPS 140-3,4640,Microsoft Corporation,Secure Kernel Code Integrity,No PQC Mechanisms Detected,FIPS 140-3 L1,deprecated,2023-10-23,https://csrc.nist.gov/projects/cryptographic-module-validation-program/certificate/4640,2026-06-06,not in regen,,,,2026-07-09
Microsoft SymCrypt,microsoft-symcrypt,FIPS 140-3,4766,Microsoft Corporation,Kernel Mode Cryptographic Primitives Library,No PQC Mechanisms Detected,FIPS 140-3 L1,deprecated,2024-08-19,https://csrc.nist.gov/projects/cryptographic-module-validation-program/certificate/4766,2026-06-06,not in regen,,,,2026-07-09
Microsoft SymCrypt,microsoft-symcrypt,FIPS 140-3,4825,Microsoft Corporation,Cryptographic Primitives Library,No PQC Mechanisms Detected,FIPS 140-3 L1,deprecated,2024-10-07,https://csrc.nist.gov/projects/cryptographic-module-validation-program/certificate/4825,2026-06-06,not in regen,,,,2026-07-09
Microsoft SymCrypt,microsoft-symcrypt,FIPS 140-3,5313,Microsoft Corporation,Microsoft SymCrypt Cryptographic Library,"ML-KEM, ML-DSA, LMS, XMSS",FIPS 140-3 L1,Active,2026-06-05,https://csrc.nist.gov/projects/cryptographic-module-validation-program/certificate/5313,,,,,,
Microsoft Teams / Premium,,FIPS 140-3,4766,Microsoft Corporation,Kernel Mode Cryptographic Primitives Library,No PQC Mechanisms Detected,FIPS 140-3 L1,deprecated,2024-08-19,https://csrc.nist.gov/projects/cryptographic-module-validation-program/certificate/4766,2026-06-02,not in regen,,,,
Microsoft Teams / Premium,,FIPS 140-3,4825,Microsoft Corporation,Cryptographic Primitives Library,No PQC Mechanisms Detected,FIPS 140-3 L1,deprecated,2024-10-07,https://csrc.nist.gov/projects/cryptographic-module-validation-program/certificate/4825,2026-06-02,not in regen,,,,
Minimus Cryptographic Module for Java,Minimus-Cryptographic-Module-for-Java,FIPS 140-3,5142,Minimus,Minimus Cryptographic Module for Java,"HSS, LMS",FIPS 140-3 L1,Active,2026-01-20,https://csrc.nist.gov/projects/cryptographic-module-validation-program/certificate/5142,,,,,,
Minimus Cryptographic Module for Java,Minimus-Cryptographic-Module-for-Java,FIPS 140-3,5177,Minimus,Minimus Cryptographic Module,No PQC Mechanisms Detected,FIPS 140-3 L1,Active,2026-03-10,https://csrc.nist.gov/projects/cryptographic-module-validation-program/certificate/5177,,,,,,
N-able FIPS Cryptographic Module Java 140-3,N-able-FIPS-Cryptographic-Module-Java-14,FIPS 140-3,5211,N-able Technologies Inc.,N-able FIPS Cryptographic Module Java 140-3,"LMS, HSS",FIPS 140-3 L1,Active,2026-03-26,https://csrc.nist.gov/projects/cryptographic-module-validation-program/certificate/5211,,,,,,
NEC 5G Core,nec-5g-core,FIPS 140-3,4236,NEC Corporation,NEC Storage Encryption Board for SAS,No PQC Mechanisms Detected,FIPS 140-3 L2,deprecated,2022-05-25,https://csrc.nist.gov/projects/cryptographic-module-validation-program/certificate/4236,2026-06-06,not in regen,,,,2026-07-09
NESLIB Cryptographic Library (incl. NesLib_PQML),neslib-cryptographic-library-incl-neslib-pqml,Common Criteria,cc-cryptographic-library-neslib-6-11-6-and-neslib-pqml-1-0-3-on-st33k1m5a-and-st33k1m5m-b04version---6-11-6---1-0-3---b04--eucc-3090-2026-19--af664fa0,STMicroelectronics (Scheme: FR),Cryptographic library NesLib 6.11.6 and NesLib_PQML 1.0.3 on ST33K1M5A and ST33K1M5M B04Version : 6.11.6 & 1.0.3 / B04 (EUCC-3090-2026-19),"ML-KEM, LMS",,deprecated,2026-04-26,https://commoncriteriaportal.org/files/epfiles/EUCC-3090-2026-19-cible.pdf,2026-07-13,not in regen,pqc_cert_present,url_authoritative,Added 2026-07-12 (product-cert review): STMicroelectronics EUCC cert explicitly names both 'NesLib' and 'NesLib_PQML' with real ML-KEM+LMS coverage -- newer cert than the pre-PQC NesLib records found in an earlier manual search pass.,2026-07-12
NXP EdgeLock SE051H,nxp-edgelock-se051h,FIPS 140-3,4679,"NXP Semiconductors, Inc.",JCOP 4.5 on P71D600,No PQC Mechanisms Detected,FIPS 140-3 L3,deprecated,2024-03-11,https://csrc.nist.gov/projects/cryptographic-module-validation-program/certificate/4679,2026-06-06,not in regen,,,,2026-07-09
NXP EdgeLock SE051H,nxp-edgelock-se051h,FIPS 140-3,4839,"NXP Semiconductors, Inc.",i.MX8 DXL V2X,No PQC Mechanisms Detected,FIPS 140-3 L3,deprecated,2024-10-16,https://csrc.nist.gov/projects/cryptographic-module-validation-program/certificate/4839,2026-06-06,not in regen,,,,2026-07-09
NXP EdgeLock SE051H,nxp-edgelock-se051h,FIPS 140-3,5139,"NXP Semiconductors, Inc.",SE052F,No PQC Mechanisms Detected,FIPS 140-3 L3,deprecated,2026-01-16,https://csrc.nist.gov/projects/cryptographic-module-validation-program/certificate/5139,2026-06-06,not in regen,,,,2026-07-09
NXP JCOP 4.5 P71D600,nxp-jcop-4-5-p71d600,FIPS 140-3,4679,"NXP Semiconductors, Inc.",JCOP 4.5 on P71D600,No PQC Mechanisms Detected,FIPS 140-3 L3,Active,2024-03-11,https://csrc.nist.gov/projects/cryptographic-module-validation-program/certificate/4679,,,,,,
NXP JCOP 4.5 P71D600,nxp-jcop-4-5-p71d600,FIPS 140-3,5139,"NXP Semiconductors, Inc.",SE052F,No PQC Mechanisms Detected,FIPS 140-3 L3,deprecated,2026-01-16,https://csrc.nist.gov/projects/cryptographic-module-validation-program/certificate/5139,2026-06-06,not in regen,,,,2026-07-09
NXP OrangeBox 2.0 PQC,nxp-orangebox-2-0-pqc,FIPS 140-3,4839,"NXP Semiconductors, Inc.",i.MX8 DXL V2X,No PQC Mechanisms Detected,FIPS 140-3 L3,deprecated,2024-10-16,https://csrc.nist.gov/projects/cryptographic-module-validation-program/certificate/4839,2026-06-06,not in regen,,,,2026-07-09
NXP S32K5 Automotive PQC MCU,nxp-s32k5-automotive-pqc-mcu,FIPS 140-3,4839,"NXP Semiconductors, Inc.",i.MX8 DXL V2X,No PQC Mechanisms Detected,FIPS 140-3 L3,deprecated,2024-10-16,https://csrc.nist.gov/projects/cryptographic-module-validation-program/certificate/4839,2026-06-06,not in regen,,,,2026-07-09
NXP SE050 Secure Element,,FIPS 140-3,4679,"NXP Semiconductors, Inc.",JCOP 4.5 on P71D600,No PQC Mechanisms Detected,FIPS 140-3 L3,deprecated,2024-03-11,https://csrc.nist.gov/projects/cryptographic-module-validation-program/certificate/4679,2026-06-02,not in regen,,,,
NXP SE050 Secure Element,,FIPS 140-3,5139,"NXP Semiconductors, Inc.",SE052F,No PQC Mechanisms Detected,FIPS 140-3 L3,deprecated,2026-01-16,https://csrc.nist.gov/projects/cryptographic-module-validation-program/certificate/5139,2026-06-02,not in regen,,,,
NXP SE051 Secure Element,nxp-se051-secure-element,FIPS 140-3,4679,"NXP Semiconductors, Inc.",JCOP 4.5 on P71D600,No PQC Mechanisms Detected,FIPS 140-3 L3,deprecated,2024-03-11,https://csrc.nist.gov/projects/cryptographic-module-validation-program/certificate/4679,2026-06-06,not in regen,,,,2026-07-09
NXP SE051 Secure Element,nxp-se051-secure-element,FIPS 140-3,4839,"NXP Semiconductors, Inc.",i.MX8 DXL V2X,No PQC Mechanisms Detected,FIPS 140-3 L3,deprecated,2024-10-16,https://csrc.nist.gov/projects/cryptographic-module-validation-program/certificate/4839,2026-06-06,not in regen,,,,2026-07-09
NXP SE051 Secure Element,nxp-se051-secure-element,FIPS 140-3,5139,"NXP Semiconductors, Inc.",SE052F,No PQC Mechanisms Detected,FIPS 140-3 L3,deprecated,2026-01-16,https://csrc.nist.gov/projects/cryptographic-module-validation-program/certificate/5139,2026-06-06,not in regen,,,,2026-07-09
NXP i.MX 94 PQC Processor,nxp-i-mx-94-pqc-processor,FIPS 140-3,4839,"NXP Semiconductors, Inc.",i.MX8 DXL V2X,No PQC Mechanisms Detected,FIPS 140-3 L3,deprecated,2024-10-16,https://csrc.nist.gov/projects/cryptographic-module-validation-program/certificate/4839,2026-06-06,not in regen,,,,2026-07-09
NetApp ONTAP 9.16,netapp-ontap-9-16,FIPS 140-3,4731,"NetApp, Inc.",NetApp CryptoMod,No PQC Mechanisms Detected,FIPS 140-3 L1,deprecated,2024-07-19,https://csrc.nist.gov/projects/cryptographic-module-validation-program/certificate/4731,2026-05-16,not in regen,,,,2026-07-09
NetApp ONTAP 9.16,netapp-ontap-9-16,FIPS 140-3,4838,"NetApp, Inc.",NetApp Cryptographic Security Module,No PQC Mechanisms Detected,FIPS 140-3 L1,deprecated,2024-10-16,https://csrc.nist.gov/projects/cryptographic-module-validation-program/certificate/4838,2026-06-06,not in regen,,,,2026-07-09
NetApp ONTAP 9.16,netapp-ontap-9-16,FIPS 140-3,5271,"NetApp, Inc.",NetApp CryptoMod,No PQC Mechanisms Detected,FIPS 140-3 L1,deprecated,2026-05-15,https://csrc.nist.gov/projects/cryptographic-module-validation-program/certificate/5271,2026-06-06,not in regen,,,,2026-07-09
Nokia NetGuard,,FIPS 140-3,4552,Nokia Corporation,Nokia 1830 Photonic Service Switch (PSS),No PQC Mechanisms Detected,FIPS 140-3 L2,deprecated,2023-07-19,https://csrc.nist.gov/projects/cryptographic-module-validation-program/certificate/4552,2026-06-02,not in regen,,,,
Nokia NetGuard,,FIPS 140-3,4673,Nokia Corporation,SR-OS Cryptographic Module,No PQC Mechanisms Detected,FIPS 140-3 L1,deprecated,2024-01-18,https://csrc.nist.gov/projects/cryptographic-module-validation-program/certificate/4673,2026-06-02,not in regen,,,,
Nokia NetGuard,,FIPS 140-3,4751,Nokia of America Corporation (Nokia),Nokia 1830 Photonic Service Switch (PSS) R23.3 Nokia 1830 Photonic Service Interconnect – Modular (PSI-M) R23.3,No PQC Mechanisms Detected,FIPS 140-3 L2,deprecated,2024-08-05,https://csrc.nist.gov/projects/cryptographic-module-validation-program/certificate/4751,2026-06-02,not in regen,,,,
Nokia NetGuard,,FIPS 140-3,4860,Nokia of America Corporation (Nokia),Nokia 1830 Photonic Service Switch (PSS) & Nokia 1830 Photonic Service Interconnect- Line (PSI-L),No PQC Mechanisms Detected,FIPS 140-3 L1,deprecated,2024-10-31,https://csrc.nist.gov/projects/cryptographic-module-validation-program/certificate/4860,2026-06-02,not in regen,,,,
Nokia NetGuard,,FIPS 140-3,5064,Nokia Corporation,Infinera G42,No PQC Mechanisms Detected,FIPS 140-3 L1,deprecated,2025-09-22,https://csrc.nist.gov/projects/cryptographic-module-validation-program/certificate/5064,2026-06-02,not in regen,,,,
Nokia Quantum-Safe Networks,nokia-quantum-safe-networks,FIPS 140-3,4449,Nokia XHAUL,Wavence Microwave radio cryptoModule,No PQC Mechanisms Detected,FIPS 140-3 L2,deprecated,2023-03-14,https://csrc.nist.gov/projects/cryptographic-module-validation-program/certificate/4449,2026-06-06,not in regen,,,,2026-07-09
Nokia Quantum-Safe Networks,nokia-quantum-safe-networks,FIPS 140-3,4672,Nokia Corporation,7705 SAR-OS SAR-18/8/X/Ax/Wx/W/H/Hc Control Plane Cryptographic Module (SARCM),No PQC Mechanisms Detected,FIPS 140-3 L1,deprecated,2023-12-14,https://csrc.nist.gov/projects/cryptographic-module-validation-program/certificate/4672,2026-06-06,not in regen,,,,2026-07-09
Nokia Quantum-Safe Networks,nokia-quantum-safe-networks,FIPS 140-3,4671,Nokia Corporation,7705 SAR-OS SAR-A/M Cryptographic Module (SARCM),No PQC Mechanisms Detected,FIPS 140-3 L1,deprecated,2023-12-14,https://csrc.nist.gov/projects/cryptographic-module-validation-program/certificate/4671,2026-06-06,not in regen,,,,2026-07-09
Nokia Quantum-Safe Networks,nokia-quantum-safe-networks,FIPS 140-3,4673,Nokia Corporation,SR-OS Cryptographic Module,No PQC Mechanisms Detected,FIPS 140-3 L1,deprecated,2024-01-18,https://csrc.nist.gov/projects/cryptographic-module-validation-program/certificate/4673,2026-06-06,not in regen,,,,2026-07-09
Nokia Quantum-Safe Networks,nokia-quantum-safe-networks,FIPS 140-3,5064,Nokia Corporation,Infinera G42,No PQC Mechanisms Detected,FIPS 140-3 L1,deprecated,2025-09-22,https://csrc.nist.gov/projects/cryptographic-module-validation-program/certificate/5064,2026-06-06,not in regen,,,,2026-07-09
Nokia Quantum-Safe Railways,nokia-quantum-safe-railways,FIPS 140-3,4672,Nokia Corporation,7705 SAR-OS SAR-18/8/X/Ax/Wx/W/H/Hc Control Plane Cryptographic Module (SARCM),No PQC Mechanisms Detected,FIPS 140-3 L1,deprecated,2023-12-14,https://csrc.nist.gov/projects/cryptographic-module-validation-program/certificate/4672,2026-06-06,not in regen,,,,2026-07-09
Nokia Quantum-Safe Railways,nokia-quantum-safe-railways,FIPS 140-3,4673,Nokia Corporation,SR-OS Cryptographic Module,No PQC Mechanisms Detected,FIPS 140-3 L1,deprecated,2024-01-18,https://csrc.nist.gov/projects/cryptographic-module-validation-program/certificate/4673,2026-06-06,not in regen,,,,2026-07-09
Nokia Quantum-Safe Railways,nokia-quantum-safe-railways,FIPS 140-3,5064,Nokia Corporation,Infinera G42,No PQC Mechanisms Detected,FIPS 140-3 L1,deprecated,2025-09-22,https://csrc.nist.gov/projects/cryptographic-module-validation-program/certificate/5064,2026-06-06,not in regen,,,,2026-07-09
Novachips NV7X Controller (P2-series SSD),novachips-nv7x-controller-p2-series-ssd,ACVP,A7341,"Novachips Co., Ltd.",Cryptographic Components in Novachips NV7X Controller,"ML-DSA, ML-KEM",,Active,2025-08-20,https://csrc.nist.gov/projects/cryptographic-algorithm-validation-program/details?product=20097,,,,,,
Nutanix AHV,nutanix-ahv,FIPS 140-3,4249,"Nutanix, Inc.",Nutanix Cryptographic Module for OpenSSL,No PQC Mechanisms Detected,FIPS 140-3 L1,deprecated,2022-06-13,https://csrc.nist.gov/projects/cryptographic-module-validation-program/certificate/4249,2026-06-06,not in regen,,,,2026-07-09
Nuvoton Cryptographic Library 3.0,Nuvoton-Cryptographic-Library-3-0,FIPS 140-3,5098,Nuvoton Technology Corporation,Nuvoton Cryptographic Library 3.0,"HSS, LMS",FIPS 140-3 L1,Active,2025-11-30,https://csrc.nist.gov/projects/cryptographic-module-validation-program/certificate/5098,,,,,,
Nuvoton Cryptographic Library 3.3,Nuvoton-Cryptographic-Library-3-3,FIPS 140-3,5340,Nuvoton Technology Corporation,Nuvoton Cryptographic Library 3.3,"LMS, HSS",FIPS 140-3 L1,Active,2026-06-18,https://csrc.nist.gov/projects/cryptographic-module-validation-program/certificate/5340,,,,,,
Nuvoton NCT6694B Cryptographic Engine,nuvoton-nct6694b-cryptographic-engine,ACVP,A8347,Nuvoton Technology Corporation,Nuvoton NCT6694B Cryptographic Engine,"ML-DSA, ML-KEM",,Active,2026-05-14,https://csrc.nist.gov/projects/cryptographic-algorithm-validation-program/details?product=21093,,,,,,
OQS-OpenSSL Provider (liboqs-provider),,ACVP,A7481,The OpenSSL Corporation,OpenSSL FIPS Provider,"ML-DSA, ML-KEM, SLH-DSA",,deprecated,2025-10-06,https://csrc.nist.gov/projects/cryptographic-algorithm-validation-program/details?product=20272,2026-05-16,not in regen,,,,
OSR PQC Solutions,osr-pqc-solutions,ACVP,A8307,Open Security Research Inc.,OSR PQC Solutions,"LMS, ML-DSA, ML-KEM, SLH-DSA",,Active,2026-04-27,https://csrc.nist.gov/projects/cryptographic-algorithm-validation-program/details?product=21135,,,,,,
OVHcloud QRNG SSL,ovhcloud-qrng-ssl,FIPS 140-3,5042,OVHcloud,OVHcloud KMS,No PQC Mechanisms Detected,FIPS 140-3 L1,deprecated,2025-07-22,https://csrc.nist.gov/projects/cryptographic-module-validation-program/certificate/5042,2026-06-06,not in regen,,,,2026-07-09
Open Quantum Safe liboqs,open-quantum-safe-liboqs,ACVP,A7332,Intel Corporation,liboqs,"ML-DSA, ML-KEM",,Active,2025-08-14,https://csrc.nist.gov/projects/cryptographic-algorithm-validation-program/details?product=20098,,,,,,
OpenSSL,openssl,ACVP,A7481,The OpenSSL Corporation,OpenSSL FIPS Provider,"ML-DSA, ML-KEM, SLH-DSA",,Active,2025-10-06,https://csrc.nist.gov/projects/cryptographic-algorithm-validation-program/details?product=20272,,,,,,
OpenSSL,openssl,ACVP,A7584,"Chainguard, Inc.",Chainguard FIPS Provider for OpenSSL (NEON),"ML-DSA, ML-KEM, SLH-DSA",,deprecated,2025-10-27,https://csrc.nist.gov/projects/cryptographic-algorithm-validation-program/details?product=20427,2026-08-09,not in regen,,,,
OpenSSL,openssl,ACVP,A7758,Oracle Corporation,Oracle OpenSSL FIPS Provider,"ML-DSA, ML-KEM, SLH-DSA",,deprecated,2025-12-11,https://csrc.nist.gov/projects/cryptographic-algorithm-validation-program/details?product=20549,2026-08-09,not in regen,,,,
OpenSSL,openssl,FIPS 140-3,4985,The OpenSSL Project,OpenSSL FIPS Provider,No PQC Mechanisms Detected,FIPS 140-3 L1,Active,2025-03-11,https://csrc.nist.gov/projects/cryptographic-module-validation-program/certificate/4985,,,,,,
OpenSSL 3.5.0,openssl-3-5-0,ACVP,A7481,The OpenSSL Corporation,OpenSSL FIPS Provider,"ML-DSA, ML-KEM, SLH-DSA",,deprecated,2025-10-06,https://csrc.nist.gov/projects/cryptographic-algorithm-validation-program/details?product=20272,2026-06-06,not in regen,,,,2026-07-09
OpenSSL 3.5.0,openssl-3-5-0,FIPS 140-3,4985,The OpenSSL Project,OpenSSL FIPS Provider,No PQC Mechanisms Detected,FIPS 140-3 L1,deprecated,2025-03-11,https://csrc.nist.gov/projects/cryptographic-module-validation-program/certificate/4985,2026-06-06,not in regen,,,,2026-07-09
Oracle AI Database 26ai,oracle-ai-database-26ai,ACVP,A7758,Oracle Corporation,Oracle OpenSSL FIPS Provider,"ML-DSA, ML-KEM, SLH-DSA",,deprecated,2025-12-11,https://csrc.nist.gov/projects/cryptographic-algorithm-validation-program/details?product=20549,2026-06-06,not in regen,,,,2026-07-09
Oracle AI Database 26ai,oracle-ai-database-26ai,FIPS 140-3,4506,Oracle Corporation,Oracle OpenSSL FIPS Provider,No PQC Mechanisms Detected,FIPS 140-3 L1,deprecated,2023-05-03,https://csrc.nist.gov/projects/cryptographic-module-validation-program/certificate/4506,2026-06-06,not in regen,,,,2026-07-09
Oracle Cloud Infrastructure (OCI),,FIPS 140-3,4493,Oracle Corporation,Oracle Cloud Infrastructure for BoringCrypto,No PQC Mechanisms Detected,FIPS 140-3 L1,deprecated,2023-04-27,https://csrc.nist.gov/projects/cryptographic-module-validation-program/certificate/4493,2026-06-02,not in regen,,,,
Oracle Cloud Infrastructure (OCI),,FIPS 140-3,4506,Oracle Corporation,Oracle OpenSSL FIPS Provider,No PQC Mechanisms Detected,FIPS 140-3 L1,deprecated,2023-05-03,https://csrc.nist.gov/projects/cryptographic-module-validation-program/certificate/4506,2026-06-02,not in regen,,,,
Oracle Key Vault,oracle-key-vault,ACVP,A7758,Oracle Corporation,Oracle OpenSSL FIPS Provider,"ML-DSA, ML-KEM, SLH-DSA",,deprecated,2025-12-11,https://csrc.nist.gov/projects/cryptographic-algorithm-validation-program/details?product=20549,2026-06-06,not in regen,,,,2026-07-09
Oracle Key Vault,oracle-key-vault,FIPS 140-3,4506,Oracle Corporation,Oracle OpenSSL FIPS Provider,No PQC Mechanisms Detected,FIPS 140-3 L1,deprecated,2023-05-03,https://csrc.nist.gov/projects/cryptographic-module-validation-program/certificate/4506,2026-06-06,not in regen,,,,2026-07-09
Oracle Linux 9.7,oracle-linux-9-7,FIPS 140-3,4169,Oracle Corporation,Oracle Linux 7 Unbreakable Enterprise Kernel (UEK 6) Cryptographic Module,No PQC Mechanisms Detected,FIPS 140-3 L1,Active,2022-03-04,https://csrc.nist.gov/projects/cryptographic-module-validation-program/certificate/4169,,,,,,
Oracle Linux 9.7,oracle-linux-9-7,FIPS 140-3,4211,Oracle Corporation,Oracle Linux 8 Unbreakable Enterprise Kernel (UEK6) Cryptographic Module,No PQC Mechanisms Detected,FIPS 140-3 L1,Active,2022-05-04,https://csrc.nist.gov/projects/cryptographic-module-validation-program/certificate/4211,,,,,,
Oracle Linux 9.7,oracle-linux-9-7,FIPS 140-3,4215,Oracle Corporation,Oracle Linux 8 OpenSSL Cryptographic Module,No PQC Mechanisms Detected,FIPS 140-3 L1,deprecated,2022-05-09,https://csrc.nist.gov/projects/cryptographic-module-validation-program/certificate/4215,2026-07-11,not in regen,,,,2026-07-09
Oracle Linux 9.7,oracle-linux-9-7,FIPS 140-3,4506,Oracle Corporation,Oracle OpenSSL FIPS Provider,No PQC Mechanisms Detected,FIPS 140-3 L1,deprecated,2023-05-03,https://csrc.nist.gov/projects/cryptographic-module-validation-program/certificate/4506,2026-06-06,not in regen,,,,2026-07-09
Oracle Linux 9.7,oracle-linux-9-7,FIPS 140-3,4739,Oracle Corporation,Oracle Linux 8 Unbreakable Enterprise Kernel (UEK7) Cryptographic Module and Oracle Linux 9 Unbreakable Enterprise Kernel (UEK7) Cryptographic Module,No PQC Mechanisms Detected,FIPS 140-3 L1,Active,2024-07-25,https://csrc.nist.gov/projects/cryptographic-module-validation-program/certificate/4739,,,,,,
Oracle Linux 9.7,oracle-linux-9-7,FIPS 140-3,4779,Oracle Corporation,Oracle Linux 9 OpenSSL FIPS Provider,No PQC Mechanisms Detected,FIPS 140-3 L1,deprecated,2024-08-25,https://csrc.nist.gov/projects/cryptographic-module-validation-program/certificate/4779,2026-06-04,not in regen,,,,2026-07-09
Oracle Linux 9.7,oracle-linux-9-7,FIPS 140-3,5036,Oracle Corporation,Oracle Linux 9 Kernel Crypto API Cryptographic Module,No PQC Mechanisms Detected,FIPS 140-3 L1,Active,2025-07-03,https://csrc.nist.gov/projects/cryptographic-module-validation-program/certificate/5036,,,,,,
Oracle Linux 9.7,,FIPS 140-3,5294,Oracle Corporation,Oracle Linux 9 OpenSSL FIPS Provider,No PQC Mechanisms Detected,FIPS 140-3 L1,deprecated,2026-06-01,https://csrc.nist.gov/projects/cryptographic-module-validation-program/certificate/5294,2026-07-12,not in regen,,,,
Oracle Linux 9.7,oracle-linux-9-7,FIPS 140-3,5339,Oracle Corporation,Oracle Linux 9 NSS Cryptographic Module,No PQC Mechanisms Detected,FIPS 140-3 L1,Active,2026-06-17,https://csrc.nist.gov/projects/cryptographic-module-validation-program/certificate/5339,,,,,,
Oracle OpenSSL FIPS Provider,Oracle-OpenSSL-FIPS-Provider,ACVP,A7481,The OpenSSL Corporation,OpenSSL FIPS Provider,"ML-DSA, ML-KEM, SLH-DSA",,deprecated,2025-10-06,https://csrc.nist.gov/projects/cryptographic-algorithm-validation-program/details?product=20272,2026-08-09,not in regen,,,,
Oracle OpenSSL FIPS Provider,Oracle-OpenSSL-FIPS-Provider,ACVP,A7758,Oracle Corporation,Oracle OpenSSL FIPS Provider,"ML-DSA, ML-KEM, SLH-DSA",,deprecated,2025-12-11,https://csrc.nist.gov/projects/cryptographic-algorithm-validation-program/details?product=20549,2026-08-09,not in regen,,,,
Oracle OpenSSL FIPS Provider,Oracle-OpenSSL-FIPS-Provider,FIPS 140-3,4506,Oracle Corporation,Oracle OpenSSL FIPS Provider,No PQC Mechanisms Detected,FIPS 140-3 L1,Active,2023-05-03,https://csrc.nist.gov/projects/cryptographic-module-validation-program/certificate/4506,,,,,,
Oracle TDE,,ACVP,A7758,Oracle Corporation,Oracle OpenSSL FIPS Provider,"ML-DSA, ML-KEM, SLH-DSA",,deprecated,2025-12-11,https://csrc.nist.gov/projects/cryptographic-algorithm-validation-program/details?product=20549,2026-06-02,not in regen,,,,
Oracle TDE,,FIPS 140-3,4506,Oracle Corporation,Oracle OpenSSL FIPS Provider,No PQC Mechanisms Detected,FIPS 140-3 L1,deprecated,2023-05-03,https://csrc.nist.gov/projects/cryptographic-module-validation-program/certificate/4506,2026-06-02,not in regen,,,,
PQCryptoLib-Core,pqcryptolib-core,ACVP,A6553,PQShield LTD,PQCryptoLib,"ML-DSA, ML-KEM",,Active,2025-01-31,https://csrc.nist.gov/projects/cryptographic-algorithm-validation-program/details?product=19263,,,,,,
PQCryptoLib-Core,pqcryptolib-core,ACVP,A6920,PQShield LTD,PQPerform-Lattice,"ML-DSA, ML-KEM",,deprecated,2025-05-09,https://csrc.nist.gov/projects/cryptographic-algorithm-validation-program/details?product=19632,2026-06-06,not in regen,,,,2026-07-09
PQCryptoLib-Core,pqcryptolib-core,ACVP,A7693,PQShield LTD,PQCryptoLib-Core,"ML-DSA, ML-KEM",,Active,2025-11-18,https://csrc.nist.gov/projects/cryptographic-algorithm-validation-program/details?product=20478,,,,,,
PQCryptoLib-Core,pqcryptolib-core,ACVP,A8807,PQShield LTD,PQCryptoLib-Core,"ML-DSA, ML-KEM, SLH-DSA",,Active,2026-07-24,https://csrc.nist.gov/projects/cryptographic-algorithm-validation-program/details?product=21662,,,,,,
PQCryptoLib-Core,pqcryptolib-core,FIPS 140-3,4800,PQShield LTD,PQCryptoLib,Potentially PQC (Name Match),FIPS 140-3 L1,Active,2024-09-16,https://csrc.nist.gov/projects/cryptographic-module-validation-program/certificate/4800,,,,,,
PQMicroLib-Core,pqmicrolib-core,ACVP,A6553,PQShield LTD,PQCryptoLib,"ML-DSA, ML-KEM",,deprecated,2025-01-31,https://csrc.nist.gov/projects/cryptographic-algorithm-validation-program/details?product=19263,2026-06-06,not in regen,,,,2026-07-09
PQMicroLib-Core,pqmicrolib-core,ACVP,A6920,PQShield LTD,PQPerform-Lattice,"ML-DSA, ML-KEM",,deprecated,2025-05-09,https://csrc.nist.gov/projects/cryptographic-algorithm-validation-program/details?product=19632,2026-06-06,not in regen,,,,2026-07-09
PQMicroLib-Core,pqmicrolib-core,ACVP,A7693,PQShield LTD,PQCryptoLib-Core,"ML-DSA, ML-KEM",,deprecated,2025-11-18,https://csrc.nist.gov/projects/cryptographic-algorithm-validation-program/details?product=20478,2026-06-06,not in regen,,,,2026-07-09
PQMicroLib-Core,pqmicrolib-core,ACVP,A8740,PQShield LTD,PQMicroLib-Core,"ML-DSA, ML-KEM",,Active,2026-07-07,https://csrc.nist.gov/projects/cryptographic-algorithm-validation-program/details?product=21569,,,,,,
PQMicroLib-Core,pqmicrolib-core,FIPS 140-3,4800,PQShield LTD,PQCryptoLib,Potentially PQC (Name Match),FIPS 140-3 L1,deprecated,2024-09-16,https://csrc.nist.gov/projects/cryptographic-module-validation-program/certificate/4800,2026-06-06,not in regen,,,,2026-07-09
PQPerform-Lattice,pqperform-lattice,ACVP,A6920,PQShield LTD,PQPerform-Lattice,"ML-DSA, ML-KEM",,Active,2025-05-09,https://csrc.nist.gov/projects/cryptographic-algorithm-validation-program/details?product=19632,,,,,,
PQSecure Technologies HW IP,pqsecure-technologies-hw-ip,ACVP,A6937,"PQSecure Technologies, LLC",pqsecure-hw-core,"ML-DSA, ML-KEM",,deprecated,2025-05-20,https://csrc.nist.gov/projects/cryptographic-algorithm-validation-program/details?product=19681,2026-07-13,not in regen,pqc_cert_present,url_authoritative,"Added 2026-07-12 (product-cert review): exact vendor match (PQSecure Technologies, LLC) + real ML-DSA/ML-KEM coverage on 'pqsecure-hw-core', PQSecure's own hardware IP core product. Not independently caught by match_certifications.py's fallback pass -- the only shared significant token after vendor-stripping ('hw') is below its 2-token safety threshold; documented in that function's own docstring as a known limitation.",2026-07-12
PQSecure libpqsecure-rs,PQSecure-libpqsecure-rs,ACVP,A6936,"PQSecure Technologies, LLC",libpqsecure,"LMS, ML-DSA, ML-KEM, SLH-DSA",,Active,2025-05-20,https://csrc.nist.gov/projects/cryptographic-algorithm-validation-program/details?product=19682,,,,,,
PQSecure libpqsecure-rs,PQSecure-libpqsecure-rs,ACVP,A7616,"PQSecure Technologies, LLC",Libpqsecure-rs,"LMS, ML-DSA, ML-KEM, SLH-DSA",,Active,2025-10-29,https://csrc.nist.gov/projects/cryptographic-algorithm-validation-program/details?product=20431,,,,,,
PQSecure-Agility,PQSecure-Agility,ACVP,A8378,"PQSecure Technologies, LLC",PQSecure-Agility,"LMS, ML-DSA, ML-KEM, SLH-DSA",,Active,2026-05-26,https://csrc.nist.gov/projects/cryptographic-algorithm-validation-program/details?product=21214,,,,,,
PQShield Core,pqshield-core,FIPS 140-3,4800,PQShield LTD,PQCryptoLib,Potentially PQC (Name Match),FIPS 140-3 L1,deprecated,2024-09-16,https://csrc.nist.gov/projects/cryptographic-module-validation-program/certificate/4800,2026-06-06,not in regen,,,,2026-07-09
PQShield PQE2E Messaging SDK,pqshield-pqe2e-messaging-sdk,FIPS 140-3,4800,PQShield LTD,PQCryptoLib,Potentially PQC (Name Match),FIPS 140-3 L1,deprecated,2024-09-16,https://csrc.nist.gov/projects/cryptographic-module-validation-program/certificate/4800,2026-06-06,not in regen,,,,2026-07-09
PQShield PQSDK,pqshield-pqsdk,ACVP,A6553,PQShield LTD,PQCryptoLib,"ML-DSA, ML-KEM",,deprecated,2025-01-31,https://csrc.nist.gov/projects/cryptographic-algorithm-validation-program/details?product=19263,2026-06-06,not in regen,,,,2026-07-09
PQShield PQSDK,pqshield-pqsdk,ACVP,A6920,PQShield LTD,PQPerform-Lattice,"ML-DSA, ML-KEM",,deprecated,2025-05-09,https://csrc.nist.gov/projects/cryptographic-algorithm-validation-program/details?product=19632,2026-06-06,not in regen,,,,2026-07-09
PQShield PQSDK,pqshield-pqsdk,ACVP,A7693,PQShield LTD,PQCryptoLib-Core,"ML-DSA, ML-KEM",,deprecated,2025-11-18,https://csrc.nist.gov/projects/cryptographic-algorithm-validation-program/details?product=20478,2026-06-06,not in regen,,,,2026-07-09
PQShield PQSDK,pqshield-pqsdk,FIPS 140-3,4800,PQShield LTD,PQCryptoLib,Potentially PQC (Name Match),FIPS 140-3 L1,deprecated,2024-09-16,https://csrc.nist.gov/projects/cryptographic-module-validation-program/certificate/4800,2026-06-06,not in regen,,,,2026-07-09
PUFpqc,pufpqc,ACVP,A7029,PUFsecurity Corporation,PUFpqc – PUF-based post quantum cryptography,"LMS, ML-DSA, ML-KEM, SLH-DSA",,Active,2025-06-11,https://csrc.nist.gov/projects/cryptographic-algorithm-validation-program/details?product=19771,,,,,,
Palo Alto Cortex XDR,palo-alto-cortex-xdr,FIPS 140-3,4917,"Palo Alto Networks, Inc.",WildFire 11.0 WF-500 and WF-500-B,No PQC Mechanisms Detected,FIPS 140-3 L2,deprecated,2024-12-13,https://csrc.nist.gov/projects/cryptographic-module-validation-program/certificate/4917,2026-06-06,not in regen,,,,2026-07-09
Palo Alto Cortex XDR,palo-alto-cortex-xdr,FIPS 140-3,4927,"Palo Alto Networks, Inc.","Panorama 11.0 M-200, M-300, M-600 and M-700",No PQC Mechanisms Detected,FIPS 140-3 L2,deprecated,2024-12-19,https://csrc.nist.gov/projects/cryptographic-module-validation-program/certificate/4927,2026-06-06,not in regen,,,,2026-07-09
Palo Alto Cortex XDR,palo-alto-cortex-xdr,FIPS 140-3,4935,"Palo Alto Networks, Inc.",Panorama Virtual Appliance 11.0,No PQC Mechanisms Detected,FIPS 140-3 L1,deprecated,2025-01-02,https://csrc.nist.gov/projects/cryptographic-module-validation-program/certificate/4935,2026-06-06,not in regen,,,,2026-07-09
Palo Alto GlobalProtect,palo-alto-globalprotect,FIPS 140-3,4704,"Palo Alto Networks, Inc.",Palo Alto Networks SD-WAN Instant-On Network (ION) Devices ION 1200 and ION 9000,No PQC Mechanisms Detected,FIPS 140-3 L2,deprecated,2024-06-07,https://csrc.nist.gov/projects/cryptographic-module-validation-program/certificate/4704,2026-06-06,not in regen,,,,2026-07-09
Palo Alto GlobalProtect,palo-alto-globalprotect,FIPS 140-3,4715,"Palo Alto Networks, Inc.",Palo Alto Networks SD-WAN ION Core Crypto Module,No PQC Mechanisms Detected,FIPS 140-3 L1,deprecated,2024-07-08,https://csrc.nist.gov/projects/cryptographic-module-validation-program/certificate/4715,2026-06-06,not in regen,,,,2026-07-09
Palo Alto GlobalProtect,palo-alto-globalprotect,FIPS 140-3,4719,"Palo Alto Networks, Inc.","Palo Alto Networks SD-WAN Instant-On Network (ION) Devices ION 1200, ION 1200-S, ION 3200, ION 5200, and ION 9200",No PQC Mechanisms Detected,FIPS 140-3 L2,deprecated,2024-07-11,https://csrc.nist.gov/projects/cryptographic-module-validation-program/certificate/4719,2026-06-06,not in regen,,,,2026-07-09
Palo Alto GlobalProtect,palo-alto-globalprotect,FIPS 140-3,4768,"Palo Alto Networks, Inc.",Palo Alto Networks SD-WAN  Virtual Instant-On Network (vION),No PQC Mechanisms Detected,FIPS 140-3 L1,deprecated,2024-08-19,https://csrc.nist.gov/projects/cryptographic-module-validation-program/certificate/4768,2026-06-06,not in regen,,,,2026-07-09
Palo Alto GlobalProtect,palo-alto-globalprotect,FIPS 140-3,4828,"Palo Alto Networks, Inc.",GlobalProtect App,No PQC Mechanisms Detected,FIPS 140-3 L1,deprecated,2024-10-11,https://csrc.nist.gov/projects/cryptographic-module-validation-program/certificate/4828,2026-07-20,not in regen,,,,
Palo Alto GlobalProtect,palo-alto-globalprotect,FIPS 140-3,5426,Palo Alto Networks,GlobalProtect App,No PQC Mechanisms Detected,FIPS 140-3 L1,deprecated,2026-07-20,https://csrc.nist.gov/projects/cryptographic-module-validation-program/certificate/5426,2026-09-01,not in regen,,,,
Palo Alto GlobalProtect,palo-alto-globalprotect,FIPS 140-3,5484,Palo Alto Networks,GlobalProtect App,No PQC Mechanisms Detected,FIPS 140-3 L1,Active,2026-08-14,https://csrc.nist.gov/projects/cryptographic-module-validation-program/certificate/5484,,,,,,
Palo Alto Orion,,FIPS 140-3,4704,"Palo Alto Networks, Inc.",Palo Alto Networks SD-WAN Instant-On Network (ION) Devices ION 1200 and ION 9000,No PQC Mechanisms Detected,FIPS 140-3 L2,deprecated,2024-06-07,https://csrc.nist.gov/projects/cryptographic-module-validation-program/certificate/4704,2026-06-02,not in regen,,,,
Palo Alto Orion,,FIPS 140-3,4715,"Palo Alto Networks, Inc.",Palo Alto Networks SD-WAN ION Core Crypto Module,No PQC Mechanisms Detected,FIPS 140-3 L1,deprecated,2024-07-08,https://csrc.nist.gov/projects/cryptographic-module-validation-program/certificate/4715,2026-06-02,not in regen,,,,
Palo Alto Orion,,FIPS 140-3,4719,"Palo Alto Networks, Inc.","Palo Alto Networks SD-WAN Instant-On Network (ION) Devices ION 1200, ION 1200-S, ION 3200, ION 5200, and ION 9200",No PQC Mechanisms Detected,FIPS 140-3 L2,deprecated,2024-07-11,https://csrc.nist.gov/projects/cryptographic-module-validation-program/certificate/4719,2026-06-02,not in regen,,,,
Palo Alto Orion,,FIPS 140-3,4768,"Palo Alto Networks, Inc.",Palo Alto Networks SD-WAN  Virtual Instant-On Network (vION),No PQC Mechanisms Detected,FIPS 140-3 L1,deprecated,2024-08-19,https://csrc.nist.gov/projects/cryptographic-module-validation-program/certificate/4768,2026-06-02,not in regen,,,,
Palo Alto Orion,,FIPS 140-3,4828,"Palo Alto Networks, Inc.",GlobalProtect App,No PQC Mechanisms Detected,FIPS 140-3 L1,deprecated,2024-10-11,https://csrc.nist.gov/projects/cryptographic-module-validation-program/certificate/4828,2026-06-02,not in regen,,,,
Palo Alto PAN-OS,,FIPS 140-3,4760,"Palo Alto Networks, Inc.","PAN-OS 10.2 running on PA-220, PA-220R, PA-400 Series, PA-800 Series, PA-3200 Series, PA-3400 Series, PA-5200 Series, PA-5400 Series, PA-5450, and PA-7000 Series NGFWs",No PQC Mechanisms Detected,FIPS 140-3 L2,deprecated,2024-08-14,https://csrc.nist.gov/projects/cryptographic-module-validation-program/certificate/4760,2026-07-12,not in regen,,,,
Palo Alto PAN-OS,,FIPS 140-3,4762,"Palo Alto Networks, Inc.",PAN-OS 10.2 VM-Series,No PQC Mechanisms Detected,FIPS 140-3 L1,deprecated,2024-08-15,https://csrc.nist.gov/projects/cryptographic-module-validation-program/certificate/4762,2026-07-12,not in regen,,,,
Palo Alto PAN-OS,,FIPS 140-3,4773,"Palo Alto Networks, Inc.",PAN-OS 11.0 VM-Series,No PQC Mechanisms Detected,FIPS 140-3 L1,deprecated,2024-08-21,https://csrc.nist.gov/projects/cryptographic-module-validation-program/certificate/4773,2026-07-12,not in regen,,,,
Palo Alto PAN-OS,,FIPS 140-3,4829,"Palo Alto Networks, Inc.","PAN-OS 11.0 running on PA-400 Series, PA-800 Series, PA-1400 Series, PA-3200 Series, PA-3400 Series, PA-5200 Series, PA-5400 Series, PA-5450, and PA-7000 Series NGFWs",No PQC Mechanisms Detected,FIPS 140-3 L2,deprecated,2024-10-11,https://csrc.nist.gov/projects/cryptographic-module-validation-program/certificate/4829,2026-07-12,not in regen,,,,
Palo Alto PAN-OS,palo-alto-pan-os,FIPS 140-3,4841,"Palo Alto Networks, Inc.",PAN-OS 10.1 Next-Generation Hardware Firewalls,No PQC Mechanisms Detected,FIPS 140-3 L2,Active,2024-10-16,https://csrc.nist.gov/projects/cryptographic-module-validation-program/certificate/4841,,,,,,
Palo Alto PAN-OS,palo-alto-pan-os,FIPS 140-3,5326,"Palo Alto Networks, Inc.","PAN-OS 11.1/11.2 running on PA-400 Series, PA-800 Series, PA-1400 Series, PA-3200 Series, PA-3400 Series, PA-5200 Series, PA-5400 Series, PA-5450, PA-7000 Series, and PA-7500 NGFWs",No PQC Mechanisms Detected,FIPS 140-3 L2,Active,2026-06-10,https://csrc.nist.gov/projects/cryptographic-module-validation-program/certificate/5326,,,,,,
Palo Alto PAN-OS,palo-alto-pan-os,FIPS 140-3,5334,"Palo Alto Networks, Inc.",PAN-OS 10.2 VM-Series,No PQC Mechanisms Detected,FIPS 140-3 L1,Active,2026-06-16,https://csrc.nist.gov/projects/cryptographic-module-validation-program/certificate/5334,,,,,,
Palo Alto PAN-OS,palo-alto-pan-os,FIPS 140-3,5333,"Palo Alto Networks, Inc.","PAN-OS 10.2 running on PA-220, PA-220R, PA-400 Series, PA-800 Series, PA-3200 Series, PA-3400 Series, PA-5200 Series, PA-5400 Series, PA-5450, and PA-7000 Series NGFWs",No PQC Mechanisms Detected,FIPS 140-3 L2,Active,2026-06-16,https://csrc.nist.gov/projects/cryptographic-module-validation-program/certificate/5333,,,,,,
Palo Alto PAN-OS,palo-alto-pan-os,FIPS 140-3,5351,"Palo Alto Networks, Inc.",PAN-OS 11.1 and 11.2 VM-Series,No PQC Mechanisms Detected,FIPS 140-3 L1,Active,2026-06-25,https://csrc.nist.gov/projects/cryptographic-module-validation-program/certificate/5351,,,,,,
Palo Alto Prisma SASE,palo-alto-prisma-sase,FIPS 140-3,4760,"Palo Alto Networks, Inc.","PAN-OS 10.2 running on PA-220, PA-220R, PA-400 Series, PA-800 Series, PA-3200 Series, PA-3400 Series, PA-5200 Series, PA-5400 Series, PA-5450, and PA-7000 Series NGFWs",No PQC Mechanisms Detected,FIPS 140-3 L2,deprecated,2024-08-14,https://csrc.nist.gov/projects/cryptographic-module-validation-program/certificate/4760,2026-06-06,not in regen,,,,2026-07-09
Palo Alto Prisma SASE,palo-alto-prisma-sase,FIPS 140-3,4762,"Palo Alto Networks, Inc.",PAN-OS 10.2 VM-Series,No PQC Mechanisms Detected,FIPS 140-3 L1,deprecated,2024-08-15,https://csrc.nist.gov/projects/cryptographic-module-validation-program/certificate/4762,2026-06-06,not in regen,,,,2026-07-09
Palo Alto Prisma SASE,palo-alto-prisma-sase,FIPS 140-3,4773,"Palo Alto Networks, Inc.",PAN-OS 11.0 VM-Series,No PQC Mechanisms Detected,FIPS 140-3 L1,deprecated,2024-08-21,https://csrc.nist.gov/projects/cryptographic-module-validation-program/certificate/4773,2026-06-06,not in regen,,,,2026-07-09
Palo Alto Prisma SASE,palo-alto-prisma-sase,FIPS 140-3,4829,"Palo Alto Networks, Inc.","PAN-OS 11.0 running on PA-400 Series, PA-800 Series, PA-1400 Series, PA-3200 Series, PA-3400 Series, PA-5200 Series, PA-5400 Series, PA-5450, and PA-7000 Series NGFWs",No PQC Mechanisms Detected,FIPS 140-3 L2,deprecated,2024-10-11,https://csrc.nist.gov/projects/cryptographic-module-validation-program/certificate/4829,2026-06-06,not in regen,,,,2026-07-09
Palo Alto Prisma SASE,palo-alto-prisma-sase,FIPS 140-3,4841,"Palo Alto Networks, Inc.",PAN-OS 10.1 Next-Generation Hardware Firewalls,No PQC Mechanisms Detected,FIPS 140-3 L2,deprecated,2024-10-16,https://csrc.nist.gov/projects/cryptographic-module-validation-program/certificate/4841,2026-06-06,not in regen,,,,2026-07-09
Palo Alto Quantum-Safe Security,palo-alto-quantum-safe-security,FIPS 140-3,4917,"Palo Alto Networks, Inc.",WildFire 11.0 WF-500 and WF-500-B,No PQC Mechanisms Detected,FIPS 140-3 L2,deprecated,2024-12-13,https://csrc.nist.gov/projects/cryptographic-module-validation-program/certificate/4917,2026-06-06,not in regen,,,,2026-07-09
Palo Alto Quantum-Safe Security,palo-alto-quantum-safe-security,FIPS 140-3,4927,"Palo Alto Networks, Inc.","Panorama 11.0 M-200, M-300, M-600 and M-700",No PQC Mechanisms Detected,FIPS 140-3 L2,deprecated,2024-12-19,https://csrc.nist.gov/projects/cryptographic-module-validation-program/certificate/4927,2026-06-06,not in regen,,,,2026-07-09
Palo Alto Quantum-Safe Security,palo-alto-quantum-safe-security,FIPS 140-3,4935,"Palo Alto Networks, Inc.",Panorama Virtual Appliance 11.0,No PQC Mechanisms Detected,FIPS 140-3 L1,deprecated,2025-01-02,https://csrc.nist.gov/projects/cryptographic-module-validation-program/certificate/4935,2026-06-06,not in regen,,,,2026-07-09
PhioTX,PhioTX,ACVP,A6060,"QuantumXchange, Inc",PhioTX,ML-KEM,,deprecated,2024-11-04,https://csrc.nist.gov/projects/cryptographic-algorithm-validation-program/details?product=18783,2026-09-01,not in regen,,,,
Post-quantum cryptography support in TrustCore SDK | DigiCert developer portal,Post-quantum-cryptography-support-in-Tru,Common Criteria,cc-qualcomm-secure-processor-unit-spu300--version--9-0--in-sm8850-soc--qualcomm--snapdragon--8-gen-5--with-symmetric-and-asymmetric-crypto-support-06398b46,Qualcomm Technologies Inc.,Qualcomm Secure Processor Unit SPU300 (Version: 9.0) in SM8850 SoC (Qualcomm® Snapdragon™ 8 Gen 5) with symmetric and asymmetric crypto support,ML-DSA,"EAL5+,ALC_DVS.2,ALC_FLR.2,AVA_VAN.5",Active,2026-01-09,https://www.commoncriteriaportal.org/files/epfiles/NSCIB-CC-2500031-01-ST_lite.pdf,,,,,,
Proofpoint Aegis,proofpoint-aegis,FIPS 140-3,5125,Proofpoint Inc.,Proofpoint Cryptographic Module for Java,"HSS, LMS",FIPS 140-3 L1,deprecated,2026-01-13,https://csrc.nist.gov/projects/cryptographic-module-validation-program/certificate/5125,2026-06-06,not in regen,,,,2026-07-09
Pure Storage Purity//FA 6.6,pure-storage-purity-fa-6-6,FIPS 140-3,5395,"Pure Storage, Inc.",Purity Encryption Module,No PQC Mechanisms Detected,FIPS 140-3 L1,Active,2026-07-12,https://csrc.nist.gov/projects/cryptographic-module-validation-program/certificate/5395,,,,,,
QASM Cryptographic Module,QASM-Cryptographic-Module,ACVP,A5631,"Crypto4A Technologies, Inc.",QASM Cryptographic Module,"LMS, ML-DSA, ML-KEM, SLH-DSA",,Active,2024-08-14,https://csrc.nist.gov/projects/cryptographic-algorithm-validation-program/details?product=18297,,,,,,
QASM Cryptographic Module,QASM-Cryptographic-Module,FIPS 140-3,5497,Crypto4A Technologies Inc.,QASM Cryptographic Module,"ML-KEM, ML-DSA, SLH-DSA, LMS",FIPS 140-3 L3,Active,2026-08-19,https://csrc.nist.gov/projects/cryptographic-module-validation-program/certificate/5497,,,,,,
Qinvicta TwinStar,qinvicta-twinstar,ACVP,A7328,Qinvicta,Qinvicta TwinStar,"ML-DSA, ML-KEM",,Active,2025-08-14,https://csrc.nist.gov/projects/cryptographic-algorithm-validation-program/details?product=20101,,,,,,
Qualcomm Snapdragon SPU,qualcomm-snapdragon-spu,FIPS 140-3,3911,"Qualcomm Technologies, Inc.",Qualcomm Secure Processing Unit (SPU) Random Number Generator (RNG),No PQC Mechanisms Detected,FIPS 140-2 L1,deprecated,2021-05-03,https://csrc.nist.gov/projects/cryptographic-module-validation-program/certificate/3911,2026-05-16,not in regen,,,,2026-07-09
Qualcomm Snapdragon SPU,qualcomm-snapdragon-spu,FIPS 140-3,4293,"Qualcomm Technologies, Inc.",Qualcomm Secure Processing Unit,No PQC Mechanisms Detected,FIPS 140-2 L2,deprecated,2022-09-06,https://csrc.nist.gov/projects/cryptographic-module-validation-program/certificate/4293,2026-05-16,not in regen,,,,2026-07-09
Qualcomm Snapdragon SPU,qualcomm-snapdragon-spu,FIPS 140-3,4778,"Qualcomm Technologies, Inc.",Qualcomm® Pseudo Random Number Generator,No PQC Mechanisms Detected,FIPS 140-3 L1,deprecated,2024-08-25,https://csrc.nist.gov/projects/cryptographic-module-validation-program/certificate/4778,2026-05-16,not in regen,,,,2026-07-09
Qualcomm Snapdragon SPU,qualcomm-snapdragon-spu,FIPS 140-3,4896,"Qualcomm Technologies, Inc.",Qualcomm® Trusted Execution Environment (TEE) Software Cryptographic Library,No PQC Mechanisms Detected,FIPS 140-3 L1,deprecated,2024-11-21,https://csrc.nist.gov/projects/cryptographic-module-validation-program/certificate/4896,2026-06-06,not in regen,,,,2026-07-09
Qualcomm Snapdragon SPU,qualcomm-snapdragon-spu,FIPS 140-3,5077,"Qualcomm Technologies, Inc.",Qualcomm® Crypto Engine Core,No PQC Mechanisms Detected,FIPS 140-3 L1,deprecated,2025-10-03,https://csrc.nist.gov/projects/cryptographic-module-validation-program/certificate/5077,2026-06-06,not in regen,,,,2026-07-09
Qualcomm Snapdragon SPU,qualcomm-snapdragon-spu,FIPS 140-3,5249,"Qualcomm Technologies, Inc.",Qualcomm® Pseudo Random Number Generator,No PQC Mechanisms Detected,FIPS 140-3 L1,deprecated,2026-04-27,https://csrc.nist.gov/projects/cryptographic-module-validation-program/certificate/5249,2026-06-04,not in regen,,,,2026-07-09
Qualcomm Snapdragon SPU,qualcomm-snapdragon-spu,FIPS 140-3,5290,"Qualcomm Technologies, Inc.",Qualcomm® Pseudo Random Number Generator,No PQC Mechanisms Detected,FIPS 140-3 L1,deprecated,2026-05-22,https://csrc.nist.gov/projects/cryptographic-module-validation-program/certificate/5290,2026-06-06,not in regen,,,,2026-07-09
Qualcomm Snapdragon Trusted Execution Environment,qualcomm-snapdragon-trusted-execution-environment,FIPS 140-3,3911,"Qualcomm Technologies, Inc.",Qualcomm Secure Processing Unit (SPU) Random Number Generator (RNG),No PQC Mechanisms Detected,FIPS 140-2 L1,deprecated,2021-05-03,https://csrc.nist.gov/projects/cryptographic-module-validation-program/certificate/3911,2026-05-16,not in regen,,,,2026-07-09
Qualcomm Snapdragon Trusted Execution Environment,qualcomm-snapdragon-trusted-execution-environment,FIPS 140-3,4293,"Qualcomm Technologies, Inc.",Qualcomm Secure Processing Unit,No PQC Mechanisms Detected,FIPS 140-2 L2,deprecated,2022-09-06,https://csrc.nist.gov/projects/cryptographic-module-validation-program/certificate/4293,2026-05-16,not in regen,,,,2026-07-09
Qualcomm Snapdragon Trusted Execution Environment,qualcomm-snapdragon-trusted-execution-environment,FIPS 140-3,4778,"Qualcomm Technologies, Inc.",Qualcomm® Pseudo Random Number Generator,No PQC Mechanisms Detected,FIPS 140-3 L1,deprecated,2024-08-25,https://csrc.nist.gov/projects/cryptographic-module-validation-program/certificate/4778,2026-05-16,not in regen,,,,2026-07-09
Qualcomm Snapdragon Trusted Execution Environment,qualcomm-snapdragon-trusted-execution-environment,FIPS 140-3,4896,"Qualcomm Technologies, Inc.",Qualcomm® Trusted Execution Environment (TEE) Software Cryptographic Library,No PQC Mechanisms Detected,FIPS 140-3 L1,Active,2024-11-21,https://csrc.nist.gov/projects/cryptographic-module-validation-program/certificate/4896,,,,,,
Qualcomm Snapdragon Trusted Execution Environment,qualcomm-snapdragon-trusted-execution-environment,FIPS 140-3,5077,"Qualcomm Technologies, Inc.",Qualcomm® Crypto Engine Core,No PQC Mechanisms Detected,FIPS 140-3 L1,deprecated,2025-10-03,https://csrc.nist.gov/projects/cryptographic-module-validation-program/certificate/5077,2026-06-06,not in regen,,,,2026-07-09
Qualcomm Snapdragon Trusted Execution Environment,qualcomm-snapdragon-trusted-execution-environment,FIPS 140-3,5249,"Qualcomm Technologies, Inc.",Qualcomm® Pseudo Random Number Generator,No PQC Mechanisms Detected,FIPS 140-3 L1,deprecated,2026-04-27,https://csrc.nist.gov/projects/cryptographic-module-validation-program/certificate/5249,2026-06-04,not in regen,,,,2026-07-09
Qualcomm Snapdragon Trusted Execution Environment,qualcomm-snapdragon-trusted-execution-environment,FIPS 140-3,5290,"Qualcomm Technologies, Inc.",Qualcomm® Pseudo Random Number Generator,No PQC Mechanisms Detected,FIPS 140-3 L1,deprecated,2026-05-22,https://csrc.nist.gov/projects/cryptographic-module-validation-program/certificate/5290,2026-06-06,not in regen,,,,2026-07-09
Quantum Xchange PhioTX,Quantum-Xchange-PhioTX,ACVP,A6060,"QuantumXchange, Inc",PhioTX,ML-KEM,,Active,2024-11-04,https://csrc.nist.gov/projects/cryptographic-algorithm-validation-program/details?product=18783,,,,,,
Quantum Xchange Platform,quantum-xchange-platform,ACVP,A6060,"QuantumXchange, Inc",PhioTX,ML-KEM,,Active,2024-11-04,https://csrc.nist.gov/projects/cryptographic-algorithm-validation-program/details?product=18783,,,,,,
Quantum Xchange Platform,quantum-xchange-platform,FIPS 140-3,4850,Quantum Xchange,Quantum Xchange Phio TX,Potentially PQC (Name Match),FIPS 140-3 L2,Active,2024-10-23,https://csrc.nist.gov/projects/cryptographic-module-validation-program/certificate/4850,,,,,,
Radiant Logic Cryptographic Module for Java,radiant-logic-cryptographic-module-for-java,FIPS 140-3,5127,Radiant Logic Inc.,Radiant Logic Cryptographic Module for Java,"HSS, LMS",FIPS 140-3 L1,Active,2026-01-13,https://csrc.nist.gov/projects/cryptographic-module-validation-program/certificate/5127,,,,,,
Rambus QSE IP,rambus-qse-ip,ACVP,A6658,Rambus Inc.,QSE-IP-86b,"ML-DSA, ML-KEM",,Active,2025-03-07,https://csrc.nist.gov/projects/cryptographic-algorithm-validation-program/details?product=19388,,,,,,
Rambus QSE IP,rambus-qse-ip,ACVP,A6657,Rambus Inc.,QSE-IP-86b-DPA,"ML-DSA, ML-KEM",,Active,2025-03-07,https://csrc.nist.gov/projects/cryptographic-algorithm-validation-program/details?product=19387,,,,,,
Rambus QSE IP,rambus-qse-ip,FIPS 140-3,4758,Rambus Inc.,CryptoManager Root of Trust RT-660,No PQC Mechanisms Detected,FIPS 140-3 L2,deprecated,2024-08-12,https://csrc.nist.gov/projects/cryptographic-module-validation-program/certificate/4758,2026-06-06,not in regen,,,,2026-07-09
Rambus QSE IP,rambus-qse-ip,FIPS 140-3,4898,Rambus Inc.,SafeZone FIPS SW Cryptographic Module,No PQC Mechanisms Detected,FIPS 140-3 L1,deprecated,2024-11-22,https://csrc.nist.gov/projects/cryptographic-module-validation-program/certificate/4898,2026-06-06,not in regen,,,,2026-07-09
Rambus QSE IP,rambus-qse-ip,FIPS 140-3,5100,Rambus Inc.,VaultIP RT-130,No PQC Mechanisms Detected,FIPS 140-3 L2,deprecated,2025-12-02,https://csrc.nist.gov/projects/cryptographic-module-validation-program/certificate/5100,2026-06-06,not in regen,,,,2026-07-09
Realtek RTS5916,realtek-rts5916,ACVP,A6840,Realtek Semiconductor Corp.,RTS5916,"ML-DSA, ML-KEM",,Active,2025-04-24,https://csrc.nist.gov/projects/cryptographic-algorithm-validation-program/details?product=19572,,,,,,
Red Hat Enterprise Linux 10 PQC,red-hat-enterprise-linux-10-pqc,ACVP,A8392,"Red Hat, LLC",Red Hat Enterprise Linux 9 NSS Cryptographic Module (Generic C),"ML-DSA, ML-KEM",,Active,2026-05-28,https://csrc.nist.gov/projects/cryptographic-algorithm-validation-program/details?product=21233,,,,,,
Red Hat Enterprise Linux 10 PQC,red-hat-enterprise-linux-10-pqc,ACVP,A8607,"Red Hat, LLC",Red Hat Enterprise Linux 10 NSS Cryptographic Module (Generic C),"ML-DSA, ML-KEM",,Active,2026-06-18,https://csrc.nist.gov/projects/cryptographic-algorithm-validation-program/details?product=21450,,,,,,
Red Hat Enterprise Linux 10 PQC,red-hat-enterprise-linux-10-pqc,FIPS 140-3,4434,"Red Hat®, Inc.",Red Hat Enterprise Linux 8 Kernel Crypto API Cryptographic Module,No PQC Mechanisms Detected,FIPS 140-3 L1,Active,2023-02-15,https://csrc.nist.gov/projects/cryptographic-module-validation-program/certificate/4434,,,,,,
Red Hat Enterprise Linux 10 PQC,red-hat-enterprise-linux-10-pqc,FIPS 140-3,4746,"Red Hat®, Inc.",Red Hat Enterprise Linux 9 OpenSSL FIPS Provider,No PQC Mechanisms Detected,FIPS 140-3 L1,deprecated,2024-07-31,https://csrc.nist.gov/projects/cryptographic-module-validation-program/certificate/4746,2026-07-11,not in regen,,,,2026-07-09
Red Hat Enterprise Linux 10 PQC,red-hat-enterprise-linux-10-pqc,FIPS 140-3,4846,"Red Hat, Inc.",Red Hat Enterprise Linux 9 gnutls,No PQC Mechanisms Detected,FIPS 140-3 L1,deprecated,2024-10-21,https://csrc.nist.gov/projects/cryptographic-module-validation-program/certificate/4846,2026-07-11,not in regen,,,,2026-07-09
Red Hat Enterprise Linux 10 PQC,,FIPS 140-3,4857,"Red Hat(R), Inc.",Red Hat Enterprise Linux 9 - OpenSSL FIPS Provider,No PQC Mechanisms Detected,FIPS 140-3 L1,deprecated,2024-10-29,https://csrc.nist.gov/projects/cryptographic-module-validation-program/certificate/4857,2026-07-12,not in regen,,,,
Red Hat Enterprise Linux 10 PQC,red-hat-enterprise-linux-10-pqc,FIPS 140-3,5022,"Red Hat, Inc",Red Hat Enterprise Linux 9 NSS Cryptographic Module,No PQC Mechanisms Detected,FIPS 140-3 L1,Active,2025-05-30,https://csrc.nist.gov/projects/cryptographic-module-validation-program/certificate/5022,,,,,,
Red Hat Enterprise Linux 10 PQC,red-hat-enterprise-linux-10-pqc,FIPS 140-3,5034,"Red Hat, Inc.",Red Hat Enterprise Linux 9 Kernel Cryptographic API,No PQC Mechanisms Detected,FIPS 140-3 L1,deprecated,2025-06-30,https://csrc.nist.gov/projects/cryptographic-module-validation-program/certificate/5034,2026-07-30,not in regen,,,,
Red Hat Enterprise Linux 10 PQC,red-hat-enterprise-linux-10-pqc,FIPS 140-3,5089,"Red Hat, Inc.",Red Hat Enterprise Linux 8 Kernel Cryptographic API,No PQC Mechanisms Detected,FIPS 140-3 L1,deprecated,2025-11-04,https://csrc.nist.gov/projects/cryptographic-module-validation-program/certificate/5089,2026-09-01,not in regen,,,,
Red Hat Enterprise Linux 10 PQC,red-hat-enterprise-linux-10-pqc,FIPS 140-3,5366,"Red Hat, Inc.",Red Hat Enterprise Linux 9 libgcrypt,No PQC Mechanisms Detected,FIPS 140-3 L1,Active,2026-07-06,https://csrc.nist.gov/projects/cryptographic-module-validation-program/certificate/5366,,,,,,
Red Hat Enterprise Linux 10 PQC,red-hat-enterprise-linux-10-pqc,FIPS 140-3,5445,"Red Hat, Inc.",Red Hat Enterprise Linux 9 Kernel Cryptographic API,No PQC Mechanisms Detected,FIPS 140-3 L1,Active,2026-07-28,https://csrc.nist.gov/projects/cryptographic-module-validation-program/certificate/5445,,,,,,
Red Hat Enterprise Linux 10 PQC,red-hat-enterprise-linux-10-pqc,FIPS 140-3,5461,"Red Hat, LLC",Red Hat Enterprise Linux 8 Kernel Cryptographic API,No PQC Mechanisms Detected,FIPS 140-3 L1,Active,2026-08-05,https://csrc.nist.gov/projects/cryptographic-module-validation-program/certificate/5461,,,,,,
Red Hat Enterprise Linux 10.2,red-hat-enterprise-linux-10-2,ACVP,A8392,"Red Hat, LLC",Red Hat Enterprise Linux 9 NSS Cryptographic Module (Generic C),"ML-DSA, ML-KEM",,Active,2026-05-28,https://csrc.nist.gov/projects/cryptographic-algorithm-validation-program/details?product=21233,,,,,,
Red Hat Enterprise Linux 10.2,red-hat-enterprise-linux-10-2,ACVP,A8607,"Red Hat, LLC",Red Hat Enterprise Linux 10 NSS Cryptographic Module (Generic C),"ML-DSA, ML-KEM",,Active,2026-06-18,https://csrc.nist.gov/projects/cryptographic-algorithm-validation-program/details?product=21450,,,,,,
Red Hat Enterprise Linux 10.2,red-hat-enterprise-linux-10-2,FIPS 140-3,3939,"Red Hat, Inc.",Red Hat Enterprise Linux 7 Kernel Crypto API Cryptographic Module,No PQC Mechanisms Detected,FIPS 140-2 L1,deprecated,2021-06-01,https://csrc.nist.gov/projects/cryptographic-module-validation-program/certificate/3939,2026-06-04,not in regen,,,,2026-07-09
Red Hat Enterprise Linux 10.2,red-hat-enterprise-linux-10-2,FIPS 140-3,4434,"Red Hat®, Inc.",Red Hat Enterprise Linux 8 Kernel Crypto API Cryptographic Module,No PQC Mechanisms Detected,FIPS 140-3 L1,Active,2023-02-15,https://csrc.nist.gov/projects/cryptographic-module-validation-program/certificate/4434,,,,,,
Red Hat Enterprise Linux 10.2,,FIPS 140-3,4857,"Red Hat(R), Inc.",Red Hat Enterprise Linux 9 - OpenSSL FIPS Provider,No PQC Mechanisms Detected,FIPS 140-3 L1,deprecated,2024-10-29,https://csrc.nist.gov/projects/cryptographic-module-validation-program/certificate/4857,2026-07-12,not in regen,,,,
Red Hat Enterprise Linux 10.2,red-hat-enterprise-linux-10-2,FIPS 140-3,5022,"Red Hat, Inc",Red Hat Enterprise Linux 9 NSS Cryptographic Module,No PQC Mechanisms Detected,FIPS 140-3 L1,Active,2025-05-30,https://csrc.nist.gov/projects/cryptographic-module-validation-program/certificate/5022,,,,,,
Red Hat Enterprise Linux 10.2,red-hat-enterprise-linux-10-2,FIPS 140-3,5034,"Red Hat, Inc.",Red Hat Enterprise Linux 9 Kernel Cryptographic API,No PQC Mechanisms Detected,FIPS 140-3 L1,deprecated,2025-06-30,https://csrc.nist.gov/projects/cryptographic-module-validation-program/certificate/5034,2026-07-30,not in regen,,,,
Red Hat Enterprise Linux 10.2,red-hat-enterprise-linux-10-2,FIPS 140-3,5089,"Red Hat, Inc.",Red Hat Enterprise Linux 8 Kernel Cryptographic API,No PQC Mechanisms Detected,FIPS 140-3 L1,deprecated,2025-11-04,https://csrc.nist.gov/projects/cryptographic-module-validation-program/certificate/5089,2026-09-01,not in regen,,,,
Red Hat Enterprise Linux 10.2,red-hat-enterprise-linux-10-2,FIPS 140-3,5366,"Red Hat, Inc.",Red Hat Enterprise Linux 9 libgcrypt,No PQC Mechanisms Detected,FIPS 140-3 L1,Active,2026-07-06,https://csrc.nist.gov/projects/cryptographic-module-validation-program/certificate/5366,,,,,,
Red Hat Enterprise Linux 10.2,red-hat-enterprise-linux-10-2,FIPS 140-3,5445,"Red Hat, Inc.",Red Hat Enterprise Linux 9 Kernel Cryptographic API,No PQC Mechanisms Detected,FIPS 140-3 L1,Active,2026-07-28,https://csrc.nist.gov/projects/cryptographic-module-validation-program/certificate/5445,,,,,,
Red Hat Enterprise Linux 10.2,red-hat-enterprise-linux-10-2,FIPS 140-3,5461,"Red Hat, LLC",Red Hat Enterprise Linux 8 Kernel Cryptographic API,No PQC Mechanisms Detected,FIPS 140-3 L1,Active,2026-08-05,https://csrc.nist.gov/projects/cryptographic-module-validation-program/certificate/5461,,,,,,
Red Hat Enterprise Linux 9,red-hat-enterprise-linux-9,ACVP,A8392,"Red Hat, LLC",Red Hat Enterprise Linux 9 NSS Cryptographic Module (Generic C),"ML-DSA, ML-KEM",,Active,2026-05-28,https://csrc.nist.gov/projects/cryptographic-algorithm-validation-program/details?product=21233,,,,,,
Red Hat Enterprise Linux 9,red-hat-enterprise-linux-9,ACVP,A8607,"Red Hat, LLC",Red Hat Enterprise Linux 10 NSS Cryptographic Module (Generic C),"ML-DSA, ML-KEM",,Active,2026-06-18,https://csrc.nist.gov/projects/cryptographic-algorithm-validation-program/details?product=21450,,,,,,
Red Hat Enterprise Linux 9,red-hat-enterprise-linux-9,FIPS 140-3,3939,"Red Hat, Inc.",Red Hat Enterprise Linux 7 Kernel Crypto API Cryptographic Module,No PQC Mechanisms Detected,FIPS 140-2 L1,deprecated,2021-06-01,https://csrc.nist.gov/projects/cryptographic-module-validation-program/certificate/3939,2026-06-04,not in regen,,,,2026-07-09
Red Hat Enterprise Linux 9,red-hat-enterprise-linux-9,FIPS 140-3,4434,"Red Hat®, Inc.",Red Hat Enterprise Linux 8 Kernel Crypto API Cryptographic Module,No PQC Mechanisms Detected,FIPS 140-3 L1,Active,2023-02-15,https://csrc.nist.gov/projects/cryptographic-module-validation-program/certificate/4434,,,,,,
Red Hat Enterprise Linux 9,,FIPS 140-3,4857,"Red Hat(R), Inc.",Red Hat Enterprise Linux 9 - OpenSSL FIPS Provider,No PQC Mechanisms Detected,FIPS 140-3 L1,deprecated,2024-10-29,https://csrc.nist.gov/projects/cryptographic-module-validation-program/certificate/4857,2026-07-12,not in regen,,,,
Red Hat Enterprise Linux 9,red-hat-enterprise-linux-9,FIPS 140-3,5022,"Red Hat, Inc",Red Hat Enterprise Linux 9 NSS Cryptographic Module,No PQC Mechanisms Detected,FIPS 140-3 L1,Active,2025-05-30,https://csrc.nist.gov/projects/cryptographic-module-validation-program/certificate/5022,,,,,,
Red Hat Enterprise Linux 9,red-hat-enterprise-linux-9,FIPS 140-3,5034,"Red Hat, Inc.",Red Hat Enterprise Linux 9 Kernel Cryptographic API,No PQC Mechanisms Detected,FIPS 140-3 L1,deprecated,2025-06-30,https://csrc.nist.gov/projects/cryptographic-module-validation-program/certificate/5034,2026-07-30,not in regen,,,,
Red Hat Enterprise Linux 9,red-hat-enterprise-linux-9,FIPS 140-3,5089,"Red Hat, Inc.",Red Hat Enterprise Linux 8 Kernel Cryptographic API,No PQC Mechanisms Detected,FIPS 140-3 L1,deprecated,2025-11-04,https://csrc.nist.gov/projects/cryptographic-module-validation-program/certificate/5089,2026-09-01,not in regen,,,,
Red Hat Enterprise Linux 9,red-hat-enterprise-linux-9,FIPS 140-3,5366,"Red Hat, Inc.",Red Hat Enterprise Linux 9 libgcrypt,No PQC Mechanisms Detected,FIPS 140-3 L1,Active,2026-07-06,https://csrc.nist.gov/projects/cryptographic-module-validation-program/certificate/5366,,,,,,
Red Hat Enterprise Linux 9,red-hat-enterprise-linux-9,FIPS 140-3,5445,"Red Hat, Inc.",Red Hat Enterprise Linux 9 Kernel Cryptographic API,No PQC Mechanisms Detected,FIPS 140-3 L1,Active,2026-07-28,https://csrc.nist.gov/projects/cryptographic-module-validation-program/certificate/5445,,,,,,
Red Hat Enterprise Linux 9,red-hat-enterprise-linux-9,FIPS 140-3,5461,"Red Hat, LLC",Red Hat Enterprise Linux 8 Kernel Cryptographic API,No PQC Mechanisms Detected,FIPS 140-3 L1,Active,2026-08-05,https://csrc.nist.gov/projects/cryptographic-module-validation-program/certificate/5461,,,,,,
Red Hat Enterprise Linux 9.8,red-hat-enterprise-linux-9-8,ACVP,A8392,"Red Hat, LLC",Red Hat Enterprise Linux 9 NSS Cryptographic Module (Generic C),"ML-DSA, ML-KEM",,Active,2026-05-28,https://csrc.nist.gov/projects/cryptographic-algorithm-validation-program/details?product=21233,,,,,,
Red Hat Enterprise Linux 9.8,red-hat-enterprise-linux-9-8,ACVP,A8607,"Red Hat, LLC",Red Hat Enterprise Linux 10 NSS Cryptographic Module (Generic C),"ML-DSA, ML-KEM",,Active,2026-06-18,https://csrc.nist.gov/projects/cryptographic-algorithm-validation-program/details?product=21450,,,,,,
Red Hat Enterprise Linux 9.8,red-hat-enterprise-linux-9-8,FIPS 140-3,3939,"Red Hat, Inc.",Red Hat Enterprise Linux 7 Kernel Crypto API Cryptographic Module,No PQC Mechanisms Detected,FIPS 140-2 L1,deprecated,2021-06-01,https://csrc.nist.gov/projects/cryptographic-module-validation-program/certificate/3939,2026-06-04,not in regen,,,,2026-07-09
Red Hat Enterprise Linux 9.8,red-hat-enterprise-linux-9-8,FIPS 140-3,4434,"Red Hat®, Inc.",Red Hat Enterprise Linux 8 Kernel Crypto API Cryptographic Module,No PQC Mechanisms Detected,FIPS 140-3 L1,Active,2023-02-15,https://csrc.nist.gov/projects/cryptographic-module-validation-program/certificate/4434,,,,,,
Red Hat Enterprise Linux 9.8,,FIPS 140-3,4857,"Red Hat(R), Inc.",Red Hat Enterprise Linux 9 - OpenSSL FIPS Provider,No PQC Mechanisms Detected,FIPS 140-3 L1,deprecated,2024-10-29,https://csrc.nist.gov/projects/cryptographic-module-validation-program/certificate/4857,2026-07-12,not in regen,,,,
Red Hat Enterprise Linux 9.8,red-hat-enterprise-linux-9-8,FIPS 140-3,5022,"Red Hat, Inc",Red Hat Enterprise Linux 9 NSS Cryptographic Module,No PQC Mechanisms Detected,FIPS 140-3 L1,Active,2025-05-30,https://csrc.nist.gov/projects/cryptographic-module-validation-program/certificate/5022,,,,,,
Red Hat Enterprise Linux 9.8,red-hat-enterprise-linux-9-8,FIPS 140-3,5034,"Red Hat, Inc.",Red Hat Enterprise Linux 9 Kernel Cryptographic API,No PQC Mechanisms Detected,FIPS 140-3 L1,deprecated,2025-06-30,https://csrc.nist.gov/projects/cryptographic-module-validation-program/certificate/5034,2026-07-30,not in regen,,,,
Red Hat Enterprise Linux 9.8,red-hat-enterprise-linux-9-8,FIPS 140-3,5089,"Red Hat, Inc.",Red Hat Enterprise Linux 8 Kernel Cryptographic API,No PQC Mechanisms Detected,FIPS 140-3 L1,deprecated,2025-11-04,https://csrc.nist.gov/projects/cryptographic-module-validation-program/certificate/5089,2026-09-01,not in regen,,,,
Red Hat Enterprise Linux 9.8,red-hat-enterprise-linux-9-8,FIPS 140-3,5366,"Red Hat, Inc.",Red Hat Enterprise Linux 9 libgcrypt,No PQC Mechanisms Detected,FIPS 140-3 L1,Active,2026-07-06,https://csrc.nist.gov/projects/cryptographic-module-validation-program/certificate/5366,,,,,,
Red Hat Enterprise Linux 9.8,red-hat-enterprise-linux-9-8,FIPS 140-3,5445,"Red Hat, Inc.",Red Hat Enterprise Linux 9 Kernel Cryptographic API,No PQC Mechanisms Detected,FIPS 140-3 L1,Active,2026-07-28,https://csrc.nist.gov/projects/cryptographic-module-validation-program/certificate/5445,,,,,,
Red Hat Enterprise Linux 9.8,red-hat-enterprise-linux-9-8,FIPS 140-3,5461,"Red Hat, LLC",Red Hat Enterprise Linux 8 Kernel Cryptographic API,No PQC Mechanisms Detected,FIPS 140-3 L1,Active,2026-08-05,https://csrc.nist.gov/projects/cryptographic-module-validation-program/certificate/5461,,,,,,
Red Hat OpenShift,red-hat-openshift,FIPS 140-3,4846,"Red Hat, Inc.",Red Hat Enterprise Linux 9 gnutls,No PQC Mechanisms Detected,FIPS 140-3 L1,deprecated,2024-10-21,https://csrc.nist.gov/projects/cryptographic-module-validation-program/certificate/4846,2026-05-16,not in regen,,,,2026-07-09
Rocky Linux,rocky-linux,FIPS 140-3,5095,"Ctrl IQ, Inc.",Rocky Linux 8 Kernel Cryptographic API,No PQC Mechanisms Detected,FIPS 140-3 L1,Active,2025-11-24,https://csrc.nist.gov/projects/cryptographic-module-validation-program/certificate/5095,,,,,,
Rocky Linux,rocky-linux,FIPS 140-3,5113,"Ctrl IQ, Inc.",Rocky Linux 9 Kernel Cryptographic API,No PQC Mechanisms Detected,FIPS 140-3 L1,deprecated,2025-12-18,https://csrc.nist.gov/projects/cryptographic-module-validation-program/certificate/5113,2026-07-30,not in regen,,,,
Rocky Linux,,FIPS 140-3,5117,"Ctrl IQ, Inc.",Rocky Linux 8 and 9 libgcrypt Cryptographic Module,No PQC Mechanisms Detected,FIPS 140-3 L1,deprecated,2026-01-06,https://csrc.nist.gov/projects/cryptographic-module-validation-program/certificate/5117,2026-07-12,not in regen,,,,
Rocky Linux,,FIPS 140-3,5116,"Ctrl IQ, Inc.",Rocky Linux 9 OpenSSL FIPS Provider,No PQC Mechanisms Detected,FIPS 140-3 L1,deprecated,2026-01-06,https://csrc.nist.gov/projects/cryptographic-module-validation-program/certificate/5116,2026-07-12,not in regen,,,,
Rocky Linux,rocky-linux,FIPS 140-3,5200,"Ctrl IQ, Inc.",Rocky Linux 8 OpenSSL Cryptographic Module,No PQC Mechanisms Detected,FIPS 140-3 L1,deprecated,2026-03-18,https://csrc.nist.gov/projects/cryptographic-module-validation-program/certificate/5200,2026-09-01,not in regen,,,,
Rocky Linux,rocky-linux,FIPS 140-3,5337,"Ctrl IQ, Inc.",Rocky Linux 8 and 9 NSS Cryptographic Module,No PQC Mechanisms Detected,FIPS 140-3 L1,Active,2026-06-17,https://csrc.nist.gov/projects/cryptographic-module-validation-program/certificate/5337,,,,,,
Rocky Linux,rocky-linux,FIPS 140-3,5350,"Ctrl IQ, Inc.",Rocky Linux 8 and 9 GnuTLS Cryptographic Module,No PQC Mechanisms Detected,FIPS 140-3 L1,Active,2026-06-23,https://csrc.nist.gov/projects/cryptographic-module-validation-program/certificate/5350,,,,,,
Rocky Linux,rocky-linux,FIPS 140-3,5452,"Ctrl IQ, Inc.",Rocky Linux 9 Kernel Cryptographic API,No PQC Mechanisms Detected,FIPS 140-3 L1,Active,2026-07-29,https://csrc.nist.gov/projects/cryptographic-module-validation-program/certificate/5452,,,,,,
Rocky Linux,rocky-linux,FIPS 140-3,5496,"Ctrl IQ, Inc.",Rocky Linux 9 GnuTLS Cryptographic Module,No PQC Mechanisms Detected,FIPS 140-3 L1,Active,2026-08-18,https://csrc.nist.gov/projects/cryptographic-module-validation-program/certificate/5496,,,,,,
SAP Cryptographic Library,sap-cryptographic-library,FIPS 140-3,5093,SAP SE,SAP CommonCryptoLib Crypto Kernel,No PQC Mechanisms Detected,FIPS 140-3 L1,deprecated,2025-11-14,https://csrc.nist.gov/projects/cryptographic-module-validation-program/certificate/5093,2026-06-06,not in regen,,,,2026-07-09
SAP Cryptographic Library 8.6 PQC,sap-cryptographic-library-8-6-pqc,FIPS 140-3,5093,SAP SE,SAP CommonCryptoLib Crypto Kernel,No PQC Mechanisms Detected,FIPS 140-3 L1,deprecated,2025-11-14,https://csrc.nist.gov/projects/cryptographic-module-validation-program/certificate/5093,2026-06-06,not in regen,,,,2026-07-09
SL-FJA3 (SafeLogic FIPS Java API),SL-FJA3-SafeLogic-FIPS-Java-API,FIPS 140-3,5081,Gigamon Inc.,SL-FJA3 (SafeLogic FIPS Java API),"HSS, LMS",FIPS 140-3 L1,Active,2025-10-21,https://csrc.nist.gov/projects/cryptographic-module-validation-program/certificate/5081,,,,,,
SQL Server TDE/Always Encrypted,sql-server-tde-always-encrypted,FIPS 140-3,4766,Microsoft Corporation,Kernel Mode Cryptographic Primitives Library,No PQC Mechanisms Detected,FIPS 140-3 L1,deprecated,2024-08-19,https://csrc.nist.gov/projects/cryptographic-module-validation-program/certificate/4766,2026-06-06,not in regen,,,,2026-07-09
SQL Server TDE/Always Encrypted,sql-server-tde-always-encrypted,FIPS 140-3,4825,Microsoft Corporation,Cryptographic Primitives Library,No PQC Mechanisms Detected,FIPS 140-3 L1,deprecated,2024-10-07,https://csrc.nist.gov/projects/cryptographic-module-validation-program/certificate/4825,2026-06-06,not in regen,,,,2026-07-09
ST33KTPM2X (STSAFE-TPM),st33ktpm2x-stsafe-tpm,Common Criteria,cc-stsafe-v100-tpm---st33ktpm2i--tpm-firmware-10-512---anssi-cc-2024-38--d47bfb78,STMicroelectronics,STSAFE-V100-TPM & ST33KTPM2I (TPM FIRMWARE 10.512) (ANSSI-CC-2024/38),LMS,"EAL4+,ALC_DVS.2,ALC_FLR.1,AVA_VAN.5",Active,2025-01-10,https://www.commoncriteriaportal.org/files/epfiles/ANSSI-cible-CC-2024_38en.pdf,,,,,,
STMicroelectronics ST33G1M2 TPM,,ACVP,A7125,STMicroelectronics,STM32 PQC_CM33 / Size,"ML-DSA, ML-KEM",,deprecated,2025-07-08,https://csrc.nist.gov/projects/cryptographic-algorithm-validation-program/details?product=19884,2026-05-16,not in regen,,,,
STMicroelectronics ST33KTPM,stmicroelectronics-st33ktpm,ACVP,A7125,STMicroelectronics,STM32 PQC_CM33 / Size,"ML-DSA, ML-KEM",,deprecated,2025-07-08,https://csrc.nist.gov/projects/cryptographic-algorithm-validation-program/details?product=19884,2026-06-06,not in regen,,,,2026-07-09
STMicroelectronics ST33KTPM,stmicroelectronics-st33ktpm,Common Criteria,cc-stsafe-v100-tpm---st33ktpm2i--tpm-firmware-10-512---anssi-cc-2024-38--d47bfb78,STMicroelectronics (Scheme: FR),STSAFE-V100-TPM & ST33KTPM2I (TPM FIRMWARE 10.512) (ANSSI-CC-2024/38),LMS,"EAL4+,ALC_DVS.2,ALC_FLR.1,AVA_VAN.5",deprecated,2025-01-10,https://commoncriteriaportal.org/files/epfiles/ANSSI-cible-CC-2024_38en.pdf,2026-05-10,not in regen,pqc_cert_present,url_needs_review,CMVP #cc-stsafe-v100-tpm---st33ktpm2i--tpm-firmware-10-512---anssi-cc-2024-38--h0lw: PQC mechanisms detected. Verify algorithms at https://csrc.nist.gov/projects/cryptographic-module-validation-program/certificate/cc-stsafe-v100-tpm---st33ktpm2i--tpm-firmware-10-512---anssi-cc-2024-38--h0lw,2026-05-06
STMicroelectronics ST33KTPM,stmicroelectronics-st33ktpm,Common Criteria,cc-st33ktpm2xspi---st33ktpm2x--tpm-firmware-9-512---anssi-cc-2025-10--3bd04f9c,STMicroelectronics (Scheme: FR),ST33KTPM2XSPI & ST33KTPM2X (TPM FIRMWARE 9.512) (ANSSI-CC-2025/10),LMS,"EAL4+,ALC_DVS.2,ALC_FLR.1,AVA_VAN.5",deprecated,2025-03-07,https://commoncriteriaportal.org/files/epfiles/Cible-ANSSI-CC-2025_10en.pdf,2026-05-10,not in regen,pqc_cert_present,url_needs_review,CMVP #cc-st33ktpm2xspi---st33ktpm2x--tpm-firmware-9-512---anssi-cc-2025-10--qi0n: PQC mechanisms detected. Verify algorithms at https://csrc.nist.gov/projects/cryptographic-module-validation-program/certificate/cc-st33ktpm2xspi---st33ktpm2x--tpm-firmware-9-512---anssi-cc-2025-10--qi0n,2026-05-06
STMicroelectronics ST33KTPM,stmicroelectronics-st33ktpm,Common Criteria,cc-cryptographic-library-neslib-6-11-3-on-st31r480-a01--version-6-11-3--anssi-cc-2025-26--c230def0,STMicroelectronics (Scheme: FR),Cryptographic library NESLIB 6.11.3 on ST31R480 A01 (version 6.11.3)(ANSSI-CC-2025/26),LMS,"EAL5+,ALC_DVS.2,ALC_FLR.2,AVA_VAN.5",deprecated,2025-07-10,https://commoncriteriaportal.org/files/epfiles/cible-ANSSI-CC-2025_26en.pdf,2026-05-10,not in regen,pqc_cert_present,url_needs_review,CMVP #cc-cryptographic-library-neslib-6-11-3-on-st31r480-a01--version-6-11-3--anssi-cc-2025-26--mv5d: PQC mechanisms detected. Verify algorithms at https://csrc.nist.gov/projects/cryptographic-module-validation-program/certificate/cc-cryptographic-library-neslib-6-11-3-on-st31r480-a01--version-6-11-3--anssi-cc-2025-26--mv5d,2026-05-06
STMicroelectronics ST33KTPM,stmicroelectronics-st33ktpm,Common Criteria,cc-cryptographic-library-neslib-6-11-3-on-st31r480-b01--version-6-11-3---anssi-cc-2025-27--d933eb9c,STMicroelectronics (Scheme: FR),Cryptographic library NESLIB 6.11.3 on ST31R480 B01 (version 6.11.3) (ANSSI-CC-2025/27),LMS,"EAL5+,ALC_DVS.2,ALC_FLR.2,AVA_VAN.5",deprecated,2025-07-10,https://commoncriteriaportal.org/files/epfiles/cible-ANSSI-CC-2025_27en.pdf,2026-05-10,not in regen,pqc_cert_present,url_needs_review,CMVP #cc-cryptographic-library-neslib-6-11-3-on-st31r480-b01--version-6-11-3---anssi-cc-2025-27--scno: PQC mechanisms detected. Verify algorithms at https://csrc.nist.gov/projects/cryptographic-module-validation-program/certificate/cc-cryptographic-library-neslib-6-11-3-on-st31r480-b01--version-6-11-3---anssi-cc-2025-27--scno,2026-05-06
STMicroelectronics ST33KTPM,stmicroelectronics-st33ktpm,Common Criteria,cc-cryptographic-library-neslib-6-11-6-and-neslib-pqml-1-0-3-on-st33k1m5a-and-st33k1m5m-b04version---6-11-6---1-0-3---b04--eucc-3090-2026-19--af664fa0,STMicroelectronics (Scheme: FR),Cryptographic library NesLib 6.11.6 and NesLib_PQML 1.0.3 on ST33K1M5A and ST33K1M5M B04Version : 6.11.6 & 1.0.3 / B04 (EUCC-3090-2026-19),"ML-KEM, LMS","EAL5+,ALC_DVS.2,ALC_FLR.2,AVA_VAN.5",deprecated,2026-04-26,https://commoncriteriaportal.org/files/epfiles/EUCC-3090-2026-19-cible.pdf,2026-06-04,not in regen,,,,2026-07-09
STMicroelectronics ST33KTPM,stmicroelectronics-st33ktpm,Common Criteria,cc-cryptographic-library-neslib-6-11-6-and-neslib-pqml-1-0-3-on-st33k1m5c-and-st33k1m5t-c03-version---6-11-6---1-0-3---c03--eucc-3090-2026-18--ef5bc46c,STMicroelectronics (Scheme: FR),Cryptographic library NesLib 6.11.6 and NesLib_PQML 1.0.3 on ST33K1M5C and ST33K1M5T C03 Version : 6.11.6 & 1.0.3 / C03 (EUCC-3090-2026-18),"ML-KEM, LMS","EAL5+,ALC_DVS.2,ALC_FLR.2,AVA_VAN.5",deprecated,2026-04-26,https://commoncriteriaportal.org/files/epfiles/EUCC-3090-2026-18-cible.pdf,2026-06-04,not in regen,,,,2026-07-09
STMicroelectronics ST33KTPM,stmicroelectronics-st33ktpm,Common Criteria,cc-cryptographic-library-neslib-6-11-6-on-st33k1m5a-and-st33k1m5m-b04-version---6-11-6---b04--eucc-3090-2026-17--b3958173,STMicroelectronics (Scheme: FR),Cryptographic library NesLib 6.11.6 on ST33K1M5A and ST33K1M5M B04 Version : 6.11.6 / B04 (EUCC-3090-2026-17),LMS,"EAL5+,ALC_DVS.2,ALC_FLR.2,AVA_VAN.5",deprecated,2026-04-26,https://commoncriteriaportal.org/files/epfiles/EUCC-3090-2026-17-cible.pdf,2026-06-04,not in regen,,,,2026-07-09
STMicroelectronics ST33KTPM,stmicroelectronics-st33ktpm,Common Criteria,cc-cryptographic-library-neslib-6-11-6-on-st33k1m5c-and-st33k1m5t-c03-version---6-11-6---c03--eucc-3090-2026-16--0be153ac,STMicroelectronics (Scheme: FR),Cryptographic library NesLib 6.11.6 on ST33K1M5C and ST33K1M5T C03 Version : 6.11.6 / C03 (EUCC-3090-2026-16),"ML-KEM, LMS","EAL5+,ALC_DVS.2,ALC_FLR.2,AVA_VAN.5",deprecated,2026-04-26,https://commoncriteriaportal.org/files/epfiles/EUCC-3090-2026-16-cible.pdf,2026-06-04,not in regen,,,,2026-07-09
STMicroelectronics ST33KTPM,stmicroelectronics-st33ktpm,Common Criteria,cc-cryptographic-library-neslib-6-11-3-on-st31n600-a04-version-6-11-3--eucc-3090-2026-25--4f72d576,STMicroelectronics (Scheme: FR),Cryptographic Library NesLib 6.11.3 on ST31N600 A04 Version 6.11.3 (EUCC-3090-2026-25),LMS,"EAL5+,ALC_DVS.2,ALC_FLR.2,AVA_VAN.5",deprecated,2026-05-06,https://commoncriteriaportal.org/files/epfiles/EUCC-3090-2026-25-cible.pdf,2026-06-04,not in regen,,,,2026-07-09
STMicroelectronics ST33KTPM,stmicroelectronics-st33ktpm,FIPS 140-3,4304,STMicroelectronics,"Trusted Platform Module ST33TPHF2XSPI [A], ST33TPHF2XI2C [B], ST33GTPMASPI [C], ST33GTPMAI2C [D], ST33GTPMISPI [E] & ST33GTPMII2C [F]",No PQC Mechanisms Detected,FIPS 140-3 L2,deprecated,2022-09-19,https://csrc.nist.gov/projects/cryptographic-module-validation-program/certificate/4304,2026-06-06,not in regen,,,,2026-07-09
STMicroelectronics ST33KTPM,stmicroelectronics-st33ktpm,FIPS 140-3,4702,STMicroelectronics,Trusted Platform Module ST33KTPM2XSPI / ST33KTPM2XI2C,No PQC Mechanisms Detected,FIPS 140-3 L1,deprecated,2024-06-04,https://csrc.nist.gov/projects/cryptographic-module-validation-program/certificate/4702,2026-06-06,not in regen,,,,2026-07-09
STMicroelectronics ST33KTPM,stmicroelectronics-st33ktpm,FIPS 140-3,4737,STMicroelectronics,Trusted Platform Module ST33KTPM2XSPI / ST33KTPM2X / ST33KTPM2A / ST33KTPM2I,No PQC Mechanisms Detected,FIPS 140-3 L1,deprecated,2024-07-25,https://csrc.nist.gov/projects/cryptographic-module-validation-program/certificate/4737,2026-06-06,not in regen,,,,2026-07-09
STMicroelectronics ST33KTPM,stmicroelectronics-st33ktpm,FIPS 140-3,5103,STMicroelectronics,Trusted Platform Module ST33KTPM2A / ST33KTPM2I,LMS,FIPS 140-3 L2,deprecated,2025-12-08,https://csrc.nist.gov/projects/cryptographic-module-validation-program/certificate/5103,2026-06-06,not in regen,,,,2026-07-09
STMicroelectronics ST33KTPM,stmicroelectronics-st33ktpm,FIPS 140-3,5109,STMicroelectronics,Trusted Platform Module ST33KTPM2X / ST33KTPM2XSPI,No PQC Mechanisms Detected,FIPS 140-3 L2,deprecated,2025-12-15,https://csrc.nist.gov/projects/cryptographic-module-validation-program/certificate/5109,2026-06-06,not in regen,,,,2026-07-09
STSAFE-V100-TPM,stsafe-v100-tpm,Common Criteria,cc-stsafe-v100-tpm---st33ktpm2i--tpm-firmware-10-512---anssi-cc-2024-38--d47bfb78,STMicroelectronics,STSAFE-V100-TPM & ST33KTPM2I (TPM FIRMWARE 10.512) (ANSSI-CC-2024/38),LMS,"EAL4+,ALC_DVS.2,ALC_FLR.1,AVA_VAN.5",Active,2025-01-10,https://www.commoncriteriaportal.org/files/epfiles/ANSSI-cible-CC-2024_38en.pdf,,,,,,
SUSE Linux Enterprise Server (SLES),suse-linux-enterprise-server-sles,FIPS 140-3,4742,"SUSE, LLC",SUSE Linux Enterprise GnuTLS Cryptographic Module,No PQC Mechanisms Detected,FIPS 140-3 L1,deprecated,2024-07-26,https://csrc.nist.gov/projects/cryptographic-module-validation-program/certificate/4742,2026-05-10,not in regen,no_pqc_cert_classical_only,url_authoritative,CMVP #4742: Classical cryptography only. PQC (ML-KEM/ML-DSA/SLH-DSA) not yet validated under this certificate. CMVP PQC module validation anticipated 2026-2027 per NIST CMVP roadmap.,2026-05-06
SUSE Linux Enterprise Server (SLES),suse-linux-enterprise-server-sles,FIPS 140-3,4822,"SUSE, LLC",SUSE Linux Enterprise Libica Cryptographic Module,No PQC Mechanisms Detected,FIPS 140-3 L1,deprecated,2024-10-07,https://csrc.nist.gov/projects/cryptographic-module-validation-program/certificate/4822,2026-05-16,not in regen,,,,2026-07-09
SUSE Linux Enterprise Server (SLES),suse-linux-enterprise-server-sles,FIPS 140-3,4968,SUSE LLC,SUSE Rancher Kubernetes Cryptographic Library,No PQC Mechanisms Detected,FIPS 140-3 L1,deprecated,2025-02-20,https://csrc.nist.gov/projects/cryptographic-module-validation-program/certificate/4968,2026-06-06,not in regen,,,,2026-07-09
SUSE Linux Enterprise Server (SLES),,FIPS 140-3,5096,SUSE LLC,SUSE Linux Enterprise OpenSSL 3 Cryptographic Module,No PQC Mechanisms Detected,FIPS 140-3 L1,deprecated,2025-11-26,https://csrc.nist.gov/projects/cryptographic-module-validation-program/certificate/5096,2026-07-12,not in regen,,,,
SUSE Linux Enterprise Server (SLES),suse-linux-enterprise-server-sles,FIPS 140-3,5112,SUSE LLC,SUSE Linux Enterprise Kernel Crypto API Cryptographic Module,No PQC Mechanisms Detected,FIPS 140-3 L1,Active,2025-12-18,https://csrc.nist.gov/projects/cryptographic-module-validation-program/certificate/5112,,,,,,
SUSE Linux Enterprise Server (SLES),suse-linux-enterprise-server-sles,FIPS 140-3,5238,SUSE LLC,SUSE Linux Enterprise OpenSSL 1 Cryptographic Module,No PQC Mechanisms Detected,FIPS 140-3 L1,deprecated,2026-04-10,https://csrc.nist.gov/projects/cryptographic-module-validation-program/certificate/5238,2026-07-30,not in regen,,,,
SUSE Linux Enterprise Server (SLES),suse-linux-enterprise-server-sles,FIPS 140-3,5248,SUSE LLC,SUSE Linux Enterprise Libgcrypt Cryptographic Module,No PQC Mechanisms Detected,FIPS 140-3 L1,deprecated,2026-04-27,https://csrc.nist.gov/projects/cryptographic-module-validation-program/certificate/5248,2026-07-20,not in regen,,,,
SUSE Linux Enterprise Server (SLES),suse-linux-enterprise-server-sles,FIPS 140-3,5355,SUSE LLC,SUSE Linux Enterprise GnuTLS Cryptographic Module,No PQC Mechanisms Detected,FIPS 140-3 L1,deprecated,2026-06-25,https://csrc.nist.gov/projects/cryptographic-module-validation-program/certificate/5355,2026-07-20,not in regen,,,,
SUSE Linux Enterprise Server (SLES),suse-linux-enterprise-server-sles,FIPS 140-3,5420,"SUSE, LLC",SUSE Linux Enterprise Libgcrypt Cryptographic Module,No PQC Mechanisms Detected,FIPS 140-3 L1,Active,2026-07-16,https://csrc.nist.gov/projects/cryptographic-module-validation-program/certificate/5420,,,,,,
SUSE Linux Enterprise Server (SLES),suse-linux-enterprise-server-sles,FIPS 140-3,5419,"SUSE, LLC",SUSE Linux Enterprise GnuTLS Cryptographic Module,No PQC Mechanisms Detected,FIPS 140-3 L1,deprecated,2026-07-16,https://csrc.nist.gov/projects/cryptographic-module-validation-program/certificate/5419,2026-09-01,not in regen,,,,
SUSE Linux Enterprise Server (SLES),suse-linux-enterprise-server-sles,FIPS 140-3,5435,SUSE LLC,SUSE Linux Enterprise NSS Cryptographic Module,No PQC Mechanisms Detected,FIPS 140-3 L1,Active,2026-07-26,https://csrc.nist.gov/projects/cryptographic-module-validation-program/certificate/5435,,,,,,
SUSE Linux Enterprise Server (SLES),suse-linux-enterprise-server-sles,FIPS 140-3,5436,"SUSE, LLC",SUSE Linux Enterprise OpenSSL Cryptographic Module,No PQC Mechanisms Detected,FIPS 140-3 L1,Active,2026-07-26,https://csrc.nist.gov/projects/cryptographic-module-validation-program/certificate/5436,,,,,,
SUSE Linux Enterprise Server (SLES),suse-linux-enterprise-server-sles,FIPS 140-3,5464,SUSE LLC,SUSE Linux Enterprise Libica Cryptographic Module,No PQC Mechanisms Detected,FIPS 140-3 L1,Active,2026-08-05,https://csrc.nist.gov/projects/cryptographic-module-validation-program/certificate/5464,,,,,,
SUSE Rancher Kubernetes Cryptographic Library,SUSE-Rancher-Kubernetes-Cryptographic-Li,FIPS 140-3,5325,SUSE LLC,SUSE Rancher Kubernetes Cryptographic Library,ML-KEM,FIPS 140-3 L1,Active,2026-06-10,https://csrc.nist.gov/projects/cryptographic-module-validation-program/certificate/5325,,,,,,
SafeLogic CryptoComply,safelogic-cryptocomply,ACVP,A6563,"SafeLogic, Inc.",CryptoComply PQ TLS,ML-KEM,,Active,2025-02-04,https://csrc.nist.gov/projects/cryptographic-algorithm-validation-program/details?product=19278,,,,,,
SafeLogic CryptoComply,safelogic-cryptocomply,ACVP,A8228,"SafeLogic, Inc.",CryptoComply 140-3 FIPS Provider with PQC,"ML-DSA, ML-KEM, SLH-DSA",,Active,2026-04-08,https://csrc.nist.gov/projects/cryptographic-algorithm-validation-program/details?product=21042,,,,,,
SafeLogic CryptoComply,safelogic-cryptocomply,FIPS 140-3,4678,SafeLogic Inc.,CryptoComply for .NET,No PQC Mechanisms Detected,FIPS 140-3 L1,deprecated,2024-02-26,https://csrc.nist.gov/projects/cryptographic-module-validation-program/certificate/4678,2026-05-16,not in regen,,,,2026-07-09
SafeLogic CryptoComply,,FIPS 140-3,4912,SafeLogic Inc.,CryptoComply for Java 140-3,No PQC Mechanisms Detected,FIPS 140-3 L1,deprecated,2024-12-05,https://csrc.nist.gov/projects/cryptographic-module-validation-program/certificate/4912,2026-07-12,not in regen,,,,
SafeLogic CryptoComply,safelogic-cryptocomply,FIPS 140-3,5040,SafeLogic Inc.,CryptoComply 140-3 FIPS Provider,No PQC Mechanisms Detected,FIPS 140-3 L1,Active,2025-07-17,https://csrc.nist.gov/projects/cryptographic-module-validation-program/certificate/5040,,,,,,
SafeLogic CryptoComply,safelogic-cryptocomply,FIPS 140-3,5264,"SafeLogic, Inc.",CryptoComply BoringCrypto Module,No PQC Mechanisms Detected,FIPS 140-3 L1,Active,2026-05-13,https://csrc.nist.gov/projects/cryptographic-module-validation-program/certificate/5264,,,,,,
SafeLogic CryptoComply,safelogic-cryptocomply,FIPS 140-3,5349,"SafeLogic, Inc.",CryptoComply Native Go Module,ML-KEM,FIPS 140-3 L1,Active,2026-06-23,https://csrc.nist.gov/projects/cryptographic-module-validation-program/certificate/5349,,,,,,
Samsung Knox Quantum-Safe,samsung-knox-quantum-safe,ACVP,A7759,"Samsung Electronics Co., Ltd.",Samsung BoringCrypto Android,"ML-DSA, ML-KEM, SLH-DSA",,deprecated,2025-12-12,https://csrc.nist.gov/projects/cryptographic-algorithm-validation-program/details?product=20545,2026-05-16,not in regen,,,,2026-07-09
Samsung Knox Quantum-Safe,samsung-knox-quantum-safe,ACVP,A8348,"Samsung Electronics Co., Ltd.",Samsung BoringCrypto Android,"ML-DSA, ML-KEM, SLH-DSA",,deprecated,2026-05-15,https://csrc.nist.gov/projects/cryptographic-algorithm-validation-program/details?product=21175,2026-06-06,not in regen,,,,2026-07-09
Samsung Knox Quantum-Safe,samsung-knox-quantum-safe,Common Criteria,cc-samsung-strongv4p00-of-s5e9945-with-specific-ic-dedicated-software--revision-1-2-619b8d10,"Samsung Electronics Co., Ltd. (Scheme: NL)","Samsung STRONGV4P00 of S5E9945 with Specific IC Dedicated Software, Revision 1.2",ML-DSA,"EAL5+,ALC_DVS.2,ALC_FLR.2,AVA_VAN.5",deprecated,2024-11-28,https://commoncriteriaportal.org/files/epfiles/NSCIB-CC-2300085-02-ST-LITE_v2.2.pdf,2026-05-10,not in regen,pqc_cert_present,url_needs_review,CMVP #cc-samsung-strongv4p00-of-s5e9945-with-specific-ic-dedicated-software--revision-1-2-vm2e: PQC mechanisms detected. Verify algorithms at https://csrc.nist.gov/projects/cryptographic-module-validation-program/certificate/cc-samsung-strongv4p00-of-s5e9945-with-specific-ic-dedicated-software--revision-1-2-vm2e,2026-05-06
Samsung Knox Quantum-Safe,samsung-knox-quantum-safe,Common Criteria,cc-s3sse2a--s3sse2a-20250522--anssi-cc-2024-26-r01--11505e18,"Samsung Electronics Co., Ltd. (Scheme: FR)",S3SSE2A (S3SSE2A_20250522)(ANSSI-CC-2024/26-R01),ML-DSA,"EAL5+,ADV_IMP.2,ADV_INT.3,ADV_TDS.5,ALC_CMC.5,ALC_DVS.2,ALC_TAT.3,ASE_TSS.2,ATE_COV.3,ATE_FUN.2,AVA_VAN.5",deprecated,2025-10-01,https://commoncriteriaportal.org/files/epfiles/ANSSI-CC-cible-2024_26-R01en.pdf,2026-05-10,not in regen,pqc_cert_present,url_needs_review,CMVP #cc-s3sse2a--s3sse2a-20250522--anssi-cc-2024-26-r01--4bvy: PQC mechanisms detected. Verify algorithms at https://csrc.nist.gov/projects/cryptographic-module-validation-program/certificate/cc-s3sse2a--s3sse2a-20250522--anssi-cc-2024-26-r01--4bvy,2026-05-06
Samsung Knox Quantum-Safe,samsung-knox-quantum-safe,FIPS 140-3,4787,"Samsung Electronics Co., Ltd.",Samsung CryptoCore Cryptographic Module,No PQC Mechanisms Detected,FIPS 140-3 L1,deprecated,2024-09-03,https://csrc.nist.gov/projects/cryptographic-module-validation-program/certificate/4787,2026-06-06,not in regen,,,,2026-07-09
Samsung Knox Quantum-Safe,samsung-knox-quantum-safe,FIPS 140-3,4792,"Samsung Electronics Co., Ltd.",Samsung SCrypto Cryptographic Module,No PQC Mechanisms Detected,FIPS 140-3 L1,deprecated,2024-09-10,https://csrc.nist.gov/projects/cryptographic-module-validation-program/certificate/4792,2026-06-06,not in regen,,,,2026-07-09
Samsung Knox Quantum-Safe,samsung-knox-quantum-safe,FIPS 140-3,4965,"Samsung Electronics Co., Ltd.",Samsung TCG Opal SSC Cryptographic Sub-Chip,No PQC Mechanisms Detected,FIPS 140-3 L2,deprecated,2025-02-13,https://csrc.nist.gov/projects/cryptographic-module-validation-program/certificate/4965,2026-05-10,not in regen,no_pqc_cert_classical_only,url_authoritative,CMVP #4965: Classical cryptography only. PQC (ML-KEM/ML-DSA/SLH-DSA) not yet validated under this certificate. CMVP PQC module validation anticipated 2026-2027 per NIST CMVP roadmap.,2026-05-06
Samsung Knox Quantum-Safe,samsung-knox-quantum-safe,FIPS 140-3,5012,"Samsung Electronics Co., Ltd.",Samsung BoringCrypto Android,No PQC Mechanisms Detected,FIPS 140-3 L1,deprecated,2025-04-29,https://csrc.nist.gov/projects/cryptographic-module-validation-program/certificate/5012,2026-06-06,not in regen,,,,2026-07-09
Samsung Knox Quantum-Safe,samsung-knox-quantum-safe,FIPS 140-3,5047,"Samsung Electronics Co., Ltd.",Samsung TCG Opal SSC Cryptographic Sub-Chip Deneb,No PQC Mechanisms Detected,FIPS 140-3 L2,deprecated,2025-07-25,https://csrc.nist.gov/projects/cryptographic-module-validation-program/certificate/5047,2026-06-06,not in regen,,,,2026-07-09
Samsung Knox Quantum-Safe,samsung-knox-quantum-safe,FIPS 140-3,5222,"Samsung Electronics Co., Ltd.",Samsung TCG Opal SSC Cryptographic Sub-Chip,No PQC Mechanisms Detected,FIPS 140-3 L2,deprecated,2026-04-01,https://csrc.nist.gov/projects/cryptographic-module-validation-program/certificate/5222,2026-06-06,not in regen,,,,2026-07-09
Samsung Networks 5G Core,samsung-networks-5g-core,ACVP,A7759,"Samsung Electronics Co., Ltd.",Samsung BoringCrypto Android,"ML-DSA, ML-KEM, SLH-DSA",,deprecated,2025-12-12,https://csrc.nist.gov/projects/cryptographic-algorithm-validation-program/details?product=20545,2026-05-16,not in regen,,,,2026-07-09
Samsung Networks 5G Core,samsung-networks-5g-core,ACVP,A8348,"Samsung Electronics Co., Ltd.",Samsung BoringCrypto Android,"ML-DSA, ML-KEM, SLH-DSA",,deprecated,2026-05-15,https://csrc.nist.gov/projects/cryptographic-algorithm-validation-program/details?product=21175,2026-06-06,not in regen,,,,2026-07-09
Samsung Networks 5G Core,samsung-networks-5g-core,Common Criteria,cc-samsung-strongv4p00-of-s5e9945-with-specific-ic-dedicated-software--revision-1-2-619b8d10,"Samsung Electronics Co., Ltd. (Scheme: NL)","Samsung STRONGV4P00 of S5E9945 with Specific IC Dedicated Software, Revision 1.2",ML-DSA,"EAL5+,ALC_DVS.2,ALC_FLR.2,AVA_VAN.5",deprecated,2024-11-28,https://commoncriteriaportal.org/files/epfiles/NSCIB-CC-2300085-02-ST-LITE_v2.2.pdf,2026-05-10,not in regen,pqc_cert_present,url_needs_review,CMVP #cc-samsung-strongv4p00-of-s5e9945-with-specific-ic-dedicated-software--revision-1-2-vm2e: PQC mechanisms detected. Verify algorithms at https://csrc.nist.gov/projects/cryptographic-module-validation-program/certificate/cc-samsung-strongv4p00-of-s5e9945-with-specific-ic-dedicated-software--revision-1-2-vm2e,2026-05-06
Samsung Networks 5G Core,samsung-networks-5g-core,Common Criteria,cc-s3sse2a--s3sse2a-20250522--anssi-cc-2024-26-r01--11505e18,"Samsung Electronics Co., Ltd. (Scheme: FR)",S3SSE2A (S3SSE2A_20250522)(ANSSI-CC-2024/26-R01),ML-DSA,"EAL5+,ADV_IMP.2,ADV_INT.3,ADV_TDS.5,ALC_CMC.5,ALC_DVS.2,ALC_TAT.3,ASE_TSS.2,ATE_COV.3,ATE_FUN.2,AVA_VAN.5",deprecated,2025-10-01,https://commoncriteriaportal.org/files/epfiles/ANSSI-CC-cible-2024_26-R01en.pdf,2026-05-10,not in regen,pqc_cert_present,url_needs_review,CMVP #cc-s3sse2a--s3sse2a-20250522--anssi-cc-2024-26-r01--4bvy: PQC mechanisms detected. Verify algorithms at https://csrc.nist.gov/projects/cryptographic-module-validation-program/certificate/cc-s3sse2a--s3sse2a-20250522--anssi-cc-2024-26-r01--4bvy,2026-05-06
Samsung Networks 5G Core,samsung-networks-5g-core,FIPS 140-3,4787,"Samsung Electronics Co., Ltd.",Samsung CryptoCore Cryptographic Module,No PQC Mechanisms Detected,FIPS 140-3 L1,deprecated,2024-09-03,https://csrc.nist.gov/projects/cryptographic-module-validation-program/certificate/4787,2026-06-06,not in regen,,,,2026-07-09
Samsung Networks 5G Core,samsung-networks-5g-core,FIPS 140-3,4792,"Samsung Electronics Co., Ltd.",Samsung SCrypto Cryptographic Module,No PQC Mechanisms Detected,FIPS 140-3 L1,deprecated,2024-09-10,https://csrc.nist.gov/projects/cryptographic-module-validation-program/certificate/4792,2026-06-06,not in regen,,,,2026-07-09
Samsung Networks 5G Core,samsung-networks-5g-core,FIPS 140-3,4965,"Samsung Electronics Co., Ltd.",Samsung TCG Opal SSC Cryptographic Sub-Chip,No PQC Mechanisms Detected,FIPS 140-3 L2,deprecated,2025-02-13,https://csrc.nist.gov/projects/cryptographic-module-validation-program/certificate/4965,2026-05-10,not in regen,no_pqc_cert_classical_only,url_authoritative,CMVP #4965: Classical cryptography only. PQC (ML-KEM/ML-DSA/SLH-DSA) not yet validated under this certificate. CMVP PQC module validation anticipated 2026-2027 per NIST CMVP roadmap.,2026-05-06
Samsung Networks 5G Core,samsung-networks-5g-core,FIPS 140-3,5012,"Samsung Electronics Co., Ltd.",Samsung BoringCrypto Android,No PQC Mechanisms Detected,FIPS 140-3 L1,deprecated,2025-04-29,https://csrc.nist.gov/projects/cryptographic-module-validation-program/certificate/5012,2026-06-06,not in regen,,,,2026-07-09
Samsung Networks 5G Core,samsung-networks-5g-core,FIPS 140-3,5047,"Samsung Electronics Co., Ltd.",Samsung TCG Opal SSC Cryptographic Sub-Chip Deneb,No PQC Mechanisms Detected,FIPS 140-3 L2,deprecated,2025-07-25,https://csrc.nist.gov/projects/cryptographic-module-validation-program/certificate/5047,2026-06-06,not in regen,,,,2026-07-09
Samsung Networks 5G Core,samsung-networks-5g-core,FIPS 140-3,5222,"Samsung Electronics Co., Ltd.",Samsung TCG Opal SSC Cryptographic Sub-Chip,No PQC Mechanisms Detected,FIPS 140-3 L2,deprecated,2026-04-01,https://csrc.nist.gov/projects/cryptographic-module-validation-program/certificate/5222,2026-06-06,not in regen,,,,2026-07-09
Samsung S3SSE2A eSE,samsung-s3sse2a-ese,ACVP,A7759,"Samsung Electronics Co., Ltd.",Samsung BoringCrypto Android,"ML-DSA, ML-KEM, SLH-DSA",,deprecated,2025-12-12,https://csrc.nist.gov/projects/cryptographic-algorithm-validation-program/details?product=20545,2026-05-16,not in regen,,,,2026-07-09
Samsung S3SSE2A eSE,samsung-s3sse2a-ese,ACVP,A8348,"Samsung Electronics Co., Ltd.",Samsung BoringCrypto Android,"ML-DSA, ML-KEM, SLH-DSA",,deprecated,2026-05-15,https://csrc.nist.gov/projects/cryptographic-algorithm-validation-program/details?product=21175,2026-06-06,not in regen,,,,2026-07-09
Samsung S3SSE2A eSE,samsung-s3sse2a-ese,Common Criteria,cc-s3sse2a--s3sse2a-20250522--anssi-cc-2024-26-r01--11505e18,"Samsung Electronics Co., Ltd.",S3SSE2A (S3SSE2A_20250522)(ANSSI-CC-2024/26-R01),ML-DSA,"EAL5+,ADV_IMP.2,ADV_INT.3,ADV_TDS.5,ALC_CMC.5,ALC_DVS.2,ALC_TAT.3,ASE_TSS.2,ATE_COV.3,ATE_FUN.2,AVA_VAN.5",Active,2025-10-01,https://www.commoncriteriaportal.org/files/epfiles/ANSSI-CC-cible-2024_26-R01en.pdf,,,,,,
Samsung S3SSE2A eSE,samsung-s3sse2a-ese,FIPS 140-3,4787,"Samsung Electronics Co., Ltd.",Samsung CryptoCore Cryptographic Module,No PQC Mechanisms Detected,FIPS 140-3 L1,deprecated,2024-09-03,https://csrc.nist.gov/projects/cryptographic-module-validation-program/certificate/4787,2026-06-06,not in regen,,,,2026-07-09
Samsung S3SSE2A eSE,samsung-s3sse2a-ese,FIPS 140-3,4792,"Samsung Electronics Co., Ltd.",Samsung SCrypto Cryptographic Module,No PQC Mechanisms Detected,FIPS 140-3 L1,deprecated,2024-09-10,https://csrc.nist.gov/projects/cryptographic-module-validation-program/certificate/4792,2026-06-06,not in regen,,,,2026-07-09
Samsung S3SSE2A eSE,samsung-s3sse2a-ese,FIPS 140-3,4965,"Samsung Electronics Co., Ltd.",Samsung TCG Opal SSC Cryptographic Sub-Chip,No PQC Mechanisms Detected,FIPS 140-3 L2,deprecated,2025-02-13,https://csrc.nist.gov/projects/cryptographic-module-validation-program/certificate/4965,2026-05-10,not in regen,no_pqc_cert_classical_only,url_authoritative,CMVP #4965: Classical cryptography only. PQC (ML-KEM/ML-DSA/SLH-DSA) not yet validated under this certificate. CMVP PQC module validation anticipated 2026-2027 per NIST CMVP roadmap.,2026-05-06
Samsung S3SSE2A eSE,samsung-s3sse2a-ese,FIPS 140-3,5012,"Samsung Electronics Co., Ltd.",Samsung BoringCrypto Android,No PQC Mechanisms Detected,FIPS 140-3 L1,deprecated,2025-04-29,https://csrc.nist.gov/projects/cryptographic-module-validation-program/certificate/5012,2026-06-06,not in regen,,,,2026-07-09
Samsung S3SSE2A eSE,samsung-s3sse2a-ese,FIPS 140-3,5047,"Samsung Electronics Co., Ltd.",Samsung TCG Opal SSC Cryptographic Sub-Chip Deneb,No PQC Mechanisms Detected,FIPS 140-3 L2,deprecated,2025-07-25,https://csrc.nist.gov/projects/cryptographic-module-validation-program/certificate/5047,2026-06-06,not in regen,,,,2026-07-09
Samsung S3SSE2A eSE,samsung-s3sse2a-ese,FIPS 140-3,5222,"Samsung Electronics Co., Ltd.",Samsung TCG Opal SSC Cryptographic Sub-Chip,No PQC Mechanisms Detected,FIPS 140-3 L2,deprecated,2026-04-01,https://csrc.nist.gov/projects/cryptographic-module-validation-program/certificate/5222,2026-06-06,not in regen,,,,2026-07-09
Samsung SDS S-CAPE PQC Platform,samsung-sds-s-cape-pqc-platform,FIPS 140-3,4965,"Samsung Electronics Co., Ltd.",Samsung TCG Opal SSC Cryptographic Sub-Chip,No PQC Mechanisms Detected,FIPS 140-3 L2,deprecated,2025-02-13,https://csrc.nist.gov/projects/cryptographic-module-validation-program/certificate/4965,2026-05-10,not in regen,no_pqc_cert_classical_only,url_authoritative,CMVP #4965: Classical cryptography only. PQC (ML-KEM/ML-DSA/SLH-DSA) not yet validated under this certificate. CMVP PQC module validation anticipated 2026-2027 per NIST CMVP roadmap.,2026-05-06
Samsung SDS S-CAPE PQC Platform,samsung-sds-s-cape-pqc-platform,FIPS 140-3,5012,"Samsung Electronics Co., Ltd.",Samsung BoringCrypto Android,No PQC Mechanisms Detected,FIPS 140-3 L1,deprecated,2025-04-29,https://csrc.nist.gov/projects/cryptographic-module-validation-program/certificate/5012,2026-06-06,not in regen,,,,2026-07-09
Samsung SDS S-CAPE PQC Platform,samsung-sds-s-cape-pqc-platform,FIPS 140-3,5047,"Samsung Electronics Co., Ltd.",Samsung TCG Opal SSC Cryptographic Sub-Chip Deneb,No PQC Mechanisms Detected,FIPS 140-3 L2,deprecated,2025-07-25,https://csrc.nist.gov/projects/cryptographic-module-validation-program/certificate/5047,2026-06-06,not in regen,,,,2026-07-09
Samsung SDS S-CAPE PQC Platform,samsung-sds-s-cape-pqc-platform,FIPS 140-3,5222,"Samsung Electronics Co., Ltd.",Samsung TCG Opal SSC Cryptographic Sub-Chip,No PQC Mechanisms Detected,FIPS 140-3 L2,deprecated,2026-04-01,https://csrc.nist.gov/projects/cryptographic-module-validation-program/certificate/5222,2026-06-06,not in regen,,,,2026-07-09
Sansec csmsc1 Cryptographic Module,sansec-csmsc1-cryptographic-module,ACVP,A6703,"Sansec Technology Co., Ltd.",csmsc1,"ML-DSA, ML-KEM, SLH-DSA",,Active,2025-03-11,https://csrc.nist.gov/projects/cryptographic-algorithm-validation-program/details?product=19364,,,,,,
Saviynt Cryptographic Module,saviynt-cryptographic-module,FIPS 140-3,5128,Saviynt,Saviynt Cryptographic Module,"HSS, LMS",FIPS 140-3 L1,Active,2026-01-13,https://csrc.nist.gov/projects/cryptographic-module-validation-program/certificate/5128,,,,,,
Secure-IC PQC Solutions,Secure-IC-PQC-Solutions,ACVP,A6046,Secure-IC,Secure-IC PQC Solutions,"ML-DSA, ML-KEM",,Active,2024-10-30,https://csrc.nist.gov/projects/cryptographic-algorithm-validation-program/details?product=18755,,,,,,
Secure-IC Securyzr,secure-ic-securyzr,ACVP,A6046,Secure-IC,Secure-IC PQC Solutions,"ML-DSA, ML-KEM",,deprecated,2024-10-30,https://csrc.nist.gov/projects/cryptographic-algorithm-validation-program/details?product=18755,2026-06-06,not in regen,,,,2026-07-09
SecureMachines Prastaara Quantum Cryptographic Suite,SecureMachines-Prastaara-Quantum-Cryptog,ACVP,A8741,SecureMachines,Prastaara Quantum Cryptographic Suite,"ML-DSA, ML-KEM, SLH-DSA",,Active,2026-07-07,https://csrc.nist.gov/projects/cryptographic-algorithm-validation-program/details?product=21594,,,,,,
Securosys CloudHSM,securosys-cloudhsm,ACVP,A5703,Securosys SA,Primus HSM LMS aarch32 firmware implementation,LMS,,deprecated,2024-09-04,https://csrc.nist.gov/projects/cryptographic-algorithm-validation-program/details?product=18329,2026-06-06,not in regen,,,,2026-07-09
Securosys CloudHSM,securosys-cloudhsm,ACVP,A5702,Securosys SA,Primus HSM LMS aarch64 firmware implementation,LMS,,deprecated,2024-09-04,https://csrc.nist.gov/projects/cryptographic-algorithm-validation-program/details?product=18328,2026-06-06,not in regen,,,,2026-07-09
Securosys CloudHSM,securosys-cloudhsm,ACVP,A6129,Securosys SA,Primus HSM ML-KEM firmware implementation,ML-KEM,,deprecated,2024-11-07,https://csrc.nist.gov/projects/cryptographic-algorithm-validation-program/details?product=18823,2026-06-06,not in regen,,,,2026-07-09
Securosys CloudHSM,securosys-cloudhsm,ACVP,A6130,Securosys SA,Primus HSM ML-DSA firmware implementation,ML-DSA,,deprecated,2024-11-07,https://csrc.nist.gov/projects/cryptographic-algorithm-validation-program/details?product=18824,2026-06-06,not in regen,,,,2026-07-09
Securosys CloudHSM,securosys-cloudhsm,ACVP,A6131,Securosys SA,Primus HSM SLH-DSA firmware implementation,SLH-DSA,,deprecated,2024-11-07,https://csrc.nist.gov/projects/cryptographic-algorithm-validation-program/details?product=18825,2026-06-06,not in regen,,,,2026-07-09
Securosys CloudHSM,securosys-cloudhsm,ACVP,A7792,Securosys SA,Primus HSM firmware implementation,"LMS, ML-DSA, ML-KEM, SLH-DSA",,deprecated,2025-12-15,https://csrc.nist.gov/projects/cryptographic-algorithm-validation-program/details?product=20546,2026-06-06,not in regen,,,,2026-07-09
Securosys CloudHSM,securosys-cloudhsm,ACVP,A8744,Securosys SA,Primus HSM firmware implementation,"LMS, ML-DSA, ML-KEM, SLH-DSA",,deprecated,2026-07-09,https://csrc.nist.gov/projects/cryptographic-algorithm-validation-program/details?product=21566,2026-07-13,not in regen,pqc_cert_present,url_authoritative,Added 2026-07-12 (product-cert review): same Primus HSM firmware already confirmed for the 'Securosys Primus HSM' catalog entry this session -- Securosys's cloud HSM service runs on the same hardware/firmware. Real LMS/ML-DSA/ML-KEM/SLH-DSA coverage verified against the record directly.,2026-07-12
Securosys CloudHSM,securosys-cloudhsm,Common Criteria,cc-primus-hsm-fw-3-1-0-series-e--series-e2--series-x--series-x2-18035ab4,Securosys SA (Scheme: IT),"Primus HSM FW 3.1.0 Series E, Series E2, Series X, Series X2","ML-KEM, ML-DSA, SLH-DSA, LMS, XMSS, HSS","EAL4+,AVA_VAN.5",deprecated,2026-02-23,https://commoncriteriaportal.org/files/epfiles/st_primus_hsm_fw310_v3.1.pdf,2026-05-10,not in regen,pqc_cert_present,url_needs_review,CMVP #cc-primus-hsm-fw-3-1-0-series-e--series-e2--series-x--series-x2-x6cj: PQC mechanisms detected. Verify algorithms at https://csrc.nist.gov/projects/cryptographic-module-validation-program/certificate/cc-primus-hsm-fw-3-1-0-series-e--series-e2--series-x--series-x2-x6cj,2026-05-06
Securosys Primus CyberVault PQC,securosys-primus-cybervault-pqc,ACVP,A5703,Securosys SA,Primus HSM LMS aarch32 firmware implementation,LMS,,Active,2024-09-04,https://csrc.nist.gov/projects/cryptographic-algorithm-validation-program/details?product=18329,,,,,,
Securosys Primus CyberVault PQC,securosys-primus-cybervault-pqc,ACVP,A6129,Securosys SA,Primus HSM ML-KEM firmware implementation,ML-KEM,,Active,2024-11-07,https://csrc.nist.gov/projects/cryptographic-algorithm-validation-program/details?product=18823,,,,,,
Securosys Primus CyberVault PQC,securosys-primus-cybervault-pqc,ACVP,A6130,Securosys SA,Primus HSM ML-DSA firmware implementation,ML-DSA,,Active,2024-11-07,https://csrc.nist.gov/projects/cryptographic-algorithm-validation-program/details?product=18824,,,,,,
Securosys Primus CyberVault PQC,securosys-primus-cybervault-pqc,ACVP,A6131,Securosys SA,Primus HSM SLH-DSA firmware implementation,SLH-DSA,,Active,2024-11-07,https://csrc.nist.gov/projects/cryptographic-algorithm-validation-program/details?product=18825,,,,,,
Securosys Primus CyberVault PQC,securosys-primus-cybervault-pqc,ACVP,A8744,Securosys SA,Primus HSM firmware implementation,"LMS, ML-DSA, ML-KEM, SLH-DSA",,Active,2026-07-09,https://csrc.nist.gov/projects/cryptographic-algorithm-validation-program/details?product=21566,,,,,,
Securosys Primus HSM,securosys-primus-hsm,ACVP,A5703,Securosys SA,Primus HSM LMS aarch32 firmware implementation,LMS,,Active,2024-09-04,https://csrc.nist.gov/projects/cryptographic-algorithm-validation-program/details?product=18329,,,,,,
Securosys Primus HSM,securosys-primus-hsm,ACVP,A5702,Securosys SA,Primus HSM LMS aarch64 firmware implementation,LMS,,deprecated,2024-09-04,https://csrc.nist.gov/projects/cryptographic-algorithm-validation-program/details?product=18328,2026-06-06,not in regen,,,,2026-07-09
Securosys Primus HSM,securosys-primus-hsm,ACVP,A6129,Securosys SA,Primus HSM ML-KEM firmware implementation,ML-KEM,,Active,2024-11-07,https://csrc.nist.gov/projects/cryptographic-algorithm-validation-program/details?product=18823,,,,,,
Securosys Primus HSM,securosys-primus-hsm,ACVP,A6130,Securosys SA,Primus HSM ML-DSA firmware implementation,ML-DSA,,Active,2024-11-07,https://csrc.nist.gov/projects/cryptographic-algorithm-validation-program/details?product=18824,,,,,,
Securosys Primus HSM,securosys-primus-hsm,ACVP,A6131,Securosys SA,Primus HSM SLH-DSA firmware implementation,SLH-DSA,,Active,2024-11-07,https://csrc.nist.gov/projects/cryptographic-algorithm-validation-program/details?product=18825,,,,,,
Securosys Primus HSM,,ACVP,A7792,Securosys SA,Primus HSM firmware implementation,"LMS, ML-DSA, ML-KEM, SLH-DSA",,deprecated,2025-12-15,https://csrc.nist.gov/projects/cryptographic-algorithm-validation-program/details?product=20546,2026-07-12,not in regen,,,,
Securosys Primus HSM,securosys-primus-hsm,ACVP,A8744,Securosys SA,Primus HSM firmware implementation,"LMS, ML-DSA, ML-KEM, SLH-DSA",,Active,2026-07-09,https://csrc.nist.gov/projects/cryptographic-algorithm-validation-program/details?product=21566,,,,,,
Securosys Primus HSM,securosys-primus-hsm,Common Criteria,cc-primus-hsm-fw-3-1-0-series-e--series-e2--series-x--series-x2-18035ab4,Securosys SA,"Primus HSM FW 3.1.0 Series E, Series E2, Series X, Series X2","ML-KEM, ML-DSA, SLH-DSA, LMS, XMSS, HSS","EAL4+,AVA_VAN.5",Active,2026-02-23,https://www.commoncriteriaportal.org/files/epfiles/st_primus_hsm_fw310_v3.1.pdf,,,,,,
Senetas CN7000 Series,senetas-cn7000-series,ACVP,A8673,"Senetas Corporation Ltd, distributed by Thales SA (SafeNet)",CN Series Common Crypto Library,"ML-DSA, ML-KEM",,Active,2026-06-26,https://csrc.nist.gov/projects/cryptographic-algorithm-validation-program/details?product=21531,,,,,,
Senetas CN7000 Series,senetas-cn7000-series,FIPS 140-3,4209,"Senetas Corporation Ltd., distributed by Thales SA (SafeNet)",CN6000 Series Encryptors,No PQC Mechanisms Detected,FIPS 140-3 L3,Active,2022-04-29,https://csrc.nist.gov/projects/cryptographic-module-validation-program/certificate/4209,,,,,,
Senetas CN7000 Series,,FIPS 140-3,4429,Thales,Thales CipherTrust Cryptographic Provider (CCP),No PQC Mechanisms Detected,FIPS 140-3 L1,deprecated,2023-01-27,https://csrc.nist.gov/projects/cryptographic-module-validation-program/certificate/4429,2026-05-16,not in regen,,,,
Senetas CN7000 Series,senetas-cn7000-series,FIPS 140-3,4869,"Senetas Corporation Ltd, distributed by Thales SA (SafeNet)",CN Series Encryptors,No PQC Mechanisms Detected,FIPS 140-3 L3,deprecated,2024-11-06,https://csrc.nist.gov/projects/cryptographic-module-validation-program/certificate/4869,2026-07-30,not in regen,,,,
Senetas CN7000 Series,senetas-cn7000-series,FIPS 140-3,4874,"Senetas Corporation Ltd., distributed by Thales SA",CE Crypto Module,No PQC Mechanisms Detected,FIPS 140-3 L1,deprecated,2024-11-12,https://csrc.nist.gov/projects/cryptographic-module-validation-program/certificate/4874,2026-06-06,not in regen,,,,2026-07-09
Senetas CN7000 Series,,FIPS 140-3,5172,Thales Alenia Space,Thales Alenia Space Cryptographic Module for Microsemi RTG4 FPGA,No PQC Mechanisms Detected,FIPS 140-3 L1,deprecated,2026-03-06,https://csrc.nist.gov/projects/cryptographic-module-validation-program/certificate/5172,2026-06-06,not in regen,,,,
Senetas CN7000 Series,,FIPS 140-3,5250,THALES ALENIA SPACE,ESPRIT/COMHUB FPGA,No PQC Mechanisms Detected,FIPS 140-3 L1,deprecated,2026-04-28,https://csrc.nist.gov/projects/cryptographic-module-validation-program/certificate/5250,2026-06-06,not in regen,,,,
Senetas CN7000 Series,senetas-cn7000-series,FIPS 140-3,5432,"Senetas Corporation Ltd, distributed by Thales SA (SafeNet)",CN Series Encryptors,No PQC Mechanisms Detected,FIPS 140-3 L3,Active,2026-07-21,https://csrc.nist.gov/projects/cryptographic-module-validation-program/certificate/5432,,,,,,
Shinewave Post-Quantum Cryptography Module for IoT Gateways,shinewave-post-quantum-cryptography-module-for-iot-gateways,ACVP,A7883,Shinewave International Inc.,Post-Quantum Cryptography Module within IoT Gateways,ML-DSA,,Active,2026-01-20,https://csrc.nist.gov/projects/cryptographic-algorithm-validation-program/details?product=20684,,,,,,
Silvus Crypto Module,silvus-crypto-module,ACVP,A7756,Silvus Technologies,Silvus Crypto Module,"ML-DSA, ML-KEM",,Active,2025-12-11,https://csrc.nist.gov/projects/cryptographic-algorithm-validation-program/details?product=20543,,,,,,
SolarWinds Java Cryptographic Library,solarwinds-java-cryptographic-library,FIPS 140-3,5038,"SolarWinds Worldwide, LLC",SolarWinds Java Cryptographic Library,"HSS, LMS",FIPS 140-3 L1,Active,2025-07-09,https://csrc.nist.gov/projects/cryptographic-module-validation-program/certificate/5038,,,,,,
SonicWall NSa / TZ (SonicOS),sonicwall-sonicos,FIPS 140-3,4995,"SonicWall, Inc.","SonicWall NSa 4700, NSa 5700, NSa 6700, NSsp 10700, NSsp 11700, NSsp 13700",No PQC Mechanisms Detected,FIPS 140-3 L2,Active,2025-03-31,https://csrc.nist.gov/projects/cryptographic-module-validation-program/certificate/4995,,,,,,
SonicWall NSa / TZ (SonicOS),sonicwall-sonicos,FIPS 140-3,5252,"SonicWall, Inc.",SonicWALL NSa 6700,No PQC Mechanisms Detected,FIPS 140-3 L2,Active,2026-04-30,https://csrc.nist.gov/projects/cryptographic-module-validation-program/certificate/5252,,,,,,
Splunk Enterprise,splunk-enterprise,FIPS 140-3,5044,Splunk LLC,Splunk OpenSSL FIPS Provider,No PQC Mechanisms Detected,FIPS 140-3 L1,deprecated,2025-07-22,https://csrc.nist.gov/projects/cryptographic-module-validation-program/certificate/5044,2026-06-06,not in regen,,,,2026-07-09
Splunk Enterprise,splunk-enterprise,FIPS 140-3,5187,Splunk LLC,Splunk Cryptographic Module,No PQC Mechanisms Detected,FIPS 140-3 L1,deprecated,2026-03-12,https://csrc.nist.gov/projects/cryptographic-module-validation-program/certificate/5187,2026-06-06,not in regen,,,,2026-07-09
Synopsys Agile PQC Public Key Accelerator (PKA),synopsys-agile-pqc-public-key-accelerator-pka,ACVP,A7630,"Synopsys, Inc.",Synopsys Agile PQC Solutions,"ML-DSA, ML-KEM, SLH-DSA",,deprecated,2025-10-31,https://csrc.nist.gov/projects/cryptographic-algorithm-validation-program/details?product=20446,2026-07-13,not in regen,pqc_cert_present,url_authoritative,"Added 2026-07-12 (product-cert review): name+vendor+pqcCoverage match against compliance-data.json id=A7630, real NIST ACVP/CMVP record. Full record confirms exact algorithm coverage matching the catalog claim (tier-2 LLM check had lacked the pqcCoverage field and could not confirm on its own).",2026-07-12
TASS Crypto Engine (LMS),TASS-Crypto-Engine-LMS,ACVP,A6959,"Beijing JN TASS Technology Co., Ltd.",TASS Crypto Engine (PQC),"ML-DSA, ML-KEM, SLH-DSA",,Active,2025-05-27,https://csrc.nist.gov/projects/cryptographic-algorithm-validation-program/details?product=19709,,,,,,
TASS Crypto Engine (LMS),TASS-Crypto-Engine-LMS,ACVP,A6960,"Beijing JN TASS Technology Co., Ltd.",TASS Crypto Engine (LMS),LMS,,Active,2025-05-27,https://csrc.nist.gov/projects/cryptographic-algorithm-validation-program/details?product=19710,,,,,,
TASS Crypto Engine (PQC),TASS-Crypto-Engine-PQC,ACVP,A6959,"Beijing JN TASS Technology Co., Ltd.",TASS Crypto Engine (PQC),"ML-DSA, ML-KEM, SLH-DSA",,Active,2025-05-27,https://csrc.nist.gov/projects/cryptographic-algorithm-validation-program/details?product=19709,,,,,,
TASS Crypto Engine (PQC),TASS-Crypto-Engine-PQC,ACVP,A6960,"Beijing JN TASS Technology Co., Ltd.",TASS Crypto Engine (LMS),LMS,,Active,2025-05-27,https://csrc.nist.gov/projects/cryptographic-algorithm-validation-program/details?product=19710,,,,,,
TQ42 Cryptography,tq42-cryptography,ACVP,A5656,Terra Quantum Inc.,TQ42 Cryptography,"ML-DSA, ML-KEM, SLH-DSA",,Active,2024-08-28,https://csrc.nist.gov/projects/cryptographic-algorithm-validation-program/details?product=18351,,,,,,
Tellabs Panorama PON Manager Cryptographic Module,tellabs-panorama-pon-manager-cryptographic-module,FIPS 140-3,5130,"Tellabs Enterprise, Inc.",Tellabs Panorama PON Manager Cryptographic Module,"HSS, LMS",FIPS 140-3 L1,Active,2026-01-13,https://csrc.nist.gov/projects/cryptographic-module-validation-program/certificate/5130,,,,,,
Thales 5G Quantum-Safe SIM,thales-5g-quantum-safe-sim,ACVP,A7358,Thales,Thales Luna K7 Cryptographic Library,"LMS, ML-DSA, ML-KEM",,deprecated,2025-09-02,https://csrc.nist.gov/projects/cryptographic-algorithm-validation-program/details?product=20110,2026-06-06,not in regen,,,,2026-07-09
Thales 5G Quantum-Safe SIM,thales-5g-quantum-safe-sim,ACVP,A8273,Thales,Thales Luna G7 Cryptographic Library,"ML-DSA, ML-KEM",,deprecated,2026-04-17,https://csrc.nist.gov/projects/cryptographic-algorithm-validation-program/details?product=21087,2026-06-06,not in regen,,,,2026-07-09
Thales 5G Quantum-Safe SIM,thales-5g-quantum-safe-sim,Common Criteria,cc-quantum-ias-v1-0-0-a-and-moc-server-v3-1-1-on-multiapp-v5-2-premium-pqcversions-1-0-0-a--q-ias--et-3-1-1--moc-server---anssi-cc-2026-03--c07da71b,THALES DIS FRANCE SA (Scheme: FR),Quantum IAS v1.0.0.A and MOC Server v3.1.1 on MultiApp V5.2 Premium PQCVersions 1.0.0.A (Q-IAS) et 3.1.1 (MOC server) (ANSSI-CC-2026/03),"ML-KEM, ML-DSA","EAL5+,ALC_DVS.2,AVA_VAN.5",deprecated,2026-02-05,https://commoncriteriaportal.org/files/epfiles/ANSSI-CC-2026-03-cible.pdf,2026-05-10,not in regen,pqc_cert_present,url_needs_review,CMVP #cc-quantum-ias-v1-0-0-a-and-moc-server-v3-1-1-on-multiapp-v5-2-premium-pqcversions-1-0-0-a--q-ias--et-3-1-1--moc-server---anssi-cc-2026-03--kmz3: PQC mechanisms detected. Verify algorithms at https://csrc.nist.gov/projects/cryptographic-module-validation-program/certificate/cc-quantum-ias-v1-0-0-a-and-moc-server-v3-1-1-on-multiapp-v5-2-premium-pqcversions-1-0-0-a--q-ias--et-3-1-1--moc-server---anssi-cc-2026-03--kmz3,2026-05-06
Thales 5G Quantum-Safe SIM,thales-5g-quantum-safe-sim,FIPS 140-3,4480,Thales,eToken 5110+ FIPS,No PQC Mechanisms Detected,FIPS 140-3 L3,deprecated,2023-04-17,https://csrc.nist.gov/projects/cryptographic-module-validation-program/certificate/4480,2026-06-06,not in regen,,,,2026-07-09
Thales 5G Quantum-Safe SIM,thales-5g-quantum-safe-sim,FIPS 140-3,4517,Thales,IDPrime 3930 FIDO,No PQC Mechanisms Detected,FIPS 140-3 L2,deprecated,2023-05-09,https://csrc.nist.gov/projects/cryptographic-module-validation-program/certificate/4517,2026-06-06,not in regen,,,,2026-07-09
Thales 5G Quantum-Safe SIM,thales-5g-quantum-safe-sim,FIPS 140-3,4772,Thales,IDCore 3230 / 230 Platform,No PQC Mechanisms Detected,FIPS 140-3 L3,deprecated,2024-08-21,https://csrc.nist.gov/projects/cryptographic-module-validation-program/certificate/4772,2026-06-06,not in regen,,,,2026-07-09
Thales 5G Quantum-Safe SIM,thales-5g-quantum-safe-sim,FIPS 140-3,4852,THALES,Safeword3300 Platinum V2F,No PQC Mechanisms Detected,FIPS 140-3 L1,deprecated,2024-10-24,https://csrc.nist.gov/projects/cryptographic-module-validation-program/certificate/4852,2026-06-06,not in regen,,,,2026-07-09
Thales 5G Quantum-Safe SIM,thales-5g-quantum-safe-sim,FIPS 140-3,5172,Thales Alenia Space,Thales Alenia Space Cryptographic Module for Microsemi RTG4 FPGA,No PQC Mechanisms Detected,FIPS 140-3 L1,deprecated,2026-03-06,https://csrc.nist.gov/projects/cryptographic-module-validation-program/certificate/5172,2026-05-16,not in regen,,,,2026-07-09
Thales 5G Quantum-Safe SIM,thales-5g-quantum-safe-sim,FIPS 140-3,5250,THALES ALENIA SPACE,ESPRIT/COMHUB FPGA,No PQC Mechanisms Detected,FIPS 140-3 L1,deprecated,2026-04-28,https://csrc.nist.gov/projects/cryptographic-module-validation-program/certificate/5250,2026-06-06,not in regen,,,,2026-07-09
Thales CipherTrust Cloud Key Manager,thales-ciphertrust-cloud-key-manager,ACVP,A7358,Thales,Thales Luna K7 Cryptographic Library,"LMS, ML-DSA, ML-KEM",,deprecated,2025-09-02,https://csrc.nist.gov/projects/cryptographic-algorithm-validation-program/details?product=20110,2026-06-06,not in regen,,,,2026-07-09
Thales CipherTrust Cloud Key Manager,thales-ciphertrust-cloud-key-manager,ACVP,A8273,Thales,Thales Luna G7 Cryptographic Library,"ML-DSA, ML-KEM",,deprecated,2026-04-17,https://csrc.nist.gov/projects/cryptographic-algorithm-validation-program/details?product=21087,2026-06-06,not in regen,,,,2026-07-09
Thales CipherTrust Cloud Key Manager,thales-ciphertrust-cloud-key-manager,FIPS 140-3,4110,Thales,ProtectServer PCIe HSM 3,No PQC Mechanisms Detected,FIPS 140-3 L3,deprecated,2021-12-20,https://csrc.nist.gov/projects/cryptographic-module-validation-program/certificate/4110,2026-06-06,not in regen,,,,2026-07-09
Thales CipherTrust Cloud Key Manager,thales-ciphertrust-cloud-key-manager,FIPS 140-3,4195,Thales,Thales Luna Backup HSM Cryptographic Module,No PQC Mechanisms Detected,FIPS 140-3 L3,deprecated,2022-04-14,https://csrc.nist.gov/projects/cryptographic-module-validation-program/certificate/4195,2026-06-06,not in regen,,,,2026-07-09
Thales CipherTrust Cloud Key Manager,thales-ciphertrust-cloud-key-manager,FIPS 140-3,4430,Thales,Thales CipherTrust Manager Core Security Module,No PQC Mechanisms Detected,FIPS 140-3 L1,Active,2023-01-27,https://csrc.nist.gov/projects/cryptographic-module-validation-program/certificate/4430,,,,,,
Thales CipherTrust Cloud Key Manager,thales-ciphertrust-cloud-key-manager,FIPS 140-3,4684,Thales,Thales Luna K7 Cryptographic Module,No PQC Mechanisms Detected,FIPS 140-3 L3,deprecated,2024-04-02,https://csrc.nist.gov/projects/cryptographic-module-validation-program/certificate/4684,2026-06-06,not in regen,,,,2026-07-09
Thales CipherTrust Cloud Key Manager,thales-ciphertrust-cloud-key-manager,FIPS 140-3,4962,Thales,Thales Luna G7 Cryptographic Module,No PQC Mechanisms Detected,FIPS 140-3 L3,deprecated,2025-02-07,https://csrc.nist.gov/projects/cryptographic-module-validation-program/certificate/4962,2026-06-06,not in regen,,,,2026-07-09
Thales CipherTrust Data Discovery and Classification,,FIPS 140-3,4328,Thales,Thales Cryptovisor K7+ Cryptographic Module,No PQC Mechanisms Detected,FIPS 140-3 L3,deprecated,2022-10-12,https://csrc.nist.gov/projects/cryptographic-module-validation-program/certificate/4328,2026-05-16,not in regen,,,,
Thales CipherTrust Data Discovery and Classification,,FIPS 140-3,4429,Thales,Thales CipherTrust Cryptographic Provider (CCP),No PQC Mechanisms Detected,FIPS 140-3 L1,deprecated,2023-01-27,https://csrc.nist.gov/projects/cryptographic-module-validation-program/certificate/4429,2026-06-02,not in regen,,,,
Thales CipherTrust Data Discovery and Classification,,FIPS 140-3,5172,Thales Alenia Space,Thales Alenia Space Cryptographic Module for Microsemi RTG4 FPGA,No PQC Mechanisms Detected,FIPS 140-3 L1,deprecated,2026-03-06,https://csrc.nist.gov/projects/cryptographic-module-validation-program/certificate/5172,2026-06-02,not in regen,,,,
Thales CipherTrust Data Discovery and Classification,,FIPS 140-3,5250,THALES ALENIA SPACE,ESPRIT/COMHUB FPGA,No PQC Mechanisms Detected,FIPS 140-3 L1,deprecated,2026-04-28,https://csrc.nist.gov/projects/cryptographic-module-validation-program/certificate/5250,2026-06-02,not in regen,,,,
Thales CipherTrust Data Security Platform,thales-ciphertrust-data-security-platform,ACVP,A7358,Thales,Thales Luna K7 Cryptographic Library,"LMS, ML-DSA, ML-KEM",,deprecated,2025-09-02,https://csrc.nist.gov/projects/cryptographic-algorithm-validation-program/details?product=20110,2026-06-06,not in regen,,,,2026-07-09
Thales CipherTrust Data Security Platform,thales-ciphertrust-data-security-platform,ACVP,A8273,Thales,Thales Luna G7 Cryptographic Library,"ML-DSA, ML-KEM",,deprecated,2026-04-17,https://csrc.nist.gov/projects/cryptographic-algorithm-validation-program/details?product=21087,2026-06-06,not in regen,,,,2026-07-09
Thales CipherTrust Data Security Platform,thales-ciphertrust-data-security-platform,FIPS 140-3,4328,Thales,Thales Cryptovisor K7+ Cryptographic Module,No PQC Mechanisms Detected,FIPS 140-3 L3,deprecated,2022-10-12,https://csrc.nist.gov/projects/cryptographic-module-validation-program/certificate/4328,2026-05-16,not in regen,,,,2026-07-09
Thales CipherTrust Data Security Platform,thales-ciphertrust-data-security-platform,FIPS 140-3,4429,Thales,Thales CipherTrust Cryptographic Provider (CCP),No PQC Mechanisms Detected,FIPS 140-3 L1,Active,2023-01-27,https://csrc.nist.gov/projects/cryptographic-module-validation-program/certificate/4429,,,,,,
Thales CipherTrust Data Security Platform,thales-ciphertrust-data-security-platform,FIPS 140-3,5172,Thales Alenia Space,Thales Alenia Space Cryptographic Module for Microsemi RTG4 FPGA,No PQC Mechanisms Detected,FIPS 140-3 L1,deprecated,2026-03-06,https://csrc.nist.gov/projects/cryptographic-module-validation-program/certificate/5172,2026-06-06,not in regen,,,,2026-07-09
Thales CipherTrust Data Security Platform,thales-ciphertrust-data-security-platform,FIPS 140-3,5250,THALES ALENIA SPACE,ESPRIT/COMHUB FPGA,No PQC Mechanisms Detected,FIPS 140-3 L1,deprecated,2026-04-28,https://csrc.nist.gov/projects/cryptographic-module-validation-program/certificate/5250,2026-06-06,not in regen,,,,2026-07-09
Thales CipherTrust Manager,thales-ciphertrust-manager,ACVP,A7358,Thales,Thales Luna K7 Cryptographic Library,"LMS, ML-DSA, ML-KEM",,deprecated,2025-09-02,https://csrc.nist.gov/projects/cryptographic-algorithm-validation-program/details?product=20110,2026-06-06,not in regen,,,,2026-07-09
Thales CipherTrust Manager,thales-ciphertrust-manager,ACVP,A8273,Thales,Thales Luna G7 Cryptographic Library,"ML-DSA, ML-KEM",,deprecated,2026-04-17,https://csrc.nist.gov/projects/cryptographic-algorithm-validation-program/details?product=21087,2026-06-06,not in regen,,,,2026-07-09
Thales CipherTrust Manager,thales-ciphertrust-manager,FIPS 140-3,4328,Thales,Thales Cryptovisor K7+ Cryptographic Module,No PQC Mechanisms Detected,FIPS 140-3 L3,deprecated,2022-10-12,https://csrc.nist.gov/projects/cryptographic-module-validation-program/certificate/4328,2026-05-16,not in regen,,,,2026-07-09
Thales CipherTrust Manager,thales-ciphertrust-manager,FIPS 140-3,4429,Thales,Thales CipherTrust Cryptographic Provider (CCP),No PQC Mechanisms Detected,FIPS 140-3 L1,Active,2023-01-27,https://csrc.nist.gov/projects/cryptographic-module-validation-program/certificate/4429,,,,,,
Thales CipherTrust Manager,thales-ciphertrust-manager,FIPS 140-3,5172,Thales Alenia Space,Thales Alenia Space Cryptographic Module for Microsemi RTG4 FPGA,No PQC Mechanisms Detected,FIPS 140-3 L1,deprecated,2026-03-06,https://csrc.nist.gov/projects/cryptographic-module-validation-program/certificate/5172,2026-06-06,not in regen,,,,2026-07-09
Thales CipherTrust Manager,thales-ciphertrust-manager,FIPS 140-3,5250,THALES ALENIA SPACE,ESPRIT/COMHUB FPGA,No PQC Mechanisms Detected,FIPS 140-3 L1,deprecated,2026-04-28,https://csrc.nist.gov/projects/cryptographic-module-validation-program/certificate/5250,2026-06-06,not in regen,,,,2026-07-09
Thales High Speed Encryptor (HSE),thales-high-speed-encryptor-hse,ACVP,A7358,Thales,Thales Luna K7 Cryptographic Library,"LMS, ML-DSA, ML-KEM",,deprecated,2025-09-02,https://csrc.nist.gov/projects/cryptographic-algorithm-validation-program/details?product=20110,2026-06-06,not in regen,,,,2026-07-09
Thales High Speed Encryptor (HSE),thales-high-speed-encryptor-hse,ACVP,A8273,Thales,Thales Luna G7 Cryptographic Library,"ML-DSA, ML-KEM",,deprecated,2026-04-17,https://csrc.nist.gov/projects/cryptographic-algorithm-validation-program/details?product=21087,2026-06-06,not in regen,,,,2026-07-09
Thales High Speed Encryptor (HSE),thales-high-speed-encryptor-hse,Common Criteria,cc-trusted-security-filter--tsf--401-cfc74eaf,Thales Norway AS (Scheme: NO),Trusted Security Filter (TSF) 401,SPHINCS+,"EAL5+,ALC_FLR.3",deprecated,2025-12-16,https://commoncriteriaportal.org/files/epfiles/3AQ 33330 AAAB 938 Security Target Lite TSF 401 Ed. 001.pdf,2026-05-10,not in regen,pqc_cert_present,url_needs_review,CMVP #cc-trusted-security-filter--tsf--401-huou: PQC mechanisms detected. Verify algorithms at https://csrc.nist.gov/projects/cryptographic-module-validation-program/certificate/cc-trusted-security-filter--tsf--401-huou,2026-05-06
Thales High Speed Encryptor (HSE),thales-high-speed-encryptor-hse,FIPS 140-3,4065,Thales Alenia Space,Thales Alenia Space cryptographic module for Microsemi RTAX FPGA,No PQC Mechanisms Detected,FIPS 140-3 L1,deprecated,2021-11-02,https://csrc.nist.gov/projects/cryptographic-module-validation-program/certificate/4065,2026-05-16,not in regen,,,,2026-07-09
Thales High Speed Encryptor (HSE),thales-high-speed-encryptor-hse,FIPS 140-3,4328,Thales,Thales Cryptovisor K7+ Cryptographic Module,No PQC Mechanisms Detected,FIPS 140-3 L3,deprecated,2022-10-12,https://csrc.nist.gov/projects/cryptographic-module-validation-program/certificate/4328,2026-06-06,not in regen,,,,2026-07-09
Thales High Speed Encryptor (HSE),thales-high-speed-encryptor-hse,FIPS 140-3,4327,Thales,Thales Cryptovisor K7 Cryptographic Module,No PQC Mechanisms Detected,FIPS 140-3 L3,deprecated,2022-10-12,https://csrc.nist.gov/projects/cryptographic-module-validation-program/certificate/4327,2026-06-06,not in regen,,,,2026-07-09
Thales High Speed Encryptor (HSE),thales-high-speed-encryptor-hse,FIPS 140-3,4429,Thales,Thales CipherTrust Cryptographic Provider (CCP),No PQC Mechanisms Detected,FIPS 140-3 L1,deprecated,2023-01-27,https://csrc.nist.gov/projects/cryptographic-module-validation-program/certificate/4429,2026-06-06,not in regen,,,,2026-07-09
Thales High Speed Encryptor (HSE),thales-high-speed-encryptor-hse,FIPS 140-3,5172,Thales Alenia Space,Thales Alenia Space Cryptographic Module for Microsemi RTG4 FPGA,No PQC Mechanisms Detected,FIPS 140-3 L1,deprecated,2026-03-06,https://csrc.nist.gov/projects/cryptographic-module-validation-program/certificate/5172,2026-06-06,not in regen,,,,2026-07-09
Thales High Speed Encryptor (HSE),thales-high-speed-encryptor-hse,FIPS 140-3,5250,THALES ALENIA SPACE,ESPRIT/COMHUB FPGA,No PQC Mechanisms Detected,FIPS 140-3 L1,deprecated,2026-04-28,https://csrc.nist.gov/projects/cryptographic-module-validation-program/certificate/5250,2026-06-06,not in regen,,,,2026-07-09
Thales Luna Cloud HSM (DPoD),thales-luna-cloud-hsm-dpod,ACVP,A7358,Thales,Thales Luna K7 Cryptographic Library,"LMS, ML-DSA, ML-KEM",,Active,2025-09-02,https://csrc.nist.gov/projects/cryptographic-algorithm-validation-program/details?product=20110,,,,,,
Thales Luna Cloud HSM (DPoD),thales-luna-cloud-hsm-dpod,ACVP,A8273,Thales,Thales Luna G7 Cryptographic Library,"ML-DSA, ML-KEM",,Active,2026-04-17,https://csrc.nist.gov/projects/cryptographic-algorithm-validation-program/details?product=21087,,,,,,
Thales Luna Cloud HSM (DPoD),thales-luna-cloud-hsm-dpod,FIPS 140-3,4110,Thales,ProtectServer PCIe HSM 3,No PQC Mechanisms Detected,FIPS 140-3 L3,Active,2021-12-20,https://csrc.nist.gov/projects/cryptographic-module-validation-program/certificate/4110,,,,,,
Thales Luna Cloud HSM (DPoD),thales-luna-cloud-hsm-dpod,FIPS 140-3,4195,Thales,Thales Luna Backup HSM Cryptographic Module,No PQC Mechanisms Detected,FIPS 140-3 L3,Active,2022-04-14,https://csrc.nist.gov/projects/cryptographic-module-validation-program/certificate/4195,,,,,,
Thales Luna Cloud HSM (DPoD),thales-luna-cloud-hsm-dpod,FIPS 140-3,4684,Thales,Thales Luna K7 Cryptographic Module,No PQC Mechanisms Detected,FIPS 140-3 L3,Active,2024-04-02,https://csrc.nist.gov/projects/cryptographic-module-validation-program/certificate/4684,,,,,,
Thales Luna Cloud HSM (DPoD),thales-luna-cloud-hsm-dpod,FIPS 140-3,4962,Thales,Thales Luna G7 Cryptographic Module,No PQC Mechanisms Detected,FIPS 140-3 L3,Active,2025-02-07,https://csrc.nist.gov/projects/cryptographic-module-validation-program/certificate/4962,,,,,,
Thales Luna Cloud HSM (DPoD),thales-luna-cloud-hsm-dpod,FIPS 140-3,5172,Thales Alenia Space,Thales Alenia Space Cryptographic Module for Microsemi RTG4 FPGA,No PQC Mechanisms Detected,FIPS 140-3 L1,deprecated,2026-03-06,https://csrc.nist.gov/projects/cryptographic-module-validation-program/certificate/5172,2026-05-16,not in regen,,,,2026-07-09
Thales Luna Cloud HSM (DPoD),thales-luna-cloud-hsm-dpod,FIPS 140-3,5250,THALES ALENIA SPACE,ESPRIT/COMHUB FPGA,No PQC Mechanisms Detected,FIPS 140-3 L1,deprecated,2026-04-28,https://csrc.nist.gov/projects/cryptographic-module-validation-program/certificate/5250,2026-06-06,not in regen,,,,2026-07-09
Thales Luna HSM,thales-luna-hsm,ACVP,A7358,Thales,Thales Luna K7 Cryptographic Library,"LMS, ML-DSA, ML-KEM",,Active,2025-09-02,https://csrc.nist.gov/projects/cryptographic-algorithm-validation-program/details?product=20110,,,,,,
Thales Luna HSM,thales-luna-hsm,ACVP,A8273,Thales,Thales Luna G7 Cryptographic Library,"ML-DSA, ML-KEM",,Active,2026-04-17,https://csrc.nist.gov/projects/cryptographic-algorithm-validation-program/details?product=21087,,,,,,
Thales Luna HSM,thales-luna-hsm,FIPS 140-3,4110,Thales,ProtectServer PCIe HSM 3,No PQC Mechanisms Detected,FIPS 140-3 L3,Active,2021-12-20,https://csrc.nist.gov/projects/cryptographic-module-validation-program/certificate/4110,,,,,,
Thales Luna HSM,thales-luna-hsm,FIPS 140-3,4195,Thales,Thales Luna Backup HSM Cryptographic Module,No PQC Mechanisms Detected,FIPS 140-3 L3,Active,2022-04-14,https://csrc.nist.gov/projects/cryptographic-module-validation-program/certificate/4195,,,,,,
Thales Luna HSM,thales-luna-hsm,FIPS 140-3,4684,Thales,Thales Luna K7 Cryptographic Module,No PQC Mechanisms Detected,FIPS 140-3 L3,Active,2024-04-02,https://csrc.nist.gov/projects/cryptographic-module-validation-program/certificate/4684,,,,,,
Thales Luna HSM,thales-luna-hsm,FIPS 140-3,4962,Thales,Thales Luna G7 Cryptographic Module,No PQC Mechanisms Detected,FIPS 140-3 L3,Active,2025-02-07,https://csrc.nist.gov/projects/cryptographic-module-validation-program/certificate/4962,,,,,,
Thales Luna HSM,thales-luna-hsm,FIPS 140-3,5172,Thales Alenia Space,Thales Alenia Space Cryptographic Module for Microsemi RTG4 FPGA,No PQC Mechanisms Detected,FIPS 140-3 L1,deprecated,2026-03-06,https://csrc.nist.gov/projects/cryptographic-module-validation-program/certificate/5172,2026-05-16,not in regen,,,,2026-07-09
Thales Luna HSM,thales-luna-hsm,FIPS 140-3,5250,THALES ALENIA SPACE,ESPRIT/COMHUB FPGA,No PQC Mechanisms Detected,FIPS 140-3 L1,deprecated,2026-04-28,https://csrc.nist.gov/projects/cryptographic-module-validation-program/certificate/5250,2026-06-06,not in regen,,,,2026-07-09
Thales Luna T-Series HSM,thales-luna-t-series-hsm,ACVP,A7457,Thales Trusted Cyber Technologies,Luna T7 Firmware Cryptographic Library,LMS,,Active,2025-09-29,https://csrc.nist.gov/projects/cryptographic-algorithm-validation-program/details?product=20235,,,,,,
Thales Luna T-Series HSM,,ACVP,A7458,Thales Trusted Cyber Technologies,Luna T7 Hybrid (HW/FW) Cryptographic Library,LMS,,deprecated,2025-09-29,https://csrc.nist.gov/projects/cryptographic-algorithm-validation-program/details?product=20236,2026-07-12,not in regen,,,,
Thales Luna T-Series HSM,thales-luna-t-series-hsm,ACVP,A7879,Thales Trusted Cyber Technologies,Luna T7 Firmware Cryptographic Library,"LMS, ML-DSA, ML-KEM",,Active,2026-01-16,https://csrc.nist.gov/projects/cryptographic-algorithm-validation-program/details?product=20680,,,,,,
Thales Luna T-Series HSM,thales-luna-t-series-hsm,ACVP,A7880,Thales Trusted Cyber Technologies,Luna T7 Hybrid (HW/FW) Cryptographic Library,"LMS, ML-DSA, ML-KEM",,Active,2026-01-16,https://csrc.nist.gov/projects/cryptographic-algorithm-validation-program/details?product=20679,,,,,,
Thales Luna T-Series HSM,thales-luna-t-series-hsm,ACVP,A8666,Thales Trusted Cyber Technologies,Luna M7 Firmware Cryptographic Library,"LMS, ML-DSA, ML-KEM",,Active,2026-06-25,https://csrc.nist.gov/projects/cryptographic-algorithm-validation-program/details?product=21505,,,,,,
Thales Luna T-Series HSM,thales-luna-t-series-hsm,ACVP,A8667,Thales Trusted Cyber Technologies,Luna M7 Hybrid (HW/FW) Cryptographic Library,"LMS, ML-DSA, ML-KEM",,Active,2026-06-25,https://csrc.nist.gov/projects/cryptographic-algorithm-validation-program/details?product=21506,,,,,,
Thales Luna T-Series HSM,thales-luna-t-series-hsm,FIPS 140-3,3898,Thales Trusted Cyber Technologies,Luna T7 Cryptographic Module,No PQC Mechanisms Detected,FIPS 140-2 L3,deprecated,2021-04-17,https://csrc.nist.gov/projects/cryptographic-module-validation-program/certificate/3898,2026-05-10,not in regen,no_pqc_cert_classical_only,url_authoritative,CMVP #3898: Classical cryptography only. PQC (ML-KEM/ML-DSA/SLH-DSA) not yet validated under this certificate. CMVP PQC module validation anticipated 2026-2027 per NIST CMVP roadmap.,2026-05-06
Thales Luna T-Series HSM,thales-luna-t-series-hsm,FIPS 140-3,5300,Thales Trusted Cyber Technologies,Luna M7 Cryptographic Module,LMS,FIPS 140-3 L3,Active,2026-06-03,https://csrc.nist.gov/projects/cryptographic-module-validation-program/certificate/5300,,,,,,
Thales Luna T-Series HSM,thales-luna-t-series-hsm,FIPS 140-3,5450,Thales Trusted Cyber Technologies,Luna T7,"ML-KEM, ML-DSA, LMS",FIPS 140-3 L3,Active,2026-07-29,https://csrc.nist.gov/projects/cryptographic-module-validation-program/certificate/5450,,,,,,
Thales MISTRAL Encryptor,thales-mistral-encryptor,ACVP,A7358,Thales,Thales Luna K7 Cryptographic Library,"LMS, ML-DSA, ML-KEM",,deprecated,2025-09-02,https://csrc.nist.gov/projects/cryptographic-algorithm-validation-program/details?product=20110,2026-06-06,not in regen,,,,2026-07-09
Thales MISTRAL Encryptor,thales-mistral-encryptor,ACVP,A8273,Thales,Thales Luna G7 Cryptographic Library,"ML-DSA, ML-KEM",,deprecated,2026-04-17,https://csrc.nist.gov/projects/cryptographic-algorithm-validation-program/details?product=21087,2026-06-06,not in regen,,,,2026-07-09
Thales MISTRAL Encryptor,thales-mistral-encryptor,FIPS 140-3,4065,Thales Alenia Space,Thales Alenia Space cryptographic module for Microsemi RTAX FPGA,No PQC Mechanisms Detected,FIPS 140-3 L1,deprecated,2021-11-02,https://csrc.nist.gov/projects/cryptographic-module-validation-program/certificate/4065,2026-05-16,not in regen,,,,2026-07-09
Thales MISTRAL Encryptor,thales-mistral-encryptor,FIPS 140-3,4328,Thales,Thales Cryptovisor K7+ Cryptographic Module,No PQC Mechanisms Detected,FIPS 140-3 L3,deprecated,2022-10-12,https://csrc.nist.gov/projects/cryptographic-module-validation-program/certificate/4328,2026-06-06,not in regen,,,,2026-07-09
Thales MISTRAL Encryptor,thales-mistral-encryptor,FIPS 140-3,4327,Thales,Thales Cryptovisor K7 Cryptographic Module,No PQC Mechanisms Detected,FIPS 140-3 L3,deprecated,2022-10-12,https://csrc.nist.gov/projects/cryptographic-module-validation-program/certificate/4327,2026-06-06,not in regen,,,,2026-07-09
Thales MISTRAL Encryptor,thales-mistral-encryptor,FIPS 140-3,4429,Thales,Thales CipherTrust Cryptographic Provider (CCP),No PQC Mechanisms Detected,FIPS 140-3 L1,deprecated,2023-01-27,https://csrc.nist.gov/projects/cryptographic-module-validation-program/certificate/4429,2026-06-06,not in regen,,,,2026-07-09
Thales MISTRAL Encryptor,thales-mistral-encryptor,FIPS 140-3,5172,Thales Alenia Space,Thales Alenia Space Cryptographic Module for Microsemi RTG4 FPGA,No PQC Mechanisms Detected,FIPS 140-3 L1,deprecated,2026-03-06,https://csrc.nist.gov/projects/cryptographic-module-validation-program/certificate/5172,2026-06-06,not in regen,,,,2026-07-09
Thales MISTRAL Encryptor,thales-mistral-encryptor,FIPS 140-3,5250,THALES ALENIA SPACE,ESPRIT/COMHUB FPGA,No PQC Mechanisms Detected,FIPS 140-3 L1,deprecated,2026-04-28,https://csrc.nist.gov/projects/cryptographic-module-validation-program/certificate/5250,2026-06-06,not in regen,,,,2026-07-09
Thales MultiApp 5.2 Premium PQC,thales-multiapp-5-2-premium-pqc,ACVP,A7358,Thales,Thales Luna K7 Cryptographic Library,"LMS, ML-DSA, ML-KEM",,deprecated,2025-09-02,https://csrc.nist.gov/projects/cryptographic-algorithm-validation-program/details?product=20110,2026-06-06,not in regen,,,,2026-07-09
Thales MultiApp 5.2 Premium PQC,thales-multiapp-5-2-premium-pqc,ACVP,A8273,Thales,Thales Luna G7 Cryptographic Library,"ML-DSA, ML-KEM",,deprecated,2026-04-17,https://csrc.nist.gov/projects/cryptographic-algorithm-validation-program/details?product=21087,2026-06-06,not in regen,,,,2026-07-09
Thales MultiApp 5.2 Premium PQC,thales-multiapp-5-2-premium-pqc,Common Criteria,anssi-cc-2025-30,THALES DIS,MultiApp ID V5.2 platform version 5.2,"ML-KEM, ML-DSA",EAL6+,Active,2025-09-29,https://messervices.cyber.gouv.fr/visas/ANSSI-CC-2025-30-rapport.pdf,,,,,,
Thales MultiApp 5.2 Premium PQC,thales-multiapp-5-2-premium-pqc,Common Criteria,anssi-cc-2025-32,THALES DIS,MultiApp ID V5.2 platform version 5.2,"ML-KEM, ML-DSA",EAL6+,Active,2025-09-29,https://messervices.cyber.gouv.fr/visas/ANSSI-CC-2025-32-rapport.pdf,,,,,,
Thales MultiApp 5.2 Premium PQC,thales-multiapp-5-2-premium-pqc,Common Criteria,cc-multiapp-5-2-premium-pqc--version-5-2--anssi-cc-2025-32--b2d3cfd9,THALES DIS FRANCE SA,MultiApp 5.2 Premium PQC (version 5.2)(ANSSI-CC-2025/32),"ML-KEM, ML-DSA","EAL6+,ALC_FLR.1",Active,2025-09-29,https://www.commoncriteriaportal.org/files/epfiles/ANSSI-cible-CC-2025_32en.pdf,,,,,,
Thales MultiApp 5.2 Premium PQC,thales-multiapp-5-2-premium-pqc,Common Criteria,cc-multiapp-5-2-premium-pqc-gp-se-version-5-2---anssi-cc-2025-30--eda3d770,THALES DIS FRANCE SA (Scheme: FR),MultiApp 5.2 Premium PQC GP-SE(version 5.2) (ANSSI-CC-2025/30),"ML-KEM, ML-DSA","EAL6+,ALC_FLR.1",deprecated,2025-09-29,https://commoncriteriaportal.org/files/epfiles/ANSSI-cible-CC-2025_30en.pdf,2026-06-06,not in regen,,,,2026-07-09
Thales MultiApp 5.2 Premium PQC,thales-multiapp-5-2-premium-pqc,Common Criteria,anssi-cc-2026-03,THALES DIS,Qsign v1.0.0 on MultiApp v5.2 Cartes à,"ML-KEM, ML-DSA",EAL5+,Active,2026-02-05,https://messervices.cyber.gouv.fr/visas/ANSSI-CC-2026-03-rapport.pdf,,,,,,
Thales MultiApp 5.2 Premium PQC,thales-multiapp-5-2-premium-pqc,Common Criteria,cc-quantum-ias-v1-0-0-a-and-moc-server-v3-1-1-on-multiapp-v5-2-premium-pqcversions-1-0-0-a--q-ias--et-3-1-1--moc-server---anssi-cc-2026-03--c07da71b,THALES DIS FRANCE SA,Quantum IAS v1.0.0.A and MOC Server v3.1.1 on MultiApp V5.2 Premium PQCVersions 1.0.0.A (Q-IAS) et 3.1.1 (MOC server) (ANSSI-CC-2026/03),"ML-KEM, ML-DSA","EAL5+,ALC_DVS.2,AVA_VAN.5",Active,2026-02-05,https://www.commoncriteriaportal.org/files/epfiles/ANSSI-CC-2026-03-cible.pdf,,,,,,
Thales MultiApp 5.2 Premium PQC,thales-multiapp-5-2-premium-pqc,FIPS 140-3,4480,Thales,eToken 5110+ FIPS,No PQC Mechanisms Detected,FIPS 140-3 L3,deprecated,2023-04-17,https://csrc.nist.gov/projects/cryptographic-module-validation-program/certificate/4480,2026-06-06,not in regen,,,,2026-07-09
Thales MultiApp 5.2 Premium PQC,thales-multiapp-5-2-premium-pqc,FIPS 140-3,4517,Thales,IDPrime 3930 FIDO,No PQC Mechanisms Detected,FIPS 140-3 L2,deprecated,2023-05-09,https://csrc.nist.gov/projects/cryptographic-module-validation-program/certificate/4517,2026-06-06,not in regen,,,,2026-07-09
Thales MultiApp 5.2 Premium PQC,thales-multiapp-5-2-premium-pqc,FIPS 140-3,4772,Thales,IDCore 3230 / 230 Platform,No PQC Mechanisms Detected,FIPS 140-3 L3,deprecated,2024-08-21,https://csrc.nist.gov/projects/cryptographic-module-validation-program/certificate/4772,2026-06-06,not in regen,,,,2026-07-09
Thales MultiApp 5.2 Premium PQC,thales-multiapp-5-2-premium-pqc,FIPS 140-3,4852,THALES,Safeword3300 Platinum V2F,No PQC Mechanisms Detected,FIPS 140-3 L1,deprecated,2024-10-24,https://csrc.nist.gov/projects/cryptographic-module-validation-program/certificate/4852,2026-06-06,not in regen,,,,2026-07-09
Thales payShield 10K,thales-payshield-10k,ACVP,A7358,Thales,Thales Luna K7 Cryptographic Library,"LMS, ML-DSA, ML-KEM",,deprecated,2025-09-02,https://csrc.nist.gov/projects/cryptographic-algorithm-validation-program/details?product=20110,2026-06-06,not in regen,,,,2026-07-09
Thales payShield 10K,thales-payshield-10k,ACVP,A8273,Thales,Thales Luna G7 Cryptographic Library,"ML-DSA, ML-KEM",,deprecated,2026-04-17,https://csrc.nist.gov/projects/cryptographic-algorithm-validation-program/details?product=21087,2026-06-06,not in regen,,,,2026-07-09
Thales payShield 10K,thales-payshield-10k,FIPS 140-3,4110,Thales,ProtectServer PCIe HSM 3,No PQC Mechanisms Detected,FIPS 140-3 L3,deprecated,2021-12-20,https://csrc.nist.gov/projects/cryptographic-module-validation-program/certificate/4110,2026-06-06,not in regen,,,,2026-07-09
Thales payShield 10K,thales-payshield-10k,FIPS 140-3,4195,Thales,Thales Luna Backup HSM Cryptographic Module,No PQC Mechanisms Detected,FIPS 140-3 L3,deprecated,2022-04-14,https://csrc.nist.gov/projects/cryptographic-module-validation-program/certificate/4195,2026-06-06,not in regen,,,,2026-07-09
Thales payShield 10K,thales-payshield-10k,FIPS 140-3,4684,Thales,Thales Luna K7 Cryptographic Module,No PQC Mechanisms Detected,FIPS 140-3 L3,deprecated,2024-04-02,https://csrc.nist.gov/projects/cryptographic-module-validation-program/certificate/4684,2026-06-06,not in regen,,,,2026-07-09
Thales payShield 10K,thales-payshield-10k,FIPS 140-3,4962,Thales,Thales Luna G7 Cryptographic Module,No PQC Mechanisms Detected,FIPS 140-3 L3,deprecated,2025-02-07,https://csrc.nist.gov/projects/cryptographic-module-validation-program/certificate/4962,2026-06-06,not in regen,,,,2026-07-09
The OpenSSL Corporation OpenSSL FIPS Provider,The-OpenSSL-Corporation-OpenSSL-FIPS-Pro,ACVP,A7481,The OpenSSL Corporation,OpenSSL FIPS Provider,"ML-DSA, ML-KEM, SLH-DSA",,Active,2025-10-06,https://csrc.nist.gov/projects/cryptographic-algorithm-validation-program/details?product=20272,,,,,,
Toshiba Hardware Security Module PQC cryptographic library,Toshiba-Hardware-Security-Module-PQC-cry,ACVP,A8770,Toshiba Corporation,Toshiba Hardware Security Module PQC cryptographic library,"ML-DSA, ML-KEM",,Active,2026-07-16,https://csrc.nist.gov/projects/cryptographic-algorithm-validation-program/details?product=21604,,,,,,
Trend Micro Java Crypto Module,trend-micro-java-crypto-module,FIPS 140-3,5131,Trend Micro Inc.,Trend Micro Java Crypto Module,"HSS, LMS",FIPS 140-3 L1,Active,2026-01-13,https://csrc.nist.gov/projects/cryptographic-module-validation-program/certificate/5131,,,,,,
Trusty TEE,trusty-tee,ACVP,A8355,"Google, LLC",Trusty TEE,"ML-DSA, ML-KEM, SLH-DSA",,Active,2026-05-19,https://csrc.nist.gov/projects/cryptographic-algorithm-validation-program/details?product=21185,,,,,,
Tutus Farist IEG,tutus-farist-ieg,Common Criteria,cc-tutus-f-rist-ieg-v4-5-0-4537f141,Tutus Data AB,Tutus Färist IEG v4.5.0,FrodoKEM,"EAL4,ALC_FLR.1",Active,2026-02-17,https://www.commoncriteriaportal.org/files/epfiles/FaristIEG-ST_v1.0.pdf,,,,,,
Ubuntu 24.04 LTS,ubuntu-24-04-lts,FIPS 140-3,4018,Canonical Ltd.,Ubuntu 18.04 Kernel Crypto API Cryptographic Module,No PQC Mechanisms Detected,FIPS 140-3 L1,Active,2021-08-30,https://csrc.nist.gov/projects/cryptographic-module-validation-program/certificate/4018,,,,,,
Ubuntu 24.04 LTS,ubuntu-24-04-lts,FIPS 140-3,4127,Canonical Ltd.,Ubuntu 20.04 GCP Kernel Crypto API Cryptographic Module,No PQC Mechanisms Detected,FIPS 140-2 L1,deprecated,2022-01-10,https://csrc.nist.gov/projects/cryptographic-module-validation-program/certificate/4127,2026-06-04,not in regen,,,,2026-07-09
Ubuntu 24.04 LTS,ubuntu-24-04-lts,FIPS 140-3,4126,Canonical Ltd.,Ubuntu 20.04 Azure Kernel Crypto API Cryptographic Module,No PQC Mechanisms Detected,FIPS 140-2 L1,deprecated,2022-01-10,https://csrc.nist.gov/projects/cryptographic-module-validation-program/certificate/4126,2026-05-10,not in regen,no_pqc_cert_classical_only,url_authoritative,CMVP #4126: Classical cryptography only. PQC (ML-KEM/ML-DSA/SLH-DSA) not yet validated under this certificate. CMVP PQC module validation anticipated 2026-2027 per NIST CMVP roadmap.,2026-05-06
Ubuntu 24.04 LTS,ubuntu-24-04-lts,FIPS 140-3,4132,Canonical Ltd.,Ubuntu 20.04 AWS Kernel Crypto API Cryptographic Module,No PQC Mechanisms Detected,FIPS 140-2 L1,deprecated,2022-01-13,https://csrc.nist.gov/projects/cryptographic-module-validation-program/certificate/4132,2026-06-04,not in regen,,,,2026-07-09
Ubuntu 24.04 LTS,ubuntu-24-04-lts,FIPS 140-3,4366,Canonical Ltd.,Ubuntu 20.04 Kernel Crypto API Cryptographic Module,No PQC Mechanisms Detected,FIPS 140-3 L1,Active,2022-11-14,https://csrc.nist.gov/projects/cryptographic-module-validation-program/certificate/4366,,,,,,
Ubuntu 24.04 LTS,ubuntu-24-04-lts,FIPS 140-3,4894,Canonical Ltd.,Canonical Ltd. Ubuntu 22.04 Kernel Crypto API Cryptographic Module,No PQC Mechanisms Detected,FIPS 140-3 L1,deprecated,2024-11-21,https://csrc.nist.gov/projects/cryptographic-module-validation-program/certificate/4894,2026-09-01,not in regen,,,,
Ubuntu 24.04 LTS,ubuntu-24-04-lts,FIPS 140-3,5163,Canonical Ltd.,Canonical Ltd. Ubuntu 24.04 GnuTLS Cryptographic Module,No PQC Mechanisms Detected,FIPS 140-3 L1,Active,2026-02-20,https://csrc.nist.gov/projects/cryptographic-module-validation-program/certificate/5163,,,,,,
Ubuntu 24.04 LTS,ubuntu-24-04-lts,FIPS 140-3,5215,Canonical Ltd.,Canonical Ltd. Ubuntu 24.04 Kernel Crypto API Cryptographic Module,No PQC Mechanisms Detected,FIPS 140-3 L1,Active,2026-03-27,https://csrc.nist.gov/projects/cryptographic-module-validation-program/certificate/5215,,,,,,
Ubuntu 24.04 LTS,ubuntu-24-04-lts,FIPS 140-3,5491,Canonical Ltd.,Canonical Ltd. Ubuntu 22.04 Kernel Crypto API Cryptographic Module,No PQC Mechanisms Detected,FIPS 140-3 L1,Active,2026-08-17,https://csrc.nist.gov/projects/cryptographic-module-validation-program/certificate/5491,,,,,,
Uni-sentry SecIP-PQCHSM Secure Hardware,Uni-sentry-SecIP-PQCHSM-Secure-Hardware,ACVP,A8179,"Shanghai Uni-Sentry Intelligent Technology Co., LTD",Uni-sentry SecIP-PQCHSM Secure Hardware,"ML-DSA, ML-KEM, SLH-DSA",,Active,2026-03-30,https://csrc.nist.gov/projects/cryptographic-algorithm-validation-program/details?product=20999,,,,,,
UniSentry SecIC-HSM PQC Crypto Module,unisentry-secic-hsm-pqc-crypto-module,ACVP,A8180,"Shanghai Uni-Sentry Intelligent Technology Co., LTD",Uni-sentry SecIC-HSM Secure Firmware,"LMS, ML-DSA, ML-KEM, SLH-DSA",,Active,2026-03-30,https://csrc.nist.gov/projects/cryptographic-algorithm-validation-program/details?product=21000,,,,,,
UniSentry SecIC-HSM PQC Crypto Module,unisentry-secic-hsm-pqc-crypto-module,ACVP,A8354,"Shanghai Uni-Sentry Intelligent Technology Co., LTD",UniSentry SecIC-HSM PQC Crypto Module,"LMS, ML-DSA, ML-KEM, SLH-DSA",,Active,2026-05-19,https://csrc.nist.gov/projects/cryptographic-algorithm-validation-program/details?product=21184,,,,,,
Unisys ClearPath Forward,unisys-clearpath-forward,FIPS 140-3,3959,Unisys Corporation,Unisys Linux OpenSSL FIPS Object Module,No PQC Mechanisms Detected,FIPS 140-3 L1,deprecated,2021-06-22,https://csrc.nist.gov/projects/cryptographic-module-validation-program/certificate/3959,2026-06-06,not in regen,,,,2026-07-09
Utimaco Athos,,FIPS 140-3,3925,Utimaco IS GmbH,CryptoServer Se-Series Gen2,No PQC Mechanisms Detected,FIPS 140-2 L3,deprecated,2021-05-10,https://csrc.nist.gov/projects/cryptographic-module-validation-program/certificate/3925,2026-05-16,not in regen,,,,
Utimaco ESKM,utimaco-eskm,ACVP,A7400,Utimaco IS GmbH,Lattice Module - ML,"ML-DSA, ML-KEM",,deprecated,2025-09-17,https://csrc.nist.gov/projects/cryptographic-algorithm-validation-program/details?product=20181,2026-06-06,not in regen,,,,2026-07-09
Utimaco ESKM,utimaco-eskm,ACVP,A7401,Utimaco IS GmbH,Stateful hash based Module - HBS,LMS,,deprecated,2025-09-17,https://csrc.nist.gov/projects/cryptographic-algorithm-validation-program/details?product=20182,2026-06-06,not in regen,,,,2026-07-09
Utimaco ESKM,utimaco-eskm,FIPS 140-3,3886,Utimaco IS GmbH,CryptoServer CSe-Series,No PQC Mechanisms Detected,FIPS 140-2 L3,deprecated,2021-04-07,https://csrc.nist.gov/projects/cryptographic-module-validation-program/certificate/3886,2026-05-10,not in regen,no_pqc_cert_classical_only,url_authoritative,CMVP #3886: Classical cryptography only. PQC (ML-KEM/ML-DSA/SLH-DSA) not yet validated under this certificate. CMVP PQC module validation anticipated 2026-2027 per NIST CMVP roadmap.,2026-05-06
Utimaco ESKM,utimaco-eskm,FIPS 140-3,3925,Utimaco IS GmbH,CryptoServer Se-Series Gen2,No PQC Mechanisms Detected,FIPS 140-2 L3,deprecated,2021-05-10,https://csrc.nist.gov/projects/cryptographic-module-validation-program/certificate/3925,2026-05-16,not in regen,,,,2026-07-09
Utimaco ESKM,utimaco-eskm,FIPS 140-3,4151,Utimaco IS GmbH,u.trust Anchor,No PQC Mechanisms Detected,FIPS 140-3 L3,deprecated,2022-02-10,https://csrc.nist.gov/projects/cryptographic-module-validation-program/certificate/4151,2026-05-10,not in regen,no_pqc_cert_classical_only,url_authoritative,CMVP #4151: Classical cryptography only. PQC (ML-KEM/ML-DSA/SLH-DSA) not yet validated under this certificate. CMVP PQC module validation anticipated 2026-2027 per NIST CMVP roadmap.,2026-05-06
Utimaco ESKM,utimaco-eskm,FIPS 140-3,4992,Utimaco Inc.,Atalla Cryptographic Subsystem (ACS),No PQC Mechanisms Detected,FIPS 140-3 L3,deprecated,2025-03-25,https://csrc.nist.gov/projects/cryptographic-module-validation-program/certificate/4992,2026-06-06,not in regen,,,,2026-07-09
Utimaco ESKM,utimaco-eskm,FIPS 140-3,5223,Utimaco IS GmbH,u.trust Anchor,No PQC Mechanisms Detected,FIPS 140-3 L3,deprecated,2026-04-01,https://csrc.nist.gov/projects/cryptographic-module-validation-program/certificate/5223,2026-06-06,not in regen,,,,2026-07-09
Utimaco Quantum Protect (Stateful Hash-Based Signature Module),utimaco-quantum-protect-stateful-hash-based-signature-module,ACVP,A7401,Utimaco IS GmbH,Stateful hash based Module - HBS,LMS,,deprecated,2025-09-17,https://csrc.nist.gov/projects/cryptographic-algorithm-validation-program/details?product=20182,2026-08-29,not in regen,,,,
Utimaco Quantum Protect Suite,utimaco-quantum-protect-suite,FIPS 140-3,4151,Utimaco IS GmbH,u.trust Anchor,No PQC Mechanisms Detected,FIPS 140-3 L3,deprecated,2022-02-10,https://csrc.nist.gov/projects/cryptographic-module-validation-program/certificate/4151,2026-05-10,not in regen,no_pqc_cert_classical_only,url_authoritative,CMVP #4151: Classical cryptography only. PQC (ML-KEM/ML-DSA/SLH-DSA) not yet validated under this certificate. CMVP PQC module validation anticipated 2026-2027 per NIST CMVP roadmap.,2026-05-06
Utimaco Quantum Protect Suite,utimaco-quantum-protect-suite,FIPS 140-3,4992,Utimaco Inc.,Atalla Cryptographic Subsystem (ACS),No PQC Mechanisms Detected,FIPS 140-3 L3,deprecated,2025-03-25,https://csrc.nist.gov/projects/cryptographic-module-validation-program/certificate/4992,2026-06-06,not in regen,,,,2026-07-09
Utimaco Quantum Protect Suite,utimaco-quantum-protect-suite,FIPS 140-3,5223,Utimaco IS GmbH,u.trust Anchor,No PQC Mechanisms Detected,FIPS 140-3 L3,deprecated,2026-04-01,https://csrc.nist.gov/projects/cryptographic-module-validation-program/certificate/5223,2026-06-06,not in regen,,,,2026-07-09
Utimaco SecurityServer,utimaco-securityserver,ACVP,A7400,Utimaco IS GmbH,Lattice Module - ML,"ML-DSA, ML-KEM",,deprecated,2025-09-17,https://csrc.nist.gov/projects/cryptographic-algorithm-validation-program/details?product=20181,2026-06-06,not in regen,,,,2026-07-09
Utimaco SecurityServer,utimaco-securityserver,ACVP,A7401,Utimaco IS GmbH,Stateful hash based Module - HBS,LMS,,deprecated,2025-09-17,https://csrc.nist.gov/projects/cryptographic-algorithm-validation-program/details?product=20182,2026-06-06,not in regen,,,,2026-07-09
Utimaco SecurityServer,utimaco-securityserver,FIPS 140-3,3886,Utimaco IS GmbH,CryptoServer CSe-Series,No PQC Mechanisms Detected,FIPS 140-2 L3,deprecated,2021-04-07,https://csrc.nist.gov/projects/cryptographic-module-validation-program/certificate/3886,2026-05-10,not in regen,no_pqc_cert_classical_only,url_authoritative,CMVP #3886: Classical cryptography only. PQC (ML-KEM/ML-DSA/SLH-DSA) not yet validated under this certificate. CMVP PQC module validation anticipated 2026-2027 per NIST CMVP roadmap.,2026-05-06
Utimaco SecurityServer,utimaco-securityserver,FIPS 140-3,3925,Utimaco IS GmbH,CryptoServer Se-Series Gen2,No PQC Mechanisms Detected,FIPS 140-2 L3,deprecated,2021-05-10,https://csrc.nist.gov/projects/cryptographic-module-validation-program/certificate/3925,2026-05-16,not in regen,,,,2026-07-09
Utimaco SecurityServer,utimaco-securityserver,FIPS 140-3,4151,Utimaco IS GmbH,u.trust Anchor,No PQC Mechanisms Detected,FIPS 140-3 L3,deprecated,2022-02-10,https://csrc.nist.gov/projects/cryptographic-module-validation-program/certificate/4151,2026-05-10,not in regen,no_pqc_cert_classical_only,url_authoritative,CMVP #4151: Classical cryptography only. PQC (ML-KEM/ML-DSA/SLH-DSA) not yet validated under this certificate. CMVP PQC module validation anticipated 2026-2027 per NIST CMVP roadmap.,2026-05-06
Utimaco SecurityServer,utimaco-securityserver,FIPS 140-3,4992,Utimaco Inc.,Atalla Cryptographic Subsystem (ACS),No PQC Mechanisms Detected,FIPS 140-3 L3,deprecated,2025-03-25,https://csrc.nist.gov/projects/cryptographic-module-validation-program/certificate/4992,2026-06-06,not in regen,,,,2026-07-09
Utimaco SecurityServer,utimaco-securityserver,FIPS 140-3,5223,Utimaco IS GmbH,u.trust Anchor,No PQC Mechanisms Detected,FIPS 140-3 L3,deprecated,2026-04-01,https://csrc.nist.gov/projects/cryptographic-module-validation-program/certificate/5223,2026-06-06,not in regen,,,,2026-07-09
Utimaco uTrust HSM,utimaco-utrust-hsm,ACVP,A7400,Utimaco IS GmbH,Lattice Module - ML,"ML-DSA, ML-KEM",,deprecated,2025-09-17,https://csrc.nist.gov/projects/cryptographic-algorithm-validation-program/details?product=20181,2026-06-06,not in regen,,,,2026-07-09
Utimaco uTrust HSM,utimaco-utrust-hsm,ACVP,A7401,Utimaco IS GmbH,Stateful hash based Module - HBS,LMS,,deprecated,2025-09-17,https://csrc.nist.gov/projects/cryptographic-algorithm-validation-program/details?product=20182,2026-06-06,not in regen,,,,2026-07-09
Utimaco uTrust HSM,utimaco-utrust-hsm,FIPS 140-3,3886,Utimaco IS GmbH,CryptoServer CSe-Series,No PQC Mechanisms Detected,FIPS 140-2 L3,deprecated,2021-04-07,https://csrc.nist.gov/projects/cryptographic-module-validation-program/certificate/3886,2026-05-10,not in regen,no_pqc_cert_classical_only,url_authoritative,CMVP #3886: Classical cryptography only. PQC (ML-KEM/ML-DSA/SLH-DSA) not yet validated under this certificate. CMVP PQC module validation anticipated 2026-2027 per NIST CMVP roadmap.,2026-05-06
Utimaco uTrust HSM,utimaco-utrust-hsm,FIPS 140-3,3925,Utimaco IS GmbH,CryptoServer Se-Series Gen2,No PQC Mechanisms Detected,FIPS 140-2 L3,deprecated,2021-05-10,https://csrc.nist.gov/projects/cryptographic-module-validation-program/certificate/3925,2026-05-16,not in regen,,,,2026-07-09
Utimaco uTrust HSM,utimaco-utrust-hsm,FIPS 140-3,4151,Utimaco IS GmbH,u.trust Anchor,No PQC Mechanisms Detected,FIPS 140-3 L3,deprecated,2022-02-10,https://csrc.nist.gov/projects/cryptographic-module-validation-program/certificate/4151,2026-05-10,not in regen,no_pqc_cert_classical_only,url_authoritative,CMVP #4151: Classical cryptography only. PQC (ML-KEM/ML-DSA/SLH-DSA) not yet validated under this certificate. CMVP PQC module validation anticipated 2026-2027 per NIST CMVP roadmap.,2026-05-06
Utimaco uTrust HSM,utimaco-utrust-hsm,FIPS 140-3,4992,Utimaco Inc.,Atalla Cryptographic Subsystem (ACS),No PQC Mechanisms Detected,FIPS 140-3 L3,deprecated,2025-03-25,https://csrc.nist.gov/projects/cryptographic-module-validation-program/certificate/4992,2026-06-06,not in regen,,,,2026-07-09
Utimaco uTrust HSM,utimaco-utrust-hsm,FIPS 140-3,5223,Utimaco IS GmbH,u.trust Anchor,No PQC Mechanisms Detected,FIPS 140-3 L3,deprecated,2026-04-01,https://csrc.nist.gov/projects/cryptographic-module-validation-program/certificate/5223,2026-06-06,not in regen,,,,2026-07-09
VMware Avi Load Balancer PQC,vmware-avi-load-balancer-pqc,FIPS 140-3,4233,"VMware, Inc.",VMware’s Linux Cryptographic Module,No PQC Mechanisms Detected,FIPS 140-3 L1,deprecated,2022-05-24,https://csrc.nist.gov/projects/cryptographic-module-validation-program/certificate/4233,2026-06-06,not in regen,,,,2026-07-09
VMware Avi Load Balancer PQC,vmware-avi-load-balancer-pqc,FIPS 140-3,4442,"VMware, Inc.",VMware's ESXboot Cryptographic Module,No PQC Mechanisms Detected,FIPS 140-3 L1,deprecated,2023-02-23,https://csrc.nist.gov/projects/cryptographic-module-validation-program/certificate/4442,2026-06-06,not in regen,,,,2026-07-09
VMware ESXi 9.0,vmware-esxi-9-0,FIPS 140-3,4233,"VMware, Inc.",VMware’s Linux Cryptographic Module,No PQC Mechanisms Detected,FIPS 140-3 L1,deprecated,2022-05-24,https://csrc.nist.gov/projects/cryptographic-module-validation-program/certificate/4233,2026-06-06,not in regen,,,,2026-07-09
VMware ESXi 9.0,vmware-esxi-9-0,FIPS 140-3,4442,"VMware, Inc.",VMware's ESXboot Cryptographic Module,No PQC Mechanisms Detected,FIPS 140-3 L1,deprecated,2023-02-23,https://csrc.nist.gov/projects/cryptographic-module-validation-program/certificate/4442,2026-06-06,not in regen,,,,2026-07-09
VMware Horizon,vmware-horizon,FIPS 140-3,4233,"VMware, Inc.",VMware’s Linux Cryptographic Module,No PQC Mechanisms Detected,FIPS 140-3 L1,deprecated,2022-05-24,https://csrc.nist.gov/projects/cryptographic-module-validation-program/certificate/4233,2026-06-06,not in regen,,,,2026-07-09
VMware Horizon,vmware-horizon,FIPS 140-3,4442,"VMware, Inc.",VMware's ESXboot Cryptographic Module,No PQC Mechanisms Detected,FIPS 140-3 L1,deprecated,2023-02-23,https://csrc.nist.gov/projects/cryptographic-module-validation-program/certificate/4442,2026-06-06,not in regen,,,,2026-07-09
VMware Workspace ONE,vmware-workspace-one,FIPS 140-3,4233,"VMware, Inc.",VMware’s Linux Cryptographic Module,No PQC Mechanisms Detected,FIPS 140-3 L1,deprecated,2022-05-24,https://csrc.nist.gov/projects/cryptographic-module-validation-program/certificate/4233,2026-06-06,not in regen,,,,2026-07-09
VMware Workspace ONE,vmware-workspace-one,FIPS 140-3,4442,"VMware, Inc.",VMware's ESXboot Cryptographic Module,No PQC Mechanisms Detected,FIPS 140-3 L1,deprecated,2023-02-23,https://csrc.nist.gov/projects/cryptographic-module-validation-program/certificate/4442,2026-06-06,not in regen,,,,2026-07-09
Virtru Data Protection,virtru-data-protection,FIPS 140-3,4440,Virtru Corporation,VirtruCrypto - FIPS JavaScript Module,No PQC Mechanisms Detected,FIPS 140-3 L1,deprecated,2023-02-21,https://csrc.nist.gov/projects/cryptographic-module-validation-program/certificate/4440,2026-06-06,not in regen,,,,2026-07-09
What is Post-Quantum Encryption - And How to Enable It on ESA - Alibaba Cloud Community,What-is-Post-Quantum-Encryption-And-How,ACVP,A8591,Check Point Software Technologies,"Check Point Gaia OS R82.10 Cryptography Module running on Check Point Firewall models MHO140, MHO175, 3920, 3950, 3970, 3980, 9100, 9200, 9300, 9400, 9700, 9800, 19100, 19200, 29100, 29200, 700S, 700M, 7000L, 7000XL, 7000Ultra, and Cloud Firewall and Cloud Management series VM with VMware ESXi 8.0.0","ML-DSA, ML-KEM, SLH-DSA",,Active,2026-06-17,https://csrc.nist.gov/projects/cryptographic-algorithm-validation-program/details?product=21399,,,,,,
Wind River VxWorks,wind-river-vxworks,FIPS 140-3,4858,"Wind River Systems, Inc.",Wind River FIPS Provider,No PQC Mechanisms Detected,FIPS 140-3 L1,deprecated,2024-10-30,https://csrc.nist.gov/projects/cryptographic-module-validation-program/certificate/4858,2026-06-06,not in regen,,,,2026-07-09
Windows 11,windows-11,FIPS 140-3,4766,Microsoft Corporation,Kernel Mode Cryptographic Primitives Library,No PQC Mechanisms Detected,FIPS 140-3 L1,deprecated,2024-08-19,https://csrc.nist.gov/projects/cryptographic-module-validation-program/certificate/4766,2026-06-06,not in regen,,,,2026-07-09
Windows 11,windows-11,FIPS 140-3,4825,Microsoft Corporation,Cryptographic Primitives Library,No PQC Mechanisms Detected,FIPS 140-3 L1,deprecated,2024-10-07,https://csrc.nist.gov/projects/cryptographic-module-validation-program/certificate/4825,2026-06-06,not in regen,,,,2026-07-09
Windows Secure Boot,,FIPS 140-3,4546,Microsoft Corporation,Boot Manager,No PQC Mechanisms Detected,FIPS 140-3 L1,deprecated,2023-06-30,https://csrc.nist.gov/projects/cryptographic-module-validation-program/certificate/4546,2026-05-16,not in regen,,,,
Windows Server 2025,windows-server-2025,FIPS 140-3,4766,Microsoft Corporation,Kernel Mode Cryptographic Primitives Library,No PQC Mechanisms Detected,FIPS 140-3 L1,deprecated,2024-08-19,https://csrc.nist.gov/projects/cryptographic-module-validation-program/certificate/4766,2026-06-06,not in regen,,,,2026-07-09
Windows Server 2025,windows-server-2025,FIPS 140-3,4825,Microsoft Corporation,Cryptographic Primitives Library,No PQC Mechanisms Detected,FIPS 140-3 L1,deprecated,2024-10-07,https://csrc.nist.gov/projects/cryptographic-module-validation-program/certificate/4825,2026-06-06,not in regen,,,,2026-07-09
Xiphera PQC IP Cores,xiphera-pqc-ip-cores,ACVP,A7478,Xiphera Ltd.,Xiphera XIP6220B,ML-DSA,,deprecated,2025-10-06,https://csrc.nist.gov/projects/cryptographic-algorithm-validation-program/details?product=20269,2026-06-06,not in regen,,,,2026-07-09
Xiphera PQC IP Cores,xiphera-pqc-ip-cores,ACVP,A7679,Xiphera Ltd.,Xiphera XIP6110B,ML-KEM,,deprecated,2025-11-12,https://csrc.nist.gov/projects/cryptographic-algorithm-validation-program/details?product=20457,2026-06-06,not in regen,,,,2026-07-09
Xiphera XIP6110B,xiphera-xip6110b,ACVP,A7478,Xiphera Ltd.,Xiphera XIP6220B,ML-DSA,,deprecated,2025-10-06,https://csrc.nist.gov/projects/cryptographic-algorithm-validation-program/details?product=20269,2026-06-06,not in regen,,,,2026-07-09
Xiphera XIP6110B,xiphera-xip6110b,ACVP,A7679,Xiphera Ltd.,Xiphera XIP6110B,ML-KEM,,Active,2025-11-12,https://csrc.nist.gov/projects/cryptographic-algorithm-validation-program/details?product=20457,,,,,,
Xiphera XIP6220B,Xiphera-XIP6220B,ACVP,A8568,Xiphera Ltd.,Xiphera XIP6220B,ML-DSA,,Active,2026-06-15,https://csrc.nist.gov/projects/cryptographic-algorithm-validation-program/details?product=21406,,,,,,
Yubico YubiHSM 2,yubico-yubihsm-2,FIPS 140-3,3914,"Yubico, Inc.",YubiKey 5 Cryptographic Module,No PQC Mechanisms Detected,FIPS 140-2 L2,deprecated,2021-05-03,https://csrc.nist.gov/projects/cryptographic-module-validation-program/certificate/3914,2026-05-16,not in regen,,,,2026-07-09
Yubico YubiHSM 2,yubico-yubihsm-2,FIPS 140-3,3916,"Yubico, Inc.",YubiHSM 2 Cryptographic Module,No PQC Mechanisms Detected,FIPS 140-2 L3,deprecated,2021-05-03,https://csrc.nist.gov/projects/cryptographic-module-validation-program/certificate/3916,2026-05-16,not in regen,,,,2026-07-09
Yubico YubiHSM 2,yubico-yubihsm-2,FIPS 140-3,5291,"Yubico, Inc.",YubiKey 5 Cryptographic Module,No PQC Mechanisms Detected,FIPS 140-3 L2,deprecated,2026-05-22,https://csrc.nist.gov/projects/cryptographic-module-validation-program/certificate/5291,2026-06-06,not in regen,,,,2026-07-09
Yubico YubiHSM 2,yubico-yubihsm-2,FIPS 140-3,5302,"Yubico, Inc.",YubiHSM 2 Cryptographic Module,No PQC Mechanisms Detected,FIPS 140-3 L3,Active,2026-06-03,https://csrc.nist.gov/projects/cryptographic-module-validation-program/certificate/5302,,,,,,
Zscaler ZTE,zscaler-zte,FIPS 140-3,3154,Zscaler Inc.,Zscaler Mobile Cryptographic Module,No PQC Mechanisms Detected,FIPS 140-3 L1,deprecated,2018-03-19,https://csrc.nist.gov/projects/cryptographic-module-validation-program/certificate/3154,2026-06-06,not in regen,,,,2026-07-09
Zscaler ZTE,zscaler-zte,FIPS 140-3,3159,Zscaler Inc.,Zscaler Crypto Module,No PQC Mechanisms Detected,FIPS 140-3 L1,deprecated,2018-03-26,https://csrc.nist.gov/projects/cryptographic-module-validation-program/certificate/3159,2026-06-06,not in regen,,,,2026-07-09
Zscaler ZTE,zscaler-zte,FIPS 140-3,5080,Zscaler Inc.,Zscaler Java Crypto Module,"HSS, LMS",FIPS 140-3 L1,deprecated,2025-10-14,https://csrc.nist.gov/projects/cryptographic-module-validation-program/certificate/5080,2026-06-06,not in regen,,,,2026-07-09
Zscaler Zero Trust Exchange,zscaler-zero-trust-exchange,FIPS 140-3,3154,Zscaler Inc.,Zscaler Mobile Cryptographic Module,No PQC Mechanisms Detected,FIPS 140-3 L1,deprecated,2018-03-19,https://csrc.nist.gov/projects/cryptographic-module-validation-program/certificate/3154,2026-06-06,not in regen,,,,2026-07-09
Zscaler Zero Trust Exchange,zscaler-zero-trust-exchange,FIPS 140-3,3159,Zscaler Inc.,Zscaler Crypto Module,No PQC Mechanisms Detected,FIPS 140-3 L1,deprecated,2018-03-26,https://csrc.nist.gov/projects/cryptographic-module-validation-program/certificate/3159,2026-06-06,not in regen,,,,2026-07-09
Zscaler Zero Trust Exchange,zscaler-zero-trust-exchange,FIPS 140-3,5080,Zscaler Inc.,Zscaler Java Crypto Module,"HSS, LMS",FIPS 140-3 L1,deprecated,2025-10-14,https://csrc.nist.gov/projects/cryptographic-module-validation-program/certificate/5080,2026-06-06,not in regen,,,,2026-07-09
archTIS Cryptographic Library,archtis-cryptographic-library,FIPS 140-3,5251,archTIS Limited,archTIS Cryptographic Library,"HSS, LMS",FIPS 140-3 L1,Active,2026-04-29,https://csrc.nist.gov/projects/cryptographic-module-validation-program/certificate/5251,,,,,,
evolutionQ BasejumpQDN,,ACVP,A6281,Quantum Bridge Technologies Inc.,Quantum Bridge cryptolibrary for i7 on Ubuntu,ML-KEM,,deprecated,2024-11-22,https://csrc.nist.gov/projects/cryptographic-algorithm-validation-program/details?product=18983,2026-06-06,not in regen,,,,
evolutionQ BasejumpQDN,,FIPS 140-3,4657,Quantum Corporation,Quantum Cryptographic Module,Potentially PQC (Name Match),FIPS 140-3 L1,deprecated,2023-11-27,https://csrc.nist.gov/projects/cryptographic-module-validation-program/certificate/4657,2026-06-06,not in regen,,,,
evolutionQ BasejumpQDN,,FIPS 140-3,5181,Quantum Corporation,Quantum Corporation Cryptographic Module,Potentially PQC (Name Match),FIPS 140-3 L1,deprecated,2026-03-11,https://csrc.nist.gov/projects/cryptographic-module-validation-program/certificate/5181,2026-06-06,not in regen,,,,
evolutionQ BasejumpSKI,,ACVP,A6281,Quantum Bridge Technologies Inc.,Quantum Bridge cryptolibrary for i7 on Ubuntu,ML-KEM,,deprecated,2024-11-22,https://csrc.nist.gov/projects/cryptographic-algorithm-validation-program/details?product=18983,2026-06-06,not in regen,,,,
evolutionQ BasejumpSKI,,FIPS 140-3,4657,Quantum Corporation,Quantum Cryptographic Module,Potentially PQC (Name Match),FIPS 140-3 L1,deprecated,2023-11-27,https://csrc.nist.gov/projects/cryptographic-module-validation-program/certificate/4657,2026-06-06,not in regen,,,,
evolutionQ BasejumpSKI,,FIPS 140-3,5181,Quantum Corporation,Quantum Corporation Cryptographic Module,Potentially PQC (Name Match),FIPS 140-3 L1,deprecated,2026-03-11,https://csrc.nist.gov/projects/cryptographic-module-validation-program/certificate/5181,2026-06-06,not in regen,,,,
iOS 26 / macOS 26,ios-26-macos-26,ACVP,A7637,Apple Inc.,"Apple corecrypto Module [Apple silicon, Kernel, Software, SL1] (vng_hwassist)","ML-DSA, ML-KEM",,deprecated,2025-10-31,https://csrc.nist.gov/projects/cryptographic-algorithm-validation-program/details?product=20368,2026-06-06,not in regen,,,,2026-07-09
iOS 26 / macOS 26,ios-26-macos-26,ACVP,A7649,Apple Inc.,"Apple corecrypto Module [Apple silicon, Secure Key Store, Hardware, SL2] (c_ltc)","ML-DSA, ML-KEM",,deprecated,2025-10-31,https://csrc.nist.gov/projects/cryptographic-algorithm-validation-program/details?product=20372,2026-06-06,not in regen,,,,2026-07-09
iOS 26 / macOS 26,ios-26-macos-26,ACVP,A7645,Apple Inc.,"Apple corecrypto Module [Apple silicon, User, Software, SL1] (vng_hwassist)","ML-DSA, ML-KEM",,deprecated,2025-10-31,https://csrc.nist.gov/projects/cryptographic-algorithm-validation-program/details?product=20361,2026-07-13,not in regen,pqc_cert_present,url_authoritative,Re-activated 2026-07-12 (product-cert review): was deprecated 2026-06-06 'not in regen'. Apple corecrypto is the OS-level crypto library used system-wide on iOS/macOS; re-verified ML-DSA (KeyGen/SigGen/SigVer) + ML-KEM (KeyGen/EncapDecap) coverage on the real NIST ACVP record (product=20361) before re-activating.,2026-07-12
iOS 26 / macOS 26,ios-26-macos-26,Common Criteria,anssi-cc-2024-39,APPLE,Apple Pay on iPhone SE (3rd generation ) with A15 Bionic reference iPhone SE (3rd generation) version iOS 17.4,BIKE,EAL2+,deprecated,2025-01-08,https://messervices.cyber.gouv.fr/visas/ANSSI-CC-2024-39-rapport.pdf,2026-07-11,not in regen,,,,2026-07-09
iOS 26 / macOS 26,ios-26-macos-26,Common Criteria,anssi-cc-2024-40,APPLE,Apple Pay on iPhone 15 Pro with A17 Pro reference iPhone 15 Pro version iOs 17.4,BIKE,EAL2+,deprecated,2025-01-08,https://messervices.cyber.gouv.fr/visas/ANSSI-CC-2024-40-rapport.pdf,2026-07-11,not in regen,,,,2026-07-09
iOS 26 / macOS 26,ios-26-macos-26,Common Criteria,anssi-cc-2024-42,APPLE,"Apple Pay on Mac Mini with M2 Pro and Magic Keyboard with Touch ID, reference Mac mini with M2 Pro and Magic keyboard with Touch ID versiion macOS Son",BIKE,EAL2+,deprecated,2025-01-10,https://messervices.cyber.gouv.fr/visas/ANSSI-CC-2024-42-rapport.pdf,2026-07-11,not in regen,,,,2026-07-09
iOS 26 / macOS 26,ios-26-macos-26,Common Criteria,anssi-cc-2025-34,APPLE,Apple Pay on iPhone 16 Pro with A18 Pro référence iPhone 16 Pro version iOS 18.4,BIKE,EAL2+,deprecated,2025-10-23,https://messervices.cyber.gouv.fr/visas/ANSSI-CC-2025-34-rapport.pdf,2026-07-11,not in regen,,,,2026-07-09
iOS 26 / macOS 26,ios-26-macos-26,Common Criteria,anssi-cc-2025-36,APPLE,Apple Pay on Mac mini with M4 and Magic keyboard with Touch ID référence Mac mini with M4 and Magic keyboard with Touch ID version macOS Sequoia 15.4,BIKE,EAL2+,deprecated,2025-10-23,https://messervices.cyber.gouv.fr/visas/ANSSI-CC-2025-36-rapport.pdf,2026-07-11,not in regen,,,,2026-07-09
iOS 26 / macOS 26,ios-26-macos-26,FIPS 140-3,5101,Apple Inc.,"Apple corecrypto Module v14.1 [Apple silicon, Kernel, Software, SL1]",No PQC Mechanisms Detected,FIPS 140-3 L1,deprecated,2025-12-02,https://csrc.nist.gov/projects/cryptographic-module-validation-program/certificate/5101,2026-05-10,not in regen,no_pqc_cert_classical_only,url_authoritative,CMVP #5101: Classical cryptography only. PQC (ML-KEM/ML-DSA/SLH-DSA) not yet validated under this certificate. CMVP PQC module validation anticipated 2026-2027 per NIST CMVP roadmap.,2026-05-06
iOS 26 / macOS 26,ios-26-macos-26,FIPS 140-3,5108,Apple Inc.,"Apple corecrypto Module v14.1 [Apple silicon, User, Software, SL1]",No PQC Mechanisms Detected,FIPS 140-3 L1,deprecated,2025-12-14,https://csrc.nist.gov/projects/cryptographic-module-validation-program/certificate/5108,2026-05-10,not in regen,no_pqc_cert_classical_only,url_authoritative,CMVP #5108: Classical cryptography only. PQC (ML-KEM/ML-DSA/SLH-DSA) not yet validated under this certificate. CMVP PQC module validation anticipated 2026-2027 per NIST CMVP roadmap.,2026-05-06
iOS 26 / macOS 26,ios-26-macos-26,FIPS 140-3,5184,Apple Inc.,"Apple corecrypto Module 18.3 [Apple silicon, User, Software, SL1]",No PQC Mechanisms Detected,FIPS 140-3 L1,deprecated,2026-03-11,https://csrc.nist.gov/projects/cryptographic-module-validation-program/certificate/5184,2026-05-10,not in regen,no_pqc_cert_classical_only,url_authoritative,CMVP #5184: Classical cryptography only. PQC (ML-KEM/ML-DSA/SLH-DSA) not yet validated under this certificate. CMVP PQC module validation anticipated 2026-2027 per NIST CMVP roadmap.,2026-05-06
iOS 26 / macOS 26,ios-26-macos-26,FIPS 140-3,5202,Apple Inc.,"Apple corecrypto Module v14.0 [Intel, Kernel, Software, SL1]",No PQC Mechanisms Detected,FIPS 140-3 L1,deprecated,2026-03-19,https://csrc.nist.gov/projects/cryptographic-module-validation-program/certificate/5202,2026-06-04,not in regen,,,,2026-07-09
iOS 26 / macOS 26,ios-26-macos-26,FIPS 140-3,5201,Apple Inc.,"Apple corecrypto Module v14.0 [Intel, User, Software, SL1]",No PQC Mechanisms Detected,FIPS 140-3 L1,deprecated,2026-03-19,https://csrc.nist.gov/projects/cryptographic-module-validation-program/certificate/5201,2026-05-16,not in regen,,,,2026-07-09
iOS 26 / macOS 26,ios-26-macos-26,FIPS 140-3,5218,Apple Inc.,"Apple corecrypto Module v18.3 [Intel, Kernel, Software, SL1]",No PQC Mechanisms Detected,FIPS 140-3 L1,deprecated,2026-03-30,https://csrc.nist.gov/projects/cryptographic-module-validation-program/certificate/5218,2026-06-04,not in regen,,,,2026-07-09
iOS 26 / macOS 26,ios-26-macos-26,FIPS 140-3,5217,Apple Inc.,"Apple corecrypto Module v18.3 [Intel, User, Software, SL1]",No PQC Mechanisms Detected,FIPS 140-3 L1,deprecated,2026-03-30,https://csrc.nist.gov/projects/cryptographic-module-validation-program/certificate/5217,2026-06-04,not in regen,,,,2026-07-09
iOS 26 / macOS 26,ios-26-macos-26,FIPS 140-3,5216,Apple Inc.,"Apple corecrypto Module v14.0 [Apple silicon, User, Software, SL1]",No PQC Mechanisms Detected,FIPS 140-3 L1,deprecated,2026-03-30,https://csrc.nist.gov/projects/cryptographic-module-validation-program/certificate/5216,2026-06-04,not in regen,,,,2026-07-09
iOS 26 / macOS 26,ios-26-macos-26,FIPS 140-3,5263,Apple Inc.,"Apple corecrypto Module v14.0 [Apple silicon, Kernel, Software, SL1]",No PQC Mechanisms Detected,FIPS 140-3 L1,deprecated,2026-05-12,https://csrc.nist.gov/projects/cryptographic-module-validation-program/certificate/5263,2026-06-04,not in regen,,,,2026-07-09
iOS 26 / macOS 26,ios-26-macos-26,FIPS 140-3,5289,Apple Inc.,"Apple corecrypto Module v13.0 [Apple silicon, Secure Key Store, Hardware SL2/PHY3]",No PQC Mechanisms Detected,FIPS 140-3 L2,deprecated,2026-05-22,https://csrc.nist.gov/projects/cryptographic-module-validation-program/certificate/5289,2026-06-06,not in regen,,,,2026-07-09
iOS 26 / macOS 26,ios-26-macos-26,FIPS 140-3,5307,Apple Inc.,"Apple corecrypto Module v13.0 [Apple silicon, Secure Key Store, Hardware SL2]",No PQC Mechanisms Detected,FIPS 140-3 L2,deprecated,2026-06-03,https://csrc.nist.gov/projects/cryptographic-module-validation-program/certificate/5307,2026-06-06,not in regen,,,,2026-07-09
iOS 26 / macOS 26,ios-26-macos-26,FIPS 140-3,5306,Apple Inc.,"Apple corecrypto Module 18.3 [Apple silicon, Secure Key Store, Hardware, SL2/PHY3]",No PQC Mechanisms Detected,FIPS 140-3 L2,deprecated,2026-06-03,https://csrc.nist.gov/projects/cryptographic-module-validation-program/certificate/5306,2026-06-06,not in regen,,,,2026-07-09
iOS 26 / macOS 26,ios-26-macos-26,FIPS 140-3,5304,Apple Inc.,"Apple corecrypto Module v14.0 [Apple silicon, Secure Key Store, Hardware, SL2/PHY3]",No PQC Mechanisms Detected,FIPS 140-3 L2,deprecated,2026-06-03,https://csrc.nist.gov/projects/cryptographic-module-validation-program/certificate/5304,2026-06-06,not in regen,,,,2026-07-09
iOS 26 / macOS 26,ios-26-macos-26,FIPS 140-3,5303,Apple Inc.,"Apple corecrypto Module v14.0 [Apple silicon, Secure Key Store, Hardware, SL2]",No PQC Mechanisms Detected,FIPS 140-3 L2,deprecated,2026-06-03,https://csrc.nist.gov/projects/cryptographic-module-validation-program/certificate/5303,2026-06-06,not in regen,,,,2026-07-09
liboqs,liboqs,ACVP,A7332,Intel Corporation,liboqs,"ML-DSA, ML-KEM",,Active,2025-08-14,https://csrc.nist.gov/projects/cryptographic-algorithm-validation-program/details?product=20098,,,,,,
liboqs-rust (oqs crate),liboqs-rust-oqs-crate,ACVP,A7332,Intel Corporation,liboqs,"ML-DSA, ML-KEM",,Active,2025-08-14,https://csrc.nist.gov/projects/cryptographic-algorithm-validation-program/details?product=20098,,,,,,
libpqsecure,libpqsecure,ACVP,A6936,"PQSecure Technologies, LLC",libpqsecure,"LMS, ML-DSA, ML-KEM, SLH-DSA",,Active,2025-05-20,https://csrc.nist.gov/projects/cryptographic-algorithm-validation-program/details?product=19682,,,,,,
libpqsecure,libpqsecure,ACVP,A7616,"PQSecure Technologies, LLC",Libpqsecure-rs,"LMS, ML-DSA, ML-KEM, SLH-DSA",,Active,2025-10-29,https://csrc.nist.gov/projects/cryptographic-algorithm-validation-program/details?product=20431,,,,,,
mlkem-native,mlkem-native,ACVP,A7024,"Chelpis Quantum Corp., Ltd.",Chelpis Post-Quantum Collection - mlkem-native (C backend),ML-KEM,,Active,2025-06-11,https://csrc.nist.gov/projects/cryptographic-algorithm-validation-program/details?product=19778,,,,,,
pqcrypto,pqcrypto,ACVP,A7290,Jmem Technology,PUF-Embedded Quantum-Safe PQCryptoEngine,"ML-DSA, ML-KEM",,deprecated,2025-07-31,https://csrc.nist.gov/projects/cryptographic-algorithm-validation-program/details?product=20059,2026-07-30,not in regen,,,,
pqcrypto,pqcrypto,ACVP,A7693,PQShield LTD,PQCryptoLib-Core,"ML-DSA, ML-KEM",,Active,2025-11-18,https://csrc.nist.gov/projects/cryptographic-algorithm-validation-program/details?product=20478,,,,,,
pqcrypto,pqcrypto,ACVP,A8807,PQShield LTD,PQCryptoLib-Core,"ML-DSA, ML-KEM, SLH-DSA",,Active,2026-07-24,https://csrc.nist.gov/projects/cryptographic-algorithm-validation-program/details?product=21662,,,,,,
wolfBoot,wolfboot,ACVP,A8437,wolfSSL Inc.,wolfCrypt Post Quantum,"ML-DSA, ML-KEM, SLH-DSA",,deprecated,2026-05-29,https://csrc.nist.gov/projects/cryptographic-algorithm-validation-program/details?product=21279,2026-06-06,not in regen,,,,2026-07-09
wolfBoot,wolfboot,FIPS 140-3,5041,wolfSSL Inc.,wolfCrypt,No PQC Mechanisms Detected,FIPS 140-3 L1,deprecated,2025-07-18,https://csrc.nist.gov/projects/cryptographic-module-validation-program/certificate/5041,2026-06-06,not in regen,,,,2026-07-09
wolfCrypt Post Quantum,wolfcrypt-post-quantum,ACVP,A8437,wolfSSL Inc.,wolfCrypt Post Quantum,"ML-DSA, ML-KEM, SLH-DSA",,Active,2026-05-29,https://csrc.nist.gov/projects/cryptographic-algorithm-validation-program/details?product=21279,,,,,,
wolfSSL,wolfssl,ACVP,A8285,Ciena Corporation,Ciena Wavelogic 5e Encryption Modem WolfSSL,ML-KEM,,Active,2026-04-23,https://csrc.nist.gov/projects/cryptographic-algorithm-validation-program/details?product=21120,,,,,,
wolfSSL,wolfssl,ACVP,A8320,Ciena Corporation,Ciena Wavelogic 6e Encryption Modem WolfSSL,ML-KEM,,Active,2026-05-01,https://csrc.nist.gov/projects/cryptographic-algorithm-validation-program/details?product=21147,,,,,,
wolfSSL,wolfssl,ACVP,A8437,wolfSSL Inc.,wolfCrypt Post Quantum,"ML-DSA, ML-KEM, SLH-DSA",,deprecated,2026-05-29,https://csrc.nist.gov/projects/cryptographic-algorithm-validation-program/details?product=21279,2026-06-06,not in regen,,,,2026-07-09
wolfSSL,wolfssl,FIPS 140-3,5041,wolfSSL Inc.,wolfCrypt,No PQC Mechanisms Detected,FIPS 140-3 L1,deprecated,2025-07-18,https://csrc.nist.gov/projects/cryptographic-module-validation-program/certificate/5041,2026-06-06,not in regen,,,,2026-07-09
