ref_id,source_name,category,source_type,pillar,maturity_level,asset_class,requirement,evidence_quote,evidence_location,source_url,confidence,extraction_model,extraction_date,status,deprecated_at,deprecated_reason
NIST-FIPS140-3-IG-PQC,Implementation Guidance for FIPS 140-3 and the Cryptographic Module Validation Program,Certification Schemes,Compliance Framework,assurance,3,all,Maintain validated cryptographic modules by tracking Component Validation List (CVL) status and ensuring conformance to FIPS 140-3 derived test requirements.,The CMVP validates the test results of National Voluntary Laboratory Accreditation Program (NVLAP) accredited Cryptographic and Security Testing (CST) Laboratories which test cryptographic modules for conformance to Federal Information Processing Standard Publication (FIPS) 140-3,Overview,https://csrc.nist.gov/csrc/media/Projects/cryptographic-module-validation-program/documents/fips%20140-3/FIPS%20140-3%20IG.pdf,high,mlx-community/Qwen3.6-27B-8bit,2026-09-07,active,,
NIST-FIPS140-3-IG-PQC,Implementation Guidance for FIPS 140-3 and the Cryptographic Module Validation Program,Certification Schemes,Compliance Framework,assurance,3,libraries,Validate cryptographic algorithm implementations through the Cryptographic Algorithm Validation Program (CAVP) to ensure approved security functions.,The Cryptographic Algorithm Validation Program (CAVP) addresses the testing of Approved Security Functions and Approved Sensitive Security Parameter Generation and Establishment Methods which are referenced in the SP 800-140 series of FIPS 140-3.,Overview,https://csrc.nist.gov/csrc/media/Projects/cryptographic-module-validation-program/documents/fips%20140-3/FIPS%20140-3%20IG.pdf,high,mlx-community/Qwen3.6-27B-8bit,2026-09-07,active,,
NIST-FIPS140-3-IG-PQC,Implementation Guidance for FIPS 140-3 and the Cryptographic Module Validation Program,Certification Schemes,Compliance Framework,observability,3,all,Implement error logging for self-tests to detect and record failures in cryptographic module operations and integrity checks.,10.3.D ERROR LOGGING,Table of Contents / Section 10.3.D,https://csrc.nist.gov/csrc/media/Projects/cryptographic-module-validation-program/documents/fips%20140-3/FIPS%20140-3%20IG.pdf,medium,mlx-community/Qwen3.6-27B-8bit,2026-09-07,active,,
NIST-FIPS140-3-IG-PQC,Implementation Guidance for FIPS 140-3 and the Cryptographic Module Validation Program,Certification Schemes,Compliance Framework,observability,3,all,Execute periodic self-tests to continuously verify the operational integrity of cryptographic algorithms and module health.,10.3.E PERIODIC SELF-TESTING,Table of Contents / Section 10.3.E,https://csrc.nist.gov/csrc/media/Projects/cryptographic-module-validation-program/documents/fips%20140-3/FIPS%20140-3%20IG.pdf,medium,mlx-community/Qwen3.6-27B-8bit,2026-09-07,active,,
NIST-FIPS140-3-IG-PQC,Implementation Guidance for FIPS 140-3 and the Cryptographic Module Validation Program,Certification Schemes,Compliance Framework,lifecycle,3,all,Manage Common Vulnerabilities and Exposures (CVEs) affecting validated cryptographic modules to maintain security posture throughout the module lifecycle.,SECTION 11 – LIFE-CYCLE ASSURANCE ... 11.A CVE MANAGEMENT,Table of Contents / Section 11.A,https://csrc.nist.gov/csrc/media/Projects/cryptographic-module-validation-program/documents/fips%20140-3/FIPS%20140-3%20IG.pdf,high,mlx-community/Qwen3.6-27B-8bit,2026-09-07,active,,
NIST-FIPS140-3-IG-PQC,Implementation Guidance for FIPS 140-3 and the Cryptographic Module Validation Program,Certification Schemes,Compliance Framework,assurance,3,all,Ensure entropy sources comply with SP 800-90B requirements for estimation and compliance to guarantee valid random number generation.,D.J ENTROPY ESTIMATION AND COMPLIANCE WITH SP 800-90B ... D.K INTERPRETATION OF SP 800-90B REQUIREMENTS,"Annex D / Sections D.J, D.K",https://csrc.nist.gov/csrc/media/Projects/cryptographic-module-validation-program/documents/fips%20140-3/FIPS%20140-3%20IG.pdf,high,mlx-community/Qwen3.6-27B-8bit,2026-09-07,active,,
NIST-FIPS140-3-IG-PQC,Implementation Guidance for FIPS 140-3 and the Cryptographic Module Validation Program,Certification Schemes,Compliance Framework,governance,2,all,"Define and document the security policy for the cryptographic module, including roles, services, and authentication mechanisms, as required for validation.",ANNEX B – CRYPTOGRAPHIC MODULE SECURITY POLICY,Annex B,https://csrc.nist.gov/csrc/media/Projects/cryptographic-module-validation-program/documents/fips%20140-3/FIPS%20140-3%20IG.pdf,high,mlx-community/Qwen3.6-27B-8bit,2026-09-07,active,,
NIST-FIPS140-3-IG-PQC,Implementation Guidance for FIPS 140-3 and the Cryptographic Module Validation Program,Certification Schemes,Compliance Framework,inventory,3,all,Track and maintain the Component Validation List (CVL) to identify all validated components and their status within the cryptographic module.,2.4.B TRACKING THE COMPONENT VALIDATION LIST,Section 2.4.B,https://csrc.nist.gov/csrc/media/Projects/cryptographic-module-validation-program/documents/fips%20140-3/FIPS%20140-3%20IG.pdf,high,mlx-community/Qwen3.6-27B-8bit,2026-09-07,active,,
NIST-FIPS140-3-IG-PQC,Implementation Guidance for FIPS 140-3 and the Cryptographic Module Validation Program,Certification Schemes,Compliance Framework,assurance,3,all,Validate the use of non-approved security functions only if explicitly defined and justified within the module's security policy and documentation.,2.4.A DEFINITION AND USE OF A NON-APPROVED SECURITY FUNCTION,Section 2.4.A,https://csrc.nist.gov/csrc/media/Projects/cryptographic-module-validation-program/documents/fips%20140-3/FIPS%20140-3%20IG.pdf,high,mlx-community/Qwen3.6-27B-8bit,2026-09-07,active,,
NIST-FIPS140-3-IG-PQC,Implementation Guidance for FIPS 140-3 and the Cryptographic Module Validation Program,Certification Schemes,Compliance Framework,observability,3,all,Implement an Approved Security Service Indicator to signal the operational status and validity of cryptographic services provided by the module.,2.4.C APPROVED SECURITY SERVICE INDICATOR,Section 2.4.C,https://csrc.nist.gov/csrc/media/Projects/cryptographic-module-validation-program/documents/fips%20140-3/FIPS%20140-3%20IG.pdf,high,mlx-community/Qwen3.6-27B-8bit,2026-09-07,active,,
NIST-SP-800-90A-R1,SP 800-90A Rev. 1: Recommendation for Random Number Generation Using Deterministic Random Bit Generators,Certification Schemes,Standard,assurance,3,libraries,Validate DRBG implementations against NIST SP 800-90A specifications to ensure conformance with deterministic random bit generation standards.,This Recommendation specifies mechanisms for the generation of random bits using deterministic methods... Conformance Testing,Section 2 / Abstract,https://csrc.nist.gov/pubs/sp/800/90/a/r1/final,high,mlx-community/Qwen3.6-27B-8bit,2026-09-07,active,,
NIST-SP-800-90A-R1,SP 800-90A Rev. 1: Recommendation for Random Number Generation Using Deterministic Random Bit Generators,Certification Schemes,Standard,assurance,3,libraries,Perform implementation validation testing to verify that the DRBG mechanism functions correctly according to the specified algorithm.,11.2 Implementation Validation Testing,Section 11.2,https://csrc.nist.gov/pubs/sp/800/90/a/r1/final,high,mlx-community/Qwen3.6-27B-8bit,2026-09-07,active,,
NIST-SP-800-90A-R1,SP 800-90A Rev. 1: Recommendation for Random Number Generation Using Deterministic Random Bit Generators,Certification Schemes,Standard,observability,3,libraries,"Implement health tests for Instantiate, Generate, Reseed, and Uninstantiate functions to detect failures in random number generation.",11.3 Health Testing... 11.3.2 Testing the Instantiate Function... 11.3.3 Testing the Generate Function... 11.3.4 Testing the Reseed Function,Section 11.3,https://csrc.nist.gov/pubs/sp/800/90/a/r1/final,high,mlx-community/Qwen3.6-27B-8bit,2026-09-07,active,,
NIST-SP-800-90A-R1,SP 800-90A Rev. 1: Recommendation for Random Number Generation Using Deterministic Random Bit Generators,Certification Schemes,Standard,observability,3,libraries,Conduct known answer testing as part of health testing to ensure the DRBG produces expected outputs for specific inputs.,11.3.1 Known Answer Testing,Section 11.3.1,https://csrc.nist.gov/pubs/sp/800/90/a/r1/final,high,mlx-community/Qwen3.6-27B-8bit,2026-09-07,active,,
NIST-SP-800-90A-R1,SP 800-90A Rev. 1: Recommendation for Random Number Generation Using Deterministic Random Bit Generators,Certification Schemes,Standard,lifecycle,3,libraries,Enforce reseed operations at the end of the seedlife to maintain the security strength of the DRBG instantiation.,9.3.2 Reseeding at the End of the Seedlife,Section 9.3.2,https://csrc.nist.gov/pubs/sp/800/90/a/r1/final,high,mlx-community/Qwen3.6-27B-8bit,2026-09-07,active,,
NIST-SP-800-90A-R1,SP 800-90A Rev. 1: Recommendation for Random Number Generation Using Deterministic Random Bit Generators,Certification Schemes,Standard,lifecycle,3,libraries,Remove DRBG instantiations securely when no longer needed to prevent state compromise.,9.4 Removing a DRBG Instantiation,Section 9.4,https://csrc.nist.gov/pubs/sp/800/90/a/r1/final,high,mlx-community/Qwen3.6-27B-8bit,2026-09-07,active,,
NIST-SP-800-90A-R1,SP 800-90A Rev. 1: Recommendation for Random Number Generation Using Deterministic Random Bit Generators,Certification Schemes,Standard,assurance,3,libraries,Ensure entropy input meets minimum entropy requirements for seed construction to guarantee cryptographic security strength.,8.6.3 Entropy Requirements for the Entropy Input,Section 8.6.3,https://csrc.nist.gov/pubs/sp/800/90/a/r1/final,high,mlx-community/Qwen3.6-27B-8bit,2026-09-07,active,,
NIST-SP-800-90A-R1,SP 800-90A Rev. 1: Recommendation for Random Number Generation Using Deterministic Random Bit Generators,Certification Schemes,Standard,observability,3,libraries,Handle errors encountered during health testing by ceeding operation and alerting administrators to potential RNG failure.,11.4.2 Errors Encountered During Health Testing,Section 11.4.2,https://csrc.nist.gov/pubs/sp/800/90/a/r1/final,high,mlx-community/Qwen3.6-27B-8bit,2026-09-07,active,,
NIST-SP-800-90C,SP 800-90C: Recommendation for Random Bit Generator (RBG) Constructions,Certification Schemes,Standard,assurance,3,libraries,Validate RBG constructions against SP 800-90C via CMVP/CAVP to prove compliance with approved DRBG and entropy source requirements.,SP 800-90C has been developed in coordination with NIST’s Cryptographic Algorithm Validation Program (CAVP) and Cryptographic Module Validation Program (CMVP)... The term “shall” is used when a requirement is testable by a testing lab during implementation validation,Section 1,https://nvlpubs.nist.gov/nistpubs/SpecialPublications/NIST.SP.800-90C.pdf,high,mlx-community/Qwen3.6-27B-8bit,2026-09-07,active,,
NIST-SP-800-90C,SP 800-90C: Recommendation for Random Bit Generator (RBG) Constructions,Certification Schemes,Standard,observability,3,libraries,Implement and monitor health tests for RBG constructions to detect failures in entropy sources or DRBG operations as specified in Section 8.,Section 8 discusses health and implementation validation testing... The term “shall” is used when a requirement is testable by a testing lab during implementation validation using operational tests,"Section 1.2, Section 8",https://nvlpubs.nist.gov/nistpubs/SpecialPublications/NIST.SP.800-90C.pdf,high,mlx-community/Qwen3.6-27B-8bit,2026-09-07,active,,
NIST-SP-800-90C,SP 800-90C: Recommendation for Random Bit Generator (RBG) Constructions,Certification Schemes,Standard,lifecycle,2,libraries,Ensure RBG constructions use validated randomness sources (SP 800-90B or SP 800-90C compliant) for initialization and reseeding.,Each RBG includes a DRBG from SP 800-90A and is based on the use of a randomness source that is validated for compliance with SP 800-90B or SP 800-90C.,Section 2.2,https://nvlpubs.nist.gov/nistpubs/SpecialPublications/NIST.SP.800-90C.pdf,high,mlx-community/Qwen3.6-27B-8bit,2026-09-07,active,,
NIST-SP-800-90C,SP 800-90C: Recommendation for Random Bit Generator (RBG) Constructions,Certification Schemes,Standard,governance,2,all,"Adhere to 'must' requirements for system administrators regarding RBG deployment, verified via documentation review by CMVP.",The term “must” is used for requirements that may not be testable by the CAVP or CMVP. An example of such a requirement is one that demands certain actions and/or considerations from a system administrator. A CMVP review of the cryptographic module’s documentation can verify whether these requirements have been met.,Section 1,https://nvlpubs.nist.gov/nistpubs/SpecialPublications/NIST.SP.800-90C.pdf,high,mlx-community/Qwen3.6-27B-8bit,2026-09-07,active,,
NIAP-CCEVS-POLICY,NIAP CCEVS Policy Letter 26,Certification Schemes,Compliance Framework,governance,2,all,Establish policy to exclude products prohibited by statute or executive order from NIAP evaluation and certification for NSS use.,"products evaluated under the NIAP for use on or protection of NSS... may only include products that are not otherwise prohibited from use on an NSS by statute, executive order, or other directives",POLICY,https://www.niap-ccevs.org/Documents_and_Guidance/ccevs/policy-ltr-26.pdf,high,mlx-community/Qwen3.6-27B-8bit,2026-09-07,active,,
NIAP-CCEVS-POLICY,NIAP CCEVS Policy Letter 26,Certification Schemes,Compliance Framework,governance,2,all,Define authority for NIAP to refuse evaluation and certification of products subject to acquisition prohibitions for NSS.,NIAP reserves the right to refuse evaluation and certification of the product,POLICY,https://www.niap-ccevs.org/Documents_and_Guidance/ccevs/policy-ltr-26.pdf,high,mlx-community/Qwen3.6-27B-8bit,2026-09-07,active,,
NIAP-CCEVS-POLICY,NIAP CCEVS Policy Letter 26,Certification Schemes,Compliance Framework,lifecycle,2,all,Mandate vendor consultation with NIAP prior to contracting for evaluation if product may be affected by supply chain prohibitions.,Vendors concerned that they may be affected by this limitation are encouraged to contact NIAP prior to contracting with a CCTL for evaluation,POLICY,https://www.niap-ccevs.org/Documents_and_Guidance/ccevs/policy-ltr-26.pdf,high,mlx-community/Qwen3.6-27B-8bit,2026-09-07,active,,
NIAP-CCEVS-MANUAL,NIAP CCEVS Quality Manual (Scheme Publication #2),Certification Schemes,Compliance Framework,governance,3,certificates,Maintain a Product Compliant List (PCL) to track validated products and their current certification status within the scheme.,5.3.3 Maintaining a Product Compliant List (PCL) ... NIAP maintains a Product Compliant List (PCL) of products that have been evaluated and certified.,Section 5.3.3,https://www.niap-ccevs.org/Documents_and_Guidance/ccevs/scheme-pub-2.pdf,high,mlx-community/Qwen3.6-27B-8bit,2026-09-07,active,,
NIAP-CCEVS-MANUAL,NIAP CCEVS Quality Manual (Scheme Publication #2),Certification Schemes,Compliance Framework,governance,3,certificates,Monitor the use of certificates to ensure they are not misused or applied to non-compliant configurations.,5.3.4 Certificate Use Monitoring ... NIAP monitors the use of certificates to ensure that they are used in accordance with the Scheme rules.,Section 5.3.4,https://www.niap-ccevs.org/Documents_and_Guidance/ccevs/scheme-pub-2.pdf,high,mlx-community/Qwen3.6-27B-8bit,2026-09-07,active,,
NIAP-CCEVS-MANUAL,NIAP CCEVS Quality Manual (Scheme Publication #2),Certification Schemes,Compliance Framework,governance,3,certificates,Establish procedures for the withdrawal of certificates when products no longer meet scheme requirements or compliance is violated.,5.3.5 Certificate Withdrawal ... NIAP may withdraw a certificate if the product no longer meets the requirements of the Scheme.,Section 5.3.5,https://www.niap-ccevs.org/Documents_and_Guidance/ccevs/scheme-pub-2.pdf,high,mlx-community/Qwen3.6-27B-8bit,2026-09-07,active,,
NIAP-CCEVS-MANUAL,NIAP CCEVS Quality Manual (Scheme Publication #2),Certification Schemes,Compliance Framework,assurance,3,certificates,Conduct internal audits and management reviews to verify the quality and integrity of the validation process and records.,3.3 Internal Audits ... 3.3.1 Management Reviews ... The Quality Manager shall ensure that internal audits are conducted... Management reviews shall be conducted.,Section 3.3,https://www.niap-ccevs.org/Documents_and_Guidance/ccevs/scheme-pub-2.pdf,high,mlx-community/Qwen3.6-27B-8bit,2026-09-07,active,,
NIAP-CCEVS-MANUAL,NIAP CCEVS Quality Manual (Scheme Publication #2),Certification Schemes,Compliance Framework,observability,3,certificates,"Maintain detailed records of certificate issuance, maintenance, and withdrawal to support audit trails and status verification.","5.3.6 Certificate Management Records ... NIAP shall maintain records of all certificate management activities, including issuance, maintenance, and withdrawal.",Section 5.3.6,https://www.niap-ccevs.org/Documents_and_Guidance/ccevs/scheme-pub-2.pdf,high,mlx-community/Qwen3.6-27B-8bit,2026-09-07,active,,
NIAP-CCEVS-MANUAL,NIAP CCEVS Quality Manual (Scheme Publication #2),Certification Schemes,Compliance Framework,lifecycle,3,certificates,"Manage the lifecycle of certificates through defined processes for issuance, recognition of partner certificates, and maintenance.",5.3 Certificate Management ... 5.3.1 Issuing a CC Certificate ... 5.3.2 Recognition of CC Certificates Issued by CCRA Partners ... 5.3.3 Maintaining a Product Compliant List (PCL),Section 5.3,https://www.niap-ccevs.org/Documents_and_Guidance/ccevs/scheme-pub-2.pdf,high,mlx-community/Qwen3.6-27B-8bit,2026-09-07,active,,
NIAP-CCEVS-MANUAL,NIAP CCEVS Quality Manual (Scheme Publication #2),Certification Schemes,Compliance Framework,governance,3,all,"Define and enforce roles and responsibilities for NIAP personnel, including the Quality Manager, to ensure scheme integrity.",4 NIAP Personnel and Qualifications ... 4.2.4 Quality Manager ... The Quality Manager is responsible for the implementation and maintenance of the Quality System.,Section 4.2.4,https://www.niap-ccevs.org/Documents_and_Guidance/ccevs/scheme-pub-2.pdf,high,mlx-community/Qwen3.6-27B-8bit,2026-09-07,active,,
NIAP-CCEVS-MANUAL,NIAP CCEVS Quality Manual (Scheme Publication #2),Certification Schemes,Compliance Framework,assurance,3,all,"Administer Common Criteria Testing Laboratories (CCTLs) through accreditation, proficiency testing, and audit records.","6 Common Criteria Testing Laboratory Administration ... 6.3 CCTL Administration Records ... NIAP maintains records of CCTL approvals, audits, and proficiency tests.",Section 6,https://www.niap-ccevs.org/Documents_and_Guidance/ccevs/scheme-pub-2.pdf,high,mlx-community/Qwen3.6-27B-8bit,2026-09-07,active,,
COMMON-CRITERIA,"Common Criteria for Information Technology Security Evaluation, CC:2022 Release 1, Part 1",Certification Schemes,Standard,governance,2,all,"Establish documented Security Targets (STs) that define the security objectives and requirements for the TOE, serving as the formal basis for evaluation and conformance claims.",12 Security Targets (STs) ... 12.1 General ... 12.2 Conformance claims and statements ... 12.3 Assurance requirements,Section 12,https://www.commoncriteriaportal.org/files/ccfiles/CC2022PART1R1.pdf,high,mlx-community/Qwen3.6-27B-8bit,2026-09-07,active,,
COMMON-CRITERIA,"Common Criteria for Information Technology Security Evaluation, CC:2022 Release 1, Part 1",Certification Schemes,Standard,assurance,3,all,Conduct independent security evaluations of the TOE against a Security Target to establish confidence that security functionality and assurance measures meet specified requirements.,The evaluation process establishes a level of confidence that the security functionality of these IT products and the assurance measures applied to these IT products meet these requirements.,Introduction,https://www.commoncriteriaportal.org/files/ccfiles/CC2022PART1R1.pdf,high,mlx-community/Qwen3.6-27B-8bit,2026-09-07,active,,
COMMON-CRITERIA,"Common Criteria for Information Technology Security Evaluation, CC:2022 Release 1, Part 1",Certification Schemes,Standard,assurance,3,all,"Ensure evaluations adhere to strict conformance claims, prohibiting the evaluation scope from exceeding the defined conformance boundaries of the Protection Profile or Security Target.",the exact conformance type has been introduced ... which prohibits evaluations from exceeding the scope of their conformance claims,Foreword,https://www.commoncriteriaportal.org/files/ccfiles/CC2022PART1R1.pdf,high,mlx-community/Qwen3.6-27B-8bit,2026-09-07,active,,
COMMON-CRITERIA,"Common Criteria for Information Technology Security Evaluation, CC:2022 Release 1, Part 1",Certification Schemes,Standard,lifecycle,2,all,"Manage the composition of assurance for composite products by defining composition models (layered, network, embedded) and re-using evaluation results where applicable.",14 Composition of assurance ... 14.2 Composition models ... 14.4.1 Re-use of evaluation results,Section 14,https://www.commoncriteriaportal.org/files/ccfiles/CC2022PART1R1.pdf,medium,mlx-community/Qwen3.6-27B-8bit,2026-09-07,active,,
COMMON-CRITERIA,"Common Criteria for Information Technology Security Evaluation, CC:2022 Release 1, Part 1",Certification Schemes,Standard,observability,2,all,"Document and verify evaluation results for PP, PP-Configuration, and ST/TOE evaluations to provide evidence of compliance and security posture.",13.7 Evaluation results ... 13.7.1 Results of a PP evaluation ... 13.7.3 Results of a ST/TOE evaluation,Section 13.7,https://www.commoncriteriaportal.org/files/ccfiles/CC2022PART1R1.pdf,medium,mlx-community/Qwen3.6-27B-8bit,2026-09-07,active,,
BSI-BSZ-METHOD,BSI BSZ — Accelerated Security Certification Evaluation Process (v2.1),Certification Schemes,Compliance Framework,governance,3,all,"Establish formal contracts between manufacturers and ITSEFs, and between ITSEFs and the Certification Body, to define roles and responsibilities for the evaluation process.",Conclude a contract with the manufacturer... Conclude a contract with the ITSEF,"Section 2.1, Table 2",https://www.bsi.bund.de/SharedDocs/Downloads/EN/BSI/Publications/BSZ/BSZ-Evaluation.pdf?__blob=publicationFile&v=5,high,mlx-community/Qwen3.6-27B-8bit,2026-09-07,active,,
BSI-BSZ-METHOD,BSI BSZ — Accelerated Security Certification Evaluation Process (v2.1),Certification Schemes,Compliance Framework,governance,3,all,Formally evaluate the independence and impartiality of the ITSEF and the application content prior to proceeding with the certification process.,Create an analysis of independence and impartiality... Evaluate the application and appendices formally and in terms of content,"Section 2.1, Table 2",https://www.bsi.bund.de/SharedDocs/Downloads/EN/BSI/Publications/BSZ/BSZ-Evaluation.pdf?__blob=publicationFile&v=5,high,mlx-community/Qwen3.6-27B-8bit,2026-09-07,active,,
BSI-BSZ-METHOD,BSI BSZ — Accelerated Security Certification Evaluation Process (v2.1),Certification Schemes,Compliance Framework,assurance,3,all,Conduct compliance and penetration tests during the evaluation phase and document results in an Evaluation Technical Report (ETR) submitted to the Certification Body.,Conduct of the evaluation with compliance and penetration tests... Creation of the Evaluation Technical Report (ETR)... Submission of the ETR to the certification body (CB),"Section 2.2.2, Table 4",https://www.bsi.bund.de/SharedDocs/Downloads/EN/BSI/Publications/BSZ/BSZ-Evaluation.pdf?__blob=publicationFile&v=5,high,mlx-community/Qwen3.6-27B-8bit,2026-09-07,active,,
BSI-BSZ-METHOD,BSI BSZ — Accelerated Security Certification Evaluation Process (v2.1),Certification Schemes,Compliance Framework,assurance,3,all,"The Certification Body must critically evaluate results, strategies, and expert selection, and may reconstruct individual testing steps at random to verify findings.","Critical evaluation of: Results, Strategies and Selection of the experts... Reconstructing of individual testing steps at random","Section 2.2.3, Table 5",https://www.bsi.bund.de/SharedDocs/Downloads/EN/BSI/Publications/BSZ/BSZ-Evaluation.pdf?__blob=publicationFile&v=5,high,mlx-community/Qwen3.6-27B-8bit,2026-09-07,active,,
BSI-BSZ-METHOD,BSI BSZ — Accelerated Security Certification Evaluation Process (v2.1),Certification Schemes,Compliance Framework,lifecycle,3,all,"For re-evaluations or recertifications, assess Impact Analysis Reports (IAR) to determine the scope of required testing and effort.",For re-evaluations or recertifications: assess the Impact Analysis Reports (IAR)... Assess Impact Analysis Report (IAR),"Section 2.1, Table 2; Section 2.2.4",https://www.bsi.bund.de/SharedDocs/Downloads/EN/BSI/Publications/BSZ/BSZ-Evaluation.pdf?__blob=publicationFile&v=5,high,mlx-community/Qwen3.6-27B-8bit,2026-09-07,active,,
BSI-BSZ-METHOD,BSI BSZ — Accelerated Security Certification Evaluation Process (v2.1),Certification Schemes,Compliance Framework,observability,3,all,"Implement an Extended Follow-Up Evaluation process to assess change requirements, estimate effort, and verify updates to the TOE and documentation.",Assessment of change requirements for the TOE... Assess Impact Analysis Report (IAR)... Update documentation... Update TOE,Section 2.2.4,https://www.bsi.bund.de/SharedDocs/Downloads/EN/BSI/Publications/BSZ/BSZ-Evaluation.pdf?__blob=publicationFile&v=5,high,mlx-community/Qwen3.6-27B-8bit,2026-09-07,active,,
BSI-BSZ-METHOD,BSI BSZ — Accelerated Security Certification Evaluation Process (v2.1),Certification Schemes,Compliance Framework,inventory,3,all,Compile and provide cryptographic documents and a Statement of Security (ST) to define the Target of Evaluation (TOE) scope and configuration.,Compile cryptographic documents... Create ST and other documents... Presentation of the ST and TOE,"Section 2.1, Table 2; Section 2.2.1, Table 3",https://www.bsi.bund.de/SharedDocs/Downloads/EN/BSI/Publications/BSZ/BSZ-Evaluation.pdf?__blob=publicationFile&v=5,high,mlx-community/Qwen3.6-27B-8bit,2026-09-07,active,,
NIST CSWP 39,Considerations for Achieving Cryptographic Agility,Standardization Bodies,Compliance Framework,governance,2,all,Develop a comprehensive strategic and tactical plan integrating crypto agility into the organization's overall risk management framework.,Executives can leverage the insights in this paper to develop a comprehensive strategic and tactical plan that integrates crypto agility into the organization’s overall risk management framework,Executive Summary,https://nvlpubs.nist.gov/nistpubs/CSWP/NIST.CSWP.39-upd1.pdf,medium,mlx-community/Qwen3.6-27B-8bit,2026-09-07,active,,
NIST CSWP 39,Considerations for Achieving Cryptographic Agility,Standardization Bodies,Compliance Framework,governance,2,all,"Ensure employees, partners, and suppliers involved in cryptographic design, implementation, and deployment consider and adopt crypto agility practices.","ensuring that employees, business partners, and technology suppliers involved in cryptographic design, implementation, acquisition, deployment, and use consider and adopt these practices",Executive Summary,https://nvlpubs.nist.gov/nistpubs/CSWP/NIST.CSWP.39-upd1.pdf,medium,mlx-community/Qwen3.6-27B-8bit,2026-09-07,active,,
NIST CSWP 39,Considerations for Achieving Cryptographic Agility,Standardization Bodies,Compliance Framework,lifecycle,3,software,Design systems to adopt new cryptographic algorithms and stop using vulnerable ones without disrupting running operations.,"In a system, crypto agility is the ability to adopt new cryptographic algorithms and stop the use of vulnerable algorithms in applications without disrupting the running system",Section 1. Introduction,https://nvlpubs.nist.gov/nistpubs/CSWP/NIST.CSWP.39-upd1.pdf,medium,mlx-community/Qwen3.6-27B-8bit,2026-09-07,active,,
NIST CSWP 39,Considerations for Achieving Cryptographic Agility,Standardization Bodies,Compliance Framework,lifecycle,3,software,Maintain interoperability when introducing new cryptographic algorithms and prevent the use of vulnerable algorithms in protocols.,"In a protocol, crypto agility is the ability to maintain interoperability when introducing new cryptographic algorithms and preventing the use of vulnerable algorithms",Section 1. Introduction,https://nvlpubs.nist.gov/nistpubs/CSWP/NIST.CSWP.39-upd1.pdf,medium,mlx-community/Qwen3.6-27B-8bit,2026-09-07,active,,
NIST CSWP 39,Considerations for Achieving Cryptographic Agility,Standardization Bodies,Compliance Framework,lifecycle,3,all,"Enable seamless and rapid transition away from vulnerable cryptographic algorithms to new, stronger ones without significant infrastructure changes.","In an enterprise, crypto agility is a capacity to seamlessly and rapidly transition away from vulnerable cryptographic algorithms and adopt new, stronger ones without incurring significant changes to their infrastructure",Section 1. Introduction,https://nvlpubs.nist.gov/nistpubs/CSWP/NIST.CSWP.39-upd1.pdf,medium,mlx-community/Qwen3.6-27B-8bit,2026-09-07,active,,
Malaysia-NACSA-PQC-2025,Malaysia NACSA MyKriptografi Action Plan 2026-2030,Compliance Frameworks,Compliance Framework,governance,2,all,Establish a structured implementation roadmap with clear priorities and measurable outcomes to operationalize the National Cryptography Policy across government and critical infrastructure.,"The Action Plan translates the strategic aspirations of MyKriptografi into coordinated programmes and activities... It provides clear priorities, implementation mechanisms and measurable outcomes",Introduction,https://www.nacsa.gov.my/pelan-tindakan-mykriptografi.php,high,mlx-community/Qwen3.6-27B-8bit,2026-09-07,active,,
Malaysia-NACSA-PQC-2025,Malaysia NACSA MyKriptografi Action Plan 2026-2030,Compliance Frameworks,Compliance Framework,governance,2,all,"Define and execute 12 strategies, 32 programmes, and 80 activities focused on strengthening cryptographic governance and preparing for emerging challenges like quantum computing.","encompasses 12 strategies, 32 programmes and 80 activities, focusing on strengthening cryptographic governance... to prepare Malaysia for emerging cybersecurity challenges, including the quantum computing era.",Four (4) Core Pillars,https://www.nacsa.gov.my/pelan-tindakan-mykriptografi.php,high,mlx-community/Qwen3.6-27B-8bit,2026-09-07,active,,
Malaysia-NACSA-PQC-2025,Malaysia NACSA MyKriptografi Action Plan 2026-2030,Compliance Frameworks,Compliance Framework,governance,2,all,Mandate the utilization of National Trusted Cryptographic Products (PKTN) among National Critical Information Infrastructure (NCII) entities and industry to ensure digital sovereignty.,Pillar 3 - Increasing the utilisation of National Trusted Cryptographic Products (PKTN) among NCII entities and the industry,Four (4) Core Pillars,https://www.nacsa.gov.my/pelan-tindakan-mykriptografi.php,high,mlx-community/Qwen3.6-27B-8bit,2026-09-07,active,,
Singapore-CSA-Quantum-Safe-Handbook,Quantum-Safe Handbook and Quantum Readiness Index,Compliance Frameworks,Government Guidance,governance,2,all,Define RACI roles and responsibilities for quantum-safe migration to ensure clear ownership and accountability across the organization.,"Key updates to the No-Regret Moves [page 12], RACI table [page 21]... Domain 2: Governance",Version History / Table of Contents,https://isomer-user-content.by.gov.sg/36/11227d39-4350-4ded-9046-d62f99f561ab/Draft%20for%20Public%20Consultation%20-%20Quantum-Safe%20Handbook%20(Oct%202025).pdf,high,mlx-community/Qwen3.6-27B-8bit,2026-09-07,active,,
Singapore-CSA-Quantum-Safe-Handbook,Quantum-Safe Handbook and Quantum Readiness Index,Compliance Frameworks,Government Guidance,governance,2,all,"Establish a documented quantum-safe migration strategy and risk management plan, treating migration as a present risk issue rather than a future problem.",Migration is not a future problem but a present risk management issue... Organisations must start now with planning.,Preface,https://isomer-user-content.by.gov.sg/36/11227d39-4350-4ded-9046-d62f99f561ab/Draft%20for%20Public%20Consultation%20-%20Quantum-Safe%20Handbook%20(Oct%202025).pdf,high,mlx-community/Qwen3.6-27B-8bit,2026-09-07,active,,
Singapore-CSA-Quantum-Safe-Handbook,Quantum-Safe Handbook and Quantum Readiness Index,Compliance Frameworks,Government Guidance,governance,2,all,"Implement a self-assessment mechanism using the Quantum Readiness Index (QRI) to evaluate readiness, identify capability gaps, and track progress over time.","CSA's Quantum Readiness Index (QRI) complements this handbook as a self-assessment tool to help organisations evaluate their quantum-safe readiness, identify capability gaps, and prioritise next steps.",Preface,https://isomer-user-content.by.gov.sg/36/11227d39-4350-4ded-9046-d62f99f561ab/Draft%20for%20Public%20Consultation%20-%20Quantum-Safe%20Handbook%20(Oct%202025).pdf,high,mlx-community/Qwen3.6-27B-8bit,2026-09-07,active,,
Singapore-CSA-Quantum-Safe-Handbook,Quantum-Safe Handbook and Quantum Readiness Index,Compliance Frameworks,Government Guidance,governance,2,all,"Monitor scientific and geopolitical developments continuously to adapt migration strategies, acknowledging that no approach is settled.","Organisations should monitor developments, assess their own operating context, and build in cryptographic agility where practical",Preface,https://isomer-user-content.by.gov.sg/36/11227d39-4350-4ded-9046-d62f99f561ab/Draft%20for%20Public%20Consultation%20-%20Quantum-Safe%20Handbook%20(Oct%202025).pdf,high,mlx-community/Qwen3.6-27B-8bit,2026-09-07,active,,
GSMA-PQC-Country-Survey-2025,GSMA Post-Quantum Government Initiatives by Country and Region (March 2025),Compliance Frameworks,Industry Report,inventory,2,all,Initiate planning and conduct cryptographic inventory to identify assets requiring post-quantum migration.,Start planning and inventory. ... create cryptographic inventory.,"Table 1: Canada, Germany",https://www.gsma.com/newsroom/wp-content/uploads//Post-Quantum-Government-Initiatives-by-Country-and-Region-02-Mar-2025-Clean.pdf,high,mlx-community/Qwen3.6-27B-8bit,2026-09-07,active,,
GSMA-PQC-Country-Survey-2025,GSMA Post-Quantum Government Initiatives by Country and Region (March 2025),Compliance Frameworks,Industry Report,inventory,2,all,Develop a cryptographic inventory and initial migration plan to manage quantum risk.,"Requirement for financial services firms to manage quantum risk, develop inventory and initial plan",Table 1: Israel,https://www.gsma.com/newsroom/wp-content/uploads//Post-Quantum-Government-Initiatives-by-Country-and-Region-02-Mar-2025-Clean.pdf,high,mlx-community/Qwen3.6-27B-8bit,2026-09-07,active,,
GSMA-PQC-Country-Survey-2025,GSMA Post-Quantum Government Initiatives by Country and Region (March 2025),Compliance Frameworks,Industry Report,inventory,2,all,Perform cryptographic discovery to identify legacy systems and prepare for post-quantum transition.,Start planning; cryptographic discovery; use only standards in production.,Table 1: United Kingdom,https://www.gsma.com/newsroom/wp-content/uploads//Post-Quantum-Government-Initiatives-by-Country-and-Region-02-Mar-2025-Clean.pdf,high,mlx-community/Qwen3.6-27B-8bit,2026-09-07,active,,
GSMA-PQC-Country-Survey-2025,GSMA Post-Quantum Government Initiatives by Country and Region (March 2025),Compliance Frameworks,Industry Report,governance,2,all,Define a coordinated post-quantum cryptography roadmap for member states by 2026.,Define a coordinated PQC roadmap for Member States by 2026.,Table 1: European Union,https://www.gsma.com/newsroom/wp-content/uploads//Post-Quantum-Government-Initiatives-by-Country-and-Region-02-Mar-2025-Clean.pdf,high,mlx-community/Qwen3.6-27B-8bit,2026-09-07,active,,
GSMA-PQC-Country-Survey-2025,GSMA Post-Quantum Government Initiatives by Country and Region (March 2025),Compliance Frameworks,Industry Report,governance,2,all,Prepare a migration plan to address cybersecurity risks associated with quantum computing.,Financial services firms required to prepare plan.,Table 1: Singapore,https://www.gsma.com/newsroom/wp-content/uploads//Post-Quantum-Government-Initiatives-by-Country-and-Region-02-Mar-2025-Clean.pdf,high,mlx-community/Qwen3.6-27B-8bit,2026-09-07,active,,
GSMA-PQC-Country-Survey-2025,GSMA Post-Quantum Government Initiatives by Country and Region (March 2025),Compliance Frameworks,Industry Report,governance,2,all,Establish a PQC roadmap targeting completion by 2035 with pilot transitions between 2025-2028.,PQC Roadmap for completion 2035. Pilot transition plan 2025-2028.,Table 1: South Korea,https://www.gsma.com/newsroom/wp-content/uploads//Post-Quantum-Government-Initiatives-by-Country-and-Region-02-Mar-2025-Clean.pdf,high,mlx-community/Qwen3.6-27B-8bit,2026-09-07,active,,
GSMA-PQC-Country-Survey-2025,GSMA Post-Quantum Government Initiatives by Country and Region (March 2025),Compliance Frameworks,Industry Report,lifecycle,2,all,Complete transition to quantum-resistant cryptography by 2030.,Complete transition to quantum resistant cryptography by 2030.,Table 1: Australia,https://www.gsma.com/newsroom/wp-content/uploads//Post-Quantum-Government-Initiatives-by-Country-and-Region-02-Mar-2025-Clean.pdf,high,mlx-community/Qwen3.6-27B-8bit,2026-09-07,active,,
GSMA-PQC-Country-Survey-2025,GSMA Post-Quantum Government Initiatives by Country and Region (March 2025),Compliance Frameworks,Industry Report,lifecycle,2,all,Introduce standards-based post-quantum cryptography from 2025-2026.,Introduce standards-based PQC from 2025-26.,Table 1: Canada,https://www.gsma.com/newsroom/wp-content/uploads//Post-Quantum-Government-Initiatives-by-Country-and-Region-02-Mar-2025-Clean.pdf,high,mlx-community/Qwen3.6-27B-8bit,2026-09-07,active,,
GSMA-PQC-Country-Survey-2025,GSMA Post-Quantum Government Initiatives by Country and Region (March 2025),Compliance Frameworks,Industry Report,lifecycle,2,all,Migrate key establishment and encryption by 2027; firmware and software signing as soon as possible.,"Migrate by 2027 (key establishment, encryption). As soon as possible for firmware & software signing.",Table 1: Czech Republic,https://www.gsma.com/newsroom/wp-content/uploads//Post-Quantum-Government-Initiatives-by-Country-and-Region-02-Mar-2025-Clean.pdf,high,mlx-community/Qwen3.6-27B-8bit,2026-09-07,active,,
GSMA-PQC-Country-Survey-2025,GSMA Post-Quantum Government Initiatives by Country and Region (March 2025),Compliance Frameworks,Industry Report,lifecycle,2,all,Transition to post-quantum cryptography starting from 2024.,Start planning; Transition from 2024,Table 1: France,https://www.gsma.com/newsroom/wp-content/uploads//Post-Quantum-Government-Initiatives-by-Country-and-Region-02-Mar-2025-Clean.pdf,high,mlx-community/Qwen3.6-27B-8bit,2026-09-07,active,,
GSMA-PQC-Country-Survey-2025,GSMA Post-Quantum Government Initiatives by Country and Region (March 2025),Compliance Frameworks,Industry Report,lifecycle,2,all,Transition to post-quantum cryptography from 2026-2027.,Start planning. Transition from 2026-27.,Table 1: New Zealand,https://www.gsma.com/newsroom/wp-content/uploads//Post-Quantum-Government-Initiatives-by-Country-and-Region-02-Mar-2025-Clean.pdf,high,mlx-community/Qwen3.6-27B-8bit,2026-09-07,active,,
GSMA-PQC-Country-Survey-2025,GSMA Post-Quantum Government Initiatives by Country and Region (March 2025),Compliance Frameworks,Industry Report,lifecycle,2,all,Implement post-quantum cryptography migration between 2023 and 2033.,Implement 2023-2033,Table 1: United States,https://www.gsma.com/newsroom/wp-content/uploads//Post-Quantum-Government-Initiatives-by-Country-and-Region-02-Mar-2025-Clean.pdf,high,mlx-community/Qwen3.6-27B-8bit,2026-09-07,active,,
GSMA-PQC-Country-Survey-2025,GSMA Post-Quantum Government Initiatives by Country and Region (March 2025),Compliance Frameworks,Industry Report,governance,2,all,Add post-quantum cryptography requirements to contracts.,Add PQC to contracts.,Table 1: Germany,https://www.gsma.com/newsroom/wp-content/uploads//Post-Quantum-Government-Initiatives-by-Country-and-Region-02-Mar-2025-Clean.pdf,high,mlx-community/Qwen3.6-27B-8bit,2026-09-07,active,,
GSMA-PQC-Country-Survey-2025,GSMA Post-Quantum Government Initiatives by Country and Region (March 2025),Compliance Frameworks,Industry Report,assurance,2,all,Use only standards-based algorithms in production environments.,use only standards in production.,Table 1: United Kingdom,https://www.gsma.com/newsroom/wp-content/uploads//Post-Quantum-Government-Initiatives-by-Country-and-Region-02-Mar-2025-Clean.pdf,high,mlx-community/Qwen3.6-27B-8bit,2026-09-07,active,,
NIST SP 800-53,NIST SP 800-53 Rev. 5 - Security and Privacy Controls (Release 5.2.0),Compliance Frameworks,Compliance Framework,governance,2,all,Establish a comprehensive risk management program to categorize systems and select security controls based on mission and business needs.,"Organizations must exercise due diligence in managing information security and privacy risk. This is accomplished, in part, by establishing a comprehensive risk management program that uses the flexibility inherent in NIST publications to categorize systems, select and implement security and privacy controls that meet mission and business needs...",RISK MANAGEMENT section,https://nvlpubs.nist.gov/nistpubs/SpecialPublications/NIST.SP.800-53r5.pdf,high,mlx-community/Qwen3.6-27B-8bit,2026-09-07,active,,
NIST SP 800-53,NIST SP 800-53 Rev. 5 - Security and Privacy Controls (Release 5.2.0),Compliance Frameworks,Compliance Framework,assurance,2,all,Assess the effectiveness of security and privacy controls and authorize systems for operation as part of the risk management process.,"...assess the effectiveness of the controls, authorize the systems for operation, and continuously monitor the systems.",RISK MANAGEMENT section,https://nvlpubs.nist.gov/nistpubs/SpecialPublications/NIST.SP.800-53r5.pdf,high,mlx-community/Qwen3.6-27B-8bit,2026-09-07,active,,
NIST SP 800-53,NIST SP 800-53 Rev. 5 - Security and Privacy Controls (Release 5.2.0),Compliance Frameworks,Compliance Framework,observability,2,all,Continuously monitor information systems to ensure ongoing compliance with security and privacy controls.,"...authorize the systems for operation, and continuously monitor the systems.",RISK MANAGEMENT section,https://nvlpubs.nist.gov/nistpubs/SpecialPublications/NIST.SP.800-53r5.pdf,high,mlx-community/Qwen3.6-27B-8bit,2026-09-07,active,,
GSMA-PQ02,GSMA PQ.02: Guidelines for Quantum Risk Management for Telco,Compliance Frameworks,Industry Report,governance,2,all,Establish an organization-wide governance process to manage quantum risk and integrate it into Enterprise Risk Management.,Establish an organisation-wide governance process to manage quantum risk. ... Integrate Quantum risk into Enterprise Risk Management (ERM).,Section 1.1 Recommendations,https://www.gsma.com/solutions-and-impact/technologies/security/post-quantum-cryptography-documents/,high,mlx-community/Qwen3.6-27B-8bit,2026-09-07,active,,
GSMA-PQ02,GSMA PQ.02: Guidelines for Quantum Risk Management for Telco,Compliance Frameworks,Industry Report,governance,2,all,Identify an executive owner for quantum risk and update roles and responsibilities to include quantum risk management duties.,"Identify an executive owner, and update roles and responsibilities to include quantum risk.",Section 1.1 Recommendations,https://www.gsma.com/solutions-and-impact/technologies/security/post-quantum-cryptography-documents/,high,mlx-community/Qwen3.6-27B-8bit,2026-09-07,active,,
GSMA-PQ02,GSMA PQ.02: Guidelines for Quantum Risk Management for Telco,Compliance Frameworks,Industry Report,governance,2,all,Build board-level awareness of quantum risk to ensure proportionate decision-making in the right timeframes.,Build board-level awareness of the quantum risk. ... ensure that key stakeholders and business owners have the information required to make proportionate decisions,Section 1.1 Recommendations / Executive Summary,https://www.gsma.com/solutions-and-impact/technologies/security/post-quantum-cryptography-documents/,high,mlx-community/Qwen3.6-27B-8bit,2026-09-07,active,,
GSMA-PQ02,GSMA PQ.02: Guidelines for Quantum Risk Management for Telco,Compliance Frameworks,Industry Report,inventory,2,all,Determine the organization's current cryptographic estate by gathering an inventory of assets and their current cryptographic protection.,"Determine the organisation’s current cryptographic estate. ... determine the cryptographic estate, by gathering an inventory of assets ... and their current cryptographic protection.",Section 1.1 Recommendations / Section 2 Introduction,https://www.gsma.com/solutions-and-impact/technologies/security/post-quantum-cryptography-documents/,high,mlx-community/Qwen3.6-27B-8bit,2026-09-07,active,,
GSMA-PQ02,GSMA PQ.02: Guidelines for Quantum Risk Management for Telco,Compliance Frameworks,Industry Report,inventory,2,all,"Identify and record the storage lifetime required for each inventory asset to assess 'Store Now, Decrypt Later' risks.",It is also important to identify and record the storage lifetime required for each inventory asset.,Section 2 Introduction,https://www.gsma.com/solutions-and-impact/technologies/security/post-quantum-cryptography-documents/,high,mlx-community/Qwen3.6-27B-8bit,2026-09-07,active,,
GSMA-PQ02,GSMA PQ.02: Guidelines for Quantum Risk Management for Telco,Compliance Frameworks,Industry Report,lifecycle,2,all,Create a transition plan based on the Quantum Cryptanalytic Risk Assessment and informed by the organization's risk appetite.,"Create a transition plan, based on the Quantum Cryptanalytic Risk Assessment (QCRA) and informed by the organisation’s risk appetite.",Section 1.1 Recommendations,https://www.gsma.com/solutions-and-impact/technologies/security/post-quantum-cryptography-documents/,high,mlx-community/Qwen3.6-27B-8bit,2026-09-07,active,,
GSMA-PQ02,GSMA PQ.02: Guidelines for Quantum Risk Management for Telco,Compliance Frameworks,Industry Report,assurance,2,all,Perform a Quantum Cryptanalytic Risk Assessment to prioritize critical systems and data for mitigation.,Perform a Quantum Cryptanalytic Risk Assessment (QCRA) to prioritise critical systems and data for mitigation.,Section 1.1 Recommendations,https://www.gsma.com/solutions-and-impact/technologies/security/post-quantum-cryptography-documents/,high,mlx-community/Qwen3.6-27B-8bit,2026-09-07,active,,
ETSI-EN-303645,ETSI EN 303 645 V3.1.3 — Cyber Security for Consumer IoT: Baseline Requirements,Compliance Frameworks,Standard,governance,2,all,Establish a documented process to manage and respond to vulnerability reports for consumer IoT devices.,Implement a means to manage reports of vulnerabilities. The manufacturer shall implement a means to manage reports of vulnerabilities.,Section 5.3,https://www.etsi.org/deliver/etsi_en/303600_303699/303645/03.01.03_60/en_303645v030103p.pdf,high,mlx-community/Qwen3.6-27B-8bit,2026-09-07,active,,
ETSI-EN-303645,ETSI EN 303 645 V3.1.3 — Cyber Security for Consumer IoT: Baseline Requirements,Compliance Frameworks,Standard,lifecycle,3,software,Ensure devices can be securely updated and that the update mechanism is protected against tampering.,Keep software updated. The device shall be able to be updated. The update mechanism shall be protected against tampering.,Section 5.4,https://www.etsi.org/deliver/etsi_en/303600_303699/303645/03.01.03_60/en_303645v030103p.pdf,high,mlx-community/Qwen3.6-27B-8bit,2026-09-07,active,,
ETSI-EN-303645,ETSI EN 303 645 V3.1.3 — Cyber Security for Consumer IoT: Baseline Requirements,Compliance Frameworks,Standard,lifecycle,3,keys,Securely store sensitive security parameters such as cryptographic keys within the device.,Securely store sensitive security parameters. The device shall securely store sensitive security parameters.,Section 5.5,https://www.etsi.org/deliver/etsi_en/303600_303699/303645/03.01.03_60/en_303645v030103p.pdf,high,mlx-community/Qwen3.6-27B-8bit,2026-09-07,active,,
ETSI-EN-303645,ETSI EN 303 645 V3.1.3 — Cyber Security for Consumer IoT: Baseline Requirements,Compliance Frameworks,Standard,assurance,3,software,Verify the integrity of software components to ensure they have not been tampered with.,Ensure software integrity. The device shall ensure the integrity of its software components.,Section 5.8,https://www.etsi.org/deliver/etsi_en/303600_303699/303645/03.01.03_60/en_303645v030103p.pdf,high,mlx-community/Qwen3.6-27B-8bit,2026-09-07,active,,
ETSI-EN-303645,ETSI EN 303 645 V3.1.3 — Cyber Security for Consumer IoT: Baseline Requirements,Compliance Frameworks,Standard,observability,2,all,Examine system telemetry data to detect security-relevant events and anomalies.,Examine system telemetry data. The device shall examine system telemetry data to detect security-relevant events.,Section 5.11,https://www.etsi.org/deliver/etsi_en/303600_303699/303645/03.01.03_60/en_303645v030103p.pdf,medium,mlx-community/Qwen3.6-27B-8bit,2026-09-07,active,,
ZA-POPIA-TEXT,"South Africa Protection of Personal Information Act (POPIA, Act 4 of 2013)",Compliance Frameworks,Regulation,governance,2,all,Designate an Information Officer responsible for ensuring compliance with security safeguards and data protection conditions.,55 Duties and responsibilities of Information Officer... 8 Responsible party to ensure conditions for lawful processing,"Section 55, Section 8",https://www.justice.gov.za/legislation/acts/2013-004.pdf,high,mlx-community/Qwen3.6-27B-8bit,2026-09-07,active,,
ZA-POPIA-TEXT,"South Africa Protection of Personal Information Act (POPIA, Act 4 of 2013)",Compliance Frameworks,Regulation,governance,2,all,Implement appropriate security measures to safeguard the integrity and confidentiality of personal information against unauthorized access.,21 Security measures on integrity and confidentiality of personal information... Reasonable and appropriate technical and organisational measures,Section 21,https://www.justice.gov.za/legislation/acts/2013-004.pdf,high,mlx-community/Qwen3.6-27B-8bit,2026-09-07,active,,
ZA-POPIA-TEXT,"South Africa Protection of Personal Information Act (POPIA, Act 4 of 2013)",Compliance Frameworks,Regulation,governance,2,all,Notify the Information Regulator and data subjects without unreasonable delay upon becoming aware of a security compromise.,22 Notification of security compromises... Responsible party must notify the Regulator and the data subject without unreasonable delay,Section 22,https://www.justice.gov.za/legislation/acts/2013-004.pdf,high,mlx-community/Qwen3.6-27B-8bit,2026-09-07,active,,
ZA-POPIA-TEXT,"South Africa Protection of Personal Information Act (POPIA, Act 4 of 2013)",Compliance Frameworks,Regulation,lifecycle,2,all,Retain personal information only for as long as necessary to fulfill the purpose for which it was collected or processed.,14 Retention and restriction of records... Personal information must be retained for no longer than is required for the fulfilment of the purpose,Section 14,https://www.justice.gov.za/legislation/acts/2013-004.pdf,high,mlx-community/Qwen3.6-27B-8bit,2026-09-07,active,,
ZA-POPIA-TEXT,"South Africa Protection of Personal Information Act (POPIA, Act 4 of 2013)",Compliance Frameworks,Regulation,assurance,2,all,Submit to assessments by the Information Regulator to verify compliance with the Act's conditions for lawful processing.,89 Assessment... The Regulator may assess the compliance of a responsible party with the conditions for lawful processing,Section 89,https://www.justice.gov.za/legislation/acts/2013-004.pdf,high,mlx-community/Qwen3.6-27B-8bit,2026-09-07,active,,
NIS2-DIRECTIVE-2022-2555,Network and Information Security Directive 2 (NIS2),Compliance Frameworks,Regulation,governance,3,all,"Implement cybersecurity risk-management measures including incident handling, supply chain security, and cryptography to ensure a high common level of security.",Member States shall ensure that entities falling within the scope of this Directive take appropriate and proportionate technical and organisational security measures to manage the risks posed to their network and information systems.,Recital 15 / Article 21,https://eur-lex.europa.eu/legal-content/EN/TXT/PDF/?uri=CELEX:32022L2555,high,mlx-community/Qwen3.6-27B-8bit,2026-09-07,active,,
NIS2-DIRECTIVE-2022-2555,Network and Information Security Directive 2 (NIS2),Compliance Frameworks,Regulation,governance,3,all,Establish clear accountability where senior management is held personally liable for non-compliance with cybersecurity risk-management obligations.,Member States shall ensure that the senior management of entities falling within the scope of this Directive is held responsible for the compliance with the obligations laid down in this Directive.,Recital 15 / Article 28,https://eur-lex.europa.eu/legal-content/EN/TXT/PDF/?uri=CELEX:32022L2555,high,mlx-community/Qwen3.6-27B-8bit,2026-09-07,active,,
NIS2-DIRECTIVE-2022-2555,Network and Information Security Directive 2 (NIS2),Compliance Frameworks,Regulation,assurance,3,all,Submit to regular audits and assessments by competent authorities to verify compliance with cybersecurity risk-management measures.,Member States shall ensure that competent authorities carry out regular audits and assessments of the implementation of the cybersecurity risk-management measures by entities falling within the scope of this Directive.,Recital 15 / Article 27,https://eur-lex.europa.eu/legal-content/EN/TXT/PDF/?uri=CELEX:32022L2555,high,mlx-community/Qwen3.6-27B-8bit,2026-09-07,active,,
NZISM-V3-9,New Zealand Information Security Manual (NZISM) v3.9 — November 2025,Compliance Frameworks,Standard,governance,2,all,Designate an Accreditation Authority (Agency Head or delegate) accountable for ICT risks and information security of all systems and services.,The Agency Head is generally the Accreditation Authority... The Agency Head remains accountable for ICT risks accepted and the information security of their agency.,1.1.13-1.1.14,https://nzism.gcsb.govt.nz/,high,mlx-community/Qwen3.6-27B-8bit,2026-09-07,active,,
NZISM-V3-9,New Zealand Information Security Manual (NZISM) v3.9 — November 2025,Compliance Frameworks,Standard,governance,2,all,"Establish a formal Certification and Accreditation process to derive assurance over system design, implementation, and management.",Certification and accreditation of information systems is the fundamental governance process by which the risk owners and agency head derive assurance...,1.1.18,https://nzism.gcsb.govt.nz/,high,mlx-community/Qwen3.6-27B-8bit,2026-09-07,active,,
NZISM-V3-9,New Zealand Information Security Manual (NZISM) v3.9 — November 2025,Compliance Frameworks,Standard,governance,2,all,"Formally record non-use of recommended controls, select compensating controls, and have residual risk signed off by the Accreditation Authority.","Non-use of controls is formally recorded, compensating controls selected as required and residual risk acknowledged to be within the agency’s risk appetite and formally agreed and signed off by the Accreditation Authority.",1.1.25,https://nzism.gcsb.govt.nz/,high,mlx-community/Qwen3.6-27B-8bit,2026-09-07,active,,
NZISM-V3-9,New Zealand Information Security Manual (NZISM) v3.9 — November 2025,Compliance Frameworks,Standard,governance,2,all,"Grant waivers or exceptions only when compliance is not practically possible, ensuring risk is managed and conditions are met within specified timeframes.",A waiver is granted by the Accreditation Authority on the basis that full compliance... is achieved or compensating controls are implemented within a time specified... An exception is the formal acknowledgement that a requirement... cannot be met.,1.1.23-1.1.24,https://nzism.gcsb.govt.nz/,high,mlx-community/Qwen3.6-27B-8bit,2026-09-07,active,,
NZISM-V3-9,New Zealand Information Security Manual (NZISM) v3.9 — November 2025,Compliance Frameworks,Standard,governance,2,all,Assign the Director-General of GCSB as the Accreditation Authority for systems processing NZEO or compartmented national security information.,"For agencies with systems that process, store or communicate NZEO or information compartmented for national security reasons, the Director-General of the GCSB is the Accreditation Authority...",1.1.17,https://nzism.gcsb.govt.nz/,high,mlx-community/Qwen3.6-27B-8bit,2026-09-07,active,,
FIPS 205,Stateless Hash-Based Digital Signature Standard (SLH-DSA),Technical Standards,Digital Signature,governance,2,keys,Assign a responsible authority to ensure the overall implementation provides an acceptable level of security.,The responsible authority in each agency or department shall ensure that an overall implementation provides an acceptable level of security.,Announcement Section 14,https://nvlpubs.nist.gov/nistpubs/FIPS/NIST.FIPS.205.pdf,high,mlx-community/Qwen3.6-27B-8bit,2026-09-07,active,,
FIPS 205,Stateless Hash-Based Digital Signature Standard (SLH-DSA),Technical Standards,Digital Signature,governance,2,keys,Prohibit the use of digital signature key pairs for purposes other than digital signatures.,Agencies are advised that digital signature key pairs shall not be used for other purposes.,Announcement Section 8,https://nvlpubs.nist.gov/nistpubs/FIPS/NIST.FIPS.205.pdf,high,mlx-community/Qwen3.6-27B-8bit,2026-09-07,active,,
FIPS 205,Stateless Hash-Based Digital Signature Standard (SLH-DSA),Technical Standards,Digital Signature,assurance,3,software,Ensure cryptographic modules implementing this standard are validated for conformance via the NIST validation program.,NIST will develop a validation program to test implementations for conformance to the algorithms in this standard.,Announcement Section 8,https://nvlpubs.nist.gov/nistpubs/FIPS/NIST.FIPS.205.pdf,high,mlx-community/Qwen3.6-27B-8bit,2026-09-07,active,,
FIPS 205,Stateless Hash-Based Digital Signature Standard (SLH-DSA),Technical Standards,Digital Signature,assurance,3,software,Employ only cryptographic algorithms approved for protecting Federal Government-sensitive information in implementations.,Digital signature implementations that comply with this standard shall employ cryptographic algorithms that have been approved for protecting Federal Government-sensitive information.,Announcement Section 9,https://nvlpubs.nist.gov/nistpubs/FIPS/NIST.FIPS.205.pdf,high,mlx-community/Qwen3.6-27B-8bit,2026-09-07,active,,
FIPS 205,Stateless Hash-Based Digital Signature Standard (SLH-DSA),Technical Standards,Digital Signature,governance,2,keys,Guard against the disclosure of private keys to maintain the security of the digital signature system.,"Signatories shall, therefore, guard against the disclosure of their private keys.",Announcement Section 14,https://nvlpubs.nist.gov/nistpubs/FIPS/NIST.FIPS.205.pdf,high,mlx-community/Qwen3.6-27B-8bit,2026-09-07,active,,
FIPS 186-5,Digital Signature Standard (DSS),Technical Standards,Digital Signature,governance,2,all,Designate a responsible authority to ensure the overall implementation provides an acceptable level of security.,The responsible authority in each agency or department shall ensure that an overall implementation provides an acceptable level of security.,Section 14. Qualifications,https://csrc.nist.gov/pubs/fips/186-5/final,high,mlx-community/Qwen3.6-27B-8bit,2026-09-07,active,,
FIPS 186-5,Digital Signature Standard (DSS),Technical Standards,Digital Signature,assurance,3,software,Use only cryptographic modules and algorithms approved for protecting Federal Government-sensitive information.,Digital signature implementations that comply with this standard shall employ cryptographic algorithms... that have been approved for protecting Federal Government-sensitive information.,Section 9. Other Approved Security Functions,https://csrc.nist.gov/pubs/fips/186-5/final,high,mlx-community/Qwen3.6-27B-8bit,2026-09-07,active,,
FIPS 186-5,Digital Signature Standard (DSS),Technical Standards,Digital Signature,assurance,3,software,Ensure any module implementing digital signature capability is designed and built in a secure manner.,It is the responsibility of an implementer to ensure that any module that implements a digital signature capability is designed and built in a secure manner.,Section 14. Qualifications,https://csrc.nist.gov/pubs/fips/186-5/final,high,mlx-community/Qwen3.6-27B-8bit,2026-09-07,active,,
FIPS 186-5,Digital Signature Standard (DSS),Technical Standards,Digital Signature,lifecycle,2,keys,Guard against the disclosure of private keys to maintain the security of the digital signature system.,"Signatories shall, therefore, guard against the disclosure of their private keys.",Section 14. Qualifications,https://csrc.nist.gov/pubs/fips/186-5/final,high,mlx-community/Qwen3.6-27B-8bit,2026-09-07,active,,
FIPS 186-5,Digital Signature Standard (DSS),Technical Standards,Digital Signature,governance,2,keys,Restrict digital signature key pairs from being used for other purposes.,Agencies are advised that digital signature key pairs shall not be used for other purposes.,Section 8. Implementations,https://csrc.nist.gov/pubs/fips/186-5/final,high,mlx-community/Qwen3.6-27B-8bit,2026-09-07,active,,
draft-ietf-tls-mlkem-07,ML-KEM Post-Quantum Key Agreement for TLS 1.3,Technical Standards,Protocols,governance,2,all,"Evaluate specific security, performance, and operational constraints to decide between standalone ML-KEM or hybrid construction deployment.","Implementers must evaluate their specific security, performance, and operational constraints when deciding whether to deploy standalone ML-KEM or a hybrid construction.",Section 5,https://datatracker.ietf.org/doc/draft-ietf-tls-mlkem/,high,mlx-community/Qwen3.6-27B-8bit,2026-09-07,active,,
draft-ietf-tls-mlkem-07,ML-KEM Post-Quantum Key Agreement for TLS 1.3,Technical Standards,Protocols,governance,2,all,Adhere to IETF guidance in the TLS Supported Groups registry regarding the recommended use of ML-KEM algorithms for general purposes.,The recommended column in the IANA TLS Supported Groups registry contains the IETF's current guidance on the recommended use of these algorithms for general purposes.,Section 5,https://datatracker.ietf.org/doc/draft-ietf-tls-mlkem/,high,mlx-community/Qwen3.6-27B-8bit,2026-09-07,active,,
draft-ietf-tls-mlkem-07,ML-KEM Post-Quantum Key Agreement for TLS 1.3,Technical Standards,Protocols,assurance,3,libraries,"Use implementations resistant to side-channel attacks, particularly those applicable by remote attackers, as per NIST SP 800-227 guidelines.","[NIST-SP-800-227] includes guidelines and requirements for implementations on using KEMs securely. Implementers are encouraged to use implementations resistant to side-channel attacks, especially those that can be applied by remote attackers.",Section 5,https://datatracker.ietf.org/doc/draft-ietf-tls-mlkem/,medium,mlx-community/Qwen3.6-27B-8bit,2026-09-07,active,,
draft-ietf-tls-mlkem-07,ML-KEM Post-Quantum Key Agreement for TLS 1.3,Technical Standards,Protocols,assurance,3,software,Follow RNG guidance from FIPS 203 and RFC 9846 to prevent disclosure of encapsulation randomness; consider RFC 8937 mechanisms for cross-session protection.,it is important to follow the RNG guidance in [FIPS203] and [RFC9846]. Implementers can choose to implement mechanisms from [RFC8937] for additional protection across sessions.,Section 5,https://datatracker.ietf.org/doc/draft-ietf-tls-mlkem/,high,mlx-community/Qwen3.6-27B-8bit,2026-09-07,active,,
ETSI-EN-319-411,ETSI EN 319 411-1 V1.5.1 (2025-04),Compliance Frameworks,International Frameworks,governance,3,certificates,"Maintain and publish a Certification Practice Statement (CPS) detailing operational procedures, security controls, and roles for certificate issuance and management.","The CPS shall describe the operational procedures and security controls... The CPS shall identify the roles and responsibilities of the CA, RA, and other participants.",Section 4.2 / 6.1,https://www.etsi.org/deliver/etsi_en/319400_319499/31941101/01.05.01_60/en_31941101v010501p.pdf,high,mlx-community/Qwen3.6-27B-8bit,2026-09-07,active,,
ETSI-EN-319-411,ETSI EN 319 411-1 V1.5.1 (2025-04),Compliance Frameworks,International Frameworks,governance,3,certificates,"Define and enforce a Certificate Policy (CP) that specifies the applicability of certificates, usage constraints, and compliance with relevant standards.",The CP shall specify the applicability of the certificates... The CP shall define the usage constraints... The CP shall ensure compliance with relevant standards.,Section 4.2.3,https://www.etsi.org/deliver/etsi_en/319400_319499/31941101/01.05.01_60/en_31941101v010501p.pdf,high,mlx-community/Qwen3.6-27B-8bit,2026-09-07,active,,
ETSI-EN-319-411,ETSI EN 319 411-1 V1.5.1 (2025-04),Compliance Frameworks,International Frameworks,governance,3,certificates,Establish clear identification and authentication procedures for subscribers and subjects before certificate issuance.,The TSP shall identify and authenticate the subscriber... The TSP shall verify the identity of the subject... before issuing a certificate.,Section 6.2,https://www.etsi.org/deliver/etsi_en/319400_319499/31941101/01.05.01_60/en_31941101v010501p.pdf,high,mlx-community/Qwen3.6-27B-8bit,2026-09-07,active,,
ETSI-EN-319-411,ETSI EN 319 411-1 V1.5.1 (2025-04),Compliance Frameworks,International Frameworks,lifecycle,3,certificates,"Implement defined processes for certificate application, processing, issuance, renewal, re-keying, modification, and revocation.",The TSP shall define procedures for certificate application... processing... issuance... renewal... re-keying... modification... and revocation.,Section 6.3,https://www.etsi.org/deliver/etsi_en/319400_319499/31941101/01.05.01_60/en_31941101v010501p.pdf,high,mlx-community/Qwen3.6-27B-8bit,2026-09-07,active,,
ETSI-EN-319-411,ETSI EN 319 411-1 V1.5.1 (2025-04),Compliance Frameworks,International Frameworks,lifecycle,3,keys,"Manage key pair generation, installation, protection, and changeover according to strict technical security controls.",The TSP shall generate key pairs... install them securely... protect private keys... and manage key changeover... according to technical security controls.,Section 6.5,https://www.etsi.org/deliver/etsi_en/319400_319499/31941101/01.05.01_60/en_31941101v010501p.pdf,high,mlx-community/Qwen3.6-27B-8bit,2026-09-07,active,,
ETSI-EN-319-411,ETSI EN 319 411-1 V1.5.1 (2025-04),Compliance Frameworks,International Frameworks,observability,3,certificates,Provide certificate status services (CRL/OCSP) to allow real-time verification of certificate validity and revocation status.,The TSP shall provide certificate status services... including CRL and OCSP... to allow verification of certificate validity and revocation status.,Section 6.3.10 / 6.8,https://www.etsi.org/deliver/etsi_en/319400_319499/31941101/01.05.01_60/en_31941101v010501p.pdf,high,mlx-community/Qwen3.6-27B-8bit,2026-09-07,active,,
ETSI-EN-319-411,ETSI EN 319 411-1 V1.5.1 (2025-04),Compliance Frameworks,International Frameworks,assurance,3,certificates,"Undergo regular compliance audits and assessments to verify adherence to the CPS, CP, and relevant standards.","The TSP shall undergo regular compliance audits... to verify adherence to the CPS, CP, and relevant standards.",Section 6.9,https://www.etsi.org/deliver/etsi_en/319400_319499/31941101/01.05.01_60/en_31941101v010501p.pdf,high,mlx-community/Qwen3.6-27B-8bit,2026-09-07,active,,
ETSI-EN-319-411,ETSI EN 319 411-1 V1.5.1 (2025-04),Compliance Frameworks,International Frameworks,observability,3,all,Maintain audit logs of all significant security events and certificate lifecycle operations for forensic analysis and accountability.,The TSP shall maintain audit logs... of all significant security events... and certificate lifecycle operations... for forensic analysis and accountability.,Section 6.4.4,https://www.etsi.org/deliver/etsi_en/319400_319499/31941101/01.05.01_60/en_31941101v010501p.pdf,high,mlx-community/Qwen3.6-27B-8bit,2026-09-07,active,,
ETSI-EN-319-411,ETSI EN 319 411-1 V1.5.1 (2025-04),Compliance Frameworks,International Frameworks,lifecycle,3,keys,"Implement key escrow and recovery procedures to ensure access to private keys in case of compromise or loss, while maintaining security.",The TSP shall implement key escrow and recovery procedures... to ensure access to private keys... in case of compromise or loss... while maintaining security.,Section 6.3.12,https://www.etsi.org/deliver/etsi_en/319400_319499/31941101/01.05.01_60/en_31941101v010501p.pdf,high,mlx-community/Qwen3.6-27B-8bit,2026-09-07,active,,
ETSI-EN-319-411,ETSI EN 319 411-1 V1.5.1 (2025-04),Compliance Frameworks,International Frameworks,governance,3,all,"Define and enforce physical, procedural, and personnel security controls to protect the trust service infrastructure.",The TSP shall define and enforce physical... procedural... and personnel security controls... to protect the trust service infrastructure.,Section 6.4,https://www.etsi.org/deliver/etsi_en/319400_319499/31941101/01.05.01_60/en_31941101v010501p.pdf,high,mlx-community/Qwen3.6-27B-8bit,2026-09-07,active,,
PQCC-Migration-Roadmap-2025,Post-Quantum Cryptography Coalition (PQCC) PQC Migration Roadmap,Compliance Frameworks,International Frameworks,governance,2,all,Appoint a designated migration lead or team responsible for monitoring and progressing the organization's PQC migration efforts.,"When your organization decides to begin its PQC migration timeline, it should appoint an individual or team (a “migration lead”) to monitor and progress its PQC migration.",Activity 1.2: Assign a Lead to Manage PQC Migration,https://pqcc.org/post-quantum-cryptography-migration-roadmap/,medium,mlx-community/Qwen3.6-27B-8bit,2026-09-07,active,,
PQCC-Migration-Roadmap-2025,Post-Quantum Cryptography Coalition (PQCC) PQC Migration Roadmap,Compliance Frameworks,International Frameworks,governance,2,all,"Define the specific role, responsibilities, and expected outcomes for the appointed PQC migration lead.",Activity 1.2 Outcomes: Organization defines the role and outcomes expected from its migration lead.,Activity 1.2: Assign a Lead to Manage PQC Migration,https://pqcc.org/post-quantum-cryptography-migration-roadmap/,medium,mlx-community/Qwen3.6-27B-8bit,2026-09-07,active,,
PQCC-Migration-Roadmap-2025,Post-Quantum Cryptography Coalition (PQCC) PQC Migration Roadmap,Compliance Frameworks,International Frameworks,governance,2,all,Identify key stakeholders and develop a strategic communications plan to align leadership and stakeholders with PQC migration goals.,the migration lead should develop a communications plan specific to your organization which (1) identifies and aligns stakeholders and (2) communicates the process and need for PQC migration.,Activity 1.4: Identify Stakeholders and Develop Strategic Messaging,https://pqcc.org/post-quantum-cryptography-migration-roadmap/,medium,mlx-community/Qwen3.6-27B-8bit,2026-09-07,active,,
PQCC-Migration-Roadmap-2025,Post-Quantum Cryptography Coalition (PQCC) PQC Migration Roadmap,Compliance Frameworks,International Frameworks,inventory,2,all,"Evaluate and document existing inventories, risk assessments, and Cryptographic Bills of Materials (CBOMs) to establish a baseline understanding.","Your organization will want to check what inventories, risk assessments, and cryptographic bills of materials (CBOMs) it already has... document the location of the data and assets, who owns and operates them...",Activity 1.3: Identify Existing Inventory and Awareness,https://pqcc.org/post-quantum-cryptography-migration-roadmap/,medium,mlx-community/Qwen3.6-27B-8bit,2026-09-07,active,,
PQCC-Migration-Roadmap-2025,Post-Quantum Cryptography Coalition (PQCC) PQC Migration Roadmap,Compliance Frameworks,International Frameworks,inventory,2,all,"Build a comprehensive inventory of cryptographic assets, collecting and categorizing information on their location, ownership, and usage.",Activity 2.2: Build an Inventory for PQC Migration... Activity 2.2 b: Collect and Categorize Information on Cryptographic Assets,Category 2: Baseline Understanding,https://pqcc.org/post-quantum-cryptography-migration-roadmap/,medium,mlx-community/Qwen3.6-27B-8bit,2026-09-07,active,,
PQCC-Migration-Roadmap-2025,Post-Quantum Cryptography Coalition (PQCC) PQC Migration Roadmap,Compliance Frameworks,International Frameworks,inventory,2,all,"Prioritize critical assets for migration based on data sensitivity, shelf-life, and threat timelines.",Activity 2.3: Prioritize Critical Assets for Migration,Category 2: Baseline Understanding,https://pqcc.org/post-quantum-cryptography-migration-roadmap/,medium,mlx-community/Qwen3.6-27B-8bit,2026-09-07,active,,
PQCC-Migration-Roadmap-2025,Post-Quantum Cryptography Coalition (PQCC) PQC Migration Roadmap,Compliance Frameworks,International Frameworks,lifecycle,2,all,"Establish a migration plan and budget, identifying solutions through vendor engagement or internal development.",Activity 3.1: Set a Migration Plan and Budget... Activity 3.2: Identify Solutions,Category 3: Planning and Execution,https://pqcc.org/post-quantum-cryptography-migration-roadmap/,medium,mlx-community/Qwen3.6-27B-8bit,2026-09-07,active,,
PQCC-Migration-Roadmap-2025,Post-Quantum Cryptography Coalition (PQCC) PQC Migration Roadmap,Compliance Frameworks,International Frameworks,observability,2,all,Create measures to track PQC migration success and validate proper implementation against industry standards.,Activity 4.2: Create Measures to Track PQC Migration Success... Activity 4.1: Validate Proper Implementation,Category 4: Monitoring and Evaluation,https://pqcc.org/post-quantum-cryptography-migration-roadmap/,medium,mlx-community/Qwen3.6-27B-8bit,2026-09-07,active,,
PQCC-Migration-Roadmap-2025,Post-Quantum Cryptography Coalition (PQCC) PQC Migration Roadmap,Compliance Frameworks,International Frameworks,observability,2,all,Implement continuous monitoring and updating processes to reassess cryptographic security as quantum capabilities evolve.,Activity 4.4: Monitor and Update Continuously... formulates a process for reassessing cryptographic security as quantum capabilities evolve.,Category 4: Monitoring and Evaluation,https://pqcc.org/post-quantum-cryptography-migration-roadmap/,medium,mlx-community/Qwen3.6-27B-8bit,2026-09-07,active,,
UK-NCSC-PQC-Whitepaper-2024,NCSC White Paper — Next Steps in Preparing for Post-Quantum Cryptography,Compliance Frameworks,Government & Policy,governance,2,all,System and risk owners must begin financial planning for updating systems to use PQC.,Technical system and risk owners of both enterprise and bespoke IT should begin or continue financial planning for updating their systems to use PQC.,Implications of PQC migration for users and system owners,https://www.ncsc.gov.uk/whitepaper/next-steps-preparing-for-post-quantum-cryptography,medium,mlx-community/Qwen3.6-27B-8bit,2026-09-07,active,,
UK-NCSC-PQC-Whitepaper-2024,NCSC White Paper — Next Steps in Preparing for Post-Quantum Cryptography,Compliance Frameworks,Government & Policy,governance,2,software,Communicate with IT system suppliers regarding their plans for supporting PQC in products.,System owners of enterprise IT... should communicate with their IT system suppliers about their plans for supporting PQC in their products.,Implications of PQC migration for users and system owners,https://www.ncsc.gov.uk/whitepaper/next-steps-preparing-for-post-quantum-cryptography,medium,mlx-community/Qwen3.6-27B-8bit,2026-09-07,active,,
UK-NCSC-PQC-Whitepaper-2024,NCSC White Paper — Next Steps in Preparing for Post-Quantum Cryptography,Compliance Frameworks,Government & Policy,lifecycle,2,software,Ensure devices are updated to PQC when available by following guidance on keeping software up to date.,"To ensure devices are updated to PQC when it is available, system owners should ensure they follow the NCSC’s guidance on keeping devices and software up to date.",Implications of PQC migration for users and system owners,https://www.ncsc.gov.uk/whitepaper/next-steps-preparing-for-post-quantum-cryptography,medium,mlx-community/Qwen3.6-27B-8bit,2026-09-07,active,,
UK-NCSC-PQC-Whitepaper-2024,NCSC White Paper — Next Steps in Preparing for Post-Quantum Cryptography,Compliance Frameworks,Government & Policy,lifecycle,2,software,New IT must use PQC or be capable of being upgraded to PQC once robust implementations are available.,"As systems are updated in-service or replaced as they come to the end of their supported lifecycle, new IT should either use PQC or be capable of being upgraded to PQC once robust implementations based on final standards are available.",Implications of PQC migration for users and system owners,https://www.ncsc.gov.uk/whitepaper/next-steps-preparing-for-post-quantum-cryptography,medium,mlx-community/Qwen3.6-27B-8bit,2026-09-07,active,,
UK-NCSC-PQC-Whitepaper-2024,NCSC White Paper — Next Steps in Preparing for Post-Quantum Cryptography,Compliance Frameworks,Government & Policy,assurance,3,libraries,Operational systems must only use PQC based on robust implementations of final standards.,The NCSC recommends that operational systems only use PQC based on robust implementations of these final standards.,Towards PQC standardisation,https://www.ncsc.gov.uk/whitepaper/next-steps-preparing-for-post-quantum-cryptography,medium,mlx-community/Qwen3.6-27B-8bit,2026-09-07,active,,
UK-NCSC-PQC-Whitepaper-2024,NCSC White Paper — Next Steps in Preparing for Post-Quantum Cryptography,Compliance Frameworks,Government & Policy,assurance,3,software,"Operational systems must use protocol implementations based on RFCs, not Internet Drafts.","The NCSC strongly advises that operational systems should use protocol implementations based on RFCs, not on Internet Drafts.",Towards PQC standardisation,https://www.ncsc.gov.uk/whitepaper/next-steps-preparing-for-post-quantum-cryptography,medium,mlx-community/Qwen3.6-27B-8bit,2026-09-07,active,,
UK-NCSC-PQC-Whitepaper-2024,NCSC White Paper — Next Steps in Preparing for Post-Quantum Cryptography,Compliance Frameworks,Government & Policy,governance,2,keys,LMS and XMSS should only be used where state can be managed in a trusted manner for the key's lifetime.,LMS and XMSS should only be used in situations where it is possible to manage state in a trusted manner for the lifetime of the signing key.,Hash-based signatures,https://www.ncsc.gov.uk/whitepaper/next-steps-preparing-for-post-quantum-cryptography,medium,mlx-community/Qwen3.6-27B-8bit,2026-09-07,active,,
UK-NCSC-PQC-Whitepaper-2024,NCSC White Paper — Next Steps in Preparing for Post-Quantum Cryptography,Compliance Frameworks,Government & Policy,lifecycle,2,all,Use PQ/T hybrid schemes only as an interim measure within a framework enabling migration to PQC-only.,"If a PQ/T hybrid scheme is chosen, the NCSC recommends it is used as an interim measure, and it should be used within a flexible framework that enables a straightforward migration to PQC-only in the future.",Recommendations on PQ/T hybrid schemes,https://www.ncsc.gov.uk/whitepaper/next-steps-preparing-for-post-quantum-cryptography,medium,mlx-community/Qwen3.6-27B-8bit,2026-09-07,active,,
UK-NCSC-Migration-Timelines-2025,NCSC PQC Migration Timelines Guidance,Compliance Frameworks,Government & Policy,inventory,2,all,Carry out a full discovery exercise to assess the estate and identify services and infrastructure depending on cryptography that need upgrading to PQC.,Carry out a full discovery exercise (assessing your estate to understand which services and infrastructure that depend on cryptography need to be upgraded to PQC),Executive summary / By 2028,https://www.ncsc.gov.uk/guidance/pqc-migration-timelines,high,mlx-community/Qwen3.6-27B-8bit,2026-09-07,active,,
UK-NCSC-Migration-Timelines-2025,NCSC PQC Migration Timelines Guidance,Compliance Frameworks,Government & Policy,inventory,2,all,"Build a clear understanding of the current estate, including key services, data records, protection methods, and system mappings.",Any technical system migration needs to start with building a clear understanding of your current estate. This includes: identifying your key services and applications... forming a record of the data you hold... identifying how data is protected,Discovery and assessment,https://www.ncsc.gov.uk/guidance/pqc-migration-timelines,high,mlx-community/Qwen3.6-27B-8bit,2026-09-07,active,,
UK-NCSC-Migration-Timelines-2025,NCSC PQC Migration Timelines Guidance,Compliance Frameworks,Government & Policy,inventory,2,all,"Ensure processes exist for identifying and managing assets (software and hardware) effectively, including version information and patch levels.",ensure you have processes for identifying and managing your assets – software and hardware – effectively... capture version information and patch levels,Discovery and assessment,https://www.ncsc.gov.uk/guidance/pqc-migration-timelines,high,mlx-community/Qwen3.6-27B-8bit,2026-09-07,active,,
UK-NCSC-Migration-Timelines-2025,NCSC PQC Migration Timelines Guidance,Compliance Frameworks,Government & Policy,inventory,2,all,Identify dependencies between components of systems and services to determine migration complexity and provider responsibilities.,You should also identify dependencies between components of your systems and services. This should enable you to identify where the migration challenge will be reasonably simple to solve,Discovery and assessment,https://www.ncsc.gov.uk/guidance/pqc-migration-timelines,high,mlx-community/Qwen3.6-27B-8bit,2026-09-07,active,,
UK-NCSC-Migration-Timelines-2025,NCSC PQC Migration Timelines Guidance,Compliance Frameworks,Government & Policy,governance,2,all,"Define migration goals and build an initial plan for migration by 2028, considering sector-specific risks and regulatory requirements.","By 2028 Define your migration goals... Build an initial plan for migration... You will have sector- and business-specific risks and drivers that will influence these, and in many cases you will need to meet regulatory requirements.",Executive summary / Defining migration goals,https://www.ncsc.gov.uk/guidance/pqc-migration-timelines,high,mlx-community/Qwen3.6-27B-8bit,2026-09-07,active,,
UK-NCSC-Migration-Timelines-2025,NCSC PQC Migration Timelines Guidance,Compliance Frameworks,Government & Policy,governance,2,all,Refine the migration plan into a thorough roadmap for completing migration by 2031.,By 2031... Refine your plan so that you have a thorough roadmap for completing migration,Executive summary,https://www.ncsc.gov.uk/guidance/pqc-migration-timelines,high,mlx-community/Qwen3.6-27B-8bit,2026-09-07,active,,
UK-NCSC-Migration-Timelines-2025,NCSC PQC Migration Timelines Guidance,Compliance Frameworks,Government & Policy,lifecycle,2,all,"Complete migration to PQC of all systems, services, and products by 2035.","By 2035 Complete migration to PQC of all your systems, services and products",Executive summary,https://www.ncsc.gov.uk/guidance/pqc-migration-timelines,high,mlx-community/Qwen3.6-27B-8bit,2026-09-07,active,,
UK-NCSC-Migration-Timelines-2025,NCSC PQC Migration Timelines Guidance,Compliance Frameworks,Government & Policy,lifecycle,2,all,"Develop a migration plan with timelines for each step, including research, procurement, testing, and rollout, accounting for business continuity.","Your migration plan should include timelines for each of these. The steps could include researching available technology options, procurement, commissioning, testing... Your plan should also account for business continuity",Developing your migration plan,https://www.ncsc.gov.uk/guidance/pqc-migration-timelines,high,mlx-community/Qwen3.6-27B-8bit,2026-09-07,active,,
UK-NCSC-Migration-Timelines-2025,NCSC PQC Migration Timelines Guidance,Compliance Frameworks,Government & Policy,lifecycle,2,all,"Select a migration strategy (in-place, re-platform, retire, run until EOL, or tolerate risk) for each system, service, or product.","You will need to decide on an approach for the migration of each system, service or product that you are responsible for... In-place migration... Re-platform... Retire the service... Run until end-of-life... Tolerate the risk",Migration strategy selection,https://www.ncsc.gov.uk/guidance/pqc-migration-timelines,high,mlx-community/Qwen3.6-27B-8bit,2026-09-07,active,,
UK-NCSC-Migration-Timelines-2025,NCSC PQC Migration Timelines Guidance,Compliance Frameworks,Government & Policy,lifecycle,2,all,"Ensure cryptographic agility to support co-existence of traditional PKC and PQC during migration, and define criteria for ending support for traditional algorithms.",You should therefore seek solutions that offer cryptographic agility... and you should identify the criteria you will use to determine when to end support for the traditional algorithms.,Developing your migration plan,https://www.ncsc.gov.uk/guidance/pqc-migration-timelines,high,mlx-community/Qwen3.6-27B-8bit,2026-09-07,active,,
UK-NCSC-Migration-Timelines-2025,NCSC PQC Migration Timelines Guidance,Compliance Frameworks,Government & Policy,governance,2,all,"Ensure managed service providers carry out assessment activities for all services they provide, as they likely deliver most IT capability.","For many organisations, managed service providers are likely to deliver most of your IT capability, in which case it is important to ensure that they are also carrying out these assessment activities for all the services that they provide.",Discovery and assessment,https://www.ncsc.gov.uk/guidance/pqc-migration-timelines,high,mlx-community/Qwen3.6-27B-8bit,2026-09-07,active,,
UK-NCSC-Migration-Timelines-2025,NCSC PQC Migration Timelines Guidance,Compliance Frameworks,Government & Policy,lifecycle,2,certificates,"Assess security implications of enterprise PKI migration approaches on a case-by-case basis, considering parallel PKI or cross-signing models.","You will need to assess the security implications of your chosen approach on a case-by-case basis... The simplest is a new parallel enterprise PKI... Alternatively, you may wish to consider the introduction of a new PQC root-of-trust that cross-signs the old one",PQC migration for enterprise PKI,https://www.ncsc.gov.uk/guidance/pqc-migration-timelines,high,mlx-community/Qwen3.6-27B-8bit,2026-09-07,active,,
IN-TEC-PQC-Migration-Report-2025,India TEC Technical Report TEC 910018:2025 — Migration to Post-Quantum Cryptography,Compliance Frameworks,Government & Policy,governance,2,all,"Identify critical digital infrastructure, data, and applications affected by quantum threats to enable proactive investment and migration planning.",The purpose of the report is to sensitize the organizations to identify their critical digital infrastructures including data and applications which will be affected due to sudden deployment of cryptographically relevant quantum computers... and create sufficient executive awareness so as to pave way for proactive investments,Executive Summary,https://www.tec.gov.in/pdf/TR/Final%20technical%20report%20on%20migration%20to%20PQC%2028-03-25.pdf,medium,mlx-community/Qwen3.6-27B-8bit,2026-09-07,active,,
IN-TEC-PQC-Migration-Report-2025,India TEC Technical Report TEC 910018:2025 — Migration to Post-Quantum Cryptography,Compliance Frameworks,Government & Policy,governance,2,all,Conduct risk assessments to evaluate quantum readiness and define post-quantum requirements for vendors and OEMs.,4.1.3 Risk Assessment ... 4.3.2 Conduct a Risk Assessment ... 4.3.3 Define Post Quantum Requirements,Table of Contents / Chapter 4,https://www.tec.gov.in/pdf/TR/Final%20technical%20report%20on%20migration%20to%20PQC%2028-03-25.pdf,medium,mlx-community/Qwen3.6-27B-8bit,2026-09-07,active,,
IN-TEC-PQC-Migration-Report-2025,India TEC Technical Report TEC 910018:2025 — Migration to Post-Quantum Cryptography,Compliance Frameworks,Government & Policy,inventory,2,all,"Identify critical digital infrastructure, data, and applications that will be affected by the deployment of cryptographically relevant quantum computers.",sensitize the organizations to identify their critical digital infrastructures including data and applications which will be affected due to sudden deployment of cryptographically relevant quantum computers,Executive Summary,https://www.tec.gov.in/pdf/TR/Final%20technical%20report%20on%20migration%20to%20PQC%2028-03-25.pdf,medium,mlx-community/Qwen3.6-27B-8bit,2026-09-07,active,,
IN-TEC-PQC-Migration-Report-2025,India TEC Technical Report TEC 910018:2025 — Migration to Post-Quantum Cryptography,Compliance Frameworks,Government & Policy,lifecycle,2,all,Prepare a migration plan to transition from current cryptographic standards to quantum-safe cryptography before quantum computers break existing encryption.,there is an immediate and urgent need for organizations to prepare for dealing with the quantum threat by identifying their critical digital infrastructure... and be ready for a smooth transition to quantum safe cryptography,Executive Summary,https://www.tec.gov.in/pdf/TR/Final%20technical%20report%20on%20migration%20to%20PQC%2028-03-25.pdf,medium,mlx-community/Qwen3.6-27B-8bit,2026-09-07,active,,
IN-TEC-PQC-Migration-Report-2025,India TEC Technical Report TEC 910018:2025 — Migration to Post-Quantum Cryptography,Compliance Frameworks,Government & Policy,lifecycle,2,all,Implement hybrid solutions during migration to mitigate short-term risks and ensure trust management while transitioning to PQC.,3.4 Trust management during migration _Hybrid Solution approach ... 4.3.8. Mitigate Short-Term Risks with Hybrid Solutions,Table of Contents / Chapter 3 & 4,https://www.tec.gov.in/pdf/TR/Final%20technical%20report%20on%20migration%20to%20PQC%2028-03-25.pdf,medium,mlx-community/Qwen3.6-27B-8bit,2026-09-07,active,,
IN-TEC-PQC-Migration-Report-2025,India TEC Technical Report TEC 910018:2025 — Migration to Post-Quantum Cryptography,Compliance Frameworks,Government & Policy,assurance,2,all,"Validate PQC implementation through proof of concept, pilots, and testing to ensure effectiveness against quantum threats.",4.1.4 Validation ... 4.3.6 Request Proof of Concept (PoC) or Pilots ... 4.3.10. Test and Validate the Implementation,Table of Contents / Chapter 4,https://www.tec.gov.in/pdf/TR/Final%20technical%20report%20on%20migration%20to%20PQC%2028-03-25.pdf,medium,mlx-community/Qwen3.6-27B-8bit,2026-09-07,active,,
DoD-CIO-PQC-Memo-2025,DoD CIO Memorandum — Preparing for Migration to Post Quantum Cryptography,Compliance Frameworks,Government & Policy,governance,3,all,"Identify and report PQC migration leads for every Component and subordinate organization within 20 days, maintaining annual updated lists.",contact information for PQC migration leads in each subordinate organization... must be collected... within 20 days... Each DoW Component will maintain lists... and provide an updated list... annually.,"Page 1, Paragraph 3",https://dodcio.defense.gov/Portals/0/Documents/Library/PreparingForMigrationPQC.pdf,high,mlx-community/Qwen3.6-27B-8bit,2026-09-07,active,,
DoD-CIO-PQC-Memo-2025,DoD CIO Memorandum — Preparing for Migration to Post Quantum Cryptography,Compliance Frameworks,Government & Policy,governance,3,all,"Submit test plans, results, and risk mitigations to DoD CIO PQC Directorate immediately for review before any PQC engagement or acquisition.","DoW Components... must submit relevant artifacts (i.e., test plans, test results, acquisition artifacts, risk mitigations, etc.) to my office immediately.","Page 1, Paragraph 4",https://dodcio.defense.gov/Portals/0/Documents/Library/PreparingForMigrationPQC.pdf,high,mlx-community/Qwen3.6-27B-8bit,2026-09-07,active,,
DoD-CIO-PQC-Memo-2025,DoD CIO Memorandum — Preparing for Migration to Post Quantum Cryptography,Compliance Frameworks,Government & Policy,governance,3,all,"Obtain cryptographic intake approval from DoD CIO PQC Director before testing, evaluating, piloting, or acquiring any PQC-related technology.","Obtain cryptographic intake approval, as issued by Director, DoW CIO PQC, before testing, evaluating, piloting, investing in, using, or acquire any PQC-enabling or PQC-related technology","Attachment, Section 1d",https://dodcio.defense.gov/Portals/0/Documents/Library/PreparingForMigrationPQC.pdf,high,mlx-community/Qwen3.6-27B-8bit,2026-09-07,active,,
DoD-CIO-PQC-Memo-2025,DoD CIO Memorandum — Preparing for Migration to Post Quantum Cryptography,Compliance Frameworks,Government & Policy,governance,3,all,Obtain cryptographic deployment approval from DoD CIO PQC Director before deploying any PQC-enabling or PQC-related technology.,"Obtain cryptographic deployment approval, as issued by Director, DoW CIO PQC... before deployment of any PQC-enabling or PQC-related technology","Attachment, Section 1e",https://dodcio.defense.gov/Portals/0/Documents/Library/PreparingForMigrationPQC.pdf,high,mlx-community/Qwen3.6-27B-8bit,2026-09-07,active,,
DoD-CIO-PQC-Memo-2025,DoD CIO Memorandum — Preparing for Migration to Post Quantum Cryptography,Compliance Frameworks,Government & Policy,governance,3,all,"Immediately cease tests, pilots, or use of PQC technology if security issues are identified by the DoD CIO PQC Director.","Cease tests, pilots, functional or performance evaluations, investment, acquisition, obligation, or use of the technology immediately if security issues are identified by the Director, DoW CIO PQC","Attachment, Section 1f",https://dodcio.defense.gov/Portals/0/Documents/Library/PreparingForMigrationPQC.pdf,high,mlx-community/Qwen3.6-27B-8bit,2026-09-07,active,,
DoD-CIO-PQC-Memo-2025,DoD CIO Memorandum — Preparing for Migration to Post Quantum Cryptography,Compliance Frameworks,Government & Policy,inventory,3,all,"Identify, inventory, and report all cryptography used in any DoD information system, regardless of classification, location, or type.","it is imperative to identify and inventory any type of cryptography used in all DoW information systems... DoW CIO will be releasing a DoW-wide task to identify, inventory, and report all cryptography","Page 1, Paragraph 2",https://dodcio.defense.gov/Portals/0/Documents/Library/PreparingForMigrationPQC.pdf,high,mlx-community/Qwen3.6-27B-8bit,2026-09-07,active,,
DoD-CIO-PQC-Memo-2025,DoD CIO Memorandum — Preparing for Migration to Post Quantum Cryptography,Compliance Frameworks,Government & Policy,lifecycle,3,keys,"Phase out and replace cryptographic pre-shared keys (PSK) not provisioned through NSA KMI with NIST-approved asymmetric PQC algorithms by Dec 31, 2030.","Use of cryptographic pre-shared keys (PSK)... will be phased out and replaced with solutions using NIST-approved... asymmetric PQC algorithms for key establishment no later than December 31, 2030","Attachment, Section 3a",https://dodcio.defense.gov/Portals/0/Documents/Library/PreparingForMigrationPQC.pdf,high,mlx-community/Qwen3.6-27B-8bit,2026-09-07,active,,
DoD-CIO-PQC-Memo-2025,DoD CIO Memorandum — Preparing for Migration to Post Quantum Cryptography,Compliance Frameworks,Government & Policy,lifecycle,3,keys,"Phase out and replace symmetric key establishment, agreement, and distribution protocols by Dec 31, 2030 (or 2031 for NSA CSfC registered solutions).","Symmetric key establishment protocols... shall be phased out and replaced no later than December 31, 2030 (or no later than December 31, 2031, for solutions currently registered with NSA CSfC)","Attachment, Section 3b",https://dodcio.defense.gov/Portals/0/Documents/Library/PreparingForMigrationPQC.pdf,high,mlx-community/Qwen3.6-27B-8bit,2026-09-07,active,,
DoD-CIO-PQC-Memo-2025,DoD CIO Memorandum — Preparing for Migration to Post Quantum Cryptography,Compliance Frameworks,Government & Policy,lifecycle,3,software,"Do not test, pilot, use, or procure commercial PSK-based solutions for quantum resistance effective immediately.","Additionally, DoW Components will not test, pilot, use, or procure commercial PSK-based solutions for quantum resistance effective immediately.","Attachment, Section 3a",https://dodcio.defense.gov/Portals/0/Documents/Library/PreparingForMigrationPQC.pdf,high,mlx-community/Qwen3.6-27B-8bit,2026-09-07,active,,
DoD-CIO-PQC-Memo-2025,DoD CIO Memorandum — Preparing for Migration to Post Quantum Cryptography,Compliance Frameworks,Government & Policy,lifecycle,3,software,"Do not test, pilot, use, or procure commercial symmetric key establishment, agreement, or distribution protocols for quantum resistance effective immediately.","Additionally, DoW Components will not test, pilot, use, or procure commercial solutions of this type... for quantum resistance effective immediately.","Attachment, Section 3b",https://dodcio.defense.gov/Portals/0/Documents/Library/PreparingForMigrationPQC.pdf,high,mlx-community/Qwen3.6-27B-8bit,2026-09-07,active,,
DoD-CIO-PQC-Memo-2025,DoD CIO Memorandum — Preparing for Migration to Post Quantum Cryptography,Compliance Frameworks,Government & Policy,assurance,3,all,"Do not use Quantum Confidentiality or Keying Technologies (e.g., QKD) for confidentiality, authenticity, or integrity unless an exception is granted.","DoW Components will not test, evaluate, pilot, use, or procure the following technologies... Quantum Confidentiality or Keying Technologies... shall not be used unless provided exception","Attachment, Section 2a",https://dodcio.defense.gov/Portals/0/Documents/Library/PreparingForMigrationPQC.pdf,high,mlx-community/Qwen3.6-27B-8bit,2026-09-07,active,,
GSA-PQC-Buyers-Guide-2025,GSA Post-Quantum Cryptography Buyer's Guide,Compliance Frameworks,Government & Policy,inventory,3,all,"Submit comprehensive, centralized inventory of CRQC-vulnerable systems, applications, databases, and cryptographic assets to ONCD and CISA via CyberScope.","NSM-10 required agencies to submit a comprehensive, centralized inventory of all systems, applications, databases, and other cryptographic assets that are CRQC-vulnerable to the Office of the National Cybersecurity Director (ONCD) and the Department of Homeland Security (DHS) Cybersecurity and Infrastructure Security Agency (CISA).",Section 6.1,https://buy.gsa.gov/api/system/files/documents/final-508c-pqc_buyer-s_guide_2025.pdf,high,mlx-community/Qwen3.6-27B-8bit,2026-09-07,active,,
GSA-PQC-Buyers-Guide-2025,GSA Post-Quantum Cryptography Buyer's Guide,Compliance Frameworks,Government & Policy,inventory,3,all,"Include in inventory high-impact systems, High Value Assets, systems with data sensitive until 2035, and asymmetric encryption-based access controls.","These initial inventories were due May 4, 2023 and expected to include all of the following... High impact information systems... High Value Assets (HVAs)... Contain data expected to remain mission-sensitive in 2035... logical access control systems based in asymmetric encryption",Section 6.1,https://buy.gsa.gov/api/system/files/documents/final-508c-pqc_buyer-s_guide_2025.pdf,high,mlx-community/Qwen3.6-27B-8bit,2026-09-07,active,,
GSA-PQC-Buyers-Guide-2025,GSA Post-Quantum Cryptography Buyer's Guide,Compliance Frameworks,Government & Policy,inventory,3,all,"Document lifecycle characteristics of data, including types, protection duration, and systems unable to migrate quickly to PQC.",agencies were asked to provide additional details: Lifecycle characteristics of the data contained in the system... Systems that may not be able to migrate to PQC as soon as possible,Section 6.1,https://buy.gsa.gov/api/system/files/documents/final-508c-pqc_buyer-s_guide_2025.pdf,high,mlx-community/Qwen3.6-27B-8bit,2026-09-07,active,,
GSA-PQC-Buyers-Guide-2025,GSA Post-Quantum Cryptography Buyer's Guide,Compliance Frameworks,Government & Policy,inventory,3,all,Submit annual updates of the cryptographic inventory and associated funding assessments for PQC migration.,Both the inventory and funding assessments are due annually following the initial submission.,Section 6.1,https://buy.gsa.gov/api/system/files/documents/final-508c-pqc_buyer-s_guide_2025.pdf,high,mlx-community/Qwen3.6-27B-8bit,2026-09-07,active,,
GSA-PQC-Buyers-Guide-2025,GSA Post-Quantum Cryptography Buyer's Guide,Compliance Frameworks,Government & Policy,lifecycle,2,all,Develop a timeline and plan to transition from quantum-vulnerable cryptography to quantum-resistant standards as mandated by NSM-10.,National Security Memorandum (NSM)-10... outlines requirements for agencies to assess all uses of vulnerable cryptography in unclassified systems and develop a timeline to transition to quantum-resistant cryptography.,Section 5,https://buy.gsa.gov/api/system/files/documents/final-508c-pqc_buyer-s_guide_2025.pdf,high,mlx-community/Qwen3.6-27B-8bit,2026-09-07,active,,
GSA-PQC-Buyers-Guide-2025,GSA Post-Quantum Cryptography Buyer's Guide,Compliance Frameworks,Government & Policy,lifecycle,2,all,"Develop new standards, tools, and best practices for complying with PQC criteria, including evaluation of software security and supplier practices.","agencies must develop new standards, tools, and best practices for complying with criteria for PQC standards and procedures for cybersecurity... include criteria used to evaluate software security, evaluate security practices of the developers and suppliers",Section 5,https://buy.gsa.gov/api/system/files/documents/final-508c-pqc_buyer-s_guide_2025.pdf,high,mlx-community/Qwen3.6-27B-8bit,2026-09-07,active,,
GSA-PQC-Buyers-Guide-2025,GSA Post-Quantum Cryptography Buyer's Guide,Compliance Frameworks,Government & Policy,assurance,2,all,Identify tools or methods to demonstrate conformance with secure encryption practices and PQC standards.,identify tools or methods to demonstrate conformance with secure encryption practices.,Section 5,https://buy.gsa.gov/api/system/files/documents/final-508c-pqc_buyer-s_guide_2025.pdf,high,mlx-community/Qwen3.6-27B-8bit,2026-09-07,active,,
draft-sfluhrer-ssh-mldsa,SSH Support of ML-DSA,Technical Standards,Migration Guidance,lifecycle,2,libraries,"Implement hedged mode for ML-DSA signature generation to mitigate side-channel attacks, as recommended for interoperable implementations.","We recommend that implementations use hedged mode, as it blocks certain side channel attacks. However, as both are interoperable, we do not place any requirement on which is used within this protocol.",Section 1.1,https://www.ietf.org/archive/id/draft-sfluhrer-ssh-mldsa-06.html,medium,mlx-community/Qwen3.6-27B-8bit,2026-09-07,active,,
draft-sfluhrer-ssh-mldsa,SSH Support of ML-DSA,Technical Standards,Migration Guidance,assurance,2,software,Continuously re-evaluate cryptographic algorithms and parameters to ensure they continue to provide the expected level of security against evolving threats.,Implementers and users need to continously re-evaluate that cryptographic algorithms continue to provide the expected level of security.,Section 10,https://www.ietf.org/archive/id/draft-sfluhrer-ssh-mldsa-06.html,medium,mlx-community/Qwen3.6-27B-8bit,2026-09-07,active,,
BIP-39,BIP-39: Mnemonic Code for Generating Deterministic Keys,Technical Standards,Industry & Research,assurance,3,software,Compute checksum for mnemonic sentence using wordlist and issue warning if invalid.,software must compute a checksum for the mnemonic sentence using a wordlist and issue a warning if it is invalid.,From mnemonic to seed,https://raw.githubusercontent.com/bitcoin/bips/master/bip-0039.mediawiki,high,mlx-community/Qwen3.6-27B-8bit,2026-09-07,active,,
BIP-39,BIP-39: Mnemonic Code for Generating Deterministic Keys,Technical Standards,Industry & Research,assurance,2,keys,Discourage use of non-English wordlists for generating mnemonic sentences.,it is '''strongly discouraged''' to use non-English wordlists for generating the mnemonic sentences.,Wordlists,https://raw.githubusercontent.com/bitcoin/bips/master/bip-0039.mediawiki,medium,mlx-community/Qwen3.6-27B-8bit,2026-09-07,active,,
BIP-44,BIP-44: Multi-Account Hierarchy for Deterministic Wallets,Technical Standards,Industry & Research,inventory,3,keys,Prevent creation of new accounts if the previous account lacks transaction history to ensure sequential key usage.,Software should prevent a creation of an account if a previous account does not have a transaction history (meaning none of its addresses have been used before).,Account,https://raw.githubusercontent.com/bitcoin/bips/master/bip-0044.mediawiki,medium,mlx-community/Qwen3.6-27B-8bit,2026-09-07,active,,
BIP-44,BIP-44: Multi-Account Hierarchy for Deterministic Wallets,Technical Standards,Industry & Research,inventory,3,keys,Discover all used accounts by scanning external chains when importing a seed from an external source.,"Software needs to discover all used accounts after importing the seed from an external source. Such an algorithm is described in ""Account discovery"" chapter.",Account,https://raw.githubusercontent.com/bitcoin/bips/master/bip-0044.mediawiki,medium,mlx-community/Qwen3.6-27B-8bit,2026-09-07,active,,
BIP-44,BIP-44: Multi-Account Hierarchy for Deterministic Wallets,Technical Standards,Industry & Research,observability,3,keys,Warn users when attempting to generate a new address that would exceed the defined gap limit on an external chain.,Wallet software should warn when the user is trying to exceed the gap limit on an external chain by generating a new address.,Address gap limit,https://raw.githubusercontent.com/bitcoin/bips/master/bip-0044.mediawiki,medium,mlx-community/Qwen3.6-27B-8bit,2026-09-07,active,,
Ethereum-EIP4337-AA,EIP-4337: Account Abstraction Using Alt Mempool,Technical Standards,Industry & Research,assurance,3,software,Smart Contract Accounts must validate that the caller is a trusted EntryPoint contract before processing operations.,The Smart Contract Account: MUST validate the caller is a trusted EntryPoint,Smart Contract Account Interface,https://eips.ethereum.org/EIPS/eip-4337,high,mlx-community/Qwen3.6-27B-8bit,2026-09-07,active,,
Ethereum-EIP4337-AA,EIP-4337: Account Abstraction Using Alt Mempool,Technical Standards,Industry & Research,assurance,3,software,Smart Contract Accounts must validate that the signature is a valid signature of the userOpHash.,MUST validate that the signature is a valid signature of the userOpHash,Smart Contract Account Interface,https://eips.ethereum.org/EIPS/eip-4337,high,mlx-community/Qwen3.6-27B-8bit,2026-09-07,active,,
Ethereum-EIP4337-AA,EIP-4337: Account Abstraction Using Alt Mempool,Technical Standards,Industry & Research,assurance,3,software,UserOperation signatures must depend on chainid and the EntryPoint address to prevent replay attacks.,To prevent replay attacks... the signature MUST depend on chainid and the EntryPoint address.,The UserOperation structure,https://eips.ethereum.org/EIPS/eip-4337,high,mlx-community/Qwen3.6-27B-8bit,2026-09-07,active,,
Ethereum-EIP4337-AA,EIP-4337: Account Abstraction Using Alt Mempool,Technical Standards,Industry & Research,assurance,3,software,Smart Contract Accounts must pay the EntryPoint at least the missingAccountFunds to cover gas costs.,MUST pay the EntryPoint (caller) at least the missingAccountFunds,Smart Contract Account Interface,https://eips.ethereum.org/EIPS/eip-4337,high,mlx-community/Qwen3.6-27B-8bit,2026-09-07,active,,
Ethereum-EIP4337-AA,EIP-4337: Account Abstraction Using Alt Mempool,Technical Standards,Industry & Research,assurance,3,software,"The return value from validation must be packed with aggregator/authorizer, validUntil, and validAfter timestamps.","The return value MUST be packed of aggregator / authorizer , validUntil and validAfter timestamps.",Smart Contract Account Interface,https://eips.ethereum.org/EIPS/eip-4337,high,mlx-community/Qwen3.6-27B-8bit,2026-09-07,active,,
Ethereum-EIP4337-AA,EIP-4337: Account Abstraction Using Alt Mempool,Technical Standards,Industry & Research,assurance,3,software,"If the factory address is 0x7702, the sender must be an EOA with an EIP-7702 authorization designation.","If the factory address is “0x7702”, then the sender MUST be an EOA with an EIP-7702 authorization designation.",Required EntryPoint contract functionality,https://eips.ethereum.org/EIPS/eip-4337,high,mlx-community/Qwen3.6-27B-8bit,2026-09-07,active,,
Ethereum-EIP4337-AA,EIP-4337: Account Abstraction Using Alt Mempool,Technical Standards,Industry & Research,assurance,3,software,"For classic sequential nonce enforcement, the validation function must require the nonce to be less than the max uint64 value.","In order to require the Account to have classic, sequential nonce, the validation function MUST perform: require ( userOp . nonce < type ( uint64 ). max )",Semi-abstracted Nonce Support,https://eips.ethereum.org/EIPS/eip-4337,high,mlx-community/Qwen3.6-27B-8bit,2026-09-07,active,,
BIS-Paper-158,BIS Paper 158 — Quantum-Readiness Roadmap for Financial Systems,Technical Standards,Industry & Research,inventory,2,all,Maintain comprehensive cryptographic inventories as a critical foundation for quantum-readiness.,"Specifically, we emphasise raising internal awareness, implementing robust governance structures and maintaining comprehensive cryptographic inventories.","Section 1, Introduction",https://www.bis.org/publ/bppdf/bispap158.pdf,medium,mlx-community/Qwen3.6-27B-8bit,2026-09-07,active,,
BIS-Paper-158,BIS Paper 158 — Quantum-Readiness Roadmap for Financial Systems,Technical Standards,Industry & Research,governance,2,all,Implement robust governance structures to support the transition to quantum-safe cryptographic infrastructures.,"Specifically, we emphasise raising internal awareness, implementing robust governance structures and maintaining comprehensive cryptographic inventories.","Section 1, Introduction",https://www.bis.org/publ/bppdf/bispap158.pdf,medium,mlx-community/Qwen3.6-27B-8bit,2026-09-07,active,,
