role_id,variant_id,slot,slot_index,content,status,deprecated_at,deprecated_reason,last_reviewed,notes
ops,capacity,hero_eyebrow,,IT Ops · 12k certs · 4 HSM partitions · next renewal window in 90 days,active,,,2026-08-02,
ops,capacity,hero_badge_text,,"Americas · Energy & Utilities, Telecommunications",deprecated,2026-09-03,"Superseded by live region/industry personalisation (WS7.2, PersonaBoardView.tsx liveBadgeText) -- this literal is no longer read by the app. Kept, not deleted, per CSV convention; hero_badge_tone rows for the same boards are left alone since heroBadge.tone is still part of the PersonaJourneyBoard type even though unread.",2026-09-03,
ops,capacity,hero_badge_tone,,sourced,deprecated,2026-09-03,"Orphaned once hero_badge_text was deprecated in the same pass -- the generator only emits heroBadge when hero_badge_text resolves (generate-role-board-content.ts), so this row has had nothing to pair with since.",2026-09-03,
ops,capacity,headline,,Size your fleet before renewal day.,active,,,2026-08-02,Was 'Will your HSMs survive the cutover?' until 2026-08-02 — an over-promise the tool cannot back up. See personaConfig.ts git history for the full rationale.
ops,capacity,sub,,"{Hsm_use_cases_count} enterprise workflows, sized side by side: RSA-3072 and ECDSA P-256 today against ML-DSA-44/65/87. Storage, bandwidth, and CPU cores per workflow, with a totals row.",active,,,2026-08-02,
ops,capacity,cta_primary_label,,Size your HSM fleet,active,,,2026-08-02,De-duplicated 2026-08-02: every board now points at its own destination — tls-simulator was on 6 boards and /migrate on 5.
ops,capacity,cta_primary_href,,/playground/hsm-capacity,active,,,2026-08-02,De-duplicated 2026-08-02: every board now points at its own destination — tls-simulator was on 6 boards and /migrate on 5.
ops,capacity,cta_secondary_label,,Align to funded refreshes,active,,,2026-08-02,Secondary CTA and item 2 are now this board's own BUSINESS tool (/tools/*). Before 2026-08-02 the boards leaned entirely on playground workshops.
ops,capacity,cta_secondary_href,,/business/tools/refresh-cycle-alignment,active,,,2026-08-02,"Path corrected 2026-08-02: business tools are nested under /business (/business/tools/:toolId). /tools/<id> fell through to the catch-all route and silently rendered the HOME BOARD — the destination resolved, so nothing failed, it just showed the wrong page. Secondary CTA and item 2 are now this board's own BUSINESS tool (/tools/*). Before 2026-08-02 the boards leaned entirely on playground workshops."
ops,capacity,proof_chip,0,Sizing from real FIPS 203/204 key sizes,active,,,2026-08-02,
ops,capacity,proof_chip,1,Sizing model with its sources published,active,,,2026-08-23,"Reworded 2026-08-23: 'Benchmarked through a real PKCS#11 engine' is true of the workshops, not of the 150 ops/s figure it sits beside on this board (see side_card_row_label,1's note) — hsmCapacityDefaults.ts documents it as a software estimate, not a PKCS#11 benchmark."
ops,capacity,proof_chip,2,"Sizes from FIPS 204, not vendor estimates",active,,,2026-09-03,2026-09-03: was 'CNSA 2.0 mandate dates built in' — no CNSA year appears anywhere in HsmCapacityDefaults.ts or the calculator; CNSA 2.0 years do appear on /migrate?tab=plan (a different destination). Reworded to what this board's own calculator actually sources.
ops,capacity,side_card_title,,What changes on renewal day,active,,,2026-08-02,
ops,capacity,side_card_tone,,warn,active,,,2026-08-02,
ops,capacity,side_card_provenance,,sourced,active,,,2026-08-02,
ops,capacity,side_card_row_label,0,ML-DSA-65 signature,active,,,2026-08-02,
ops,capacity,side_card_row_value,0,{ml_dsa_65_signature_only},active,,,2026-08-02,
ops,capacity,side_card_row_label,1,ML-DSA-65 in classical HSM firmware,active,,,2026-08-23,"Reworded 2026-08-23: hsmCapacityDefaults.ts:391 calls this figure 'ML-DSA software fallback ~150 ops/s (NIST PQC evaluation reports)' on a classical (non-PQC) HSM — an estimate, not a benchmark of a PQC-capable HSM. The arithmetic (20,000/150≈133x) is sound; only the label overstated what the number measures."
ops,capacity,side_card_row_value,1,{ops_sidecard_throughput_row},active,,,2026-08-02,
ops,capacity,side_card_row_label,2,Per OCSP / CRL response,active,,,2026-08-02,
ops,capacity,side_card_row_value,2,{ops_sidecard_ocsp_row},active,,,2026-08-02,
ops,capacity,side_card_punchline,,Your next renewal window is your migration window.,active,,,2026-08-02,
ops,capacity,side_card_footnote,,"Real figures, not illustrative — the same defaults behind the HSM Capacity Calculator this page links to.",active,,,2026-08-02,
ops,capacity,grid_title,,What you walk out with,active,,,2026-08-02,"Rewritten 2026-08-02: the three items now map 1:1 onto THIS board's own destinations (1=primary CTA, 2=secondary CTA, 3=the workshop it rests on). They previously described tools the board did not link to."
ops,capacity,grid_sub,,"A sizing verdict, not a guess",active,,,2026-08-02,"Rewritten 2026-08-02: the three items now map 1:1 onto THIS board's own destinations (1=primary CTA, 2=secondary CTA, 3=the workshop it rests on). They previously described tools the board did not link to."
ops,capacity,grid_card_title,0,The people behind the PKCS#11 stack,active,,,2026-09-03,"2026-09-03: was 'Your HSM fleet, sized', a plain duplicate of this board's own primary CTA. Repointed to restore Community coverage for ops after closeout's card 2 moved off /leaders to soc-implementation-pqc."
ops,capacity,grid_card_body,0,"SoftHSMv3 and the open-source engines a fleet like this may already run on are maintained by named people, not a vendor black box.",active,,,2026-09-03,2026-09-03: see title's note.
ops,capacity,grid_card_title,1,Sizing turned into a schedule,active,,,2026-08-02,Secondary CTA and item 2 are now this board's own BUSINESS tool (/tools/*). Before 2026-08-02 the boards leaned entirely on playground workshops.
ops,capacity,grid_card_body,1,Refresh-Cycle Alignment maps PQC migration tasks onto infrastructure refresh cycles you have already funded.,active,,,2026-08-02,Secondary CTA and item 2 are now this board's own BUSINESS tool (/tools/*). Before 2026-08-02 the boards leaned entirely on playground workshops.
ops,capacity,grid_card_title,2,Sizing that lands in a plan,active,,,2026-08-02,Item 3 rewritten after the best-fit re-pairing — it referenced a tool this board no longer links to.
ops,capacity,grid_card_body,2,"A capacity number only matters once it has a date attached, which is what the refresh-cycle alignment adds — sizing against a funded refresh window, not a wish.",active,,,2026-09-03,"2026-09-03: dropped 'Mitigation gateways carry mandatory sunset dates per CSWP.39 §4.6' — fetched NIST CSWP 39-upd1 directly; §4.6 says nothing about a sunset date, mandatory or otherwise (it describes the crypto-gateway architecture only). The site's own cswp39ZoneData.ts carried the same fabricated claim, fixed in the same pass."
ops,capacity,track_title,,"Then, the background: {essentials_vs_full:ops}.",active,,,2026-08-02,
ops,capacity,track_chip,0,PQC 101,active,,,2026-08-02,
ops,capacity,track_chip,1,Ops quantum impact,active,,,2026-08-02,
ops,capacity,track_chip,2,TLS basics,active,,,2026-08-02,
ops,capacity,track_chip,3,VPN/SSH,active,,,2026-08-02,
ops,capacity,track_chip,4,PKI workshop,active,,,2026-08-02,
ops,capacity,track_chip,5,Crypto agility,active,,,2026-08-02,
ops,capacity,track_chip,6,Migration program,active,,,2026-08-02,
ops,capacity,track_chip,7,KMS,active,,,2026-08-02,
ops,capacity,track_chip,8,HSM,active,,,2026-08-02,
ops,capacity,capstone_chip_label,,Cutover-Ready,active,,,2026-08-07,
executive,mandate,hero_eyebrow,,Executive · the decision that unlocks budget and names an owner,active,,,2026-08-09,"Reworded 2026-08-09 editorial pass: this was the literal string ""Illustrative — this user's inputs"", which is a provenance label, not an eyebrow — and the identical words already render below it as the side card's provenance chip, so the phrase appeared twice. Every other executive board carries a descriptive role/context eyebrow; at six chips the odd one out is obvious when switching between them."
executive,mandate,hero_badge_text,,Americas · Finance & Banking,deprecated,2026-09-03,"Superseded by live region/industry personalisation (WS7.2, PersonaBoardView.tsx liveBadgeText) -- this literal is no longer read by the app. Kept, not deleted, per CSV convention; hero_badge_tone rows for the same boards are left alone since heroBadge.tone is still part of the PersonaJourneyBoard type even though unread.",2026-09-03,"2026-09-03 interim: was 'Default: Americas · Finance & Banking — scenario shown: EU', a config note carried verbatim from the 2026-08-01 prototype (commit f58c50ad9) that no board actually shows — the deadlines card is a US NSA mandate, not EU. Real region/industry personalisation (reading usePersonaStore, as MobileHomeBoard.tsx already does) is a separate build; this is the honest static string until then."
executive,mandate,hero_badge_tone,,illustrative,deprecated,2026-09-03,"Orphaned once hero_badge_text was deprecated in the same pass -- the generator only emits heroBadge when hero_badge_text resolves (generate-role-board-content.ts), so this row has had nothing to pair with since.",2026-09-03,
executive,mandate,headline,,"Answer the board in an afternoon, not a quarter.",active,,,2026-08-23,Fixed 2026-08-23: 'eleven minutes' was never derived from anything and disagreed with this board's own CTA label two lines below it. See cta_primary_label's note for the actual measured duration (3 minutes).
executive,mandate,sub,,"{Assess_quick_question_count} questions about your estate. You get a defensible risk position, the regulatory dates that already bind you, and a board pack you can present on Thursday.",active,,,2026-08-23,"Fixed 2026-08-23: the D-3 duration investigation traced every '/assess'-bound board CTA to the live flow it actually lands on — assessFlowModel.ts's RENDER_ORDER_QUICK (6 steps) and TRACK_INFO.quick (3 minutes), the track every one of these CTAs resolves to (executive's PERSONA_RECOMMENDED_MODE is 'quick'; ops/standing and curious/howbad link ?mode=quick explicitly). Every board guessed 'eight questions' at a duration somewhere between 6 and 11 minutes — the question count itself was wrong, not just the duration. Tokenised against personaConfig.ts's new ASSESS_QUICK_QUESTION_COUNT / ASSESS_QUICK_MINUTES (re-exports of assessFlowModel.ts's own TRACK_INFO.quick) so this can't re-drift if the quick track's step count or estimate ever changes. Also drops 'under NIS2 and DORA': neither sets a post-quantum deadline (NIS2 and DORA carry compliance dates, not PQC ones) — CNSA 2.0 is the instrument that does. The specifics belong on the compliance page this board links to."
executive,mandate,cta_primary_label,,"Start — {assess_quick_question_count_digit} questions, about {assess_quick_minutes} minutes",active,,,2026-08-23,"Fixed 2026-08-23: the D-3 duration investigation traced every '/assess'-bound board CTA to the live flow it actually lands on — assessFlowModel.ts's RENDER_ORDER_QUICK (6 steps) and TRACK_INFO.quick (3 minutes), the track every one of these CTAs resolves to (executive's PERSONA_RECOMMENDED_MODE is 'quick'; ops/standing and curious/howbad link ?mode=quick explicitly). Every board guessed 'eight questions' at a duration somewhere between 6 and 11 minutes — the question count itself was wrong, not just the duration. Tokenised against personaConfig.ts's new ASSESS_QUICK_QUESTION_COUNT / ASSESS_QUICK_MINUTES (re-exports of assessFlowModel.ts's own TRACK_INFO.quick) so this can't re-drift if the quick track's step count or estimate ever changes."
executive,mandate,cta_primary_href,,/assess,active,,,2026-08-02,De-duplicated 2026-08-02: every board now points at its own destination — tls-simulator was on 6 boards and /migrate on 5.
executive,mandate,cta_secondary_label,,Draft the program charter,active,,,2026-08-02,Secondary CTA and item 2 are now this board's own BUSINESS tool (/tools/*). Before 2026-08-02 the boards leaned entirely on playground workshops.
executive,mandate,cta_secondary_href,,/business/tools/program-charter,active,,,2026-08-02,"Path corrected 2026-08-02: business tools are nested under /business (/business/tools/:toolId). /tools/<id> fell through to the catch-all route and silently rendered the HOME BOARD — the destination resolved, so nothing failed, it just showed the wrong page. Secondary CTA and item 2 are now this board's own BUSINESS tool (/tools/*). Before 2026-08-02 the boards leaned entirely on playground workshops."
executive,mandate,proof_chip,0,Every regulatory date links to its source,active,,,2026-08-23,"Fixed 2026-08-23: 'Verified in your browser against NIST ACVP vectors' vouches for something unreachable from this board — its two CTAs are the 8-question assessment and the charter tool, neither of which runs a vector. The chip stays correctly placed on developer/pilot (proof_chip,1), where the CTA does run one."
executive,mandate,proof_chip,1,"{library_active_count} documents, trust-tiered",active,,,2026-09-03,"2026-09-03: 'sources' overstated LIBRARY_ACTIVE_SOURCE_COUNT (active library documents); see executive/evidence's proof_chip,0 note."
executive,mandate,proof_chip,2,{regulatory_verified_phrase},active,,,2026-08-02,
executive,mandate,proof_chip,3,How we verify,deprecated,2026-09-03,EX-C1: proof chips render as plain <li> pills with no href/onClick (PersonaBoardView.tsx); no page or section titled 'How we verify' exists anywhere in the app. Dead affordance -- the one chip a reader would try to click is the one that cannot be clicked.,2026-09-03,
executive,mandate,side_card_title,,Your exposure window,active,,,2026-08-02,
executive,mandate,side_card_tone,,bad,active,,,2026-08-02,
executive,mandate,side_card_provenance,,illustrative,active,,,2026-08-02,
executive,mandate,side_card_row_label,0,Data must stay secret,active,,,2026-08-02,
executive,mandate,side_card_row_value,0,{exec_secrecy_row},active,,,2026-08-02,"Derived from EXEC_EXPOSURE.secrecyYears — was a literal until 2026-08-02, sitting above a punchline that had drifted out of agreement with it."
executive,mandate,side_card_row_label,1,Your migration takes,active,,,2026-08-02,
executive,mandate,side_card_row_value,1,{exec_migration_row},active,,,2026-08-02,Derived from EXEC_EXPOSURE.migrationYears.
executive,mandate,side_card_row_label,2,Cryptographically relevant quantum computer,active,,,2026-08-23,"Fixed 2026-08-23: 'Cryptanalytic quantum computer' matches neither this codebase's own canonical expansion ('Cryptographically Relevant Quantum Computer' — regulatoryTimelines.ts:187, sampleQuestions.ts:81) nor NSA's CNSA 2.0 usage ('Cryptanalytically Relevant'). Standardised on the repo's own canonical form; see researcher/threatmodel grid_card_body,0 for the second spelling this board disagreed with."
executive,mandate,side_card_row_value,2,{exec_crqc_estimate_row},active,,,2026-08-02,"Derived from getCrqcConsensus() — the same single source every Q-Day figure on the Threats page uses. The old literal 2032 ±4 disagreed with it (consensus is 2033, window 2030-2036)."
executive,mandate,side_card_punchline,,{exec_mosca_punchline},active,,,2026-08-02,"Computed from this card's own three rows so the conclusion cannot drift from its premises. Corrected twice on 2026-08-02: first from the literal ""You are four years short."", then again when the replacement computed z-y (2028) instead of Mosca's z-x-y (2016) — dropping x meant it read as a future deadline while the app's other implementation of the same formula (SectorExposureHero) gave a year 12 earlier."
executive,mandate,side_card_footnote,,{exec_mosca_footnote},active,,,2026-08-02,Derived — the old literal claimed a median across 4 expert surveys with an interquartile band; the real derivation is 6 tracked sources reduced by getCrqcConsensus().
executive,mandate,grid_title,,What you walk out with,active,,,2026-08-02,"Rewritten 2026-08-02: the three items now map 1:1 onto THIS board's own destinations (1=primary CTA, 2=secondary CTA, 3=the workshop it rests on). They previously described tools the board did not link to."
executive,mandate,grid_sub,,"Your own answers, not a sample estate",active,,,2026-08-02,"Rewritten 2026-08-02: the three items now map 1:1 onto THIS board's own destinations (1=primary CTA, 2=secondary CTA, 3=the workshop it rests on). They previously described tools the board did not link to."
executive,mandate,grid_card_title,0,Not sure this is the board you need?,active,,,2026-09-03,"2026-09-03: was '{Assess_quick_question_count} questions, one risk position', a duplicate of this card's own primary CTA (/assess). Repointed to restore Explore coverage for executive after verify's card 1 moved off /explore to /playground/openssl-studio (EX-D1)."
executive,mandate,grid_card_body,0,"Every topic on this site, organised for someone who has not decided where to start.",active,,,2026-09-03,2026-09-03: see title's note.
executive,mandate,grid_card_title,1,A drafted mandate,active,,,2026-08-02,Secondary CTA and item 2 are now this board's own BUSINESS tool (/tools/*). Before 2026-08-02 the boards leaned entirely on playground workshops.
executive,mandate,grid_card_body,1,"The Program Charter tool drafts the Phase 0 mandate — sponsor sign-off, steering committee, the QRPM appointment and the governance model.",active,,,2026-08-02,Secondary CTA and item 2 are now this board's own BUSINESS tool (/tools/*). Before 2026-08-02 the boards leaned entirely on playground workshops.
executive,mandate,grid_card_title,2,Why the mandate comes first,active,,,2026-08-02,"Item 2 is this board's business tool, so item 3 carries the reasoning rather than repeating it. Executive boards cite no playground workshop by design."
executive,mandate,grid_card_body,2,"Phase 0 exists because a programme without a named sponsor and a standing committee stalls at the first budget review, whatever the inventory says.",active,,,2026-08-02,"Item 2 is this board's business tool, so item 3 carries the reasoning rather than repeating it. Executive boards cite no playground workshop by design."
executive,mandate,track_title,,"Then, if you want the background: {essentials_vs_full:executive}.",active,,,2026-08-02,
executive,mandate,track_note,,"{Essentials_count:executive} essentials against the full {recommended_path_no_quiz_count:executive}-module path plus the quiz, {estimated_minutes:executive} minutes in all. The path already inserts real actions like {milestones_checkpoints:executive} right where they're relevant.",active,,,2026-08-23,"Reworded 2026-08-23: this board's {recommended_path_no_quiz_count} (23) and the ScoreCard's module count (24, ScoreCard.tsx:179) disagreed on the same screen because they count different things — the quiz is a real module by the codebase's own definition (modules/Quiz/manifest.ts is a full ModuleManifest; modules/ holds exactly 65 entries, the canonical count) but this board deliberately excludes it as teaching content. Made that choice explicit instead of changing either count."
executive,mandate,track_chip,0,PQC 101,active,,,2026-08-02,
executive,mandate,track_chip,1,Quantum impact,active,,,2026-08-02,
executive,mandate,track_chip,3,Risk management,active,,,2026-08-02,
executive,mandate,track_chip,4,Business case,active,,,2026-08-02,
executive,mandate,track_chip,5,Governance,active,,,2026-08-02,
executive,mandate,capstone_chip_label,,Board-Ready,active,,,2026-08-02,
developer,pilot,hero_eyebrow,,Developer · Node + Go services · TLS termination at the edge,active,,,2026-08-02,
developer,pilot,hero_badge_text,,Americas · Technology,deprecated,2026-09-03,"Superseded by live region/industry personalisation (WS7.2, PersonaBoardView.tsx liveBadgeText) -- this literal is no longer read by the app. Kept, not deleted, per CSV convention; hero_badge_tone rows for the same boards are left alone since heroBadge.tone is still part of the PersonaJourneyBoard type even though unread.",2026-09-03,
developer,pilot,hero_badge_tone,,sourced,deprecated,2026-09-03,"Orphaned once hero_badge_text was deprecated in the same pass -- the generator only emits heroBadge when hero_badge_text resolves (generate-role-board-content.ts), so this row has had nothing to pair with since.",2026-09-03,
developer,pilot,headline,,Five minutes to a real ML-KEM handshake.,active,,,2026-08-02,
developer,pilot,sub,,"Not a diagram. ML-KEM and X25519 combined through a real HKDF pipeline in this tab, every intermediate value inspectable. Then we tell you what to change in your stack.",active,,,2026-08-02,2026-08-02 priority ruling: curious takes the TLS simulator (the clearest 'watch it break' tool); developer keeps priority on developer-specific resources and moves to the hybrid KEM pipeline.
developer,pilot,cta_primary_label,,Run ML-KEM + X25519 now,active,,,2026-08-02,2026-08-02 priority ruling: curious takes the TLS simulator (the clearest 'watch it break' tool); developer keeps priority on developer-specific resources and moves to the hybrid KEM pipeline.
developer,pilot,cta_primary_href,,/playground/hybrid-encrypt,active,,,2026-08-02,2026-08-02 priority ruling: curious takes the TLS simulator (the clearest 'watch it break' tool); developer keeps priority on developer-specific resources and moves to the hybrid KEM pipeline.
developer,pilot,cta_secondary_label,,Grade your crypto agility,active,,,2026-08-02,Secondary CTA and item 2 are now this board's own BUSINESS tool (/tools/*). Before 2026-08-02 the boards leaned entirely on playground workshops.
developer,pilot,cta_secondary_href,,/business/tools/crypto-api-refactor-audit,active,,,2026-08-02,"Path corrected 2026-08-02: business tools are nested under /business (/business/tools/:toolId). /tools/<id> fell through to the catch-all route and silently rendered the HOME BOARD — the destination resolved, so nothing failed, it just showed the wrong page. Secondary CTA and item 2 are now this board's own BUSINESS tool (/tools/*). Before 2026-08-02 the boards leaned entirely on playground workshops."
developer,pilot,proof_chip,0,Real PKCS#11 + SoftHSMv3 in your browser,active,,,2026-09-03,2026-09-03: was 'Real liboqs + SoftHSMv3 in your browser' — HybridEncryptionDemo.tsx's ML-KEM keygen/encapsulation/decapsulation all route through hsm_* PKCS#11 calls (SoftHSMv3); no liboqs import anywhere in the workshop.
developer,pilot,proof_chip,1,Verified against NIST ACVP vectors,active,,,2026-08-02,
developer,pilot,proof_chip,2,"No signup, no key required",active,,,2026-08-02,
developer,pilot,side_card_title,,What this breaks in your code,active,,,2026-08-02,
developer,pilot,side_card_tone,,warn,active,,,2026-08-02,
developer,pilot,side_card_provenance,,sourced,active,,,2026-08-02,
developer,pilot,side_card_row_label,0,ML-DSA-65 public key,active,,,2026-08-02,
developer,pilot,side_card_row_value,0,{ml_dsa_65_public_key_row},active,,,2026-08-02,
developer,pilot,side_card_row_label,1,ML-DSA-65 signature,active,,,2026-08-02,
developer,pilot,side_card_row_value,1,{ml_dsa_65_signature_row},active,,,2026-08-02,
developer,pilot,side_card_row_label,2,Your VARCHAR(256) key column,active,,,2026-08-02,
developer,pilot,side_card_row_value,2,overflows,active,,,2026-08-02,
developer,pilot,side_card_punchline,,Your schema breaks before your crypto does.,active,,,2026-08-02,
developer,pilot,side_card_footnote,,"Real sizes, not illustrative — the second of the four anti-patterns the Crypto Agility module already teaches.",active,,,2026-08-02,
developer,pilot,grid_title,,What you walk out with,active,,,2026-08-02,"Rewritten 2026-08-02: the three items now map 1:1 onto THIS board's own destinations (1=primary CTA, 2=secondary CTA, 3=the workshop it rests on). They previously described tools the board did not link to."
developer,pilot,grid_sub,,A handshake you have actually run,active,,,2026-08-02,"Rewritten 2026-08-02: the three items now map 1:1 onto THIS board's own destinations (1=primary CTA, 2=secondary CTA, 3=the workshop it rests on). They previously described tools the board did not link to."
developer,pilot,grid_card_title,0,"The same handshake, inside a real migration",active,,,2026-09-03,"2026-09-03 (WS2 follow-up): was 'A real hybrid KEM pipeline', a plain duplicate of this card's own primary CTA. Repointed to restore Simulation coverage for developer after pilot[2] moved off it."
developer,pilot,grid_card_body,0,"Phase 5 of the simulation runs this exact hybrid pattern across a whole organisation's estate, not just one pipeline.",active,,,2026-09-03,2026-09-03 (WS2 follow-up): see title's note.
developer,pilot,grid_card_title,1,"Everything else, arranged by topic",active,,,2026-08-09,"Repointed 2026-08-09 to close a role-board coverage gap: after the six-use-case expansion and the tile review merged, developer and architect were the only two roles that could not reach Explore, and audit:role-board-coverage failed on exactly that. This slot was chosen because it was the most redundant link on the board -- Business Tools was reachable from 7 (developer) / 9 (architect) other slots, while Explore was reachable from none. Title and body were rewritten with the href rather than left describing the old destination, which is the defect the tile review existed to fix."
developer,pilot,grid_card_body,1,The whole site indexed by subject rather than by role — for when you know the primitive you need but not which page covers it.,active,,,2026-08-09,"Repointed 2026-08-09 to close a role-board coverage gap: after the six-use-case expansion and the tile review merged, developer and architect were the only two roles that could not reach Explore, and audit:role-board-coverage failed on exactly that. This slot was chosen because it was the most redundant link on the board -- Business Tools was reachable from 7 (developer) / 9 (architect) other slots, while Explore was reachable from none. Title and body were rewritten with the href rather than left describing the old destination, which is the defect the tile review existed to fix."
developer,pilot,grid_card_title,2,"The construction, not the diagram",active,,,2026-08-02,2026-08-02 priority ruling: curious takes the TLS simulator (the clearest 'watch it break' tool); developer keeps priority on developer-specific resources and moves to the hybrid KEM pipeline.
developer,pilot,grid_card_body,2,This is the primitive underneath every hybrid key exchange you will ship. Getting it right here is what makes the protocol-level work uneventful.,active,,,2026-08-02,2026-08-02 priority ruling: curious takes the TLS simulator (the clearest 'watch it break' tool); developer keeps priority on developer-specific resources and moves to the hybrid KEM pipeline.
developer,pilot,track_title,,"Then, the background: {essentials_vs_full:developer}.",active,,,2026-08-02,
developer,pilot,track_chip,0,PQC 101,active,,,2026-08-02,
developer,pilot,track_chip,1,Dev quantum impact,active,,,2026-08-02,
developer,pilot,track_chip,2,PQC candidates,active,,,2026-08-02,
developer,pilot,track_chip,3,TLS basics,active,,,2026-08-02,
developer,pilot,track_chip,4,Hybrid crypto,active,,,2026-08-02,
developer,pilot,track_chip,5,Crypto agility,active,,,2026-08-02,
developer,pilot,track_chip,6,PKI workshop,active,,,2026-08-02,
developer,pilot,track_chip,7,Crypto dev APIs,active,,,2026-08-02,
developer,pilot,capstone_chip_label,,Pilot-Ready,active,,,2026-08-07,
architect,controlplane,hero_eyebrow,,Security Architect · policy-driven control plane,active,,,2026-09-03,"2026-09-03: was '...Multi-region PKI · 40k certificates' — no 40,000 or 40k figure exists anywhere in the repo for this context; every other architect board eyebrow follows 'Security Architect · <topic>'."
architect,controlplane,hero_badge_text,,"Global · Technology, Telecommunications",deprecated,2026-09-03,"Superseded by live region/industry personalisation (WS7.2, PersonaBoardView.tsx liveBadgeText) -- this literal is no longer read by the app. Kept, not deleted, per CSV convention; hero_badge_tone rows for the same boards are left alone since heroBadge.tone is still part of the PersonaJourneyBoard type even though unread.",2026-09-03,
architect,controlplane,hero_badge_tone,,sourced,deprecated,2026-09-03,"Orphaned once hero_badge_text was deprecated in the same pass -- the generator only emits heroBadge when hero_badge_text resolves (generate-role-board-content.ts), so this row has had nothing to pair with since.",2026-09-03,
architect,controlplane,headline,,Change one policy line. Watch the estate rekey.,active,,,2026-08-02,
architect,controlplane,sub,,"A KMIP 3.0 control plane and a real PKCS#11 HSM, both in this tab. Create keys by business label, flip Classical → Hybrid → Full PQC, and watch the same request get allowed, denied, or auto-rekeyed.",active,,,2026-08-02,
architect,controlplane,cta_primary_label,,Open the KMIP control plane,active,,,2026-08-02,De-duplicated 2026-08-02: every board now points at its own destination — tls-simulator was on 6 boards and /migrate on 5.
architect,controlplane,cta_primary_href,,/playground/cacp?tab=migration,active,,,2026-09-03,"2026-09-03: was bare '/playground/cacp', which lands on the Learn plane; 'business label' and 'Classical → Hybrid → Full PQC' are the Migration plane's own presets (migration/MigrationView.tsx). Deep-linked directly to what the sub already promises."
architect,controlplane,cta_secondary_label,,Choose your transition mode,active,,,2026-08-02,Secondary CTA and item 2 are now this board's own BUSINESS tool (/tools/*). Before 2026-08-02 the boards leaned entirely on playground workshops.
architect,controlplane,cta_secondary_href,,/business/tools/hybrid-transition-planner,active,,,2026-08-02,"Path corrected 2026-08-02: business tools are nested under /business (/business/tools/:toolId). /tools/<id> fell through to the catch-all route and silently rendered the HOME BOARD — the destination resolved, so nothing failed, it just showed the wrong page. Secondary CTA and item 2 are now this board's own BUSINESS tool (/tools/*). Before 2026-08-02 the boards leaned entirely on playground workshops."
architect,controlplane,proof_chip,0,"Real ML-KEM / ML-DSA / SLH-DSA, no server",active,,,2026-08-02,
architect,controlplane,proof_chip,1,KMIP 3.0 conformance corpus replays live,active,,,2026-08-02,
architect,controlplane,proof_chip,2,62 of KMIP 3.0's 66 operations run live,active,,,2026-08-23,"Fixed 2026-08-23: KmipPlaygroundView.tsx:757 already states the precise figure — '62 of the 66 operations in KMIP 3.0 CSD02 genuinely run here... The 4 that cannot run say exactly why.' 'All 66... documented' undersold what the playground actually proves and, sitting beside 'KMIP 3.0 conformance corpus replays live', implied full executable coverage."
architect,controlplane,side_card_title,,"Why agility, not just algorithms",active,,,2026-08-02,
architect,controlplane,side_card_tone,,info,active,,,2026-08-02,
architect,controlplane,side_card_provenance,,guidance,active,,,2026-08-09,"Reclassified 2026-08-09 tile review. The chip renders provenance literally, and 'illustrative' says ""THIS USER'S INPUTS"" — false for a card asserting a general rule, which never becomes the user's data. See PersonaJourneyBoard.sideCard.provenance."
architect,controlplane,side_card_row_label,0,Algorithms you will migrate to,active,,,2026-08-02,
architect,controlplane,side_card_row_value,0,3 (more coming),active,,,2026-09-03,"2026-09-03: was a bare '3' — the site's own Hybrid Transition Planner recommends a 4th (ML-KEM-768 + HQC-128) and FN-DSA/FIPS 206 is pending, so 'so far' is the honest frame."
architect,controlplane,side_card_row_label,1,Times you will migrate again,active,,,2026-08-02,
architect,controlplane,side_card_row_value,1,≥ 2,active,,,2026-08-02,
architect,controlplane,side_card_row_label,2,Cost of the second migration,active,,,2026-08-02,
architect,controlplane,side_card_row_value,2,"a policy change, not a project",active,,,2026-09-03,"2026-09-03: was 'near zero', an unsourced claim. Reworded to what is actually true and checkable — re-keying under an existing agility control plane is a config change, not a re-architecture."
architect,controlplane,side_card_punchline,,Agility is the deliverable. PQC is the first test of it.,active,,,2026-08-02,
architect,controlplane,grid_title,,What you walk out with,active,,,2026-08-02,"Rewritten 2026-08-02: the three items now map 1:1 onto THIS board's own destinations (1=primary CTA, 2=secondary CTA, 3=the workshop it rests on). They previously described tools the board did not link to."
architect,controlplane,grid_sub,,A control plane you have driven,active,,,2026-08-02,"Rewritten 2026-08-02: the three items now map 1:1 onto THIS board's own destinations (1=primary CTA, 2=secondary CTA, 3=the workshop it rests on). They previously described tools the board did not link to."
architect,controlplane,grid_card_title,0,A policy-driven KMIP control plane,active,,,2026-08-02,"Rewritten 2026-08-02: the three items now map 1:1 onto THIS board's own destinations (1=primary CTA, 2=secondary CTA, 3=the workshop it rests on). They previously described tools the board did not link to."
architect,controlplane,grid_card_body,0,"KMIP 3.0 plus a SoftHSM Rust v3 HSM, both in WebAssembly. Load a crypto-agility policy and watch requests get allowed, denied or auto-rekeyed.",active,,,2026-08-02,"Rewritten 2026-08-02: the three items now map 1:1 onto THIS board's own destinations (1=primary CTA, 2=secondary CTA, 3=the workshop it rests on). They previously described tools the board did not link to."
architect,controlplane,grid_card_title,1,Score the estate this control plane will manage,active,,,2026-09-03,"2026-09-03 (WS2 follow-up): was 'A transition decision, per asset class', a plain duplicate of this card's own secondary CTA. Repointed to restore Assess coverage for architect after controlplane[2] moved onto the CACP migration plane instead."
architect,controlplane,grid_card_body,1,The comprehensive assessment is the closest thing to a pre-flight check before you commit an estate to a policy-driven control plane.,active,,,2026-09-03,2026-09-03 (WS2 follow-up): see title's note.
architect,controlplane,grid_card_title,2,"Agility as a control, not a slogan",active,,,2026-08-02,"Rewritten 2026-08-02: the three items now map 1:1 onto THIS board's own destinations (1=primary CTA, 2=secondary CTA, 3=the workshop it rests on). They previously described tools the board did not link to."
architect,controlplane,grid_card_body,2,"The control plane is the workshop this board rests on: the policy line you change is a real one, and the estate rekeys against it.",active,,,2026-08-02,"Rewritten 2026-08-02: the three items now map 1:1 onto THIS board's own destinations (1=primary CTA, 2=secondary CTA, 3=the workshop it rests on). They previously described tools the board did not link to."
architect,controlplane,track_title,,"Then, the background: {essentials_vs_full:architect}.",active,,,2026-08-02,
architect,controlplane,track_chip,0,PQC 101,active,,,2026-08-02,
architect,controlplane,track_chip,1,Arch quantum impact,active,,,2026-08-02,
architect,controlplane,track_chip,2,PQC candidates,active,,,2026-08-02,
architect,controlplane,track_chip,3,Crypto agility,active,,,2026-08-02,
architect,controlplane,track_chip,4,Crypto mgmt modernization,active,,,2026-08-02,
architect,controlplane,track_chip,5,Hybrid crypto,active,,,2026-08-02,
architect,controlplane,track_chip,6,KMS,active,,,2026-08-02,
architect,controlplane,track_chip,7,HSM,active,,,2026-08-02,
architect,controlplane,track_chip,8,PKI workshop,active,,,2026-08-02,
architect,controlplane,capstone_chip_label,,Agility-Ready,active,,,2026-08-07,
researcher,provenance,hero_eyebrow,,Researcher · unfiltered corpus · strict chronological · no gating,active,,,2026-08-02,
researcher,provenance,hero_badge_text,,All regions · unfiltered,deprecated,2026-09-03,"Superseded by live region/industry personalisation (WS7.2, PersonaBoardView.tsx liveBadgeText) -- this literal is no longer read by the app. Kept, not deleted, per CSV convention; hero_badge_tone rows for the same boards are left alone since heroBadge.tone is still part of the PersonaJourneyBoard type even though unread.",2026-09-03,
researcher,provenance,hero_badge_tone,,illustrative,deprecated,2026-09-03,"Orphaned once hero_badge_text was deprecated in the same pass -- the generator only emits heroBadge when hero_badge_text resolves (generate-role-board-content.ts), so this row has had nothing to pair with since.",2026-09-03,
researcher,provenance,headline,,Check our work.,active,,,2026-08-02,
researcher,provenance,sub,,"Every claim on this site carries a source tier and a verification date, and the corrections are public.",active,,,2026-09-03,"2026-09-03: dropped 'the strongest published argument against it' (counter_claims_05082026.csv has one row; CounterClaimBadge is imported by no page) and 'Run the known-answer tests yourself in this tab' (this board's own destinations are /library and /revisions, neither runs a KAT)."
researcher,provenance,cta_primary_label,,Open the evidence workspace,active,,,2026-08-02,"Best-fit pairing, 2026-08-02: business tool or playground workshop chosen per use case and role rather than one of each by rule. No destination is used twice."
researcher,provenance,cta_primary_href,,/library,active,,,2026-08-02,"Best-fit pairing, 2026-08-02: business tool or playground workshop chosen per use case and role rather than one of each by rule. No destination is used twice."
researcher,provenance,cta_secondary_label,,Read the revision log,active,,,2026-08-02,"Best-fit pairing, 2026-08-02: business tool or playground workshop chosen per use case and role rather than one of each by rule. No destination is used twice."
researcher,provenance,cta_secondary_href,,/revisions,active,,,2026-08-02,"Best-fit pairing, 2026-08-02: business tool or playground workshop chosen per use case and role rather than one of each by rule. No destination is used twice."
researcher,provenance,proof_chip,0,"ACVP + KAT run locally, not asserted",active,,,2026-08-02,
researcher,provenance,proof_chip,1,Authoritative / Core / Supporting / Contextual source tiers,active,,,2026-09-03,2026-09-03: 'High/Moderate/Low' is not this site's vocabulary — trustedSourcesData.ts's real tiers are Authoritative/Core/Supporting/Contextual (same fix already applied to executive/evidence).
researcher,provenance,proof_chip,2,Every claim carries a source tier and a verification date,active,,,2026-09-03,2026-09-03: was 'Counter-claims dataset · CVE snapshots' — the counter-claims dataset has one row and no consumer component; dropped rather than left as a dead promise.
researcher,provenance,proof_chip,3,Drift guards fail the build on silent data change,active,,,2026-08-02,
researcher,provenance,side_card_title,,Changed in your fields,active,,,2026-08-02,"ResearcherFieldWatchCard renders the ROWS live from the library corpus, but takes this title and the punchline/footnote/empty-state below from here. Was 'Changed in your fields since your last visit' until 2026-08-02: the card compared document publication dates against browsing time, so every field read 0 forever."
researcher,provenance,side_card_tone,,info,active,,,2026-08-02,
researcher,provenance,side_card_provenance,,illustrative,active,,,2026-08-02,
researcher,provenance,side_card_punchline,,Nothing in the fields you follow was retracted.,active,,,2026-08-02,"Shown when the retracted count is zero. Was 'Nothing you cited has been retracted.' until 2026-08-02 — the app has no per-user citation list, a gap the card's own footnote admitted in fine print while the headline asserted it anyway."
researcher,provenance,side_card_footnote,,Counts documents in the fields you follow that were updated or retracted in the 90 days before this release of the library.,active,,,2026-08-02,"Was developer methodology prose hardcoded in the component ('...not a per-user citation list (this app doesn't have one)') — invisible to CSV review, same defect class as the researcher track_note reworded below."
researcher,provenance,side_card_empty_state,,Pick a few fields to see what has moved in them lately.,active,,,2026-08-02,Shown before any field is followed.
researcher,provenance,grid_title,,What the workspace gives you,active,,,2026-08-02,"Rewritten 2026-08-02: the three items now map 1:1 onto THIS board's own destinations (1=primary CTA, 2=secondary CTA, 3=the workshop it rests on). They previously described tools the board did not link to."
researcher,provenance,grid_sub,,Every claim traceable to its source,active,,,2026-08-02,"Rewritten 2026-08-02: the three items now map 1:1 onto THIS board's own destinations (1=primary CTA, 2=secondary CTA, 3=the workshop it rests on). They previously described tools the board did not link to."
researcher,provenance,grid_card_title,0,"The corpus, unfiltered",active,,,2026-08-02,"Best-fit pairing, 2026-08-02: business tool or playground workshop chosen per use case and role rather than one of each by rule. No destination is used twice."
researcher,provenance,grid_card_body,0,"Source tier and verification date, on every claim. Nothing is filtered out for this role — the corpus arrives whole.",active,,,2026-09-03,2026-09-03: dropped 'and the counter-claim where one is on file' — see sub's note.
researcher,provenance,grid_card_title,1,The correction history,active,,,2026-08-02,"Best-fit pairing, 2026-08-02: business tool or playground workshop chosen per use case and role rather than one of each by rule. No destination is used twice."
researcher,provenance,grid_card_body,1,"Every logged correction to the compliance, vendor and migration data, with who reviewed it — the audit trail behind the catalogues.",active,,,2026-08-02,"Best-fit pairing, 2026-08-02: business tool or playground workshop chosen per use case and role rather than one of each by rule. No destination is used twice."
researcher,provenance,grid_card_title,2,Provenance you can re-check,active,,,2026-08-02,Item 3 rewritten after the best-fit re-pairing — it referenced a tool this board no longer links to.
researcher,provenance,grid_card_body,2,"Both destinations are read-only records: the corpus with its tiers, and the log of every correction made to it. Nothing here asks you to trust a summary.",active,,,2026-08-02,Item 3 rewritten after the best-fit re-pairing — it referenced a tool this board no longer links to.
researcher,provenance,track_title,,"Learning path: available, never pushed.",active,,,2026-08-02,
researcher,provenance,track_note,,"This is a reference shelf, not a curriculum — browse at your own pace, nothing here is sequenced for you.",active,,,2026-08-02,"Reworded 2026-08-02: was 'For this persona it is a reference shelf, not a curriculum, and the UI should say so' — instruction TO A DEVELOPER about what the UI should do, shipped as visitor-facing copy."
researcher,provenance,track_chip,0,PQC 101,active,,,2026-08-02,
researcher,provenance,track_chip,1,Research quantum impact,active,,,2026-08-02,
researcher,provenance,track_chip,2,PQC candidates,active,,,2026-08-02,
researcher,provenance,track_chip,3,Entropy & randomness,active,,,2026-08-02,
researcher,provenance,track_chip,4,Hybrid crypto,active,,,2026-08-02,
researcher,provenance,track_chip,5,Crypto agility,active,,,2026-08-02,
researcher,provenance,track_chip,6,Standards bodies,active,,,2026-08-02,
researcher,provenance,track_chip,7,TLS basics,active,,,2026-08-02,
researcher,provenance,track_chip,8,PKI workshop,active,,,2026-08-02,
curious,break,hero_eyebrow,,No background needed · about 6 minutes · nothing to install,active,,,2026-08-02,
curious,break,hero_badge_text,,Americas · unfiltered,deprecated,2026-09-03,"Superseded by live region/industry personalisation (WS7.2, PersonaBoardView.tsx liveBadgeText) -- this literal is no longer read by the app. Kept, not deleted, per CSV convention; hero_badge_tone rows for the same boards are left alone since heroBadge.tone is still part of the PersonaJourneyBoard type even though unread.",2026-09-03,
curious,break,hero_badge_tone,,illustrative,deprecated,2026-09-03,"Orphaned once hero_badge_text was deprecated in the same pass -- the generator only emits heroBadge when hero_badge_text resolves (generate-role-board-content.ts), so this row has had nothing to pair with since.",2026-09-03,
curious,break,headline,,"What actually breaks, and when.",active,,,2026-08-02,
curious,break,sub,,"The padlock in your browser relies on maths a quantum computer would undo. Watch it happen to a real connection in this tab, then decide how much further you want to go.",active,,,2026-08-02,
curious,break,cta_primary_label,,Watch a real handshake,active,,,2026-08-02,2026-08-02 priority ruling: curious takes the TLS simulator (the clearest 'watch it break' tool); developer keeps priority on developer-specific resources and moves to the hybrid KEM pipeline.
curious,break,cta_primary_href,,/playground/tls-simulator,active,,,2026-08-02,2026-08-02 priority ruling: curious takes the TLS simulator (the clearest 'watch it break' tool); developer keeps priority on developer-specific resources and moves to the hybrid KEM pipeline.
curious,break,cta_secondary_label,,See what a breach costs,active,,,2026-08-02,Secondary CTA and item 2 are now this board's own BUSINESS tool (/tools/*). Before 2026-08-02 the boards leaned entirely on playground workshops.
curious,break,cta_secondary_href,,/business/tools/breach-simulator,active,,,2026-08-02,"Path corrected 2026-08-02: business tools are nested under /business (/business/tools/:toolId). /tools/<id> fell through to the catch-all route and silently rendered the HOME BOARD — the destination resolved, so nothing failed, it just showed the wrong page. Secondary CTA and item 2 are now this board's own BUSINESS tool (/tools/*). Before 2026-08-02 the boards leaned entirely on playground workshops."
curious,break,proof_chip,0,"Real cryptography, running here",active,,,2026-08-02,
curious,break,proof_chip,1,Plain English by default,active,,,2026-08-02,
curious,break,proof_chip,2,Plain English by default,active,,,2026-09-03,"2026-09-03: was 'Every term explained on hover' — PersonaBoardView.tsx renders proof chips, rows and card bodies as plain strings; no hover/glossary mechanism exists on the board itself. Reworded to a claim the board can back (its own headlines/subs are written in plain language)."
curious,break,side_card_title,,The bit that surprises people,active,,,2026-08-02,
curious,break,side_card_tone,,bad,active,,,2026-08-02,
curious,break,side_card_provenance,,guidance,active,,,2026-08-09,"Reclassified 2026-08-09 tile review. The chip renders provenance literally, and 'illustrative' says ""THIS USER'S INPUTS"" — false for a card asserting a general rule, which never becomes the user's data. See PersonaJourneyBoard.sideCard.provenance."
curious,break,side_card_row_label,0,Encrypted data captured today,active,,,2026-08-02,
curious,break,side_card_row_value,0,still readable later,active,,,2026-08-02,
curious,break,side_card_row_label,1,If it must stay secret for,active,,,2026-08-02,
curious,break,side_card_row_value,1,12 years,active,,,2026-08-02,
curious,break,side_card_row_label,2,And the machine arrives in,active,,,2026-08-02,
curious,break,side_card_row_value,2,{crqc_estimate_row},active,,,2026-08-23,"Fixed 2026-08-23: literal '~2032' contradicted every other CRQC figure on the site (consensus is 2033, window 2030-2036, per getCrqcConsensus()). The identical defect was fixed on the executive board 2026-08-02 (see that row's note) and left here. Tokenised rather than replaced with another literal so it cannot re-drift; renders the full range to match curious/howbad's own 'a range, not a date' framing rather than a bare year."
curious,break,side_card_punchline,,The deadline already passed for some data.,active,,,2026-08-02,
curious,break,side_card_footnote,,"Harvest now, decrypt later. That is the whole argument, and it is the one idea worth leaving with even if you read nothing else.",active,,,2026-08-02,
curious,break,grid_title,,Where you can go next,active,,,2026-08-02,"Rewritten 2026-08-02: the three items now map 1:1 onto THIS board's own destinations (1=primary CTA, 2=secondary CTA, 3=the workshop it rests on). They previously described tools the board did not link to."
curious,break,grid_sub,,"Optional, none of it locked",active,,,2026-08-02,"Rewritten 2026-08-02: the three items now map 1:1 onto THIS board's own destinations (1=primary CTA, 2=secondary CTA, 3=the workshop it rests on). They previously described tools the board did not link to."
curious,break,grid_card_title,0,"A real connection, in this tab",active,,,2026-08-02,2026-08-02 priority ruling: curious takes the TLS simulator (the clearest 'watch it break' tool); developer keeps priority on developer-specific resources and moves to the hybrid KEM pipeline.
curious,break,grid_card_body,0,The TLS 1.3 simulator runs an actual handshake — the same negotiation your browser does for the padlock — so you can see which part the quantum threat lands on.,active,,,2026-08-02,2026-08-02 priority ruling: curious takes the TLS simulator (the clearest 'watch it break' tool); developer keeps priority on developer-specific resources and moves to the hybrid KEM pipeline.
curious,break,grid_card_title,1,Try the actual command line,active,,,2026-09-03,"2026-09-03 (WS2 follow-up): was 'What it would actually cost', a plain duplicate of this card's own secondary CTA. Repointed to restore OpenSSL Studio coverage for curious after break[2] moved onto the Downgrade Attack tab instead."
curious,break,grid_card_body,1,"Nothing to install — the same OpenSSL your browser padlock depends on, running in a tab, if you want to go past what the simulator shows.",active,,,2026-09-03,2026-09-03 (WS2 follow-up): see title's note.
curious,break,grid_card_title,2,"Watch it actually fail, not just succeed",active,,,2026-09-03,"2026-09-03 (WS2 follow-up, CU-C5): was 'Why a handshake, of all things' → /playground/openssl-studio, a mismatch (the text is about the handshake break[0] already shows succeeding). The site's real 'watch it break' moment is the Downgrade Attack tab, previously unlinked from any board."
curious,break,grid_card_body,2,"The simulator above shows a handshake succeeding. This is the other half — an attacker forcing a downgrade to classical crypto, and what your connection does about it.",active,,,2026-09-03,2026-09-03 (WS2 follow-up): see title's note.
curious,break,track_title,,"{Essentials_count:curious} modules, {essentials_minutes:curious} minutes — and yes, that is still a lot.",active,,,2026-08-02,
curious,break,track_note,,"Worth saying plainly: at {essentials_minutes:curious} minutes this is longer than the executive track ({essentials_minutes:executive} min), which is not what you would expect. Take it in pieces — your progress is saved between visits.",active,,,2026-08-02,
curious,short,track_chip,0,PQC 101,active,,,2026-08-09,"Moved from `break` to `short` on 2026-08-09 with the re-rank: track_chip and capstone_chip_label are authored on the order-1 board and inherited by the rest, so they follow whichever board opens the page."
curious,short,track_chip,1,PQC candidates,active,,,2026-08-09,"Moved from `break` to `short` on 2026-08-09 with the re-rank: track_chip and capstone_chip_label are authored on the order-1 board and inherited by the rest, so they follow whichever board opens the page."
curious,short,track_chip,2,Quantum threats,active,,,2026-08-09,"Moved from `break` to `short` on 2026-08-09 with the re-rank: track_chip and capstone_chip_label are authored on the order-1 board and inherited by the rest, so they follow whichever board opens the page."
curious,short,track_chip,3,Risk basics,active,,,2026-08-09,"Moved from `break` to `short` on 2026-08-09 with the re-rank: track_chip and capstone_chip_label are authored on the order-1 board and inherited by the rest, so they follow whichever board opens the page."
curious,short,track_chip,4,Compliance timelines,active,,,2026-08-09,"Moved from `break` to `short` on 2026-08-09 with the re-rank: track_chip and capstone_chip_label are authored on the order-1 board and inherited by the rest, so they follow whichever board opens the page."
curious,short,track_chip,5,TLS basics,active,,,2026-08-09,"Moved from `break` to `short` on 2026-08-09 with the re-rank: track_chip and capstone_chip_label are authored on the order-1 board and inherited by the rest, so they follow whichever board opens the page."
curious,short,capstone_chip_label,,Quantum-Native,active,,,2026-08-09,"Moved from `break` to `short` on 2026-08-09 with the re-rank: track_chip and capstone_chip_label are authored on the order-1 board and inherited by the rest, so they follow whichever board opens the page."
executive,risk,hero_eyebrow,,Executive · risk position · the dates that already bind you,active,,,2026-08-02,
executive,risk,hero_badge_text,,Americas · Finance & Banking,deprecated,2026-09-03,"Superseded by live region/industry personalisation (WS7.2, PersonaBoardView.tsx liveBadgeText) -- this literal is no longer read by the app. Kept, not deleted, per CSV convention; hero_badge_tone rows for the same boards are left alone since heroBadge.tone is still part of the PersonaJourneyBoard type even though unread.",2026-09-03,2026-09-03: see mandate's note.
executive,risk,hero_badge_tone,,illustrative,deprecated,2026-09-03,"Orphaned once hero_badge_text was deprecated in the same pass -- the generator only emits heroBadge when hero_badge_text resolves (generate-role-board-content.ts), so this row has had nothing to pair with since.",2026-09-03,
executive,risk,headline,,Know what you are actually exposed to.,active,,,2026-08-02,
executive,risk,sub,,"The same {assess_quick_question_count} questions, scored. You get a risk position you can defend line by line, with each regulatory deadline attached to the finding it threatens rather than filed in an appendix.",active,,,2026-08-23,"Fixed 2026-08-23: the D-3 duration investigation traced every '/assess'-bound board CTA to the live flow it actually lands on — assessFlowModel.ts's RENDER_ORDER_QUICK (6 steps) and TRACK_INFO.quick (3 minutes), the track every one of these CTAs resolves to (executive's PERSONA_RECOMMENDED_MODE is 'quick'; ops/standing and curious/howbad link ?mode=quick explicitly). Every board guessed 'eight questions' at a duration somewhere between 6 and 11 minutes — the question count itself was wrong, not just the duration. Tokenised against personaConfig.ts's new ASSESS_QUICK_QUESTION_COUNT / ASSESS_QUICK_MINUTES (re-exports of assessFlowModel.ts's own TRACK_INFO.quick) so this can't re-drift if the quick track's step count or estimate ever changes."
executive,risk,cta_primary_label,,See a finished example report,active,,,2026-08-02,De-duplicated 2026-08-02: every board now points at its own destination — tls-simulator was on 6 boards and /migrate on 5.
executive,risk,cta_primary_href,,/report?example=1,active,,,2026-08-02,De-duplicated 2026-08-02: every board now points at its own destination — tls-simulator was on 6 boards and /migrate on 5.
executive,risk,cta_secondary_label,,Build the risk register,active,,,2026-08-02,Secondary CTA and item 2 are now this board's own BUSINESS tool (/tools/*). Before 2026-08-02 the boards leaned entirely on playground workshops.
executive,risk,cta_secondary_href,,/business/tools/risk-register,active,,,2026-08-02,"Path corrected 2026-08-02: business tools are nested under /business (/business/tools/:toolId). /tools/<id> fell through to the catch-all route and silently rendered the HOME BOARD — the destination resolved, so nothing failed, it just showed the wrong page. Secondary CTA and item 2 are now this board's own BUSINESS tool (/tools/*). Before 2026-08-02 the boards leaned entirely on playground workshops."
executive,risk,proof_chip,0,"{library_active_count} documents, trust-tiered",active,,,2026-09-03,"2026-09-03: see executive/evidence's proof_chip,0 note."
executive,risk,proof_chip,1,{regulatory_verified_phrase},active,,,2026-08-02,
executive,risk,proof_chip,2,Organised around the NIST CSWP.39 zones,active,,,2026-08-02,
executive,risk,proof_chip,3,How we verify,deprecated,2026-09-03,EX-C1: proof chips render as plain <li> pills with no href/onClick (PersonaBoardView.tsx); no page or section titled 'How we verify' exists anywhere in the app. Dead affordance -- the one chip a reader would try to click is the one that cannot be clicked.,2026-09-03,
executive,risk,side_card_title,,What the score is built from,active,,,2026-08-02,
executive,risk,side_card_tone,,warn,active,,,2026-08-02,
executive,risk,side_card_provenance,,illustrative,active,,,2026-08-02,
executive,risk,side_card_row_label,0,Questions you answer,active,,,2026-08-02,
executive,risk,side_card_row_value,0,{assess_quick_question_count_digit},active,,,2026-09-03,2026-09-03: literal '8' contradicted the tokenised '6 questions' rendered elsewhere on this same board. Tokenised.
executive,risk,side_card_row_label,1,Report sections generated,active,,,2026-08-02,
executive,risk,side_card_row_value,1,{report_sections_visible:executive},active,,,2026-09-03,"2026-09-03: was '{report_section_total}' = 17, the full report's section count; the executive's own report hides algorithmMigration (PERSONA_REPORT_CONFIG.executive), so it renders 16. Tokenised to the persona-aware count."
executive,risk,side_card_row_label,2,Governance artifacts attached,active,,,2026-08-02,
executive,risk,side_card_row_value,2,{artifacts_count:executive:governance},active,,,2026-08-02,
executive,risk,side_card_punchline,,A number you can put in front of an auditor.,active,,,2026-08-02,
executive,risk,side_card_footnote,,"Illustrative until you answer the {assess_quick_question_count} questions — the score, the sections and the artifacts are generated from your own answers, not from a sample estate.",active,,,2026-08-23,"Fixed 2026-08-23: the D-3 duration investigation traced every '/assess'-bound board CTA to the live flow it actually lands on — assessFlowModel.ts's RENDER_ORDER_QUICK (6 steps) and TRACK_INFO.quick (3 minutes), the track every one of these CTAs resolves to (executive's PERSONA_RECOMMENDED_MODE is 'quick'; ops/standing and curious/howbad link ?mode=quick explicitly). Every board guessed 'eight questions' at a duration somewhere between 6 and 11 minutes — the question count itself was wrong, not just the duration. Tokenised against personaConfig.ts's new ASSESS_QUICK_QUESTION_COUNT / ASSESS_QUICK_MINUTES (re-exports of assessFlowModel.ts's own TRACK_INFO.quick) so this can't re-drift if the quick track's step count or estimate ever changes."
executive,risk,grid_title,,What the score gives you,active,,,2026-08-02,"Rewritten 2026-08-02: the three items now map 1:1 onto THIS board's own destinations (1=primary CTA, 2=secondary CTA, 3=the workshop it rests on). They previously described tools the board did not link to."
executive,risk,grid_sub,,Generated from your {assess_quick_question_count} answers,active,,,2026-09-03,2026-09-03: literal '8 answers'; tokenised to match RENDER_ORDER_QUICK's real count of 6.
executive,risk,grid_card_title,0,"A finished report, before you start",active,,,2026-08-02,"Rewritten 2026-08-02: the three items now map 1:1 onto THIS board's own destinations (1=primary CTA, 2=secondary CTA, 3=the workshop it rests on). They previously described tools the board did not link to."
executive,risk,grid_card_body,0,The worked example renders a complete report under its own authored persona — you can read the output before committing to the assessment.,active,,,2026-08-02,"Rewritten 2026-08-02: the three items now map 1:1 onto THIS board's own destinations (1=primary CTA, 2=secondary CTA, 3=the workshop it rests on). They previously described tools the board did not link to."
executive,risk,grid_card_title,1,A register with owners on it,active,,,2026-08-02,Secondary CTA and item 2 are now this board's own BUSINESS tool (/tools/*). Before 2026-08-02 the boards leaned entirely on playground workshops.
executive,risk,grid_card_body,1,"The Risk Register Builder turns the score into named risks with impact, likelihood, an owner and a mitigation each — the form a risk committee accepts.",active,,,2026-08-02,Secondary CTA and item 2 are now this board's own BUSINESS tool (/tools/*). Before 2026-08-02 the boards leaned entirely on playground workshops.
executive,risk,grid_card_title,2,"Why a register, not just a score",active,,,2026-08-02,"Item 2 is this board's business tool, so item 3 carries the reasoning rather than repeating it. Executive boards cite no playground workshop by design."
executive,risk,grid_card_body,2,A number persuades a meeting once. A register with an owner against each risk is what survives the meeting and gets re-read next quarter.,active,,,2026-08-02,"Item 2 is this board's business tool, so item 3 carries the reasoning rather than repeating it. Executive boards cite no playground workshop by design."
executive,risk,track_title,,"Then, if you want the background: {essentials_vs_full:executive}.",active,,,2026-08-02,
executive,roadmap,hero_eyebrow,,Executive · sequenced plan · owners · KPIs,active,,,2026-08-02,
executive,roadmap,hero_badge_text,,Americas · Finance & Banking,deprecated,2026-09-03,"Superseded by live region/industry personalisation (WS7.2, PersonaBoardView.tsx liveBadgeText) -- this literal is no longer read by the app. Kept, not deleted, per CSV convention; hero_badge_tone rows for the same boards are left alone since heroBadge.tone is still part of the PersonaJourneyBoard type even though unread.",2026-09-03,2026-09-03: see mandate's note.
executive,roadmap,hero_badge_tone,,illustrative,deprecated,2026-09-03,"Orphaned once hero_badge_text was deprecated in the same pass -- the generator only emits heroBadge when hero_badge_text resolves (generate-role-board-content.ts), so this row has had nothing to pair with since.",2026-09-03,
executive,roadmap,headline,,Show a plan your regulator will accept.,active,,,2026-08-02,
executive,roadmap,sub,,"A sequenced roadmap with named owners, measurable KPIs and a policy draft — built from the same {assess_quick_question_count} answers, so your plan and your risk position cannot quietly disagree.",active,,,2026-09-03,2026-09-03: literal 'eight answers'; tokenised to match RENDER_ORDER_QUICK's real count of 6.
executive,roadmap,cta_primary_label,,Build the roadmap,active,,,2026-08-02,"Best-fit pairing, 2026-08-02: business tool or playground workshop chosen per use case and role rather than one of each by rule. No destination is used twice."
executive,roadmap,cta_primary_href,,/business/tools/roadmap-builder,active,,,2026-08-02,"Path corrected 2026-08-02: business tools are nested under /business (/business/tools/:toolId). /tools/<id> fell through to the catch-all route and silently rendered the HOME BOARD — the destination resolved, so nothing failed, it just showed the wrong page. Best-fit pairing, 2026-08-02: business tool or playground workshop chosen per use case and role rather than one of each by rule. No destination is used twice."
executive,roadmap,cta_secondary_label,,Check what already binds you,active,,,2026-08-02,"Best-fit pairing, 2026-08-02: business tool or playground workshop chosen per use case and role rather than one of each by rule. No destination is used twice."
executive,roadmap,cta_secondary_href,,/compliance,active,,,2026-08-02,"Best-fit pairing, 2026-08-02: business tool or playground workshop chosen per use case and role rather than one of each by rule. No destination is used twice."
executive,roadmap,proof_chip,0,Deadlines derived from the published timeline,active,,,2026-08-02,
executive,roadmap,proof_chip,1,{regulatory_verified_phrase},active,,,2026-08-02,
executive,roadmap,proof_chip,2,Organised around the NIST CSWP.39 zones,active,,,2026-08-02,
executive,roadmap,proof_chip,3,How we verify,deprecated,2026-09-03,EX-C1: proof chips render as plain <li> pills with no href/onClick (PersonaBoardView.tsx); no page or section titled 'How we verify' exists anywhere in the app. Dead affordance -- the one chip a reader would try to click is the one that cannot be clicked.,2026-09-03,
executive,roadmap,side_card_title,,What the plan contains,active,,,2026-08-02,
executive,roadmap,side_card_tone,,info,active,,,2026-08-02,
executive,roadmap,side_card_provenance,,illustrative,active,,,2026-08-02,
executive,roadmap,side_card_row_label,0,Governance artifacts,active,,,2026-08-02,
executive,roadmap,side_card_row_value,0,{artifacts_count:executive:governance},active,,,2026-08-02,
executive,roadmap,side_card_row_label,1,Report sections,active,,,2026-08-02,
executive,roadmap,side_card_row_value,1,{report_sections_visible:executive},active,,,2026-09-03,"2026-09-03: see executive/risk's side_card_row_value,1 note."
executive,roadmap,side_card_row_label,2,Teaching modules on your path,active,,,2026-08-23,Reworded 2026-08-23: same fix as executive/mandate track_note — labels the count as teaching-only rather than leaving it to silently disagree with the '(24 modules)' label ScoreCard renders elsewhere on the same page.
executive,roadmap,side_card_row_value,2,{recommended_path_no_quiz_count:executive},active,,,2026-08-02,
executive,roadmap,side_card_punchline,,"A plan, not a slide.",active,,,2026-08-02,
executive,roadmap,side_card_footnote,,"Illustrative until you answer the {assess_quick_question_count} questions. The artifact count is real; the section count is what this role's own report renders, hidden sections excluded.",active,,,2026-09-03,2026-09-03: reworded to match the persona-aware section count above.
executive,roadmap,grid_title,,What you walk out with,active,,,2026-08-02,"Rewritten 2026-08-02: the three items now map 1:1 onto THIS board's own destinations (1=primary CTA, 2=secondary CTA, 3=the workshop it rests on). They previously described tools the board did not link to."
executive,roadmap,grid_sub,,A plan someone can be held to,active,,,2026-08-02,"Rewritten 2026-08-02: the three items now map 1:1 onto THIS board's own destinations (1=primary CTA, 2=secondary CTA, 3=the workshop it rests on). They previously described tools the board did not link to."
executive,roadmap,grid_card_title,0,A two-track roadmap,active,,,2026-08-02,"Best-fit pairing, 2026-08-02: business tool or playground workshop chosen per use case and role rather than one of each by rule. No destination is used twice."
executive,roadmap,grid_card_body,0,"The Roadmap Builder sequences key-exchange/HNDL work alongside signatures and PKI across the framework's eight phases — a shape, not just a deadline.",active,,,2026-08-02,"Best-fit pairing, 2026-08-02: business tool or playground workshop chosen per use case and role rather than one of each by rule. No destination is used twice."
executive,roadmap,grid_card_title,1,What already binds you,active,,,2026-08-02,"Best-fit pairing, 2026-08-02: business tool or playground workshop chosen per use case and role rather than one of each by rule. No destination is used twice."
executive,roadmap,grid_card_body,1,The compliance view lists the standardization and certification frameworks in force and what each one already requires of you.,active,,,2026-08-02,"Best-fit pairing, 2026-08-02: business tool or playground workshop chosen per use case and role rather than one of each by rule. No destination is used twice."
executive,roadmap,grid_card_title,2,"Two tracks, not one list",active,,,2026-08-02,"Item 2 is this board's business tool, so item 3 carries the reasoning rather than repeating it. Executive boards cite no playground workshop by design."
executive,roadmap,grid_card_body,2,Harvest-now-decrypt-later work and signature/PKI work have different deadlines and different owners — a single ordered list hides that.,active,,,2026-08-02,"Item 2 is this board's business tool, so item 3 carries the reasoning rather than repeating it. Executive boards cite no playground workshop by design."
executive,roadmap,track_title,,"Then, if you want the background: {essentials_vs_full:executive}.",active,,,2026-08-02,
developer,inventory,hero_eyebrow,,Developer / Engineer · CBOM before code changes,active,,,2026-08-02,
developer,inventory,hero_badge_text,,Americas · Technology,deprecated,2026-09-03,"Superseded by live region/industry personalisation (WS7.2, PersonaBoardView.tsx liveBadgeText) -- this literal is no longer read by the app. Kept, not deleted, per CSV convention; hero_badge_tone rows for the same boards are left alone since heroBadge.tone is still part of the PersonaJourneyBoard type even though unread.",2026-09-03,"Region/industry context — same for every variant of this role, it describes the visitor not the option."
developer,inventory,hero_badge_tone,,sourced,deprecated,2026-09-03,"Orphaned once hero_badge_text was deprecated in the same pass -- the generator only emits heroBadge when hero_badge_text resolves (generate-role-board-content.ts), so this row has had nothing to pair with since.",2026-09-03,
developer,inventory,headline,,Find the crypto before you change it.,active,,,2026-08-02,
developer,inventory,sub,,"Most of your cryptography was chosen by a library default, not by you. A CBOM names what your services actually negotiate — start from the catalogue rather than from a grep.",active,,,2026-08-02,
developer,inventory,cta_primary_label,,Open OpenSSL Studio,active,,,2026-08-02,De-duplicated 2026-08-02: every board now points at its own destination — tls-simulator was on 6 boards and /migrate on 5.
developer,inventory,cta_primary_href,,/playground/openssl-studio,active,,,2026-08-02,De-duplicated 2026-08-02: every board now points at its own destination — tls-simulator was on 6 boards and /migrate on 5.
developer,inventory,cta_secondary_label,,Build the CBOM,active,,,2026-08-02,Secondary CTA and item 2 are now this board's own BUSINESS tool (/tools/*). Before 2026-08-02 the boards leaned entirely on playground workshops.
developer,inventory,cta_secondary_href,,/business/tools/crypto-cbom-builder,active,,,2026-08-02,"Path corrected 2026-08-02: business tools are nested under /business (/business/tools/:toolId). /tools/<id> fell through to the catch-all route and silently rendered the HOME BOARD — the destination resolved, so nothing failed, it just showed the wrong page. Secondary CTA and item 2 are now this board's own BUSINESS tool (/tools/*). Before 2026-08-02 the boards leaned entirely on playground workshops."
developer,inventory,proof_chip,0,Real OpenSSL 3.6.3 WASM in your browser,active,,,2026-09-03,"2026-09-03: was 'Real liboqs + SoftHSMv3 in your browser' — this board's destinations (OpenSSL Studio, CBOM Builder) use neither; OpenSSL Studio runs PQC natively in OpenSSL's own default provider since 3.5 (opensslLessons.ts:60)."
developer,inventory,proof_chip,1,Catalogue entries are proof-gated,active,,,2026-08-02,
developer,inventory,proof_chip,2,"No signup, no key required",active,,,2026-08-02,
developer,inventory,side_card_title,,What a CBOM has to name,active,,,2026-08-02,
developer,inventory,side_card_tone,,info,active,,,2026-08-02,
developer,inventory,side_card_provenance,,guidance,active,,,2026-09-03,"2026-09-03: was 'illustrative' ('THIS USER'S INPUTS'), but the card ('What a CBOM has to name') states a general rule, never the visitor's own data — the same reclassification closure and binds already got on 2026-08-09."
developer,inventory,side_card_row_label,0,Algorithms in use,active,,,2026-08-02,
developer,inventory,side_card_row_value,0,every suite you negotiate,active,,,2026-08-02,
developer,inventory,side_card_row_label,1,Where they came from,active,,,2026-08-02,
developer,inventory,side_card_row_value,1,"library defaults, not just your code",active,,,2026-08-02,
developer,inventory,side_card_row_label,2,What breaks first,active,,,2026-08-02,
developer,inventory,side_card_row_value,2,your longest-lived key,active,,,2026-08-02,
developer,inventory,side_card_punchline,,You cannot migrate what you have not named.,active,,,2026-08-02,
developer,inventory,side_card_footnote,,Illustrative framing. The catalogue's PQC-readiness data is real and proof-gated; what your own estate contains is something only your scan can answer.,active,,,2026-08-02,
developer,inventory,grid_title,,What you walk out with,active,,,2026-08-02,"Rewritten 2026-08-02: the three items now map 1:1 onto THIS board's own destinations (1=primary CTA, 2=secondary CTA, 3=the workshop it rests on). They previously described tools the board did not link to."
developer,inventory,grid_sub,,An inventory you can act on,active,,,2026-08-02,"Rewritten 2026-08-02: the three items now map 1:1 onto THIS board's own destinations (1=primary CTA, 2=secondary CTA, 3=the workshop it rests on). They previously described tools the board did not link to."
developer,inventory,grid_card_title,0,Score what a CBOM finds,active,,,2026-09-03,"2026-09-03 (WS2 follow-up): was 'A full OpenSSL environment', a plain duplicate of this card's own primary CTA. Repointed to restore Assess coverage for developer after inventory[2] moved onto OpenSSL Studio instead."
developer,inventory,grid_card_body,0,"The same crypto inventory a CBOM builds is what the quick assessment scores — six questions, from your own answers.",active,,,2026-09-03,2026-09-03 (WS2 follow-up): see title's note.
developer,inventory,grid_card_title,1,Where the CBOM lives once it's built,active,,,2026-09-03,"2026-09-03 (WS2 follow-up): was 'The CBOM itself', a plain duplicate of this card's own secondary CTA. Repointed to restore Command Center coverage for developer after sizing[2] moved off it."
developer,inventory,grid_card_body,1,The Assets zone tracks what a CBOM found against the rest of the migration programme — not a one-off document that goes stale.,active,,,2026-09-03,2026-09-03 (WS2 follow-up): see title's note. Assets is this board's own cswp39Zone (role_board_variants).
developer,inventory,grid_card_title,2,Inspect before you inventory,active,,,2026-08-02,"Rewritten 2026-08-02: the three items now map 1:1 onto THIS board's own destinations (1=primary CTA, 2=secondary CTA, 3=the workshop it rests on). They previously described tools the board did not link to."
developer,inventory,grid_card_body,2,Studio is where you read what a key or certificate really contains — the step before a CBOM is worth writing.,active,,,2026-08-02,"Rewritten 2026-08-02: the three items now map 1:1 onto THIS board's own destinations (1=primary CTA, 2=secondary CTA, 3=the workshop it rests on). They previously described tools the board did not link to."
developer,inventory,track_title,,"Then, the background: {essentials_vs_full:developer}.",active,,,2026-08-02,
developer,sizing,hero_eyebrow,,"Developer / Engineer · sizes, budgets, and what overflows",active,,,2026-08-02,
developer,sizing,hero_badge_text,,Americas · Technology,deprecated,2026-09-03,"Superseded by live region/industry personalisation (WS7.2, PersonaBoardView.tsx liveBadgeText) -- this literal is no longer read by the app. Kept, not deleted, per CSV convention; hero_badge_tone rows for the same boards are left alone since heroBadge.tone is still part of the PersonaJourneyBoard type even though unread.",2026-09-03,"Region/industry context — same for every variant of this role, it describes the visitor not the option."
developer,sizing,hero_badge_tone,,sourced,deprecated,2026-09-03,"Orphaned once hero_badge_text was deprecated in the same pass -- the generator only emits heroBadge when hero_badge_text resolves (generate-role-board-content.ts), so this row has had nothing to pair with since.",2026-09-03,
developer,sizing,headline,,The new sizes break your schema first.,active,,,2026-08-02,
developer,sizing,sub,,"An ML-DSA-65 signature is roughly fifty times an ECDSA one. Your token budget, your database column and your MTU all notice long before your cryptography does.",active,,,2026-08-02,
developer,sizing,cta_primary_label,,Sign a JWT with ML-DSA,active,,,2026-08-02,"Best-fit pairing, 2026-08-02: business tool or playground workshop chosen per use case and role rather than one of each by rule. No destination is used twice."
developer,sizing,cta_primary_href,,/playground/api-security-jwt,active,,,2026-08-02,"Best-fit pairing, 2026-08-02: business tool or playground workshop chosen per use case and role rather than one of each by rule. No destination is used twice."
developer,sizing,cta_secondary_label,,Size the certificate estate,active,,,2026-08-02,"Best-fit pairing, 2026-08-02: business tool or playground workshop chosen per use case and role rather than one of each by rule. No destination is used twice."
developer,sizing,cta_secondary_href,,/playground/cert-capacity,active,,,2026-08-02,"Best-fit pairing, 2026-08-02: business tool or playground workshop chosen per use case and role rather than one of each by rule. No destination is used twice."
developer,sizing,proof_chip,0,"Sizes from FIPS 203/204, not estimates",active,,,2026-08-02,
developer,sizing,proof_chip,1,Sizing model with its sources published,active,,,2026-08-23,"Reworded 2026-08-23: same fix as ops/capacity proof_chip,1 — see that row's note."
developer,sizing,proof_chip,2,"No signup, no key required",active,,,2026-08-02,
developer,sizing,side_card_title,,What the calculator tells you,active,,,2026-08-02,
developer,sizing,side_card_tone,,warn,active,,,2026-08-02,
developer,sizing,side_card_provenance,,sourced,active,,,2026-08-02,
developer,sizing,side_card_row_label,0,Enterprise workflows sized,active,,,2026-08-02,
developer,sizing,side_card_row_value,0,{hsm_use_cases_count},active,,,2026-08-02,
developer,sizing,side_card_row_label,1,ML-DSA-65 signature,active,,,2026-08-02,
developer,sizing,side_card_row_value,1,{ml_dsa_65_signature_only},active,,,2026-08-02,
developer,sizing,side_card_row_label,2,ML-DSA-65 in classical HSM firmware,active,,,2026-08-23,"Reworded 2026-08-23: see ops/capacity side_card_row_label,1 for the source (hsmCapacityDefaults.ts:391) — same figure, same fix, three boards."
developer,sizing,side_card_row_value,2,{ops_sidecard_throughput_row},active,,,2026-08-02,
developer,sizing,side_card_punchline,,Budget the cores before you budget the migration.,active,,,2026-08-02,
developer,sizing,side_card_footnote,,"Real figures, not illustrative — the HSM Capacity Calculator's own defaults, the same ones behind the IT Ops board.",active,,,2026-08-02,
developer,sizing,grid_title,,What you walk out with,active,,,2026-08-02,"Rewritten 2026-08-02: the three items now map 1:1 onto THIS board's own destinations (1=primary CTA, 2=secondary CTA, 3=the workshop it rests on). They previously described tools the board did not link to."
developer,sizing,grid_sub,,Numbers you can put in a ticket,active,,,2026-08-02,"Rewritten 2026-08-02: the three items now map 1:1 onto THIS board's own destinations (1=primary CTA, 2=secondary CTA, 3=the workshop it rests on). They previously described tools the board did not link to."
developer,sizing,grid_card_title,0,What's patented in the sizes you're choosing,active,,,2026-09-03,"2026-09-03 (WS2 follow-up): was 'A signed token you can measure', a plain duplicate of this card's own primary CTA. Repointed to restore Patents coverage for developer after algorithm[2] moved off it, with an honestly-scoped claim rather than the vague pairing algorithm[2] had."
developer,sizing,grid_card_body,0,"Picking ML-DSA-87 over -65 is also a choice about whose patents you might touch — worth knowing before it's a legal question, not just a byte one.",active,,,2026-09-03,2026-09-03 (WS2 follow-up): see title's note.
developer,sizing,grid_card_title,1,The catalogue behind these numbers,active,,,2026-09-03,"2026-09-03 (WS2 follow-up): was 'The same question, at PKI scale', a plain duplicate of this card's own secondary CTA. Repointed to restore Migrate coverage for developer after closure[2] moved off it."
developer,sizing,grid_card_body,1,"Every product these sizing figures assume is listed in the catalogue, with its actual PQC support checked — verify before you build a plan on an assumption.",active,,,2026-09-03,2026-09-03 (WS2 follow-up): see title's note.
developer,sizing,grid_card_title,2,Where the bytes land,active,,,2026-08-02,"Rewritten 2026-08-02: the three items now map 1:1 onto THIS board's own destinations (1=primary CTA, 2=secondary CTA, 3=the workshop it rests on). They previously described tools the board did not link to."
developer,sizing,grid_card_body,2,Certificates and tokens are what you see. HSM signing throughput is where the new sizes actually cost you — the same calculator IT Ops uses for a fleet applies to a single service too.,active,,,2026-09-03,"2026-09-03 (WS2 follow-up): was 'Token payloads, certificate chains and TLS records...', which described the board's own two CTAs rather than a third destination. Repointed to the HSM Capacity Calculator (DV-A6's own recommended fix, not applied at the time); the developer-role board here bends the one-tool-one-board convention per the 2026-09-03 decision, since the calculator's own figures are what this card's side card already cites."
developer,sizing,track_title,,"Then, the background: {essentials_vs_full:developer}.",active,,,2026-08-02,
architect,inventory,hero_eyebrow,,Security Architect · as-is before to-be,active,,,2026-08-02,
architect,inventory,hero_badge_text,,"Global · Technology, Telecommunications",deprecated,2026-09-03,"Superseded by live region/industry personalisation (WS7.2, PersonaBoardView.tsx liveBadgeText) -- this literal is no longer read by the app. Kept, not deleted, per CSV convention; hero_badge_tone rows for the same boards are left alone since heroBadge.tone is still part of the PersonaJourneyBoard type even though unread.",2026-09-03,"Region/industry context — same for every variant of this role, it describes the visitor not the option."
architect,inventory,hero_badge_tone,,sourced,deprecated,2026-09-03,"Orphaned once hero_badge_text was deprecated in the same pass -- the generator only emits heroBadge when hero_badge_text resolves (generate-role-board-content.ts), so this row has had nothing to pair with since.",2026-09-03,
architect,inventory,headline,,You cannot draw the to-be without the as-is.,active,,,2026-08-02,
architect,inventory,sub,,"Every library, HSM, protocol and CA in the estate, inventoried before the target architecture exists. A CBOM is what makes the diagram arguable rather than aspirational.",active,,,2026-08-02,
architect,inventory,cta_primary_label,,Document the architecture,active,,,2026-08-02,"Best-fit pairing, 2026-08-02: business tool or playground workshop chosen per use case and role rather than one of each by rule. No destination is used twice."
architect,inventory,cta_primary_href,,/business/tools/crypto-architecture-diagram,active,,,2026-08-02,"Path corrected 2026-08-02: business tools are nested under /business (/business/tools/:toolId). /tools/<id> fell through to the catch-all route and silently rendered the HOME BOARD — the destination resolved, so nothing failed, it just showed the wrong page. Best-fit pairing, 2026-08-02: business tool or playground workshop chosen per use case and role rather than one of each by rule. No destination is used twice."
architect,inventory,cta_secondary_label,,Build a certificate chain,active,,,2026-08-02,"Best-fit pairing, 2026-08-02: business tool or playground workshop chosen per use case and role rather than one of each by rule. No destination is used twice."
architect,inventory,cta_secondary_href,,/playground/pki-workshop,active,,,2026-08-02,"Best-fit pairing, 2026-08-02: business tool or playground workshop chosen per use case and role rather than one of each by rule. No destination is used twice."
architect,inventory,proof_chip,0,Catalogue entries are proof-gated,active,,,2026-08-02,
architect,inventory,proof_chip,1,KMIP 3.0 conformance corpus replays live,active,,,2026-08-02,
architect,inventory,proof_chip,2,"Real ML-KEM / ML-DSA / SLH-DSA, no server",active,,,2026-08-02,
architect,inventory,side_card_title,,What the as-is must name,active,,,2026-08-02,
architect,inventory,side_card_tone,,info,active,,,2026-08-02,
architect,inventory,side_card_provenance,,sourced,active,,,2026-08-09,"Reclassified 2026-08-09 tile review. The chip renders provenance literally, and 'illustrative' says ""THIS USER'S INPUTS"" — false for a card asserting a general rule, which never becomes the user's data. See PersonaJourneyBoard.sideCard.provenance."
architect,inventory,side_card_row_label,0,Layers this role's Migrate view opens on,active,,,2026-09-03,"2026-09-03: was 'Layers in the catalogue' under a SOURCED chip, but {migrate_layers_count:architect} counts this persona's Migrate lens (Cloud, Network, AppServers, Security Stack = 4), not the catalogue, which has 11 distinct infrastructure_layer values in pqc_product_catalog_09022026.csv. Relabelled to what the token actually counts; token unchanged."
architect,inventory,side_card_row_value,0,{migrate_layers_count:architect},active,,,2026-08-02,
architect,inventory,side_card_row_label,1,Agility tracked per,active,,,2026-08-02,
architect,inventory,side_card_row_value,1,"asset, not per algorithm",active,,,2026-08-02,
architect,inventory,side_card_row_label,2,Ownership recorded via,active,,,2026-08-02,
architect,inventory,side_card_row_value,2,RACI,active,,,2026-08-02,
architect,inventory,side_card_punchline,,"An inventory nobody owns is a document, not a control.",active,,,2026-08-02,
architect,inventory,side_card_footnote,,The catalogue's layer taxonomy and PQC-readiness data are real; the ownership model is the one this role's Command Center zone already assumes (RACI).,active,,,2026-09-03,2026-09-03: dropped the leading 'Illustrative framing.' — the card was reclassified to provenance=sourced on 2026-08-09 but this footnote's opening line was never updated to match.
architect,inventory,grid_title,,What you walk out with,active,,,2026-08-02,"Rewritten 2026-08-02: the three items now map 1:1 onto THIS board's own destinations (1=primary CTA, 2=secondary CTA, 3=the workshop it rests on). They previously described tools the board did not link to."
architect,inventory,grid_sub,,The evidence under the diagram,active,,,2026-08-02,"Rewritten 2026-08-02: the three items now map 1:1 onto THIS board's own destinations (1=primary CTA, 2=secondary CTA, 3=the workshop it rests on). They previously described tools the board did not link to."
architect,inventory,grid_card_title,0,"The as-is, written down",active,,,2026-08-02,"Best-fit pairing, 2026-08-02: business tool or playground workshop chosen per use case and role rather than one of each by rule. No destination is used twice."
architect,inventory,grid_card_body,0,"The Crypto Architecture Diagram records apps, libraries, HSMs, protocols, key stores and CAs with their dependencies — the inventory in a form a review board reads.",active,,,2026-08-02,"Best-fit pairing, 2026-08-02: business tool or playground workshop chosen per use case and role rather than one of each by rule. No destination is used twice."
architect,inventory,grid_card_title,1,"Verify a certificate by hand, not just by diagram",active,,,2026-09-03,"2026-09-03 (WS2 follow-up): was 'A chain you built yourself', a plain duplicate of this card's own secondary CTA. Repointed to restore OpenSSL Studio coverage for architect after inventory[2] moved onto the PKI workshop instead."
architect,inventory,grid_card_body,1,OpenSSL Studio is where you inspect what a CA actually issues at the command line — the same chain the diagram and the workshop both describe.,active,,,2026-09-03,2026-09-03 (WS2 follow-up): see title's note.
architect,inventory,grid_card_title,2,"Documented, then verified",active,,,2026-08-02,Item 3 rewritten after the best-fit re-pairing — it referenced a tool this board no longer links to.
architect,inventory,grid_card_body,2,The diagram is the deliverable; the chain workshop is how you check that what you drew is what your CAs actually issue.,active,,,2026-08-02,Item 3 rewritten after the best-fit re-pairing — it referenced a tool this board no longer links to.
architect,inventory,track_title,,"Then, the background: {essentials_vs_full:architect}.",active,,,2026-08-02,
architect,keystores,hero_eyebrow,,Security Architect · where the keys live,active,,,2026-08-02,
architect,keystores,hero_badge_text,,"Global · Technology, Telecommunications",deprecated,2026-09-03,"Superseded by live region/industry personalisation (WS7.2, PersonaBoardView.tsx liveBadgeText) -- this literal is no longer read by the app. Kept, not deleted, per CSV convention; hero_badge_tone rows for the same boards are left alone since heroBadge.tone is still part of the PersonaJourneyBoard type even though unread.",2026-09-03,"Region/industry context — same for every variant of this role, it describes the visitor not the option."
architect,keystores,hero_badge_tone,,sourced,deprecated,2026-09-03,"Orphaned once hero_badge_text was deprecated in the same pass -- the generator only emits heroBadge when hero_badge_text resolves (generate-role-board-content.ts), so this row has had nothing to pair with since.",2026-09-03,
architect,keystores,headline,,Decide where the keys live.,active,,,2026-08-02,
architect,keystores,sub,,"HSM partitions, KMS policy and TPM-backed device identity all behave differently under ML-DSA. Size them before you commit to a date in someone else's plan.",active,,,2026-08-02,
architect,keystores,cta_primary_label,,"Wrap a key, KMS-style",active,,,2026-08-02,De-duplicated 2026-08-02: every board now points at its own destination — tls-simulator was on 6 boards and /migrate on 5.
architect,keystores,cta_primary_href,,/playground/envelope-encrypt,active,,,2026-08-02,De-duplicated 2026-08-02: every board now points at its own destination — tls-simulator was on 6 boards and /migrate on 5.
architect,keystores,cta_secondary_label,,Plan the modernization,active,,,2026-08-02,Secondary CTA and item 2 are now this board's own BUSINESS tool (/tools/*). Before 2026-08-02 the boards leaned entirely on playground workshops.
architect,keystores,cta_secondary_href,,/business/tools/infra-modernization-planner,active,,,2026-08-02,"Path corrected 2026-08-02: business tools are nested under /business (/business/tools/:toolId). /tools/<id> fell through to the catch-all route and silently rendered the HOME BOARD — the destination resolved, so nothing failed, it just showed the wrong page. Secondary CTA and item 2 are now this board's own BUSINESS tool (/tools/*). Before 2026-08-02 the boards leaned entirely on playground workshops."
architect,keystores,proof_chip,0,"Real PKCS#11 engine, in your browser",active,,,2026-08-02,
architect,keystores,proof_chip,1,Sizing from real FIPS 203/204 key sizes,active,,,2026-08-02,
architect,keystores,proof_chip,2,TPM 2.0 conformance checks run locally,active,,,2026-08-02,
architect,keystores,side_card_title,,What changes in the key store,active,,,2026-08-02,
architect,keystores,side_card_tone,,warn,active,,,2026-08-02,
architect,keystores,side_card_provenance,,sourced,active,,,2026-08-02,
architect,keystores,side_card_row_label,0,ML-DSA-65 signature,active,,,2026-08-02,
architect,keystores,side_card_row_value,0,{ml_dsa_65_signature_only},active,,,2026-08-02,
architect,keystores,side_card_row_label,1,ML-DSA-65 in classical HSM firmware,active,,,2026-08-23,"Reworded 2026-08-23: see ops/capacity side_card_row_label,1 for the source (hsmCapacityDefaults.ts:391) — same figure, same fix, three boards."
architect,keystores,side_card_row_value,1,{ops_sidecard_throughput_row},active,,,2026-08-02,
architect,keystores,side_card_row_label,2,Keys in the sample estate,active,,,2026-08-02,
architect,keystores,side_card_row_value,2,{migration_estate_key_count},active,,,2026-08-02,
architect,keystores,side_card_punchline,,"Capacity is an architecture decision, not an ops surprise.",active,,,2026-08-02,
architect,keystores,side_card_footnote,,Real figures — the capacity calculator's own defaults and the migration estate this playground actually ships with.,active,,,2026-08-02,
architect,keystores,grid_title,,What you walk out with,active,,,2026-08-02,"Rewritten 2026-08-02: the three items now map 1:1 onto THIS board's own destinations (1=primary CTA, 2=secondary CTA, 3=the workshop it rests on). They previously described tools the board did not link to."
architect,keystores,grid_sub,,Decisions with numbers attached,active,,,2026-08-02,"Rewritten 2026-08-02: the three items now map 1:1 onto THIS board's own destinations (1=primary CTA, 2=secondary CTA, 3=the workshop it rests on). They previously described tools the board did not link to."
architect,keystores,grid_card_title,0,What's patented in the KMS envelope pattern,active,,,2026-09-03,"2026-09-03 (WS2 follow-up): was 'Envelope encryption, end to end', a plain duplicate of this card's own primary CTA. Repointed to restore Patents coverage for architect after protocols[2] moved off it."
architect,keystores,grid_card_body,0,ML-KEM key-wrap patterns are still an active patent landscape — worth checking before you standardise your own envelope format on one implementation.,active,,,2026-09-03,2026-09-03 (WS2 follow-up): see title's note.
architect,keystores,grid_card_title,1,"The parts list, not the route",active,,,2026-08-09,"Rewritten 2026-08-09 after reading it in a browser next to the other five Explore cards. The version written earlier the same day repeated the ops board almost exactly — its second clause (""for when the question is what exists, not what to do next"") was WORD-FOR-WORD the ops card, and the first clause the same sentence with two synonyms swapped. Six boards saying the same thing is worse than five, because a reader moving between them learns the cards are filler. This one is now about the architect job specifically: taking inventory of capability before placing it in a design."
architect,keystores,grid_card_body,1,"Every section indexed by subject — for checking whether a capability exists at all, before deciding where it belongs in the design.",active,,,2026-08-09,"Rewritten 2026-08-09 after reading it in a browser next to the other five Explore cards. The version written earlier the same day repeated the ops board almost exactly — its second clause (""for when the question is what exists, not what to do next"") was WORD-FOR-WORD the ops card, and the first clause the same sentence with two synonyms swapped. Six boards saying the same thing is worse than five, because a reader moving between them learns the cards are filler. This one is now about the architect job specifically: taking inventory of capability before placing it in a design."
architect,keystores,grid_card_title,2,The people who wrote the specs you're designing against,active,,,2026-09-03,"2026-09-03 (WS2 follow-up): was 'Where the keys live' — text about the envelope workshop (keystores[0]'s own destination) wrongly linked to /leaders. Rather than move the href and lose Community coverage, rewrote the text to argue for what /leaders actually offers: KMIP and PKCS#11 are not anonymous standards. This matches the original 2026-08-09 retro-fit's own stated angle for this card, which the text had since drifted away from."
architect,keystores,grid_card_body,2,"KMIP and PKCS#11 aren't anonymous standards — the engineers who wrote them are named, and worth knowing when your control plane has to interoperate with someone else's implementation.",active,,,2026-09-03,2026-09-03 (WS2 follow-up): see title's note. href (/leaders) unchanged.
architect,keystores,track_title,,"Then, the background: {essentials_vs_full:architect}.",active,,,2026-08-02,
ops,cutover,hero_eyebrow,,IT Ops · rehearse before the change window,active,,,2026-08-02,
ops,cutover,hero_badge_text,,"Americas · Energy & Utilities, Telecommunications",deprecated,2026-09-03,"Superseded by live region/industry personalisation (WS7.2, PersonaBoardView.tsx liveBadgeText) -- this literal is no longer read by the app. Kept, not deleted, per CSV convention; hero_badge_tone rows for the same boards are left alone since heroBadge.tone is still part of the PersonaJourneyBoard type even though unread.",2026-09-03,"Region/industry context — same for every variant of this role, it describes the visitor not the option."
ops,cutover,hero_badge_tone,,sourced,deprecated,2026-09-03,"Orphaned once hero_badge_text was deprecated in the same pass -- the generator only emits heroBadge when hero_badge_text resolves (generate-role-board-content.ts), so this row has had nothing to pair with since.",2026-09-03,
ops,cutover,headline,,Rehearse the cutover before renewal day.,active,,,2026-08-02,
ops,cutover,sub,,"A hybrid IKEv2 tunnel and an ML-DSA certificate, end to end in this tab, so the first time you meet a fragmentation bug is not at 2am inside a change window.",active,,,2026-09-03,"2026-09-03: was 'Hybrid tunnels and hybrid certificates' — vpn-sim's certificate auth is RSA-3072 or pure ML-DSA-44/65/87 self-signed (VpnSimulationPanel.tsx:813,2656-2672); no hybrid/composite certificate is issued anywhere the workshop reaches."
ops,cutover,cta_primary_label,,Run an IKEv2 hybrid handshake,active,,,2026-08-02,De-duplicated 2026-08-02: every board now points at its own destination — tls-simulator was on 6 boards and /migrate on 5.
ops,cutover,cta_primary_href,,/playground/vpn-sim,active,,,2026-08-02,De-duplicated 2026-08-02: every board now points at its own destination — tls-simulator was on 6 boards and /migrate on 5.
ops,cutover,cta_secondary_label,,Write the playbook,active,,,2026-08-02,Secondary CTA and item 2 are now this board's own BUSINESS tool (/tools/*). Before 2026-08-02 the boards leaned entirely on playground workshops.
ops,cutover,cta_secondary_href,,/business/tools/deployment-playbook,active,,,2026-08-02,"Path corrected 2026-08-02: business tools are nested under /business (/business/tools/:toolId). /tools/<id> fell through to the catch-all route and silently rendered the HOME BOARD — the destination resolved, so nothing failed, it just showed the wrong page. Secondary CTA and item 2 are now this board's own BUSINESS tool (/tools/*). Before 2026-08-02 the boards leaned entirely on playground workshops."
ops,cutover,proof_chip,0,Real IKEv2 handshake — strongSwan in WASM,active,,,2026-09-03,"2026-09-03: was 'Real TLS 1.3 handshake, in your browser' — the board's only handshake destination (/playground/vpn-sim) is IKEv2, not TLS 1.3 (VpnSimulationPanel.tsx proposals aes256-sha256-mlkem<size>[-ke1_ecp256], KE methods 35/36/37). Reworded to what actually runs."
ops,cutover,proof_chip,1,"ML-KEM key exchange, IKE methods 35/36/37",active,,,2026-09-03,2026-09-03: was 'Hybrid groups X25519MLKEM768 and friends' — X25519MLKEM768 is a TLS 1.3 group (IANA 4588) and does not appear in the VPN simulator. Reworded to the real IKEv2 KE method IDs.
ops,cutover,proof_chip,2,Log exportable,active,,,2026-08-02,
ops,cutover,side_card_title,,What the rehearsal covers,active,,,2026-08-02,
ops,cutover,side_card_tone,,info,active,,,2026-08-02,
ops,cutover,side_card_provenance,,guidance,active,,,2026-08-09,"Reclassified 2026-08-09 tile review. The chip renders provenance literally, and 'illustrative' says ""THIS USER'S INPUTS"" — false for a card asserting a general rule, which never becomes the user's data. See PersonaJourneyBoard.sideCard.provenance."
ops,cutover,side_card_row_label,0,Protocols exercised,active,,,2026-08-02,
ops,cutover,side_card_row_value,0,"IPsec (IKEv2), with SSH one board over",active,,,2026-09-03,"2026-09-03: was 'TLS 1.3, IPsec, SSH' — this board's only destination is IPsec (IKEv2); SSH is the argument card's destination (see below), TLS 1.3 belongs to other boards."
ops,cutover,side_card_row_label,1,What fails first,active,,,2026-08-02,
ops,cutover,side_card_row_value,1,MTU and fragmentation,active,,,2026-08-02,
ops,cutover,side_card_row_label,2,Rollback,active,,,2026-08-02,
ops,cutover,side_card_row_value,2,classical suites stay negotiable,active,,,2026-08-02,
ops,cutover,side_card_punchline,,"Find the fragmentation bug in a tab, not in a change window.",active,,,2026-08-02,
ops,cutover,side_card_footnote,,The handshakes are real; which of them your estate breaks on is not something we can know for you. Treat the failure order as a starting hypothesis.,active,,,2026-08-02,
ops,cutover,grid_title,,What you walk out with,active,,,2026-08-02,"Rewritten 2026-08-02: the three items now map 1:1 onto THIS board's own destinations (1=primary CTA, 2=secondary CTA, 3=the workshop it rests on). They previously described tools the board did not link to."
ops,cutover,grid_sub,,A rehearsal you can repeat,active,,,2026-08-02,"Rewritten 2026-08-02: the three items now map 1:1 onto THIS board's own destinations (1=primary CTA, 2=secondary CTA, 3=the workshop it rests on). They previously described tools the board did not link to."
ops,cutover,grid_card_title,0,A full IKEv2 handshake,active,,,2026-08-02,"Rewritten 2026-08-02: the three items now map 1:1 onto THIS board's own destinations (1=primary CTA, 2=secondary CTA, 3=the workshop it rests on). They previously described tools the board did not link to."
ops,cutover,grid_card_body,0,"The VPN simulator runs IKEv2 in WASM with PKCS#11 crypto routed through SoftHSMv3, and the live C_* calls open for inspection.",active,,,2026-08-02,"Rewritten 2026-08-02: the three items now map 1:1 onto THIS board's own destinations (1=primary CTA, 2=secondary CTA, 3=the workshop it rests on). They previously described tools the board did not link to."
ops,cutover,grid_card_title,1,"The rehearsal, written down",active,,,2026-08-02,Secondary CTA and item 2 are now this board's own BUSINESS tool (/tools/*). Before 2026-08-02 the boards leaned entirely on playground workshops.
ops,cutover,grid_card_body,1,"The Deployment Playbook generates the rollout with rollback procedures and validation steps — for the night itself, not the tab.",active,,,2026-08-02,Secondary CTA and item 2 are now this board's own BUSINESS tool (/tools/*). Before 2026-08-02 the boards leaned entirely on playground workshops.
ops,cutover,grid_card_title,2,"Two protocols, not one",active,,,2026-08-02,"Rewritten 2026-08-02: the three items now map 1:1 onto THIS board's own destinations (1=primary CTA, 2=secondary CTA, 3=the workshop it rests on). They previously described tools the board did not link to."
ops,cutover,grid_card_body,2,The cutover rarely fails in the protocol you rehearsed — which is why this board carries both.,active,,,2026-08-02,"Rewritten 2026-08-02: the three items now map 1:1 onto THIS board's own destinations (1=primary CTA, 2=secondary CTA, 3=the workshop it rests on). They previously described tools the board did not link to."
ops,cutover,track_title,,"Then, the background: {essentials_vs_full:ops}.",active,,,2026-08-02,
ops,suppliers,hero_eyebrow,,IT Ops · your renewals depend on their roadmaps,active,,,2026-08-02,
ops,suppliers,hero_badge_text,,"Americas · Energy & Utilities, Telecommunications",deprecated,2026-09-03,"Superseded by live region/industry personalisation (WS7.2, PersonaBoardView.tsx liveBadgeText) -- this literal is no longer read by the app. Kept, not deleted, per CSV convention; hero_badge_tone rows for the same boards are left alone since heroBadge.tone is still part of the PersonaJourneyBoard type even though unread.",2026-09-03,"Region/industry context — same for every variant of this role, it describes the visitor not the option."
ops,suppliers,hero_badge_tone,,sourced,deprecated,2026-09-03,"Orphaned once hero_badge_text was deprecated in the same pass -- the generator only emits heroBadge when hero_badge_text resolves (generate-role-board-content.ts), so this row has had nothing to pair with since.",2026-09-03,
ops,suppliers,headline,,Your renewals commit you to someone else's timeline.,active,,,2026-08-02,
ops,suppliers,sub,,"Every certificate you renew this year ties you to a vendor's PQC schedule for its whole lifetime. Check theirs against yours before you sign, not after.",active,,,2026-08-02,
ops,suppliers,cta_primary_label,,Check vendor roadmaps,active,,,2026-08-02,De-duplicated 2026-08-02: every board now points at its own destination — tls-simulator was on 6 boards and /migrate on 5.
ops,suppliers,cta_primary_href,,/migrate?tab=roadmaps,active,,,2026-08-02,De-duplicated 2026-08-02: every board now points at its own destination — tls-simulator was on 6 boards and /migrate on 5.
ops,suppliers,cta_secondary_label,,Score your vendors,active,,,2026-08-02,Secondary CTA and item 2 are now this board's own BUSINESS tool (/tools/*). Before 2026-08-02 the boards leaned entirely on playground workshops.
ops,suppliers,cta_secondary_href,,/business/tools/vendor-scorecard,active,,,2026-08-02,"Path corrected 2026-08-02: business tools are nested under /business (/business/tools/:toolId). /tools/<id> fell through to the catch-all route and silently rendered the HOME BOARD — the destination resolved, so nothing failed, it just showed the wrong page. Secondary CTA and item 2 are now this board's own BUSINESS tool (/tools/*). Before 2026-08-02 the boards leaned entirely on playground workshops."
ops,suppliers,proof_chip,0,Vendor claims are proof-gated,active,,,2026-08-02,
ops,suppliers,proof_chip,1,CNSA 2.0 mandate dates built in,active,,,2026-08-02,
ops,suppliers,proof_chip,2,Every roadmap links to the vendor's own source,active,,,2026-08-02,
ops,suppliers,side_card_title,,What to ask a supplier,active,,,2026-08-02,
ops,suppliers,side_card_tone,,info,active,,,2026-08-02,
ops,suppliers,side_card_provenance,,guidance,active,,,2026-08-09,"Reclassified 2026-08-09 tile review. The chip renders provenance literally, and 'illustrative' says ""THIS USER'S INPUTS"" — false for a card asserting a general rule, which never becomes the user's data. See PersonaJourneyBoard.sideCard.provenance."
ops,suppliers,side_card_row_label,0,Named algorithms,active,,,2026-08-02,
ops,suppliers,side_card_row_value,0,not the words quantum-safe,active,,,2026-08-02,
ops,suppliers,side_card_row_label,1,A dated commitment,active,,,2026-08-02,
ops,suppliers,side_card_row_value,1,not on our roadmap,active,,,2026-08-02,
ops,suppliers,side_card_row_label,2,Evidence,active,,,2026-08-02,
ops,suppliers,side_card_row_value,2,a certificate or a published spec,active,,,2026-08-02,
ops,suppliers,side_card_punchline,,A roadmap without a date is a press release.,active,,,2026-08-02,
ops,suppliers,side_card_footnote,,"Illustrative checklist. The vendor data behind the catalogue is proof-gated — every claim there carries a link to the vendor's own published source, or it is not shown.",active,,,2026-08-02,
ops,suppliers,grid_title,,What you walk out with,active,,,2026-08-02,"Rewritten 2026-08-02: the three items now map 1:1 onto THIS board's own destinations (1=primary CTA, 2=secondary CTA, 3=the workshop it rests on). They previously described tools the board did not link to."
ops,suppliers,grid_sub,,Questions with evidence behind them,active,,,2026-08-02,"Rewritten 2026-08-02: the three items now map 1:1 onto THIS board's own destinations (1=primary CTA, 2=secondary CTA, 3=the workshop it rests on). They previously described tools the board did not link to."
ops,suppliers,grid_card_title,0,Supplier roadmaps as published,active,,,2026-08-02,"Rewritten 2026-08-02: the three items now map 1:1 onto THIS board's own destinations (1=primary CTA, 2=secondary CTA, 3=the workshop it rests on). They previously described tools the board did not link to."
ops,suppliers,grid_card_body,0,"Vendor PQC roadmaps quoted as issued rather than summarised, each linked to the vendor's own source or not shown at all.",active,,,2026-08-02,"Rewritten 2026-08-02: the three items now map 1:1 onto THIS board's own destinations (1=primary CTA, 2=secondary CTA, 3=the workshop it rests on). They previously described tools the board did not link to."
ops,suppliers,grid_card_title,1,Claims made comparable,active,,,2026-08-02,Secondary CTA and item 2 are now this board's own BUSINESS tool (/tools/*). Before 2026-08-02 the boards leaned entirely on playground workshops.
ops,suppliers,grid_card_body,1,The Vendor Scorecard Builder turns roadmap claims into a comparable PQC-readiness assessment per supplier.,active,,,2026-08-02,Secondary CTA and item 2 are now this board's own BUSINESS tool (/tools/*). Before 2026-08-02 the boards leaned entirely on playground workshops.
ops,suppliers,grid_card_title,2,A date means nothing without enrollment,active,,,2026-08-02,"Rewritten 2026-08-02: the three items now map 1:1 onto THIS board's own destinations (1=primary CTA, 2=secondary CTA, 3=the workshop it rests on). They previously described tools the board did not link to."
ops,suppliers,grid_card_body,2,A roadmap date is a claim. An EST or CMP enrollment that mints a real ML-DSA certificate is a demonstration.,active,,,2026-09-03,"2026-09-03: was 'If a supplier cannot enrol a PQC certificate, their roadmap date is a press release. This board lets you check both.' — the board offered no enrollment destination; 'check both' was a promise the board could not keep."
ops,suppliers,track_title,,"Then, the background: {essentials_vs_full:ops}.",active,,,2026-08-02,
researcher,reproduce,hero_eyebrow,,Researcher / Academic · run it yourself · export the log,active,,,2026-08-02,
researcher,reproduce,hero_badge_text,,All regions · unfiltered,deprecated,2026-09-03,"Superseded by live region/industry personalisation (WS7.2, PersonaBoardView.tsx liveBadgeText) -- this literal is no longer read by the app. Kept, not deleted, per CSV convention; hero_badge_tone rows for the same boards are left alone since heroBadge.tone is still part of the PersonaJourneyBoard type even though unread.",2026-09-03,"Region/industry context — same for every variant of this role, it describes the visitor not the option."
researcher,reproduce,hero_badge_tone,,illustrative,deprecated,2026-09-03,"Orphaned once hero_badge_text was deprecated in the same pass -- the generator only emits heroBadge when hero_badge_text resolves (generate-role-board-content.ts), so this row has had nothing to pair with since.",2026-09-03,
researcher,reproduce,headline,,Run the tests yourself.,active,,,2026-08-02,
researcher,reproduce,sub,,"Known-answer tests against pinned NIST ACVP vectors and an SP 800-90B health-test suite, each in the tab that owns it. Copy the log.",active,,,2026-09-03,"2026-09-03: was 'ACVP vectors, known-answer tests and the 25-check TCG V1.85 runner all execute locally in this tab. Export the log.' — this board's own workshops are slh-dsa (a functional KAT, not ACVP) and entropy-test (SP 800-90B); the TPM runner belongs to architect/defend's workshop_ids, not this board's, and was never true here. The argument card below now links the real pinned-ACVP KAT runner. 'Export' corrected to 'Copy' — the workshops offer clipboard copy, not a file export."
researcher,reproduce,cta_primary_label,,Run SLH-DSA sign and verify,active,,,2026-08-02,"Best-fit pairing, 2026-08-02: business tool or playground workshop chosen per use case and role rather than one of each by rule. No destination is used twice."
researcher,reproduce,cta_primary_href,,/playground/slh-dsa,active,,,2026-08-02,"Best-fit pairing, 2026-08-02: business tool or playground workshop chosen per use case and role rather than one of each by rule. No destination is used twice."
researcher,reproduce,cta_secondary_label,,Run the SP 800-90B entropy suite,active,,,2026-08-02,"Best-fit pairing, 2026-08-02: business tool or playground workshop chosen per use case and role rather than one of each by rule. No destination is used twice."
researcher,reproduce,cta_secondary_href,,/playground/entropy-test,active,,,2026-08-02,"Best-fit pairing, 2026-08-02: business tool or playground workshop chosen per use case and role rather than one of each by rule. No destination is used twice."
researcher,reproduce,proof_chip,0,"ACVP + KAT run locally, not asserted",active,,,2026-08-02,
researcher,reproduce,proof_chip,1,"Real SoftHSMv3, compiled to WASM",active,,,2026-09-03,"2026-09-03: was 'Real liboqs + SoftHSMv3 compiled to WASM' — no destination on this board (or anywhere in the repo's researcher boards) uses liboqs; SLHDSALiveDemo.tsx runs via SoftHSM3 PKCS#11 v3.2, which is real."
researcher,reproduce,proof_chip,2,Log exportable,active,,,2026-08-02,
researcher,reproduce,proof_chip,3,Drift guards fail the build on silent data change,active,,,2026-08-02,
researcher,reproduce,side_card_title,,What you can reproduce here,active,,,2026-08-02,
researcher,reproduce,side_card_tone,,accent,active,,,2026-08-02,
researcher,reproduce,side_card_provenance,,sourced,active,,,2026-08-02,
researcher,reproduce,side_card_row_label,0,Hash-based signatures,active,,,2026-08-02,
researcher,reproduce,side_card_row_value,0,"SLH-DSA, XMSS, LMS",active,,,2026-08-02,
researcher,reproduce,side_card_row_label,1,Randomness,active,,,2026-08-02,
researcher,reproduce,side_card_row_value,1,entropy and DRBG tests,active,,,2026-08-02,
researcher,reproduce,side_card_row_label,2,Certificate structure,active,,,2026-08-02,
researcher,reproduce,side_card_row_value,2,Merkle inclusion proofs,active,,,2026-08-02,
researcher,reproduce,side_card_punchline,,Nothing here asks you to trust it.,active,,,2026-08-02,
researcher,reproduce,side_card_footnote,,"The named workshops run real implementations locally — SoftHSMv3 compiled to WebAssembly for SLH-DSA, your browser's own RNG for entropy — not recorded output replayed back at you.",active,,,2026-09-03,"2026-09-03: was '...liboqs and SoftHSMv3 compiled to WebAssembly...' — see proof_chip,1's note; entropy-test runs on the browser's Web Crypto RNG, not a WASM library."
researcher,reproduce,grid_title,,What the workspace gives you,active,,,2026-08-02,"Rewritten 2026-08-02: the three items now map 1:1 onto THIS board's own destinations (1=primary CTA, 2=secondary CTA, 3=the workshop it rests on). They previously described tools the board did not link to."
researcher,reproduce,grid_sub,,"Instruments, not assertions",active,,,2026-08-02,"Rewritten 2026-08-02: the three items now map 1:1 onto THIS board's own destinations (1=primary CTA, 2=secondary CTA, 3=the workshop it rests on). They previously described tools the board did not link to."
researcher,reproduce,grid_card_title,0,All 12 FIPS 205 parameter sets,active,,,2026-08-02,"Best-fit pairing, 2026-08-02: business tool or playground workshop chosen per use case and role rather than one of each by rule. No destination is used twice."
researcher,reproduce,grid_card_body,0,"SLH-DSA sign and verify across every parameter set, pre-hash variants included, executed locally in the browser.",active,,,2026-08-02,"Best-fit pairing, 2026-08-02: business tool or playground workshop chosen per use case and role rather than one of each by rule. No destination is used twice."
researcher,reproduce,grid_card_title,1,"Randomness, tested not asserted",active,,,2026-08-02,"Best-fit pairing, 2026-08-02: business tool or playground workshop chosen per use case and role rather than one of each by rule. No destination is used twice."
researcher,reproduce,grid_card_body,1,"The SP 800-90B health tests — repetition count, adaptive proportion and MCV min-entropy — alongside monobit, runs and chi-squared checks, run against live output rather than quoted from a datasheet.",active,,,2026-08-23,"Fixed 2026-08-23: attributed monobit and frequency to SP 800-90B, which are SP 800-22 tests. workshopRegistry.tsx:410-417 already carries this exact correction (with the old wording preserved in a code comment) — the home board was the copy that missed it."
researcher,reproduce,grid_card_title,2,Where the vectors themselves run,active,,,2026-09-03,2026-09-03: was 'Nothing here is recorded output' — repointed alongside the href to the real ACVP KAT runner; see href's note.
researcher,reproduce,grid_card_body,2,"Pinned NIST ACVP vectors, run live in this tab — the same standard both workshops above draw their own known-answer tests from.",active,,,2026-09-03,"2026-09-03: was 'Both workshops run real implementations compiled to WebAssembly, alongside the 25-check TCG V1.85 runner. The log is exportable, so the claim is yours to check.' — see href's note."
researcher,reproduce,track_title,,"Learning path: available, never pushed.",active,,,2026-08-02,
researcher,reproduce,track_note,,"This is a reference shelf, not a curriculum — browse at your own pace, nothing here is sequenced for you.",active,,,2026-08-02,
researcher,threatmodel,hero_eyebrow,,Researcher / Academic · the estimate and its sources,active,,,2026-09-03,2026-09-03: dropped '...and its objections' — see provenance sub's note.
researcher,threatmodel,hero_badge_text,,All regions · unfiltered,deprecated,2026-09-03,"Superseded by live region/industry personalisation (WS7.2, PersonaBoardView.tsx liveBadgeText) -- this literal is no longer read by the app. Kept, not deleted, per CSV convention; hero_badge_tone rows for the same boards are left alone since heroBadge.tone is still part of the PersonaJourneyBoard type even though unread.",2026-09-03,"Region/industry context — same for every variant of this role, it describes the visitor not the option."
researcher,threatmodel,hero_badge_tone,,illustrative,deprecated,2026-09-03,"Orphaned once hero_badge_text was deprecated in the same pass -- the generator only emits heroBadge when hero_badge_text resolves (generate-role-board-content.ts), so this row has had nothing to pair with since.",2026-09-03,
researcher,threatmodel,headline,,Argue with the threat model.,active,,,2026-08-02,
researcher,threatmodel,sub,,"CRQC arrival is a distribution, not a date. The consensus window and every source behind it are on file and dated.",active,,,2026-09-03,2026-09-03: dropped '...and the strongest published objections are all on file and all dated' — see provenance sub's note.
researcher,threatmodel,cta_primary_label,,Plan a CRQC scenario,active,,,2026-08-02,"Best-fit pairing, 2026-08-02: business tool or playground workshop chosen per use case and role rather than one of each by rule. No destination is used twice."
researcher,threatmodel,cta_primary_href,,/business/tools/crqc-scenario,active,,,2026-08-02,"Path corrected 2026-08-02: business tools are nested under /business (/business/tools/:toolId). /tools/<id> fell through to the catch-all route and silently rendered the HOME BOARD — the destination resolved, so nothing failed, it just showed the wrong page. Best-fit pairing, 2026-08-02: business tool or playground workshop chosen per use case and role rather than one of each by rule. No destination is used twice."
researcher,threatmodel,cta_secondary_label,,Read the threat economics,active,,,2026-08-02,"Best-fit pairing, 2026-08-02: business tool or playground workshop chosen per use case and role rather than one of each by rule. No destination is used twice."
researcher,threatmodel,cta_secondary_href,,/threats,active,,,2026-08-02,"Best-fit pairing, 2026-08-02: business tool or playground workshop chosen per use case and role rather than one of each by rule. No destination is used twice."
researcher,threatmodel,proof_chip,0,Every source dated and tiered,active,,,2026-09-03,2026-09-03: was 'Counter-claims dataset · CVE snapshots' — see provenance's note.
researcher,threatmodel,proof_chip,1,Authoritative / Core / Supporting / Contextual source tiers,active,,,2026-09-03,2026-09-03: 'High/Moderate/Low' is not this site's vocabulary — trustedSourcesData.ts's real tiers are Authoritative/Core/Supporting/Contextual (same fix already applied to executive/evidence).
researcher,threatmodel,proof_chip,2,"{library_active_count} documents, trust-tiered",active,,,2026-09-03,"2026-09-03: see executive/evidence's proof_chip,0 note."
researcher,threatmodel,proof_chip,3,Drift guards fail the build on silent data change,active,,,2026-08-02,
researcher,threatmodel,side_card_title,,The CRQC consensus,active,,,2026-08-02,
researcher,threatmodel,side_card_tone,,bad,active,,,2026-08-02,
researcher,threatmodel,side_card_provenance,,illustrative,active,,,2026-09-03,"2026-09-03: was 'sourced' — rows 1-2 (EXEC_EXPOSURE.secrecyYears/migrationYears) are the executive board's own illustrative planning assumptions, not data the researcher board sourced; only row 0 (CRQC consensus) is genuinely sourced."
researcher,threatmodel,side_card_row_label,0,Consensus estimate,active,,,2026-08-02,
researcher,threatmodel,side_card_row_value,0,{exec_crqc_estimate_row},active,,,2026-08-02,
researcher,threatmodel,side_card_row_label,1,Assumed secrecy need,active,,,2026-09-03,2026-09-03: was 'Data must stay secret' stated as fact; see provenance's note.
researcher,threatmodel,side_card_row_value,1,{exec_secrecy_row},active,,,2026-08-02,
researcher,threatmodel,side_card_row_label,2,Assumed migration time,active,,,2026-09-03,2026-09-03: was 'A migration takes' stated as fact; see provenance's note.
researcher,threatmodel,side_card_row_value,2,{exec_migration_row},active,,,2026-08-02,
researcher,threatmodel,side_card_punchline,,{exec_mosca_punchline},active,,,2026-08-02,
researcher,threatmodel,side_card_footnote,,{exec_mosca_footnote},active,,,2026-08-02,
researcher,threatmodel,grid_title,,What the workspace gives you,active,,,2026-08-02,"Rewritten 2026-08-02: the three items now map 1:1 onto THIS board's own destinations (1=primary CTA, 2=secondary CTA, 3=the workshop it rests on). They previously described tools the board did not link to."
researcher,threatmodel,grid_sub,,The estimate and its dissent,active,,,2026-08-02,"Rewritten 2026-08-02: the three items now map 1:1 onto THIS board's own destinations (1=primary CTA, 2=secondary CTA, 3=the workshop it rests on). They previously described tools the board did not link to."
researcher,threatmodel,grid_card_title,0,"Scenarios, not a single date",active,,,2026-08-02,"Best-fit pairing, 2026-08-02: business tool or playground workshop chosen per use case and role rather than one of each by rule. No destination is used twice."
researcher,threatmodel,grid_card_body,0,The CRQC Scenario Planner models cryptographically relevant quantum computer arrival scenarios and what each one implies for your own horizon.,active,,,2026-08-23,"Fixed 2026-08-23: dropped the hyphens ('cryptographically-relevant-quantum-computer') so this board matches the repo's canonical unhyphenated form — see executive/mandate side_card_row_label,2's note; three boards had three different spellings of the same term."
researcher,threatmodel,grid_card_title,1,"The threat data, with its sources",active,,,2026-08-02,"Best-fit pairing, 2026-08-02: business tool or playground workshop chosen per use case and role rather than one of each by rule. No destination is used twice."
researcher,threatmodel,grid_card_body,1,"Threat Economics, the CRQC Capability Watch and the Z-estimate, each figure carrying the sources behind it.",active,,,2026-08-02,"Best-fit pairing, 2026-08-02: business tool or playground workshop chosen per use case and role rather than one of each by rule. No destination is used twice."
researcher,threatmodel,grid_card_title,2,"Patents are evidence of work, not of talk",active,,,2026-09-03,"2026-09-03 (WS2 follow-up): was 'An estimate, not a date' — text about CRQC source medians, wrongly linked to /patents. Rather than move the href and lose Patents coverage (no other researcher board carries it), rewrote the text to argue for what /patents actually offers a researcher: a filing predates the press release, one more way to tell real progress from announcement on a topic full of both."
researcher,threatmodel,grid_card_body,2,"A patent filing predates the press release — checking who has actually filed is one more way to tell real progress from marketing, on a topic full of both.",active,,,2026-09-03,2026-09-03 (WS2 follow-up): see title's note. href (/patents) unchanged.
researcher,threatmodel,track_title,,"Learning path: available, never pushed.",active,,,2026-08-02,
researcher,threatmodel,track_note,,"This is a reference shelf, not a curriculum — browse at your own pace, nothing here is sequenced for you.",active,,,2026-08-02,
curious,short,hero_eyebrow,,No background needed · about 30 seconds · nothing to install,active,,,2026-08-02,
curious,short,hero_badge_text,,Americas · unfiltered,deprecated,2026-09-03,"Superseded by live region/industry personalisation (WS7.2, PersonaBoardView.tsx liveBadgeText) -- this literal is no longer read by the app. Kept, not deleted, per CSV convention; hero_badge_tone rows for the same boards are left alone since heroBadge.tone is still part of the PersonaJourneyBoard type even though unread.",2026-09-03,"Region/industry context — same for every variant of this role, it describes the visitor not the option."
curious,short,hero_badge_tone,,illustrative,deprecated,2026-09-03,"Orphaned once hero_badge_text was deprecated in the same pass -- the generator only emits heroBadge when hero_badge_text resolves (generate-role-board-content.ts), so this row has had nothing to pair with since.",2026-09-03,
curious,short,headline,,"Thirty seconds, then decide.",active,,,2026-08-02,
curious,short,sub,,"Someone can record encrypted traffic today and open it years later, once the right computer exists. That is the whole argument. Everything else is detail.",active,,,2026-08-02,
curious,short,cta_primary_label,,Take the guided path,active,,,2026-08-02,De-duplicated 2026-08-02: every board now points at its own destination — tls-simulator was on 6 boards and /migrate on 5.
curious,short,cta_primary_href,,/learn,active,,,2026-08-02,De-duplicated 2026-08-02: every board now points at its own destination — tls-simulator was on 6 boards and /migrate on 5.
curious,short,cta_secondary_label,,The cost of waiting,active,,,2026-08-02,Secondary CTA and item 2 are now this board's own BUSINESS tool (/tools/*). Before 2026-08-02 the boards leaned entirely on playground workshops.
curious,short,cta_secondary_href,,/business/tools/cost-of-inaction,active,,,2026-08-02,"Path corrected 2026-08-02: business tools are nested under /business (/business/tools/:toolId). /tools/<id> fell through to the catch-all route and silently rendered the HOME BOARD — the destination resolved, so nothing failed, it just showed the wrong page. Secondary CTA and item 2 are now this board's own BUSINESS tool (/tools/*). Before 2026-08-02 the boards leaned entirely on playground workshops."
curious,short,proof_chip,0,Plain English by default,active,,,2026-08-02,
curious,short,proof_chip,1,Plain English by default,active,,,2026-09-03,2026-09-03: was 'Every term explained on hover' — see curious/break's proof_chip note.
curious,short,proof_chip,2,Nothing to install,active,,,2026-08-02,
curious,short,side_card_title,,The one idea,active,,,2026-08-02,
curious,short,side_card_tone,,bad,active,,,2026-08-02,
curious,short,side_card_provenance,,guidance,active,,,2026-08-09,"Reclassified 2026-08-09 tile review. The chip renders provenance literally, and 'illustrative' says ""THIS USER'S INPUTS"" — false for a card asserting a general rule, which never becomes the user's data. See PersonaJourneyBoard.sideCard.provenance."
curious,short,side_card_row_label,0,Recorded today,active,,,2026-08-02,
curious,short,side_card_row_value,0,opened later,active,,,2026-08-02,
curious,short,side_card_row_label,1,Nothing you do now,active,,,2026-08-02,
curious,short,side_card_row_value,1,un-records it,active,,,2026-08-02,
curious,short,side_card_row_label,2,So the fix,active,,,2026-08-02,
curious,short,side_card_row_value,2,change the lock before then,active,,,2026-08-02,
curious,short,side_card_punchline,,"Harvest now, decrypt later.",active,,,2026-08-02,
curious,short,side_card_footnote,,"An illustrative framing of the harvest-now-decrypt-later argument. The dates it depends on are on the timeline, with sources.",active,,,2026-08-02,
curious,short,grid_title,,Where you can go next,active,,,2026-08-02,"Rewritten 2026-08-02: the three items now map 1:1 onto THIS board's own destinations (1=primary CTA, 2=secondary CTA, 3=the workshop it rests on). They previously described tools the board did not link to."
curious,short,grid_sub,,"Optional, none of it sequenced",active,,,2026-08-02,"Rewritten 2026-08-02: the three items now map 1:1 onto THIS board's own destinations (1=primary CTA, 2=secondary CTA, 3=the workshop it rests on). They previously described tools the board did not link to."
curious,short,grid_card_title,0,One guided path,active,,,2026-08-02,"Rewritten 2026-08-02: the three items now map 1:1 onto THIS board's own destinations (1=primary CTA, 2=secondary CTA, 3=the workshop it rests on). They previously described tools the board did not link to."
curious,short,grid_card_body,0,"The learning path is a single route through post-quantum cryptography, ordered for whichever role you pick.",active,,,2026-08-02,"Rewritten 2026-08-02: the three items now map 1:1 onto THIS board's own destinations (1=primary CTA, 2=secondary CTA, 3=the workshop it rests on). They previously described tools the board did not link to."
curious,short,grid_card_title,1,What waiting actually costs,active,,,2026-08-09,"Reworded 2026-08-09: this was word-for-word the same as the board's own secondary CTA label, so the phrase appeared twice on one screen. Harmless while `short` sat at order 2; the re-rank makes it the board curious opens on."
curious,short,grid_card_body,1,"The Cost of Inaction Analyzer models the discounted cost of delaying — breach exposure and harvest-now-decrypt-later residual among them. It opens with worked defaults, and gets sharper once you have answered the assessment.",active,,,2026-09-03,"2026-09-03: was '...The console itself opens after your first assessment — it works from your own answers.' No code gates this tool behind an assessment; CostOfInactionAnalyzer.tsx opens with real default inputs (delayYears=2, etc.) today. The sentence mirrored the rail's PERSONA_ABSENT_PATHS.curious['/business'] reason without a build behind it; per the 2026-09-03 decision the gate is abandoned, not built, so the copy now says what the tool actually does."
curious,short,grid_card_title,2,Thirty seconds was the point,active,,,2026-08-02,"Rewritten 2026-08-02: the three items now map 1:1 onto THIS board's own destinations (1=primary CTA, 2=secondary CTA, 3=the workshop it rests on). They previously described tools the board did not link to."
curious,short,grid_card_body,2,If you stop here you already have the argument. Everything above is optional detail.,active,,,2026-08-02,"Rewritten 2026-08-02: the three items now map 1:1 onto THIS board's own destinations (1=primary CTA, 2=secondary CTA, 3=the workshop it rests on). They previously described tools the board did not link to."
curious,short,track_title,,Start anywhere. Nothing is locked.,active,,,2026-08-02,
curious,short,track_note,,"Optional, none of it sequenced — pick what looks interesting and stop when you have had enough.",active,,,2026-08-02,
curious,mylife,hero_eyebrow,,No background needed · about 6 minutes · nothing to install,active,,,2026-08-02,
curious,mylife,hero_badge_text,,Americas · unfiltered,deprecated,2026-09-03,"Superseded by live region/industry personalisation (WS7.2, PersonaBoardView.tsx liveBadgeText) -- this literal is no longer read by the app. Kept, not deleted, per CSV convention; hero_badge_tone rows for the same boards are left alone since heroBadge.tone is still part of the PersonaJourneyBoard type even though unread.",2026-09-03,"Region/industry context — same for every variant of this role, it describes the visitor not the option."
curious,mylife,hero_badge_tone,,illustrative,deprecated,2026-09-03,"Orphaned once hero_badge_text was deprecated in the same pass -- the generator only emits heroBadge when hero_badge_text resolves (generate-role-board-content.ts), so this row has had nothing to pair with since.",2026-09-03,
curious,mylife,headline,,Where this actually touches you.,active,,,2026-08-02,
curious,mylife,sub,,"The money you move, the ID in your phone and your medical records all lean on the same maths. Here is what changes for each, and which one cannot wait.",active,,,2026-08-23,"Reworded 2026-08-23: 'card payments' didn't match this board's actual money destination (grid_card_href,1 = /playground/bitcoin-flow, and that card's own body text says 'Classical crypto, shown as what is being migrated away from' — Bitcoin is not card payments). Kept all three examples (D-4: health records stays; deleting the board's best teaching point to close a linking gap was the wrong fix)."
curious,mylife,cta_primary_label,,Walk through a digital ID wallet,active,,,2026-08-02,"Best-fit pairing, 2026-08-02: business tool or playground workshop chosen per use case and role rather than one of each by rule. No destination is used twice."
curious,mylife,cta_primary_href,,/playground/digital-id,active,,,2026-08-02,"Best-fit pairing, 2026-08-02: business tool or playground workshop chosen per use case and role rather than one of each by rule. No destination is used twice."
curious,mylife,cta_secondary_label,,Follow a Bitcoin transaction,active,,,2026-08-02,"Best-fit pairing, 2026-08-02: business tool or playground workshop chosen per use case and role rather than one of each by rule. No destination is used twice."
curious,mylife,cta_secondary_href,,/playground/bitcoin-flow,active,,,2026-08-02,"Best-fit pairing, 2026-08-02: business tool or playground workshop chosen per use case and role rather than one of each by rule. No destination is used twice."
curious,mylife,proof_chip,0,"Real cryptography, running here",active,,,2026-08-02,
curious,mylife,proof_chip,1,Plain English by default,active,,,2026-08-02,
curious,mylife,proof_chip,2,Plain English by default,active,,,2026-09-03,"2026-09-03: see curious/break's proof_chip,2 note."
curious,mylife,side_card_title,,Three things it touches,active,,,2026-08-02,
curious,mylife,side_card_tone,,info,active,,,2026-08-02,
curious,mylife,side_card_provenance,,guidance,active,,,2026-08-09,"Reclassified 2026-08-09 tile review. The chip renders provenance literally, and 'illustrative' says ""THIS USER'S INPUTS"" — false for a card asserting a general rule, which never becomes the user's data. See PersonaJourneyBoard.sideCard.provenance."
curious,mylife,side_card_row_label,0,Payments,active,,,2026-08-02,
curious,mylife,side_card_row_value,0,the card in your pocket,active,,,2026-08-02,
curious,mylife,side_card_row_label,1,Identity,active,,,2026-08-02,
curious,mylife,side_card_row_value,1,the ID in your phone,active,,,2026-08-02,
curious,mylife,side_card_row_label,2,Health records,active,,,2026-08-02,
curious,mylife,side_card_row_value,2,kept for decades,active,,,2026-08-02,
curious,mylife,side_card_punchline,,Long-lived data is the part that cannot wait.,active,,,2026-08-02,
curious,mylife,side_card_footnote,,Illustrative examples chosen because their data outlives the lock protecting it. The underlying standards for each are in the library.,active,,,2026-08-02,
curious,mylife,grid_title,,Where you can go next,active,,,2026-08-02,"Rewritten 2026-08-02: the three items now map 1:1 onto THIS board's own destinations (1=primary CTA, 2=secondary CTA, 3=the workshop it rests on). They previously described tools the board did not link to."
curious,mylife,grid_sub,,"Three doors, all optional",active,,,2026-08-02,"Rewritten 2026-08-02: the three items now map 1:1 onto THIS board's own destinations (1=primary CTA, 2=secondary CTA, 3=the workshop it rests on). They previously described tools the board did not link to."
curious,mylife,grid_card_title,0,The ID in your phone,active,,,2026-08-02,"Best-fit pairing, 2026-08-02: business tool or playground workshop chosen per use case and role rather than one of each by rule. No destination is used twice."
curious,mylife,grid_card_body,0,"Set up a digital ID in your phone — issuance, proving who you are to a stranger app, and the wallet that holds it.",active,,,2026-09-03,"2026-09-03: was the registry description verbatim ('the full EUDI wallet lifecycle: wallet, PID issuance, attestation, relying-party verification and the QES provider') — EUDI, PID, attestation, relying-party and QES are all unexplained jargon on a 'no background needed' board."
curious,mylife,grid_card_title,1,Where the health-records case comes from,active,,,2026-09-03,"2026-09-03 (WS2 follow-up): was 'The money', a plain duplicate of this card's own secondary CTA. Repointed to restore Library coverage for curious after mylife[2] moved onto the healthcare module instead."
curious,mylife,grid_card_body,1,The plain-language shelf behind every claim on this board — including why medical records specifically cannot wait.,active,,,2026-09-03,2026-09-03 (WS2 follow-up): see title's note.
curious,mylife,grid_card_title,2,The one that cannot wait,active,,,2026-09-03,"2026-09-03 (WS2 follow-up, D6/CU-D6): was 'Why these two' → /library?purpose=education. Health records were named as the case that cannot wait but had no destination of their own on this board (a known, deliberately-recorded gap from 2026-08-23). /learn/healthcare-pqc renders a curious-mode summary opening on exactly this HNDL argument."
curious,mylife,grid_card_body,2,"Medical records outlive the lock protecting them by decades — the clearest case for encrypting today. Identity and money are where you can watch the change happen right now, in the two doors on the left.",active,,,2026-09-03,2026-09-03 (WS2 follow-up): see title's note.
curious,mylife,track_title,,Start anywhere. Nothing is locked.,active,,,2026-08-02,
curious,mylife,track_note,,"Optional, none of it sequenced — pick what looks interesting and stop when you have had enough.",active,,,2026-08-02,
architect,inventory,grid_card_href,0,/business/tools/crypto-architecture-diagram,active,,,2026-08-09,"Restructured 2026-08-09 tile review: cards 1-2 are destinations and carry the link; card 3 is the argument the renderer highlights and carries none, because its text is a claim rather than a place. Card-3 links had text describing an argument and an href going somewhere unrelated."
ops,suppliers,grid_card_href,0,/migrate?tab=roadmaps,active,,,2026-08-09,"Restructured 2026-08-09 tile review: cards 1-2 are destinations and carry the link; card 3 is the argument the renderer highlights and carries none, because its text is a claim rather than a place. Card-3 links had text describing an argument and an href going somewhere unrelated."
executive,deadlines,hero_eyebrow,,Executive · the dates you did not choose,active,,,2026-08-09,
executive,deadlines,hero_badge_text,,Americas · Finance & Banking,deprecated,2026-09-03,"Superseded by live region/industry personalisation (WS7.2, PersonaBoardView.tsx liveBadgeText) -- this literal is no longer read by the app. Kept, not deleted, per CSV convention; hero_badge_tone rows for the same boards are left alone since heroBadge.tone is still part of the PersonaJourneyBoard type even though unread.",2026-09-03,2026-09-03: see mandate's note.
executive,deadlines,hero_badge_tone,,illustrative,deprecated,2026-09-03,"Orphaned once hero_badge_text was deprecated in the same pass -- the generator only emits heroBadge when hero_badge_text resolves (generate-role-board-content.ts), so this row has had nothing to pair with since.",2026-09-03,
executive,deadlines,headline,,The dates were set without you.,active,,,2026-08-09,
executive,deadlines,sub,,"CNSA 2.0 carries fixed PQC years; NIS2 and DORA carry compliance dates that reach the same systems, though not PQC-specific ones. Which of them reach your estate, in what order, and what the threat data says about the year after that.",active,,,2026-09-03,2026-09-03: NIS2 (transposition Oct 2024) and DORA (effective Jan 2025) carry real compliance dates but neither sets a post-quantum deadline; grouping them with CNSA 2.0 read as though all three did. Clarified without dropping the mandates.
executive,deadlines,cta_primary_label,,See the mandate timeline,active,,,2026-08-09,
executive,deadlines,cta_primary_href,,/timeline,active,,,2026-08-09,
executive,deadlines,cta_secondary_label,,Read the threat economics,active,,,2026-08-09,
executive,deadlines,cta_secondary_href,,/threats,active,,,2026-08-09,
executive,deadlines,proof_chip,0,Deadlines derived from the published timeline,active,,,2026-08-09,
executive,deadlines,proof_chip,1,{regulatory_verified_phrase},active,,,2026-09-03,2026-09-03: was a hand-typed literal duplicating {regulatory_verified_phrase}. Tokenised so it tracks the corrected derivation (see personaBoardLiveMetrics.ts's 2026-09-03 note) instead of drifting from it.
executive,deadlines,proof_chip,2,The CRQC estimate carries its dissent,active,,,2026-08-09,
executive,deadlines,side_card_title,,The three dates that matter,active,,,2026-08-09,
executive,deadlines,side_card_tone,,bad,active,,,2026-08-09,
executive,deadlines,side_card_provenance,,sourced,active,,,2026-08-09,
executive,deadlines,side_card_row_label,0,"CNSA 2.0 exclusive use (web, cloud, OS)",active,,,2026-09-03,"2026-09-03: relabelled — verified against NSA's CNSA 2.0 Suite table (PP-22-1338, Sept 2022, fetched 2026-09-03): 2033 is the exclusive-use year for web browsers/servers/cloud services and operating systems specifically, not the 'full transition' the old label claimed. A new row below carries the real full-NSS-transition year (2035, NSM-10)."
executive,deadlines,side_card_row_value,0,{cnsa2_year:networkingExclusive},active,,,2026-09-03,"2026-09-03: literal '2033' tokenised against CNSA_2_0.networkingExclusive (regulatoryTimelines.ts), verified against the source PDF."
executive,deadlines,side_card_row_label,1,CRQC consensus,active,,,2026-08-09,
executive,deadlines,side_card_row_value,1,{crqc_estimate_row},active,,,2026-08-23,"Tokenised 2026-08-23: caught by audit-role-board-literals.ts's backfill run as a raw literal '2033 (2030-2036)' duplicating the exact value {exec_crqc_estimate_row} and {crqc_estimate_row} already compute from getCrqcConsensus() on three other boards. Currently correct, but exactly the un-sourced-duplicate shape that let '~2032' drift on curious/break for three weeks unnoticed — tokenised so it can't happen a third time."
executive,deadlines,side_card_row_label,2,Your migration takes,active,,,2026-08-09,
executive,deadlines,side_card_row_value,2,{exec_migration_row},active,,,2026-09-03,"2026-09-03: literal '5 yrs' tokenised against EXEC_MIGRATION_ROW, the same illustrative-assumption export the executive/mandate Mosca card already uses."
executive,deadlines,side_card_punchline,,Three of these four are not yours to move.,active,,,2026-09-03,2026-09-03: corrected — the migration-duration row (Mosca's y) is the one figure an organisation partly controls; the two CNSA years and the CRQC estimate are not. 'None' overclaimed.
executive,deadlines,side_card_footnote,,"Mandate dates are read from the published timeline; the CRQC window is the consensus estimate with its range shown, not a point forecast.",active,,,2026-08-09,
executive,deadlines,grid_title,,What you walk out with,active,,,2026-08-09,
executive,deadlines,grid_sub,,Dates with sources attached,active,,,2026-08-09,
executive,deadlines,grid_card_title,0,"What replaces what, and when",active,,,2026-08-09,
executive,deadlines,grid_card_body,0,"The transition guide, algorithm by algorithm, each status linked to the NIST publication that set it.",active,,,2026-08-09,
executive,deadlines,grid_card_href,0,/algorithms?tab=transition,active,,,2026-08-09,
executive,deadlines,grid_card_title,1,The zones a regulator will ask about,active,,,2026-08-09,
executive,deadlines,grid_card_body,1,"Your obligations grouped the way NIST CSWP.39 groups them, so the gaps map onto the questions.",active,,,2026-08-09,
executive,deadlines,grid_card_href,1,/compliance?tab=cswp39,active,,,2026-08-09,
executive,deadlines,grid_card_title,2,Two of these dates are not yours,active,,,2026-08-09,"Restructured 2026-08-09 tile review: cards 1-2 are destinations and carry the link; card 3 is the argument the renderer highlights and carries none, because its text is a claim rather than a place. Card-3 links had text describing an argument and an href going somewhere unrelated."
executive,deadlines,grid_card_body,2,You can change how long your migration takes. You cannot change when CNSA 2.0 lands or when the machine arrives — so the only variable you control is when you start.,active,,,2026-08-09,"Restructured 2026-08-09 tile review: cards 1-2 are destinations and carry the link; card 3 is the argument the renderer highlights and carries none, because its text is a claim rather than a place. Card-3 links had text describing an argument and an href going somewhere unrelated."
executive,deadlines,track_title,,"Then, if you want the background: {essentials_vs_full:executive}.",active,,,2026-08-09,
executive,evidence,hero_eyebrow,,Executive · the question your CFO will ask,active,,,2026-08-09,
executive,evidence,hero_badge_text,,Americas · Finance & Banking,deprecated,2026-09-03,"Superseded by live region/industry personalisation (WS7.2, PersonaBoardView.tsx liveBadgeText) -- this literal is no longer read by the app. Kept, not deleted, per CSV convention; hero_badge_tone rows for the same boards are left alone since heroBadge.tone is still part of the PersonaJourneyBoard type even though unread.",2026-09-03,2026-09-03: see mandate's note.
executive,evidence,hero_badge_tone,,illustrative,deprecated,2026-09-03,"Orphaned once hero_badge_text was deprecated in the same pass -- the generator only emits heroBadge when hero_badge_text resolves (generate-role-board-content.ts), so this row has had nothing to pair with since.",2026-09-03,
executive,evidence,headline,,Where did these numbers come from?,active,,,2026-08-09,
executive,evidence,sub,,"Every figure in your board pack traces to a dated, tiered source. The corrections are public, the people behind the standards are named, and the patent filings show who is actually building this rather than announcing it.",active,,,2026-08-09,
executive,evidence,cta_primary_label,,Open the evidence corpus,active,,,2026-08-09,
executive,evidence,cta_primary_href,,/library?purpose=planning,active,,,2026-08-09,
executive,evidence,cta_secondary_label,,See who is behind the standards,active,,,2026-08-09,
executive,evidence,cta_secondary_href,,/leaders,active,,,2026-08-09,
executive,evidence,proof_chip,0,"{library_active_count} documents, trust-tiered",active,,,2026-09-03,"2026-09-03: 'sources' overstated what LIBRARY_ACTIVE_SOURCE_COUNT actually counts (active library documents, personaBoardLiveMetrics.ts:29) — the trusted_sources registry itself has 1030 active rows, a different count."
executive,evidence,proof_chip,1,Every correction logged and dated,active,,,2026-08-09,
executive,evidence,proof_chip,2,Authoritative / Core / Supporting / Contextual source tiers,active,,,2026-09-03,2026-09-03: 'High/Moderate/Low' is not this site's vocabulary — trustedSourcesData.ts's real tiers are Authoritative/Core/Supporting/Contextual.
executive,evidence,side_card_title,,What backs a claim here,active,,,2026-08-09,
executive,evidence,side_card_tone,,info,active,,,2026-08-09,
executive,evidence,side_card_provenance,,sourced,active,,,2026-08-09,"Reclassified 2026-08-09 tile review. The chip renders provenance literally, and 'illustrative' says ""THIS USER'S INPUTS"" — false for a card asserting a general rule, which never becomes the user's data. See PersonaJourneyBoard.sideCard.provenance."
executive,evidence,side_card_row_label,0,Source tier,active,,,2026-08-09,
executive,evidence,side_card_row_value,0,"Authoritative to Contextual, wherever a tier is on file",active,,,2026-09-03,"2026-09-03: was 'Authoritative to Low, always shown' — wrong tier names (see proof_chip,2), and 133 of 1,013 active library rows carry no trusted_source_id, so a tier is not always shown."
executive,evidence,side_card_row_label,1,Verification date,active,,,2026-08-09,
executive,evidence,side_card_row_value,1,"on every timeline row, and on 9 of 10 library records",active,,,2026-09-03,"2026-09-03: was 'on every record' — library_09022026.csv has 115 of 1,013 active rows with no last_verified (133 with no trusted_source_id); compliance_09022026_r1.csv has 88 of 183 active rows with no last_verified. Timeline is clean (0 of 261). Restated to what the data actually supports."
executive,evidence,side_card_row_label,2,Superseded records,active,,,2026-09-03,"2026-09-03: was 'Retractions' — no retraction concept exists in the codebase (only the researcher field-watch card uses the word, for the same deprecated-status data). What the site actually does is mark a record status=deprecated with a reason, never delete it."
executive,evidence,side_card_row_value,2,"kept, marked deprecated, never deleted",active,,,2026-09-03,"2026-09-03: was 'logged, never deleted' — see label's note. 256 deprecated rows in library_09022026.csv are the real mechanism this describes."
executive,evidence,side_card_punchline,,A claim without a date is an opinion.,active,,,2026-08-09,
executive,evidence,side_card_footnote,,Tiers and verification dates come from the trusted-sources registry; every timeline record and 87% of library records are joined to it.,active,,,2026-09-03,2026-09-03: was 'every record on this site is joined against' — same overstatement as the row above.
executive,evidence,grid_title,,Where to check us,active,,,2026-08-09,"Retitled 2026-08-09 tile review: ""What you walk out with"" promises a deliverable, and every card on this board is a signpost to another page. The three role families already have distinct grid titles; this board had defaulted to the wrong one."
executive,evidence,grid_sub,,Provenance you can hand to an auditor,active,,,2026-08-09,
executive,evidence,grid_card_title,0,Everything we have corrected,active,,,2026-08-09,
executive,evidence,grid_card_body,0,"What changed, when, and which record it touched — 96% of entries carry no PR link, so treat this as an edit log, not a review trail.",active,,,2026-09-03,"2026-09-03: was '...The full revision log...' — public/data/revisions.jsonl: 222 entries, 214 with pr_number=0/merge_sha='pending' (no PR link renders, GlobalRevisionsFeed.tsx:188-195), 195 authored_by_llm=true."
executive,evidence,grid_card_href,0,/revisions,active,,,2026-08-09,
executive,evidence,grid_card_title,1,"Who is filing, not just announcing",active,,,2026-08-09,
executive,evidence,grid_card_body,1,"Cryptographic patents relevant to migration. Research only, explicitly not legal advice.",active,,,2026-08-09,
executive,evidence,grid_card_href,1,/patents,active,,,2026-08-09,
executive,evidence,grid_card_title,2,A claim you cannot date is not evidence,active,,,2026-08-09,"Restructured 2026-08-09 tile review: cards 1-2 are destinations and carry the link; card 3 is the argument the renderer highlights and carries none, because its text is a claim rather than a place. Card-3 links had text describing an argument and an href going somewhere unrelated."
executive,evidence,grid_card_body,2,"Anyone can publish a number. The tier, the date and the correction history are what let you put it in front of an auditor.",active,,,2026-08-09,"Restructured 2026-08-09 tile review: cards 1-2 are destinations and carry the link; card 3 is the argument the renderer highlights and carries none, because its text is a claim rather than a place. Card-3 links had text describing an argument and an href going somewhere unrelated."
executive,evidence,track_title,,"Then, if you want the background: {essentials_vs_full:executive}.",active,,,2026-08-09,
executive,verify,hero_eyebrow,,Executive · due diligence · nothing taken on trust,active,,,2026-08-09,
executive,verify,hero_badge_text,,Americas · Finance & Banking,deprecated,2026-09-03,"Superseded by live region/industry personalisation (WS7.2, PersonaBoardView.tsx liveBadgeText) -- this literal is no longer read by the app. Kept, not deleted, per CSV convention; hero_badge_tone rows for the same boards are left alone since heroBadge.tone is still part of the PersonaJourneyBoard type even though unread.",2026-09-03,2026-09-03: see mandate's note.
executive,verify,hero_badge_tone,,illustrative,deprecated,2026-09-03,"Orphaned once hero_badge_text was deprecated in the same pass -- the generator only emits heroBadge when hero_badge_text resolves (generate-role-board-content.ts), so this row has had nothing to pair with since.",2026-09-03,
executive,verify,headline,,See the whole programme before you fund it.,active,,,2026-08-09,
executive,verify,sub,,"Nine phases played through end to end — discovery, CBOM, risk scoring, roadmap, pilots, closure. One sitting to know what you are being asked to sign off on.",active,,,2026-09-03,"2026-09-03: dropped the unsourced 'Eleven minutes' — the site's own estimator (SimPlayChoiceModal.estimatedMinutes over the 15-step walkthrough queue) gives roughly 45 minutes; execTourConfig.ts's own comment says '~20 min'. Neither is eleven, and nothing in the repo derives eleven."
executive,verify,cta_primary_label,,Play the executive walkthrough,active,,,2026-08-09,
executive,verify,cta_primary_href,,/simulation?run=exec,active,,,2026-08-09,
executive,verify,cta_secondary_label,,Open the Command Center,active,,,2026-08-09,
executive,verify,cta_secondary_href,,/business?zone=governance,active,,,2026-08-09,
executive,verify,proof_chip,0,"Deterministic run — same seed, same outcome",active,,,2026-08-09,
executive,verify,proof_chip,1,Eight framework phases plus verification and closure,active,,,2026-08-23,"Fixed 2026-08-23: 'Nine phases from the published framework' contradicted executive/roadmap's own grid_card_body,0 ('across the framework's eight phases') and the published source itself — pqc-references/framework-2.1.yaml lists framework.phases as 8 entries (numbered 0-7) with gates G0->G1 through G6->G7, no G8. verify-close (gate G8, number: null in frameworkPhases.ts) is this site's own terminal phase, not a numbered phase of the published framework — its own crosswalk says the TR defines no explicit closure activity. Left the sub and side-card value alone: 'nine phases played' is true of the simulation; only this chip's attribution to 'the published framework' was wrong."
executive,verify,proof_chip,2,Organised around the NIST CSWP.39 zones,active,,,2026-08-09,
executive,verify,side_card_title,,What the walkthrough shows you,active,,,2026-09-03,2026-09-03: was 'What eleven minutes shows you' — see the sub's note.
executive,verify,side_card_tone,,info,active,,,2026-08-09,
executive,verify,side_card_provenance,,sourced,active,,,2026-08-09,"Reclassified 2026-08-09 tile review. The chip renders provenance literally, and 'illustrative' says ""THIS USER'S INPUTS"" — false for a card asserting a general rule, which never becomes the user's data. See PersonaJourneyBoard.sideCard.provenance."
executive,verify,side_card_row_label,0,Phases played,active,,,2026-08-09,
executive,verify,side_card_row_value,0,nine,active,,,2026-08-09,
executive,verify,side_card_row_label,1,Gates shown,active,,,2026-09-03,2026-09-03: 'Decisions you make' was wrong — the exec walkthrough is an auto-advancing narrated tour (useSimAutoRunPlayer.ts:925-968); no step waits for a visitor choice.
executive,verify,side_card_row_value,1,"one per phase, worded from the framework",active,,,2026-09-03,"2026-09-03: was 'one at each gate', implying visitor decisions that do not exist on this auto-advancing tour. Source: FRAMEWORK_PHASE_INTROS (useSimAutoRunPlayer.ts:411-420)."
executive,verify,side_card_row_label,2,What a dry run costs,active,,,2026-08-09,
executive,verify,side_card_row_value,2,nothing,active,,,2026-08-09,
executive,verify,side_card_punchline,,A dry run is cheaper than a steering committee.,active,,,2026-08-09,
executive,verify,side_card_footnote,,"The walkthrough uses an illustrative organisation, not your data — the phases and gates are the framework's own.",active,,,2026-08-09,
executive,verify,grid_title,,Where to look next,active,,,2026-08-09,"Retitled 2026-08-09 tile review: ""What you walk out with"" promises a deliverable, and every card on this board is a signpost to another page. The three role families already have distinct grid titles; this board had defaulted to the wrong one."
executive,verify,grid_sub,,"The programme, seen once through",active,,,2026-08-09,
executive,verify,grid_card_title,0,The labs your teams will cite,active,,,2026-08-09,
executive,verify,grid_card_body,0,"Every hands-on demo on this site, running real cryptography in a browser tab.",active,,,2026-08-09,
executive,verify,grid_card_href,0,/playground,active,,,2026-08-09,
executive,verify,grid_card_title,1,"The command line, in a browser",active,,,2026-08-09,
executive,verify,grid_card_body,1,"The same OpenSSL commands your engineers would run, with nothing to install.",active,,,2026-08-09,
executive,verify,grid_card_href,1,/playground/openssl-studio,active,,,2026-09-03,2026-09-03: was '/explore' (topic tiles) under a card promising 'the same OpenSSL commands your engineers would run' — a dead promise. /explore has no terminal. Repointed to the page the card body actually describes.
executive,verify,grid_card_title,2,Nobody has to take our word for it,active,,,2026-08-09,"Restructured 2026-08-09 tile review: cards 1-2 are destinations and carry the link; card 3 is the argument the renderer highlights and carries none, because its text is a claim rather than a place. Card-3 links had text describing an argument and an href going somewhere unrelated."
executive,verify,grid_card_body,2,"Every number on this board is either a published figure or a run you can repeat yourself. That is the point of the walkthrough, not the polish.",active,,,2026-08-09,"Restructured 2026-08-09 tile review: cards 1-2 are destinations and carry the link; card 3 is the argument the renderer highlights and carries none, because its text is a claim rather than a place. Card-3 links had text describing an argument and an href going somewhere unrelated."
executive,verify,track_title,,"Then, if you want the background: {essentials_vs_full:executive}.",active,,,2026-08-09,
developer,algorithm,hero_eyebrow,,Developer / Engineer · parameter sets · sizes · who owns them,active,,,2026-08-09,
developer,algorithm,hero_badge_text,,Americas · Technology,deprecated,2026-09-03,"Superseded by live region/industry personalisation (WS7.2, PersonaBoardView.tsx liveBadgeText) -- this literal is no longer read by the app. Kept, not deleted, per CSV convention; hero_badge_tone rows for the same boards are left alone since heroBadge.tone is still part of the PersonaJourneyBoard type even though unread.",2026-09-03,
developer,algorithm,hero_badge_tone,,sourced,deprecated,2026-09-03,"Orphaned once hero_badge_text was deprecated in the same pass -- the generator only emits heroBadge when hero_badge_text resolves (generate-role-board-content.ts), so this row has had nothing to pair with since.",2026-09-03,
developer,algorithm,headline,,Pick the parameter set on purpose.,active,,,2026-08-09,
developer,algorithm,sub,,"ML-KEM-768 is what TLS hybrids and OpenSSL negotiate by default; 1024 where CNSA 2.0 applies; 512 is standardised but no protocol profile in our matrix uses it. ML-DSA-44, 65 or 87. SLH-DSA if you cannot hold state. The trade is bytes against speed against how long the key has to survive — compare them side by side rather than copying a blog post.",active,,,2026-09-03,2026-09-03: 'almost nobody should pick it' was an editorial judgement contradicted by this site's own algorithm reference (ML-KEM-512 use_case_notes: 'Good for most applications'). Replaced with the checkable fact — no protocol profile in pqcProtocolMatrix.ts uses ML-KEM-512 — per the 2026-09-03 decision to fix the board copy rather than the reference data.
developer,algorithm,cta_primary_label,,Compare the algorithms,active,,,2026-08-09,
developer,algorithm,cta_primary_href,,"/algorithms?tab=detailed&mode=compare&compare=ML-DSA-44,ML-DSA-65,ML-DSA-87",active,,,2026-09-03,"2026-09-03: was missing '&compare=', so useAlgorithmExplorer.ts initialises an empty comparison set and AlgorithmDetailedComparison.tsx renders 'Pick algorithms to compare' — the primary CTA landed on an empty panel. Now pre-selects the three ML-DSA parameter sets the board's own side card discusses."
developer,algorithm,cta_secondary_label,,Sign the same token three ways,active,,,2026-09-03,2026-09-03: MTI Negotiator is a protocol-designer/architect tool (businessToolsRegistry.tsx audience:'architect'; MTINegotiator.tsx: 'Protocol-designer and architect-facing tool') wearing the developer eyebrow. Repointed to a workshop that puts this card's own byte-budget claim on screen.
developer,algorithm,cta_secondary_href,,/playground/token-migration,active,,,2026-09-03,2026-09-03: was '/business/tools/mti-negotiator'. See label's note — token-migration is on the developer recommendedPersonas list and was unused by any board.
developer,algorithm,proof_chip,0,"Sizes from FIPS 203/204/205, not estimates",active,,,2026-08-09,
developer,algorithm,proof_chip,1,"Every status links to its publisher — NIST, IETF, BSI, ANSSI, KpqC and others",active,,,2026-09-03,"2026-09-03: was 'Every status links to its NIST publication' — algorithms_transitions_07282026.csv has 102 of 193 rows linking a non-NIST publisher (IETF 18, KR 12, BSI 11, ASD 11, CCN 9, ECCG 8, ETSI 6, others) and 9 rows with no status_url at all."
developer,algorithm,proof_chip,2,"No signup, no key required",active,,,2026-08-09,
developer,algorithm,side_card_title,,What the choice costs you,active,,,2026-08-09,
developer,algorithm,side_card_tone,,warn,active,,,2026-08-09,
developer,algorithm,side_card_provenance,,sourced,active,,,2026-08-09,
developer,algorithm,side_card_row_label,0,ML-DSA-44 signature,active,,,2026-08-09,
developer,algorithm,side_card_row_value,0,{ml_dsa_signature:44},active,,,2026-08-09,"Tokenised 2026-08-09: was the literal 2,420 B, sitting next to a live token for ML-DSA-65. Two of three numbers maintained and one not is the drift this page's token vocabulary exists to prevent."
developer,algorithm,side_card_row_label,1,ML-DSA-65 signature,active,,,2026-08-09,
developer,algorithm,side_card_row_value,1,{ml_dsa_65_signature_only},active,,,2026-08-09,
developer,algorithm,side_card_row_label,2,ML-DSA-87 signature,active,,,2026-08-09,
developer,algorithm,side_card_row_value,2,{ml_dsa_signature:87},active,,,2026-08-09,"Tokenised 2026-08-09: was the literal 4,627 B. See the ML-DSA-44 row."
developer,algorithm,side_card_punchline,,The security level you pick is a byte budget you pay on every message.,active,,,2026-08-09,
developer,algorithm,side_card_footnote,,"Signature sizes are read from the algorithm registry, which takes them from FIPS 204 directly.",active,,,2026-08-09,
developer,algorithm,grid_title,,Where to check the choice,active,,,2026-08-09,"Retitled 2026-08-09 tile review: ""What you walk out with"" promises a deliverable, and every card on this board is a signpost to another page. The three role families already have distinct grid titles; this board had defaulted to the wrong one."
developer,algorithm,grid_sub,,A choice you can defend in review,active,,,2026-08-09,
developer,algorithm,grid_card_title,0,The specs behind the parameter sets,active,,,2026-08-09,
developer,algorithm,grid_card_body,0,"The standards and drafts themselves, not summaries of them.",active,,,2026-08-09,
developer,algorithm,grid_card_href,0,/library?purpose=reference,active,,,2026-08-09,
developer,algorithm,grid_card_title,1,The people who wrote them,active,,,2026-08-09,
developer,algorithm,grid_card_body,1,"Named contributors behind each document, every entry proof-gated.",active,,,2026-08-09,
developer,algorithm,grid_card_href,1,/leaders,active,,,2026-08-09,
developer,algorithm,grid_card_title,2,"The parameter set is a budget, not a badge",active,,,2026-08-09,"Restructured 2026-08-09 tile review: cards 1-2 are destinations and carry the link; card 3 is the argument the renderer highlights and carries none, because its text is a claim rather than a place. Card-3 links had text describing an argument and an href going somewhere unrelated."
developer,algorithm,grid_card_body,2,"Picking 87 because it sounds safer costs you bytes on every message for the life of the key. Choose it against a threat model, not a preference.",active,,,2026-08-09,"Restructured 2026-08-09 tile review: cards 1-2 are destinations and carry the link; card 3 is the argument the renderer highlights and carries none, because its text is a claim rather than a place. Card-3 links had text describing an argument and an href going somewhere unrelated."
developer,algorithm,track_title,,"Then, the background: {essentials_vs_full:developer}.",active,,,2026-08-09,
developer,closure,hero_eyebrow,,Developer / Engineer · tested · recorded · reviewable,active,,,2026-08-09,
developer,closure,hero_badge_text,,Americas · Technology,deprecated,2026-09-03,"Superseded by live region/industry personalisation (WS7.2, PersonaBoardView.tsx liveBadgeText) -- this literal is no longer read by the app. Kept, not deleted, per CSV convention; hero_badge_tone rows for the same boards are left alone since heroBadge.tone is still part of the PersonaJourneyBoard type even though unread.",2026-09-03,
developer,closure,hero_badge_tone,,sourced,deprecated,2026-09-03,"Orphaned once hero_badge_text was deprecated in the same pass -- the generator only emits heroBadge when hero_badge_text resolves (generate-role-board-content.ts), so this row has had nothing to pair with since.",2026-09-03,
developer,closure,headline,,"A green test, not a green slide.",active,,,2026-08-09,
developer,closure,sub,,"Known-answer tests against the published NIST vectors, a closure record that says which services actually moved, and the dated audit trail behind every data claim you are about to inherit.",active,,,2026-08-09,
developer,closure,cta_primary_label,,Run the validation vectors,active,,,2026-08-09,
developer,closure,cta_primary_href,,/algorithms?tab=validation&section=kat,active,,,2026-09-03,"2026-09-03: was '?tab=validation' with no section param — ALGORITHM_PERSONA_DEFAULTS.developer.openSections=[] (personaConfig.ts), so a developer landed on two collapsed accordions with the KAT runner unlabelled as the target. section=kat deep-links directly to it."
developer,closure,cta_secondary_label,,Close out the migration,active,,,2026-08-09,
developer,closure,cta_secondary_href,,/business/tools/migration-verification,active,,,2026-08-09,
developer,closure,proof_chip,0,"ACVP + KAT run locally, not asserted",active,,,2026-08-09,
developer,closure,proof_chip,1,Every correction logged and dated,active,,,2026-08-09,
developer,closure,proof_chip,2,"No signup, no key required",active,,,2026-08-09,
developer,closure,side_card_title,,What closure has to assert,active,,,2026-08-09,
developer,closure,side_card_tone,,info,active,,,2026-08-09,
developer,closure,side_card_provenance,,guidance,active,,,2026-08-09,"Reclassified 2026-08-09 tile review. The chip renders provenance literally, and 'illustrative' says ""THIS USER'S INPUTS"" — false for a card asserting a general rule, which never becomes the user's data. See PersonaJourneyBoard.sideCard.provenance."
developer,closure,side_card_row_label,0,Vectors,active,,,2026-08-09,
developer,closure,side_card_row_value,0,"NIST ACVP, not fixtures",active,,,2026-08-09,
developer,closure,side_card_row_label,1,Coverage,active,,,2026-08-09,
developer,closure,side_card_row_value,1,"per service, not per fleet",active,,,2026-08-09,
developer,closure,side_card_row_label,2,Failure,active,,,2026-08-09,
developer,closure,side_card_row_value,2,"recorded, not rounded up",active,,,2026-08-09,
developer,closure,side_card_punchline,,A test that cannot fail is documentation.,active,,,2026-08-09,
developer,closure,side_card_footnote,,"The closure tool checks against the framework's own five-point evidence standard, not a checklist we invented.",active,,,2026-08-09,
developer,closure,grid_title,,What you walk out with,active,,,2026-08-09,
developer,closure,grid_sub,,Evidence a reviewer will take,active,,,2026-08-09,
developer,closure,grid_card_title,0,The report the closure feeds,active,,,2026-08-09,
developer,closure,grid_card_body,0,"A worked example of the generated report, before you run an assessment of your own.",active,,,2026-08-09,
developer,closure,grid_card_href,0,/report?example=1,active,,,2026-08-09,
developer,closure,grid_card_title,1,What changed in the data you depend on,active,,,2026-08-09,
developer,closure,grid_card_body,1,"The revision log for every record on this site, filterable by domain.",active,,,2026-08-09,
developer,closure,grid_card_href,1,/revisions,active,,,2026-08-09,
developer,closure,grid_card_title,2,A test that cannot fail proves nothing,active,,,2026-08-09,"Restructured 2026-08-09 tile review: cards 1-2 are destinations and carry the link; card 3 is the argument the renderer highlights and carries none, because its text is a claim rather than a place. Card-3 links had text describing an argument and an href going somewhere unrelated."
developer,closure,grid_card_body,2,"Closure is only worth recording if a failing service would have shown up. Coverage per service, not per fleet, is what makes it a control.",active,,,2026-08-09,"Restructured 2026-08-09 tile review: cards 1-2 are destinations and carry the link; card 3 is the argument the renderer highlights and carries none, because its text is a claim rather than a place. Card-3 links had text describing an argument and an href going somewhere unrelated."
developer,closure,track_title,,"Then, the background: {essentials_vs_full:developer}.",active,,,2026-08-09,
developer,binds,hero_eyebrow,,"Developer / Engineer · what is actually mandatory, and by when",active,,,2026-08-09,
developer,binds,hero_badge_text,,Americas · Technology,deprecated,2026-09-03,"Superseded by live region/industry personalisation (WS7.2, PersonaBoardView.tsx liveBadgeText) -- this literal is no longer read by the app. Kept, not deleted, per CSV convention; hero_badge_tone rows for the same boards are left alone since heroBadge.tone is still part of the PersonaJourneyBoard type even though unread.",2026-09-03,
developer,binds,hero_badge_tone,,sourced,deprecated,2026-09-03,"Orphaned once hero_badge_text was deprecated in the same pass -- the generator only emits heroBadge when hero_badge_text resolves (generate-role-board-content.ts), so this row has had nothing to pair with since.",2026-09-03,
developer,binds,headline,,Someone already decided your deadline.,active,,,2026-08-09,
developer,binds,sub,,"Not every PQC “requirement” is one. Here is which standards are final, which mandates carry dates that reach your service, and what you would actually have to replace.",active,,,2026-08-09,
developer,binds,cta_primary_label,,See what already binds you,active,,,2026-08-09,
developer,binds,cta_primary_href,,/compliance?tab=compliance,active,,,2026-09-03,"2026-09-03: was '?tab=technical', which resolves to the standardize pillar (bodies + technical standards). The CTA registry's own row for that href calls it 'implementation guidance rather than binding mandates', while this board's headline is 'Someone already decided your deadline.' Repointed to the comply pillar, which actually carries the mandates (CNSA 2.0, NIS2, DORA, national PQC mandates)."
developer,binds,cta_secondary_label,,Work the compliance checklist,active,,,2026-08-09,
developer,binds,cta_secondary_href,,/business/tools/compliance-checklist,active,,,2026-08-09,
developer,binds,proof_chip,0,{regulatory_verified_phrase},active,,,2026-09-03,"2026-09-03: was a hand-typed literal; see executive/deadlines proof_chip,1's note."
developer,binds,proof_chip,1,"Draft and final are labelled, never merged",active,,,2026-08-09,
developer,binds,proof_chip,2,Every requirement links to its source,active,,,2026-08-09,
developer,binds,side_card_title,,What counts as binding,active,,,2026-08-09,
developer,binds,side_card_tone,,warn,active,,,2026-08-09,
developer,binds,side_card_provenance,,guidance,active,,,2026-08-09,"Reclassified 2026-08-09 tile review. The chip renders provenance literally, and 'illustrative' says ""THIS USER'S INPUTS"" — false for a card asserting a general rule, which never becomes the user's data. See PersonaJourneyBoard.sideCard.provenance."
developer,binds,side_card_row_label,0,A published FIPS,active,,,2026-09-03,"2026-09-03: unchanged label, see value's note."
developer,binds,side_card_row_value,0,final — binding where a mandate cites it,active,,,2026-09-03,"2026-09-03: was 'binding' unconditionally. FISMA (via FIPS 199/200, OMB A-130) makes a FIPS binding for US federal agencies and their contractors; CNSA 2.0 does the same for national-security systems. Neither applies universally, and this board's own eyebrow addresses 'Node + Go services', not a federal contractor."
developer,binds,side_card_row_label,1,An IETF draft,active,,,2026-08-09,
developer,binds,side_card_row_value,1,not yet,active,,,2026-08-09,
developer,binds,side_card_row_label,2,A vendor roadmap,active,,,2026-08-09,
developer,binds,side_card_row_value,2,a press release,active,,,2026-08-09,
developer,binds,side_card_punchline,,“Quantum-safe” is a marketing term until a document says otherwise.,active,,,2026-08-09,
developer,binds,side_card_footnote,,"Lifecycle status comes from each standard's own publisher, and drafts are never displayed as final.",active,,,2026-08-09,
developer,binds,grid_title,,Where to look it up,active,,,2026-08-09,"Retitled 2026-08-09 tile review: ""What you walk out with"" promises a deliverable, and every card on this board is a signpost to another page. The three role families already have distinct grid titles; this board had defaulted to the wrong one."
developer,binds,grid_sub,,A sprint order with dates behind it,active,,,2026-08-09,
developer,binds,grid_card_title,0,"The mandates, in date order",active,,,2026-08-09,
developer,binds,grid_card_body,0,Government and regulator milestones on one chronology.,active,,,2026-08-09,
developer,binds,grid_card_href,0,/timeline,active,,,2026-08-09,
developer,binds,grid_card_title,1,What the attack actually costs,active,,,2026-08-09,
developer,binds,grid_card_body,1,"Threat economics and the CRQC horizon, with the dissent shown.",active,,,2026-08-09,
developer,binds,grid_card_href,1,/threats,active,,,2026-08-09,
developer,binds,grid_card_title,2,Draft is not the same as done,active,,,2026-08-09,"Restructured 2026-08-09 tile review: cards 1-2 are destinations and carry the link; card 3 is the argument the renderer highlights and carries none, because its text is a claim rather than a place. Card-3 links had text describing an argument and an href going somewhere unrelated."
developer,binds,grid_card_body,2,"A published FIPS is final; it binds you once a mandate — FISMA, CNSA 2.0, your regulator — cites it. An IETF draft does not, however far along it looks, and a vendor roadmap never did.",active,,,2026-09-03,"2026-09-03: was 'A published FIPS binds you.' — see side_card_row_value,0's note."
developer,binds,track_title,,"Then, the background: {essentials_vs_full:developer}.",active,,,2026-08-09,
architect,protocols,hero_eyebrow,,"Security Architect · protocol readiness · ready, draft, or absent",active,,,2026-08-09,
architect,protocols,hero_badge_text,,"Global · Technology, Telecommunications",deprecated,2026-09-03,"Superseded by live region/industry personalisation (WS7.2, PersonaBoardView.tsx liveBadgeText) -- this literal is no longer read by the app. Kept, not deleted, per CSV convention; hero_badge_tone rows for the same boards are left alone since heroBadge.tone is still part of the PersonaJourneyBoard type even though unread.",2026-09-03,
architect,protocols,hero_badge_tone,,sourced,deprecated,2026-09-03,"Orphaned once hero_badge_text was deprecated in the same pass -- the generator only emits heroBadge when hero_badge_text resolves (generate-role-board-content.ts), so this row has had nothing to pair with since.",2026-09-03,
architect,protocols,headline,,Most of the protocol cases you depend on are still drafts.,active,,,2026-09-03,2026-09-03: was 'Most of the protocols...' — true per matrix cell (21 rfc-published of many more in-flight) but false per protocol (15 of 27 live rows already have at least one RFC-published cell). Reworded to the per-cell framing the underlying data actually supports.
architect,protocols,sub,,"TLS 1.3 has hybrid groups today. Your VPN, your enrollment protocol and your messaging layer are at different stages, and a design that treats them as one migration will stall on the slowest.",active,,,2026-08-09,
architect,protocols,cta_primary_label,,Check protocol readiness,active,,,2026-08-09,
architect,protocols,cta_primary_href,,/algorithms?tab=support&matrixView=heatmap,active,,,2026-08-09,
architect,protocols,cta_secondary_label,,Mint the composite certificate,active,,,2026-09-03,"2026-09-03: Cloud Responsibility Matrix (CSWP.39 §6.4, IaaS/PaaS/SaaS governance split) concerns nothing about protocol lifecycle stages; this board's own workshop (hybrid-certs, variant metadata) was orphaned. Business Tools coverage for architect survives on four other boards' tools; swapped to the board's own workshop."
architect,protocols,cta_secondary_href,,/playground/hybrid-certs,active,,,2026-09-03,2026-09-03: was '/business/tools/cloud-responsibility-matrix'. See label's note.
architect,protocols,proof_chip,0,Every protocol linked to its own spec,active,,,2026-08-09,
architect,protocols,proof_chip,1,Draft and RFC are never merged,active,,,2026-08-09,
architect,protocols,proof_chip,2,Hybrid groups X25519MLKEM768 and friends,active,,,2026-08-09,
architect,protocols,side_card_title,,Where the design stalls,active,,,2026-08-09,
architect,protocols,side_card_tone,,warn,active,,,2026-08-09,
architect,protocols,side_card_provenance,,sourced,active,,,2026-08-09,"Reclassified 2026-08-09 tile review. The chip renders provenance literally, and 'illustrative' says ""THIS USER'S INPUTS"" — false for a card asserting a general rule, which never becomes the user's data. See PersonaJourneyBoard.sideCard.provenance."
architect,protocols,side_card_row_label,0,TLS 1.3,active,,,2026-08-09,
architect,protocols,side_card_row_value,0,hybrid groups shipping,active,,,2026-08-09,
architect,protocols,side_card_row_label,1,Enrollment,active,,,2026-08-09,
architect,protocols,side_card_row_value,1,"pure PQC = RFC · composite = drafts, moving",active,,,2026-09-03,"2026-09-03: was 'drafts, moving' alone — pqcProtocolMatrix.ts's EST/CMP row has pureKem and pureSig both rfc-published (RFC 9810/9935, RFC 7030/9881); only the hybrid/composite cells are drafts."
architect,protocols,side_card_row_label,2,Messaging,active,,,2026-08-09,
architect,protocols,side_card_row_value,2,MLS in WG last call; Signal shipped outside the IETF,active,,,2026-09-03,"2026-09-03: was 'earlier than you think', ambiguous — MLS's cells are all wg-last-call (pqcProtocolMatrix.ts), while Signal's PQXDH has been in production since 2023 despite being non-IETF. 'Earlier' as 'less mature' was wrong for Signal; the punchline ('you migrate at the speed of your slowest protocol') needed both facts stated, not one adjective."
architect,protocols,side_card_punchline,,You migrate at the speed of your slowest protocol.,active,,,2026-08-09,
architect,protocols,side_card_footnote,,"Readiness per protocol is read from the protocol matrix, where every cell cites the document behind it.",active,,,2026-08-09,
architect,protocols,grid_title,,Where to check each claim,active,,,2026-08-09,"Retitled 2026-08-09 tile review: ""What you walk out with"" promises a deliverable, and every card on this board is a signpost to another page. The three role families already have distinct grid titles; this board had defaulted to the wrong one."
architect,protocols,grid_sub,,A design that names its dependencies,active,,,2026-08-09,
architect,protocols,grid_card_title,0,The specs under each cell,active,,,2026-08-09,
architect,protocols,grid_card_body,0,"The RFCs and drafts themselves, so a review can check the claim.",active,,,2026-08-09,
architect,protocols,grid_card_href,0,/library?purpose=reference,active,,,2026-08-09,
architect,protocols,grid_card_title,1,What a regulator counts as a standard,active,,,2026-08-09,
architect,protocols,grid_card_body,1,"The standards pillar of the compliance landscape, by body and lifecycle.",active,,,2026-08-09,
architect,protocols,grid_card_href,1,/compliance?tab=standards,active,,,2026-08-09,
architect,protocols,grid_card_title,2,You migrate at the speed of your slowest protocol,active,,,2026-08-09,"Restructured 2026-08-09 tile review: cards 1-2 are destinations and carry the link; card 3 is the argument the renderer highlights and carries none, because its text is a claim rather than a place. Card-3 links had text describing an argument and an href going somewhere unrelated."
architect,protocols,grid_card_body,2,"A design that treats TLS, enrollment and messaging as one migration stalls on whichever is furthest behind — so name their stages separately.",active,,,2026-08-09,"Restructured 2026-08-09 tile review: cards 1-2 are destinations and carry the link; card 3 is the argument the renderer highlights and carries none, because its text is a claim rather than a place. Card-3 links had text describing an argument and an href going somewhere unrelated."
architect,protocols,track_title,,"Then, the background: {essentials_vs_full:architect}.",active,,,2026-08-09,
architect,sequence,hero_eyebrow,,Security Architect · order of operations · dependencies first,active,,,2026-08-09,
architect,sequence,hero_badge_text,,"Global · Technology, Telecommunications",deprecated,2026-09-03,"Superseded by live region/industry personalisation (WS7.2, PersonaBoardView.tsx liveBadgeText) -- this literal is no longer read by the app. Kept, not deleted, per CSV convention; hero_badge_tone rows for the same boards are left alone since heroBadge.tone is still part of the PersonaJourneyBoard type even though unread.",2026-09-03,
architect,sequence,hero_badge_tone,,sourced,deprecated,2026-09-03,"Orphaned once hero_badge_text was deprecated in the same pass -- the generator only emits heroBadge when hero_badge_text resolves (generate-role-board-content.ts), so this row has had nothing to pair with since.",2026-09-03,
architect,sequence,headline,,The order is the architecture.,active,,,2026-08-09,
architect,sequence,sub,,"Two tracks, not one queue. Key exchange first where the traffic is exposed, signatures and PKI on their own track, and data at rest last and longest. Sequence against real refresh windows, not the calendar year.",active,,,2026-09-03,"2026-09-03: the old serial order (certificates before services, key stores before certificates, roots before any of it) contradicted this board's own primary CTA (/migrate?tab=plan sequences external-facing traffic first, certificates in wave 2, HSM/KMS in wave 3 — waves.ts) and framework-2.1.yaml §3.3, which explicitly retires a single serial model for two parallel tracks (Track A key exchange, Track B signatures/PKI). Rebuilt on the two-track model; 'data at rest last' was already correct and is kept."
architect,sequence,cta_primary_label,,Sequence the catalogue,active,,,2026-08-09,
architect,sequence,cta_primary_href,,/migrate?tab=plan,active,,,2026-08-09,
architect,sequence,cta_secondary_label,,Decide the data-at-rest strategy,active,,,2026-08-09,
architect,sequence,cta_secondary_href,,/business/tools/data-at-rest-strategy,active,,,2026-08-09,
architect,sequence,proof_chip,0,Catalogue entries are proof-gated,active,,,2026-08-09,
architect,sequence,proof_chip,1,Sequenced against CNSA 2.0 deadline years,active,,,2026-09-03,"2026-09-03: was 'Deadlines derived from the published timeline' — the plan's per-asset cnsaYear values are hand-typed literals in migrationAssets.ts, not derived from timeline_*.csv. Reworded to what is actually true; deriving cnsaYear from the timeline CSV is a follow-up build, not done here."
architect,sequence,proof_chip,2,Organised around the NIST CSWP.39 zones,active,,,2026-08-09,
architect,sequence,side_card_title,,What has to move first,active,,,2026-08-09,
architect,sequence,side_card_tone,,info,active,,,2026-08-09,
architect,sequence,side_card_provenance,,guidance,active,,,2026-08-09,"Reclassified 2026-08-09 tile review. The chip renders provenance literally, and 'illustrative' says ""THIS USER'S INPUTS"" — false for a card asserting a general rule, which never becomes the user's data. See PersonaJourneyBoard.sideCard.provenance."
architect,sequence,side_card_row_label,0,Track A — key exchange,active,,,2026-09-03,2026-09-03: was 'Roots and issuing CAs' — see sub's note.
architect,sequence,side_card_row_value,0,external-facing traffic first,active,,,2026-09-03,2026-09-03: was 'before anything they sign' — matches /migrate?tab=plan's Wave 1 (External-facing live traffic).
architect,sequence,side_card_row_label,1,Track B — signatures & PKI,active,,,2026-09-03,2026-09-03: was 'Key stores' — see sub's note.
architect,sequence,side_card_row_value,1,"runs in parallel, gated on your CA",active,,,2026-09-03,"2026-09-03: was 'before the keys grow' — matches /migrate?tab=plan's Wave 2 (Signing & access) running alongside Track A, per framework-2.1.yaml's two-track model."
architect,sequence,side_card_row_label,2,Data at rest,active,,,2026-08-09,
architect,sequence,side_card_row_value,2,"last, and longest",active,,,2026-08-09,
architect,sequence,side_card_punchline,,Sequencing errors are the expensive kind — you pay twice.,active,,,2026-08-09,
architect,sequence,side_card_footnote,,Sequences the catalogued products this site holds evidence for; it does not import an inventory of your own.,active,,,2026-08-09,
architect,sequence,grid_title,,Where the sequence is evidenced,active,,,2026-08-09,"Retitled 2026-08-09 tile review: ""What you walk out with"" promises a deliverable, and every card on this board is a signpost to another page. The three role families already have distinct grid titles; this board had defaulted to the wrong one."
architect,sequence,grid_sub,,A sequence with dependencies named,active,,,2026-08-09,
architect,sequence,grid_card_title,0,"The same sequencing, played through",active,,,2026-08-09,
architect,sequence,grid_card_body,0,"The roadmap phase of a full migration, gate by gate.",active,,,2026-08-09,
architect,sequence,grid_card_href,0,/simulation?phase=p4,active,,,2026-08-09,
architect,sequence,grid_card_title,1,The artifacts each phase owes,active,,,2026-08-09,
architect,sequence,grid_card_body,1,"The Command Center's migration zone, and what it expects you to produce.",active,,,2026-08-09,
architect,sequence,grid_card_href,1,/business?zone=migration,active,,,2026-08-09,
architect,sequence,grid_card_title,2,"The two tracks race against fixed dates, not each other",active,,,2026-09-03,"2026-09-03 (WS2 follow-up): was 'Sequencing errors are the expensive kind' — text about the two-track dependency model, wrongly linked to /timeline with no dates named. Rewrote the text to argue for what /timeline actually shows (the dates that make sequencing urgent) rather than move the href and lose Timeline coverage."
architect,sequence,grid_card_body,2,"CNSA 2.0's years and every national mandate are what make sequencing urgent — Track A and Track B both answer to the same calendar, just on different clocks.",active,,,2026-09-03,2026-09-03 (WS2 follow-up): see title's note. href (/timeline) unchanged.
architect,sequence,track_title,,"Then, the background: {essentials_vs_full:architect}.",active,,,2026-08-09,
architect,defend,hero_eyebrow,,"Security Architect · the review, and what survives it",active,,,2026-08-09,
architect,defend,hero_badge_text,,"Global · Technology, Telecommunications",deprecated,2026-09-03,"Superseded by live region/industry personalisation (WS7.2, PersonaBoardView.tsx liveBadgeText) -- this literal is no longer read by the app. Kept, not deleted, per CSV convention; hero_badge_tone rows for the same boards are left alone since heroBadge.tone is still part of the PersonaJourneyBoard type even though unread.",2026-09-03,
architect,defend,hero_badge_tone,,sourced,deprecated,2026-09-03,"Orphaned once hero_badge_text was deprecated in the same pass -- the generator only emits heroBadge when hero_badge_text resolves (generate-role-board-content.ts), so this row has had nothing to pair with since.",2026-09-03,
architect,defend,headline,,Your design will be argued with. Bring sources.,active,,,2026-08-09,
architect,defend,sub,,"“Why hybrid and not pure ML-KEM?” “Why this parameter set?” “Why is data-at-rest last?” Each of those has a published answer, a dated source, and where one exists, the strongest argument against it.",active,,,2026-08-09,
architect,defend,cta_primary_label,,Read the threat model,active,,,2026-08-09,
architect,defend,cta_primary_href,,/threats,active,,,2026-08-09,
architect,defend,cta_secondary_label,,Build the treatment plan,active,,,2026-08-09,
architect,defend,cta_secondary_href,,/business/tools/risk-treatment-plan,active,,,2026-08-09,
architect,defend,proof_chip,0,Every threat carries a trust-scored source,active,,,2026-09-03,"2026-09-03: was 'Counter-claims dataset · CVE snapshots' — the counter-claims dataset has one row and no rendering component; CVE snapshots are real (VendorRisk, crypto-vulnerability-watch) but unreachable from this board's own destinations (/threats, risk-treatment-plan). Reworded to what /threats itself demonstrates."
architect,defend,proof_chip,1,Authoritative / Core / Supporting / Contextual source tiers,active,,,2026-09-03,2026-09-03: 'High/Moderate/Low' is not this site's vocabulary — trustedSourcesData.ts's real tiers are Authoritative/Core/Supporting/Contextual (same fix already applied to executive/evidence).
architect,defend,proof_chip,2,TPM 2.0 conformance checks run locally,active,,,2026-08-09,
architect,defend,side_card_title,,What a reviewer will push on,active,,,2026-08-09,
architect,defend,side_card_tone,,warn,active,,,2026-08-09,
architect,defend,side_card_provenance,,guidance,active,,,2026-08-09,"Reclassified 2026-08-09 tile review. The chip renders provenance literally, and 'illustrative' says ""THIS USER'S INPUTS"" — false for a card asserting a general rule, which never becomes the user's data. See PersonaJourneyBoard.sideCard.provenance."
architect,defend,side_card_row_label,0,Hybrid vs pure,active,,,2026-08-09,
architect,defend,side_card_row_value,0,"a policy call, not a maths one",active,,,2026-08-09,
architect,defend,side_card_row_label,1,Parameter set,active,,,2026-08-09,
architect,defend,side_card_row_value,1,a byte budget you chose,active,,,2026-08-09,
architect,defend,side_card_row_label,2,Residual risk,active,,,2026-08-09,
architect,defend,side_card_row_value,2,"named, or it is hidden",active,,,2026-08-09,
architect,defend,side_card_punchline,,An unnamed risk is an accepted one.,active,,,2026-08-09,
architect,defend,side_card_footnote,,"Counter-claims are published objections on file with their own sources, not our summary of them.",active,,,2026-08-09,
architect,defend,grid_title,,Where the answers are,active,,,2026-08-09,"Retitled 2026-08-09 tile review: ""What you walk out with"" promises a deliverable, and every card on this board is a signpost to another page. The three role families already have distinct grid titles; this board had defaulted to the wrong one."
architect,defend,grid_sub,,Answers with sources behind them,active,,,2026-08-09,
architect,defend,grid_card_title,0,The written position,active,,,2026-08-09,
architect,defend,grid_card_body,0,"A worked example of the generated report, section by section.",active,,,2026-08-09,
architect,defend,grid_card_href,0,/report?example=1,active,,,2026-08-09,
architect,defend,grid_card_title,1,What has been corrected since,active,,,2026-08-09,
architect,defend,grid_card_body,1,"The revision log — every change to every record, dated.",active,,,2026-08-09,
architect,defend,grid_card_href,1,/revisions,active,,,2026-08-09,
architect,defend,grid_card_title,2,An unnamed risk is an accepted one,active,,,2026-08-09,"Restructured 2026-08-09 tile review: cards 1-2 are destinations and carry the link; card 3 is the argument the renderer highlights and carries none, because its text is a claim rather than a place. Card-3 links had text describing an argument and an href going somewhere unrelated."
architect,defend,grid_card_body,2,Every choice on this board will be questioned. The ones that survive review are the ones whose residual risk was written down before someone else found it.,active,,,2026-08-09,"Restructured 2026-08-09 tile review: cards 1-2 are destinations and carry the link; card 3 is the argument the renderer highlights and carries none, because its text is a claim rather than a place. Card-3 links had text describing an argument and an href going somewhere unrelated."
architect,defend,track_title,,"Then, the background: {essentials_vs_full:architect}.",active,,,2026-08-09,
ops,standing,hero_eyebrow,,IT Ops · before anyone asks · about {assess_quick_minutes} minutes,active,,,2026-08-23,"Fixed 2026-08-23: the D-3 duration investigation traced every '/assess'-bound board CTA to the live flow it actually lands on — assessFlowModel.ts's RENDER_ORDER_QUICK (6 steps) and TRACK_INFO.quick (3 minutes), the track every one of these CTAs resolves to (executive's PERSONA_RECOMMENDED_MODE is 'quick'; ops/standing and curious/howbad link ?mode=quick explicitly). Every board guessed 'eight questions' at a duration somewhere between 6 and 11 minutes — the question count itself was wrong, not just the duration. Tokenised against personaConfig.ts's new ASSESS_QUICK_QUESTION_COUNT / ASSESS_QUICK_MINUTES (re-exports of assessFlowModel.ts's own TRACK_INFO.quick) so this can't re-drift if the quick track's step count or estimate ever changes."
ops,standing,hero_badge_text,,"Americas · Energy & Utilities, Telecommunications",deprecated,2026-09-03,"Superseded by live region/industry personalisation (WS7.2, PersonaBoardView.tsx liveBadgeText) -- this literal is no longer read by the app. Kept, not deleted, per CSV convention; hero_badge_tone rows for the same boards are left alone since heroBadge.tone is still part of the PersonaJourneyBoard type even though unread.",2026-09-03,
ops,standing,hero_badge_tone,,sourced,deprecated,2026-09-03,"Orphaned once hero_badge_text was deprecated in the same pass -- the generator only emits heroBadge when hero_badge_text resolves (generate-role-board-content.ts), so this row has had nothing to pair with since.",2026-09-03,
ops,standing,headline,,Get to a number before someone asks you for one.,active,,,2026-08-09,
ops,standing,sub,,"{Assess_quick_question_count} questions — your sector, jurisdiction, the crypto families you run (or import a CBOM), how long data must stay secret, the frameworks that bind you, and where the migration stands. A scored position, the gaps in priority order, and the checklist that turns them into tickets.",active,,,2026-09-03,"2026-09-03: was '...certificates, key stores, tunnels, vendors...', describing an estate inventory the quick track does not ask about. RENDER_ORDER_QUICK's real steps: sector, jurisdiction, crypto families (with a CBOM-upload option), data sensitivity, frameworks, migration status."
ops,standing,cta_primary_label,,Score your estate,active,,,2026-08-09,
ops,standing,cta_primary_href,,/assess?mode=quick,active,,,2026-08-09,
ops,standing,cta_secondary_label,,Export the audit checklist,active,,,2026-09-03,"2026-09-03: was 'Work the audit checklist' — only two of the checklist's items pre-tick from a completed assessment (AuditReadinessChecklist.tsx:284,356); the honest promise is the CSV export, which the tool does deliver in full."
ops,standing,cta_secondary_href,,/business/tools/audit-checklist,active,,,2026-08-09,
ops,standing,proof_chip,0,"Your own answers, not a sample estate",active,,,2026-08-09,
ops,standing,proof_chip,1,Organised around the NIST CSWP.39 zones,active,,,2026-08-09,
ops,standing,proof_chip,2,{regulatory_verified_phrase},active,,,2026-09-03,"2026-09-03: was a hand-typed literal; see executive/deadlines proof_chip,1's note."
ops,standing,side_card_title,,What the score is built on,active,,,2026-08-09,
ops,standing,side_card_tone,,info,active,,,2026-08-09,
ops,standing,side_card_provenance,,illustrative,active,,,2026-08-09,
ops,standing,side_card_row_label,0,Questions you answer,active,,,2026-08-09,
ops,standing,side_card_row_value,0,{assess_quick_question_count_digit},active,,,2026-08-23,"Fixed 2026-08-23: the D-3 duration investigation traced every '/assess'-bound board CTA to the live flow it actually lands on — assessFlowModel.ts's RENDER_ORDER_QUICK (6 steps) and TRACK_INFO.quick (3 minutes), the track every one of these CTAs resolves to (executive's PERSONA_RECOMMENDED_MODE is 'quick'; ops/standing and curious/howbad link ?mode=quick explicitly). Every board guessed 'eight questions' at a duration somewhere between 6 and 11 minutes — the question count itself was wrong, not just the duration. Tokenised against personaConfig.ts's new ASSESS_QUICK_QUESTION_COUNT / ASSESS_QUICK_MINUTES (re-exports of assessFlowModel.ts's own TRACK_INFO.quick) so this can't re-drift if the quick track's step count or estimate ever changes."
ops,standing,side_card_row_label,1,Gaps returned,active,,,2026-08-09,
ops,standing,side_card_row_value,1,in priority order,active,,,2026-08-09,
ops,standing,side_card_row_label,2,Time,active,,,2026-08-09,
ops,standing,side_card_row_value,2,about {assess_quick_minutes} minutes,active,,,2026-08-23,"Fixed 2026-08-23: the D-3 duration investigation traced every '/assess'-bound board CTA to the live flow it actually lands on — assessFlowModel.ts's RENDER_ORDER_QUICK (6 steps) and TRACK_INFO.quick (3 minutes), the track every one of these CTAs resolves to (executive's PERSONA_RECOMMENDED_MODE is 'quick'; ops/standing and curious/howbad link ?mode=quick explicitly). Every board guessed 'eight questions' at a duration somewhere between 6 and 11 minutes — the question count itself was wrong, not just the duration. Tokenised against personaConfig.ts's new ASSESS_QUICK_QUESTION_COUNT / ASSESS_QUICK_MINUTES (re-exports of assessFlowModel.ts's own TRACK_INFO.quick) so this can't re-drift if the quick track's step count or estimate ever changes."
ops,standing,side_card_punchline,,A rough number beats no number by a wide margin.,active,,,2026-08-09,
ops,standing,side_card_footnote,,Scored from your own answers; nothing is inferred about your estate that you did not enter.,active,,,2026-08-09,
ops,standing,grid_title,,Where to take it next,active,,,2026-08-09,"Retitled 2026-08-09 tile review: ""What you walk out with"" promises a deliverable, and every card on this board is a signpost to another page. The three role families already have distinct grid titles; this board had defaulted to the wrong one."
ops,standing,grid_sub,,A position you can report upward,active,,,2026-08-09,
ops,standing,grid_card_title,0,The records behind each requirement,active,,,2026-08-09,
ops,standing,grid_card_body,0,"Product compliance records, per framework and per certification.",active,,,2026-08-09,
ops,standing,grid_card_href,0,/compliance?tab=records,active,,,2026-08-09,
ops,standing,grid_card_title,1,Not sure where to start?,active,,,2026-08-09,"Restored 2026-08-09: this card was ""Not sure where to start?"" -> /explore before the tile review moved things around. It is the one place a topic-first door genuinely fits an ops board, and Command Center is already reached from `capacity`."
ops,standing,grid_card_body,1,"Every part of this site arranged by topic instead of by role — for when the question is what exists, not what to do next.",active,,,2026-08-09,"Restored 2026-08-09: this card was ""Not sure where to start?"" -> /explore before the tile review moved things around. It is the one place a topic-first door genuinely fits an ops board, and Command Center is already reached from `capacity`."
ops,standing,grid_card_href,1,/explore,active,,,2026-08-09,"Restored 2026-08-09: this card was ""Not sure where to start?"" -> /explore before the tile review moved things around. It is the one place a topic-first door genuinely fits an ops board, and Command Center is already reached from `capacity`."
ops,standing,grid_card_title,2,Your score is only as current as the data behind it,active,,,2026-09-03,2026-09-03: was 'A rough number beats no number' with no href. Repointed to restore Revisions coverage for ops after cutover's card 2 moved off /revisions to /learn/vpn-ssh-pqc.
ops,standing,grid_card_body,2,"The frameworks and deadlines your score is measured against get corrected as sources update. See what changed, and when.",active,,,2026-09-03,2026-09-03: see title's note.
ops,standing,track_title,,"Then, the background: {essentials_vs_full:ops}.",active,,,2026-08-09,
ops,suites,hero_eyebrow,,IT Ops · named suites · not “enable PQC”,active,,,2026-08-09,
ops,suites,hero_badge_text,,"Americas · Energy & Utilities, Telecommunications",deprecated,2026-09-03,"Superseded by live region/industry personalisation (WS7.2, PersonaBoardView.tsx liveBadgeText) -- this literal is no longer read by the app. Kept, not deleted, per CSV convention; hero_badge_tone rows for the same boards are left alone since heroBadge.tone is still part of the PersonaJourneyBoard type even though unread.",2026-09-03,
ops,suites,hero_badge_tone,,sourced,deprecated,2026-09-03,"Orphaned once hero_badge_text was deprecated in the same pass -- the generator only emits heroBadge when hero_badge_text resolves (generate-role-board-content.ts), so this row has had nothing to pair with since.",2026-09-03,
ops,suites,headline,,Nobody ships a config line called “enable PQC”.,active,,,2026-08-09,
ops,suites,sub,,"You turn on a named group in a named protocol version, on a build that supports it. Which suites exist, which of your protocols carry them, and how far the rollout has actually got.",active,,,2026-08-09,
ops,suites,cta_primary_label,,Check protocol support,active,,,2026-08-09,
ops,suites,cta_primary_href,,/algorithms?tab=support,active,,,2026-08-09,
ops,suites,cta_secondary_label,,Track the rollout,active,,,2026-08-09,
ops,suites,cta_secondary_href,,/business/tools/kpi-tracker,active,,,2026-08-09,
ops,suites,proof_chip,0,Every protocol linked to its own spec,active,,,2026-08-09,
ops,suites,proof_chip,1,Hybrid groups X25519MLKEM768 and friends,active,,,2026-08-09,
ops,suites,proof_chip,2,"Real PKI enrollment flows, in your browser",active,,,2026-08-09,
ops,suites,side_card_title,,What you actually configure,active,,,2026-08-09,
ops,suites,side_card_tone,,warn,active,,,2026-08-09,
ops,suites,side_card_provenance,,guidance,active,,,2026-08-09,"Reclassified 2026-08-09 tile review. The chip renders provenance literally, and 'illustrative' says ""THIS USER'S INPUTS"" — false for a card asserting a general rule, which never becomes the user's data. See PersonaJourneyBoard.sideCard.provenance."
ops,suites,side_card_row_label,0,TLS,active,,,2026-08-09,
ops,suites,side_card_row_value,0,"X25519MLKEM768 (IANA group 4588), per version",active,,,2026-09-03,"2026-09-03: was 'a named group, per version' — the footnote claims names are 'quoted from the protocol specifications, not paraphrased', but no row named one. pqcProtocolMatrix.ts:807."
ops,suites,side_card_row_label,1,SSH,active,,,2026-08-09,
ops,suites,side_card_row_value,1,mlkem768x25519-sha256 or sntrup761x25519-sha512,active,,,2026-09-03,"2026-09-03: was 'a named KEX algorithm' — OpenSSH 10.0's KexAlgorithms names, from pqcProtocolMatrix.ts."
ops,suites,side_card_row_label,2,IPsec,active,,,2026-08-09,
ops,suites,side_card_row_value,2,"ML-KEM-768 KE method 36, plus RFC 7383 fragmentation",active,,,2026-09-03,"2026-09-03: was 'a proposal, plus fragmentation' — the real IKEv2 KE method id, from VpnComparisonPanel.tsx / VpnSimulationPanel.tsx."
ops,suites,side_card_punchline,,The config line is small. Finding which one is the work.,active,,,2026-08-09,
ops,suites,side_card_footnote,,"Suite and group names are quoted from the protocol specifications, not paraphrased.",active,,,2026-08-09,
ops,suites,grid_title,,Where to look it up,active,,,2026-08-09,"Retitled 2026-08-09 tile review: ""What you walk out with"" promises a deliverable, and every card on this board is a signpost to another page. The three role families already have distinct grid titles; this board had defaulted to the wrong one."
ops,suites,grid_sub,,Config you can put in a change ticket,active,,,2026-08-09,
ops,suites,grid_card_title,0,The dates the rollout is measured against,active,,,2026-08-09,
ops,suites,grid_card_body,0,"Government and regulator milestones, in chronological order.",active,,,2026-08-09,
ops,suites,grid_card_href,0,/timeline,active,,,2026-08-09,
ops,suites,grid_card_title,1,Why this is urgent and not routine,active,,,2026-08-09,
ops,suites,grid_card_body,1,"Threat economics, and how long your data has to stay secret.",active,,,2026-08-09,
ops,suites,grid_card_href,1,/threats,active,,,2026-08-09,
ops,suites,grid_card_title,2,Finding the config line is the work,active,,,2026-08-09,"Restructured 2026-08-09 tile review: cards 1-2 are destinations and carry the link; card 3 is the argument the renderer highlights and carries none, because its text is a claim rather than a place. Card-3 links had text describing an argument and an href going somewhere unrelated."
ops,suites,grid_card_body,2,The change itself is one named group in one protocol version. Try the exact invocation yourself before you put it in a change ticket.,active,,,2026-09-03,"2026-09-03: was '...Knowing which one, on which build, across which fleet, is the part that takes a quarter.' Repointed to restore OpenSSL Studio coverage for ops after closeout's card 1 moved off it to pqc-ssh-sim; reworded to point at trying the config line rather than only finding it."
ops,suites,track_title,,"Then, the background: {essentials_vs_full:ops}.",active,,,2026-08-09,
ops,closeout,hero_eyebrow,,IT Ops · after the change window · what you can show,active,,,2026-08-09,
ops,closeout,hero_badge_text,,"Americas · Energy & Utilities, Telecommunications",deprecated,2026-09-03,"Superseded by live region/industry personalisation (WS7.2, PersonaBoardView.tsx liveBadgeText) -- this literal is no longer read by the app. Kept, not deleted, per CSV convention; hero_badge_tone rows for the same boards are left alone since heroBadge.tone is still part of the PersonaJourneyBoard type even though unread.",2026-09-03,
ops,closeout,hero_badge_tone,,sourced,deprecated,2026-09-03,"Orphaned once hero_badge_text was deprecated in the same pass -- the generator only emits heroBadge when hero_badge_text resolves (generate-role-board-content.ts), so this row has had nothing to pair with since.",2026-09-03,
ops,closeout,headline,,“It looks fine” is not a closure record.,active,,,2026-08-09,
ops,closeout,sub,,"Negotiated suites verified per endpoint, monitoring that would notice a silent downgrade, and a closure report you can attach to the change ticket.",active,,,2026-08-09,
ops,closeout,cta_primary_label,,See a finished closure report,active,,,2026-08-09,
ops,closeout,cta_primary_href,,/report?example=1,active,,,2026-08-09,
ops,closeout,cta_secondary_label,,Record the closure evidence,active,,,2026-09-03,"2026-09-03: was 'Audit your management tooling' → management-tools-audit, a coverage self-audit (None/Manual/Partial/Automated), not a closure record. Migration Verification & Closure's five evidence fields (observed negotiation, negative test, cert-chain under PQC, downgrade documented, evidence in dossier) match this board's side card row for row."
ops,closeout,cta_secondary_href,,/business/tools/migration-verification,active,,,2026-09-03,"2026-09-03: was '/business/tools/management-tools-audit'. Allocated to developer/closure by the one-tool-one-board convention; bent here per the 2026-09-03 decision to allow reuse where the fit is exact — this board's whole side card already describes this tool's evidence standard, unreachable until now."
ops,closeout,proof_chip,0,Real SSH handshake — OpenSSH 10.x in WASM,active,,,2026-09-03,"2026-09-03: was 'Real TLS 1.3 and SSH handshakes, in your browser' — neither tls-simulator nor pqc-ssh-sim was linked from this board; workshop_ids metadata is not rendered. Reworded to what card 1 now actually links, and narrowed to what this board carries (SSH; TLS 1.3 belongs to developer/curious boards)."
ops,closeout,proof_chip,1,Log exportable,active,,,2026-08-09,
ops,closeout,proof_chip,2,Every claim links to its own source,active,,,2026-08-09,
ops,closeout,side_card_title,,What closure has to show,active,,,2026-08-09,
ops,closeout,side_card_tone,,info,active,,,2026-08-09,
ops,closeout,side_card_provenance,,guidance,active,,,2026-08-09,"Reclassified 2026-08-09 tile review. The chip renders provenance literally, and 'illustrative' says ""THIS USER'S INPUTS"" — false for a card asserting a general rule, which never becomes the user's data. See PersonaJourneyBoard.sideCard.provenance."
ops,closeout,side_card_row_label,0,Negotiated suite,active,,,2026-08-09,
ops,closeout,side_card_row_value,0,"per endpoint, not per fleet",active,,,2026-08-09,
ops,closeout,side_card_row_label,1,Downgrade,active,,,2026-08-09,
ops,closeout,side_card_row_value,1,"alerted, not assumed impossible",active,,,2026-08-09,
ops,closeout,side_card_row_label,2,Rollback,active,,,2026-08-09,
ops,closeout,side_card_row_value,2,"tested, not written down",active,,,2026-08-09,
ops,closeout,side_card_punchline,,"If your monitoring cannot see a downgrade, you did not migrate.",active,,,2026-08-09,
ops,closeout,side_card_footnote,,The example report is generated from sample answers — your own numbers replace them once you run an assessment.,active,,,2026-08-09,
ops,closeout,grid_title,,Where the evidence lives,active,,,2026-08-09,"Retitled 2026-08-09 tile review: ""What you walk out with"" promises a deliverable, and every card on this board is a signpost to another page. The three role families already have distinct grid titles; this board had defaulted to the wrong one."
ops,closeout,grid_sub,,"Evidence, not an assertion",active,,,2026-08-09,
ops,closeout,grid_card_title,0,Where closure sits in the programme,active,,,2026-08-09,
ops,closeout,grid_card_body,0,"The verification phase in context, with the gates either side of it.",active,,,2026-08-09,
ops,closeout,grid_card_href,0,/simulation?phase=verify-close,active,,,2026-08-09,
ops,closeout,grid_card_title,1,The SSH handshake behind the check,active,,,2026-09-03,2026-09-03: was 'The commands behind the check' — see href's note.
ops,closeout,grid_card_body,1,"mlkem768x25519-sha256 key exchange and ssh-mldsa-65 host auth, negotiated in a browser tab.",active,,,2026-09-03,"2026-09-03: was 'The same OpenSSL invocations, running in a browser tab.' — see href's note."
ops,closeout,grid_card_href,1,/playground/pqc-ssh-sim,active,,,2026-09-03,"2026-09-03: was '/playground/openssl-studio', a duplicate of developer/inventory's own workshop link and unrelated to this card's SSH claim. Repointed to the real OpenSSH 10.x handshake (mlkem768x25519-sha256 KEX + ssh-mldsa-65 host auth)."
ops,closeout,grid_card_title,2,"If monitoring cannot see a downgrade, you did not migrate",active,,,2026-08-09,"Restructured 2026-08-09 tile review: cards 1-2 are destinations and carry the link; card 3 is the argument the renderer highlights and carries none, because its text is a claim rather than a place. Card-3 links had text describing an argument and an href going somewhere unrelated."
ops,closeout,grid_card_body,2,"A cutover you cannot observe is a cutover you cannot defend. Closure is the evidence, not the change window.",active,,,2026-08-09,"Restructured 2026-08-09 tile review: cards 1-2 are destinations and carry the link; card 3 is the argument the renderer highlights and carries none, because its text is a claim rather than a place. Card-3 links had text describing an argument and an href going somewhere unrelated."
ops,closeout,track_title,,"Then, the background: {essentials_vs_full:ops}.",active,,,2026-08-09,
researcher,standards,hero_eyebrow,,"Researcher · status, provenance, and what moved",active,,,2026-08-09,
researcher,standards,hero_badge_text,,All regions · unfiltered,deprecated,2026-09-03,"Superseded by live region/industry personalisation (WS7.2, PersonaBoardView.tsx liveBadgeText) -- this literal is no longer read by the app. Kept, not deleted, per CSV convention; hero_badge_tone rows for the same boards are left alone since heroBadge.tone is still part of the PersonaJourneyBoard type even though unread.",2026-09-03,
researcher,standards,hero_badge_tone,,illustrative,deprecated,2026-09-03,"Orphaned once hero_badge_text was deprecated in the same pass -- the generator only emits heroBadge when hero_badge_text resolves (generate-role-board-content.ts), so this row has had nothing to pair with since.",2026-09-03,
researcher,standards,headline,,Everything here has a status and a date.,active,,,2026-08-09,
researcher,standards,sub,,"FIPS 203, 204 and 205 are published. 206 is not. HQC is selected but unstandardised. Each of those is a different claim with a different citation, and this page never flattens them into “PQC is ready”.",active,,,2026-08-09,
researcher,standards,cta_primary_label,,See algorithm and FIPS status,active,,,2026-08-09,
researcher,standards,cta_primary_href,,/algorithms?tab=transition,active,,,2026-09-03,"2026-09-03: was '?tab=validation', which houses KAT/attack-surface testing, not a status column. Status/statusUrl/standardizationDate render under ?tab=transition (AlgorithmComparison.tsx)."
researcher,standards,cta_secondary_label,,"See what changed, and when",active,,,2026-09-03,"2026-09-03: was 'Watch the vulnerability feed' → crypto-vulnerability-watch, which is empty without a prior /migrate product selection (CryptoVulnerabilityWatch.tsx: useSelectedProductIds) and is a product-CVE digest, not a standards-status feed. Repointed to /timeline, already this board's own card 0."
researcher,standards,cta_secondary_href,,/timeline,active,,,2026-09-03,2026-09-03: was '/business/tools/crypto-vulnerability-watch'. See label's note.
researcher,standards,proof_chip,0,Every status links to its NIST publication,active,,,2026-08-09,
researcher,standards,proof_chip,1,"Draft and final are labelled, never merged",active,,,2026-08-09,
researcher,standards,proof_chip,2,Every claim carries a source tier and a verification date,active,,,2026-09-03,"2026-09-03: see researcher/provenance's proof_chip,2 note."
researcher,standards,side_card_title,,Status is not a binary,active,,,2026-08-09,
researcher,standards,side_card_tone,,info,active,,,2026-08-09,
researcher,standards,side_card_provenance,,sourced,active,,,2026-08-09,
researcher,standards,side_card_row_label,0,Published FIPS,active,,,2026-08-09,
researcher,standards,side_card_row_value,0,"203, 204, 205",active,,,2026-08-09,
researcher,standards,side_card_row_label,1,"Selected, not standardised",active,,,2026-08-09,
researcher,standards,side_card_row_value,1,HQC,active,,,2026-08-09,
researcher,standards,side_card_row_label,2,Where each stands,active,,,2026-09-03,"2026-09-03: was 'Announced, not drafted', applied to a value that also named the LAMPS composites. Split the value into two explicit stages instead of one label covering both."
researcher,standards,side_card_row_value,2,"FIPS 206 (FN-DSA) — announced, not yet drafted; LAMPS composites — past Last Call, with the IESG",active,,,2026-09-03,"2026-09-03: verified directly 2026-09-03 against csrc.nist.gov ('FALCON was also selected and will be published in FIPS 206 (in development)' — no public draft) and the IETF datatracker (draft-ietf-lamps-pq-composite-sigs and -kem both 'Submitted to IESG for Publication', composite-kem on the 2026-09-03 IESG telechat agenda) — past 'already in IETF draft', which understated their progress."
researcher,standards,side_card_punchline,,“Standardised” is four different states wearing one word.,active,,,2026-08-09,
researcher,standards,side_card_footnote,,"Each status is read from the algorithm registry, which carries the publication or draft that set it.",active,,,2026-08-09,
researcher,standards,grid_title,,What the workspace gives you,active,,,2026-08-09,
researcher,standards,grid_sub,,Status you can cite precisely,active,,,2026-08-09,
researcher,standards,grid_card_title,0,When each milestone actually landed,active,,,2026-08-09,
researcher,standards,grid_card_body,0,Government and standards milestones on one dated chronology.,active,,,2026-08-09,
researcher,standards,grid_card_href,0,/timeline,active,,,2026-08-09,
researcher,standards,grid_card_title,1,The people behind each document,active,,,2026-08-09,
researcher,standards,grid_card_body,1,"Named contributors, every entry proof-gated against a published source.",active,,,2026-08-09,
researcher,standards,grid_card_href,1,/leaders,active,,,2026-08-09,
researcher,standards,grid_card_title,2,“Standardised” is four states wearing one word,active,,,2026-08-09,"Restructured 2026-08-09 tile review: cards 1-2 are destinations and carry the link; card 3 is the argument the renderer highlights and carries none, because its text is a claim rather than a place. Card-3 links had text describing an argument and an href going somewhere unrelated."
researcher,standards,grid_card_body,2,"Published, selected-but-unstandardised, draft and withdrawn are different claims with different citations. Flattening them is how a roadmap ends up wrong.",active,,,2026-08-09,"Restructured 2026-08-09 tile review: cards 1-2 are destinations and carry the link; card 3 is the argument the renderer highlights and carries none, because its text is a claim rather than a place. Card-3 links had text describing an argument and an href going somewhere unrelated."
researcher,standards,track_title,,"Learning path: available, never pushed.",active,,,2026-08-09,
researcher,commandline,hero_eyebrow,,Researcher · a real prompt · keep the log,active,,,2026-08-09,
researcher,commandline,hero_badge_text,,All regions · unfiltered,deprecated,2026-09-03,"Superseded by live region/industry personalisation (WS7.2, PersonaBoardView.tsx liveBadgeText) -- this literal is no longer read by the app. Kept, not deleted, per CSV convention; hero_badge_tone rows for the same boards are left alone since heroBadge.tone is still part of the PersonaJourneyBoard type even though unread.",2026-09-03,
researcher,commandline,hero_badge_tone,,illustrative,deprecated,2026-09-03,"Orphaned once hero_badge_text was deprecated in the same pass -- the generator only emits heroBadge when hero_badge_text resolves (generate-role-board-content.ts), so this row has had nothing to pair with since.",2026-09-03,
researcher,commandline,headline,,Do not stop at our buttons.,active,,,2026-08-09,
researcher,commandline,sub,,"Everything the in-tab labs do is also reachable from a real OpenSSL command line — the same primitives, on a real prompt, your own invocation. Nothing to install.",active,,,2026-09-03,"2026-09-03: was '...same vectors, same primitives... the transcript exports.' — OpenSSL Studio runs no ACVP vectors (its PQC comes from OpenSSL 3.6.3's own default provider) and offers a Copy-all button, not a file export."
researcher,commandline,cta_primary_label,,Open OpenSSL Studio,active,,,2026-08-09,
researcher,commandline,cta_primary_href,,/playground/openssl-studio,active,,,2026-08-09,"2026-08-10 B+ remediation 4.6: repointed from the bare /openssl route to the canonical Playground door (PT-023). /openssl is RAIL_HIDDEN_PATHS, so a board CTA sending someone there was the two-front-doors contradiction the August routing work left behind."
researcher,commandline,cta_secondary_label,,See what a generated report contains,active,,,2026-08-09,
researcher,commandline,cta_secondary_href,,/report?example=1,active,,,2026-08-09,
researcher,commandline,proof_chip,0,"OpenSSL 3.6.3's own primitives, not asserted",active,,,2026-09-03,"2026-09-03: was 'ACVP + KAT run locally, not asserted' — that claim now correctly belongs to researcher/reproduce, where the real ACVP KAT runner is linked; OpenSSL Studio has no ACVP vectors."
researcher,commandline,proof_chip,1,"Real PKCS#11 and Rust HSM, compiled to WASM",active,,,2026-09-03,2026-09-03: was 'Real liboqs + SoftHSMv3 compiled to WASM' — the Studio's linked bundle is libpkcs11-provider.a and rust/.../libsofthsmrustv3.a (public/wasm/openssl-link-inputs.json); no liboqs.
researcher,commandline,proof_chip,2,Log exportable,active,,,2026-08-09,
researcher,commandline,proof_chip,3,Drift guards fail the build on silent data change,active,,,2026-08-09,
researcher,commandline,side_card_title,,What you can take elsewhere,active,,,2026-08-09,
researcher,commandline,side_card_tone,,accent,active,,,2026-08-09,
researcher,commandline,side_card_provenance,,sourced,active,,,2026-08-09,
researcher,commandline,side_card_row_label,0,Primitives,active,,,2026-09-03,"2026-09-03: was 'Vectors' — this row asserted 'NIST ACVP, unmodified', which nothing in OpenSSL Studio runs. Relabelled to what is actually sourced (its own ML-KEM/ML-DSA implementation)."
researcher,commandline,side_card_row_value,0,OpenSSL 3.6.3's own ML-KEM and ML-DSA,active,,,2026-09-03,"2026-09-03: was 'NIST ACVP, unmodified' — see label's note."
researcher,commandline,side_card_row_label,1,Invocation,active,,,2026-08-09,
researcher,commandline,side_card_row_value,1,"yours, not ours",active,,,2026-08-09,
researcher,commandline,side_card_row_label,2,Output,active,,,2026-08-09,
researcher,commandline,side_card_row_value,2,"exportable, diffable",active,,,2026-08-09,
researcher,commandline,side_card_punchline,,"If it only reproduces behind a button, it does not reproduce.",active,,,2026-08-09,
researcher,commandline,side_card_footnote,,OpenSSL Studio runs a real OpenSSL build compiled to WASM in your browser — no server executes your commands.,active,,,2026-08-09,
researcher,commandline,grid_title,,What the workspace gives you,active,,,2026-08-09,
researcher,commandline,grid_sub,,Instruments you can drive yourself,active,,,2026-08-09,
researcher,commandline,grid_card_title,0,"The whole programme, played deep",active,,,2026-08-09,
researcher,commandline,grid_card_body,0,A full migration run with every phase expanded.,active,,,2026-08-09,
researcher,commandline,grid_card_href,0,/simulation?run=climb-deep,active,,,2026-08-09,
researcher,commandline,grid_card_title,1,"Everything else on the site, by topic",active,,,2026-08-09,
researcher,commandline,grid_card_body,1,Topic-first navigation rather than role-first.,active,,,2026-08-09,
researcher,commandline,grid_card_href,1,/explore,active,,,2026-08-09,
researcher,commandline,grid_card_title,2,How this site scores a position,active,,,2026-09-03,"2026-09-03: was 'If it only reproduces behind a button, it does not reproduce', which echoed this board's own sub without a link. Repointed to restore Assess coverage for researcher after reproduce's card 2 moved off /assess (which evidenced no reproducibility claim, RS-D2) to the real ACVP KAT runner."
researcher,commandline,grid_card_body,2,"The same question model this site runs on itself, in full — read the scoring logic, not just the score it produces.",active,,,2026-09-03,"2026-09-03: see title's note. Framed as an object of study, not a tool for the researcher's own estate — this persona has none to assess."
researcher,commandline,track_title,,"Learning path: available, never pushed.",active,,,2026-08-09,
researcher,field,hero_eyebrow,,Researcher · from the paper to the product,active,,,2026-08-23,Reworded 2026-08-23: 'THE PAYMENT TERMINAL' named the one use case (EMV card authentication) the catalogue records as pqc_claim_basis=none.
researcher,field,hero_badge_text,,All regions · unfiltered,deprecated,2026-09-03,"Superseded by live region/industry personalisation (WS7.2, PersonaBoardView.tsx liveBadgeText) -- this literal is no longer read by the app. Kept, not deleted, per CSV convention; hero_badge_tone rows for the same boards are left alone since heroBadge.tone is still part of the PersonaJourneyBoard type even though unread.",2026-09-03,
researcher,field,hero_badge_tone,,illustrative,deprecated,2026-09-03,"Orphaned once hero_badge_text was deprecated in the same pass -- the generator only emits heroBadge when hero_badge_text resolves (generate-role-board-content.ts), so this row has had nothing to pair with since.",2026-09-03,
researcher,field,headline,,Follow the algorithm out of the paper.,active,,,2026-08-23,Reworded 2026-08-23: 'into production' contradicted the board's own punchline ('The gap between selected and deployed is where the research is') and overstated what industry_landscape_08222026_r1.csv actually evidences.
researcher,field,sub,,"ML-KEM adopted in online checkout and digital banking channels, ML-DSA and SLH-DSA adopted across HSM and KMIP interfaces, and nothing at all in EMV card authentication — three sectors, three different stages. Which has adopted what, in which product and under which regulation, with the evidence attached rather than the announcement.",active,,,2026-08-23,"Rewritten 2026-08-23 accuracy audit: the original named ML-DSA in payment rails, which industry_landscape_08222026_r1.csv records as pqc_claim_basis=none for EMV card authentication and pqc_product_catalog shows no shipping payment-terminal product supporting it. The 2026-08-09 reword still asserted deployment via basis=standardised rows, which the source's own drift guard (industryLandscape.driftguard.test.ts:186-189) states is a ceiling claim, not an adoption claim. Rewritten on the 11 rows with pqc_claim_basis=adopted instead — the tier that actually speaks to deployment."
researcher,field,cta_primary_label,,See what has actually shipped,active,,,2026-08-09,
researcher,field,cta_primary_href,,/migrate?tab=replace,active,,,2026-08-09,
researcher,field,cta_secondary_label,,Map the supply chain,active,,,2026-08-09,
researcher,field,cta_secondary_href,,/business/tools/supply-chain-matrix,active,,,2026-08-09,
researcher,field,proof_chip,0,Catalogue entries are proof-gated,active,,,2026-08-09,
researcher,field,proof_chip,1,Every product claim links to the vendor's own source,active,,,2026-08-09,
researcher,field,proof_chip,2,Authoritative / Core / Supporting / Contextual source tiers,active,,,2026-09-03,2026-09-03: 'High/Moderate/Low' is not this site's vocabulary — trustedSourcesData.ts's real tiers are Authoritative/Core/Supporting/Contextual (same fix already applied to executive/evidence).
researcher,field,side_card_title,,Adoption is uneven,active,,,2026-08-09,
researcher,field,side_card_tone,,info,active,,,2026-08-09,
researcher,field,side_card_provenance,,guidance,active,,,2026-08-09,"Reclassified 2026-08-09 tile review. The chip renders provenance literally, and 'illustrative' says ""THIS USER'S INPUTS"" — false for a card asserting a general rule, which never becomes the user's data. See PersonaJourneyBoard.sideCard.provenance."
researcher,field,side_card_row_label,0,Furthest along,active,,,2026-08-09,
researcher,field,side_card_row_value,0,network and web protocols,active,,,2026-08-09,
researcher,field,side_card_row_label,1,Slowest,active,,,2026-08-09,
researcher,field,side_card_row_value,1,firmware and long-lived devices,active,,,2026-08-09,
researcher,field,side_card_row_label,2,Hardest to verify,active,,,2026-08-09,
researcher,field,side_card_row_value,2,embedded and OT,active,,,2026-08-09,
researcher,field,side_card_punchline,,The gap between selected and deployed is where the research is.,active,,,2026-08-09,
researcher,field,side_card_footnote,,"Every catalogued product carries a link to the vendor's own published evidence, or it is not shown.",active,,,2026-08-09,
researcher,field,grid_title,,Where the evidence lives,active,,,2026-08-09,"Retitled 2026-08-09 tile review: ""What you walk out with"" promises a deliverable, and every card on this board is a signpost to another page. The three role families already have distinct grid titles; this board had defaulted to the wrong one."
researcher,field,grid_sub,,"Deployment, with its evidence",active,,,2026-08-09,
researcher,field,grid_card_title,0,Which sectors use which mechanisms,active,,,2026-08-09,"Reshuffled 2026-08-09 so the industry-landscape tab keeps a home. researcher/field is the one board whose subject IS sector-by-sector adoption, so it takes card 1; the regulation card moves to card 2 and the argument card carries the migration zone."
researcher,field,grid_card_body,0,"The industry landscape — {industry_sector_count} sectors, the crypto each use case actually relies on, and the standards behind them.",active,,,2026-08-23,"Tokenised 2026-08-23: caught by audit-role-board-literals.ts's backfill run as a literal '22' that could silently drift when a sector is added or retired. Now reads INDUSTRY_LANDSCAPE_SECTOR_COUNT (getLandscapeIndustries().length) live, same source the audit verified against."
researcher,field,grid_card_href,0,/algorithms?tab=landscape,active,,,2026-08-09,"Reshuffled 2026-08-09 so the industry-landscape tab keeps a home. researcher/field is the one board whose subject IS sector-by-sector adoption, so it takes card 1; the regulation card moves to card 2 and the argument card carries the migration zone."
researcher,field,grid_card_title,1,The regulation each sector answers to,active,,,2026-08-09,"Reshuffled 2026-08-09 so the industry-landscape tab keeps a home. researcher/field is the one board whose subject IS sector-by-sector adoption, so it takes card 1; the regulation card moves to card 2 and the argument card carries the migration zone."
researcher,field,grid_card_body,1,"The compliance pillar, by country, industry and enforcement body.",active,,,2026-08-09,"Reshuffled 2026-08-09 so the industry-landscape tab keeps a home. researcher/field is the one board whose subject IS sector-by-sector adoption, so it takes card 1; the regulation card moves to card 2 and the argument card carries the migration zone."
researcher,field,grid_card_href,1,/compliance?tab=compliance,active,,,2026-08-09,"Reshuffled 2026-08-09 so the industry-landscape tab keeps a home. researcher/field is the one board whose subject IS sector-by-sector adoption, so it takes card 1; the regulation card moves to card 2 and the argument card carries the migration zone."
researcher,field,grid_card_title,2,The gap between selected and deployed is the research,active,,,2026-08-09,"Restructured 2026-08-09 tile review: cards 1-2 are destinations and carry the link; card 3 is the argument the renderer highlights and carries none, because its text is a claim rather than a place. Card-3 links had text describing an argument and an href going somewhere unrelated."
researcher,field,grid_card_body,2,"Standardisation is settled. Which sectors have actually shipped it, and which cannot, is the open question worth your time.",active,,,2026-08-09,"Restructured 2026-08-09 tile review: cards 1-2 are destinations and carry the link; card 3 is the argument the renderer highlights and carries none, because its text is a claim rather than a place. Card-3 links had text describing an argument and an href going somewhere unrelated."
researcher,field,track_title,,"Learning path: available, never pushed.",active,,,2026-08-09,
curious,howbad,hero_eyebrow,,No background needed · about 6 minutes · nothing to install,active,,,2026-08-09,
curious,howbad,hero_badge_text,,Americas · unfiltered,deprecated,2026-09-03,"Superseded by live region/industry personalisation (WS7.2, PersonaBoardView.tsx liveBadgeText) -- this literal is no longer read by the app. Kept, not deleted, per CSV convention; hero_badge_tone rows for the same boards are left alone since heroBadge.tone is still part of the PersonaJourneyBoard type even though unread.",2026-09-03,
curious,howbad,hero_badge_tone,,illustrative,deprecated,2026-09-03,"Orphaned once hero_badge_text was deprecated in the same pass -- the generator only emits heroBadge when hero_badge_text resolves (generate-role-board-content.ts), so this row has had nothing to pair with since.",2026-09-03,
curious,howbad,headline,,Nobody knows the year. Here is what they do know.,active,,,2026-08-09,
curious,howbad,sub,,"The honest answer to “when” is a range, not a date, and people who study this disagree with each other in public. The replacements, though, are already published — that part is not in doubt.",active,,,2026-08-09,
curious,howbad,cta_primary_label,,See what we know and what we don't,active,,,2026-08-09,
curious,howbad,cta_primary_href,,/threats,active,,,2026-08-09,
curious,howbad,cta_secondary_label,,Meet the replacements,active,,,2026-08-09,
curious,howbad,cta_secondary_href,,/algorithms?tab=transition&highlight=ML-KEM-768,active,,,2026-08-09,
curious,howbad,proof_chip,0,Plain English by default,active,,,2026-08-09,
curious,howbad,proof_chip,1,The estimate carries its dissent,active,,,2026-08-09,
curious,howbad,proof_chip,2,"When we get it wrong, we say so",active,,,2026-08-09,
curious,howbad,side_card_title,,What is and is not settled,active,,,2026-08-09,
curious,howbad,side_card_tone,,warn,active,,,2026-08-09,
curious,howbad,side_card_provenance,,sourced,active,,,2026-08-09,"Reclassified 2026-08-09 tile review. The chip renders provenance literally, and 'illustrative' says ""THIS USER'S INPUTS"" — false for a card asserting a general rule, which never becomes the user's data. See PersonaJourneyBoard.sideCard.provenance."
curious,howbad,side_card_row_label,0,The maths breaking,active,,,2026-08-09,
curious,howbad,side_card_row_value,0,settled,active,,,2026-08-09,
curious,howbad,side_card_row_label,1,The year it breaks,active,,,2026-08-09,
curious,howbad,side_card_row_value,1,"a range, 2030–2036",active,,,2026-08-09,
curious,howbad,side_card_row_label,2,The replacement,active,,,2026-08-09,
curious,howbad,side_card_row_value,2,published and final,active,,,2026-08-09,
curious,howbad,side_card_punchline,,Uncertain timing is not the same as uncertain outcome.,active,,,2026-08-09,
curious,howbad,side_card_footnote,,"The range is the published consensus window, shown with its range rather than as a single year.",active,,,2026-08-09,
curious,howbad,grid_title,,Where you can go next,active,,,2026-08-09,
curious,howbad,grid_sub,,"Optional, none of it sequenced",active,,,2026-08-09,
curious,howbad,grid_card_title,0,Where would you actually stand?,active,,,2026-08-09,
curious,howbad,grid_card_body,0,{Assess_quick_question_count} plain questions and a rough position. About {assess_quick_minutes} minutes.,active,,,2026-08-23,"Fixed 2026-08-23: the D-3 duration investigation traced every '/assess'-bound board CTA to the live flow it actually lands on — assessFlowModel.ts's RENDER_ORDER_QUICK (6 steps) and TRACK_INFO.quick (3 minutes), the track every one of these CTAs resolves to (executive's PERSONA_RECOMMENDED_MODE is 'quick'; ops/standing and curious/howbad link ?mode=quick explicitly). Every board guessed 'eight questions' at a duration somewhere between 6 and 11 minutes — the question count itself was wrong, not just the duration. Tokenised against personaConfig.ts's new ASSESS_QUICK_QUESTION_COUNT / ASSESS_QUICK_MINUTES (re-exports of assessFlowModel.ts's own TRACK_INFO.quick) so this can't re-drift if the quick track's step count or estimate ever changes."
curious,howbad,grid_card_href,0,/assess?mode=quick,active,,,2026-08-09,
curious,howbad,grid_card_title,1,Everything we have corrected,active,,,2026-08-09,
curious,howbad,grid_card_body,1,When we get something wrong we log it here rather than quietly fixing it.,active,,,2026-08-09,
curious,howbad,grid_card_href,1,/revisions,active,,,2026-08-09,
curious,howbad,grid_card_title,2,"Uncertain timing, certain outcome",active,,,2026-08-09,"Restructured 2026-08-09 tile review: cards 1-2 are destinations and carry the link; card 3 is the argument the renderer highlights and carries none, because its text is a claim rather than a place. Card-3 links had text describing an argument and an href going somewhere unrelated."
curious,howbad,grid_card_body,2,"Nobody can give you the year. That is not the same as nobody knowing what breaks, or what replaces it — both of those are settled.",active,,,2026-08-09,"Restructured 2026-08-09 tile review: cards 1-2 are destinations and carry the link; card 3 is the argument the renderer highlights and carries none, because its text is a claim rather than a place. Card-3 links had text describing an argument and an href going somewhere unrelated."
curious,howbad,track_title,,Start anywhere. Nothing is locked.,active,,,2026-08-09,
curious,anyone,hero_eyebrow,,No background needed · about 5 minutes · nothing to install,active,,,2026-08-09,
curious,anyone,hero_badge_text,,Americas · unfiltered,deprecated,2026-09-03,"Superseded by live region/industry personalisation (WS7.2, PersonaBoardView.tsx liveBadgeText) -- this literal is no longer read by the app. Kept, not deleted, per CSV convention; hero_badge_tone rows for the same boards are left alone since heroBadge.tone is still part of the PersonaJourneyBoard type even though unread.",2026-09-03,
curious,anyone,hero_badge_tone,,illustrative,deprecated,2026-09-03,"Orphaned once hero_badge_text was deprecated in the same pass -- the generator only emits heroBadge when hero_badge_text resolves (generate-role-board-content.ts), so this row has had nothing to pair with since.",2026-09-03,
curious,anyone,headline,,Somebody is already on this.,active,,,2026-08-09,
curious,anyone,sub,,"This is not a warning nobody acted on. Governments have put dates in writing, standards bodies have published the replacements, and there are named people who spent a decade building them. Here they are.",active,,,2026-09-03,"2026-09-03: was 'signed dates into law', contradicting the side-card row two inches below (fixed 2026-08-23 to 'binding policy in several countries'). timeline_09012026_r1.csv's 13 Regulation-category rows set no PQC date; the instruments that do (CNSA 2.0, NSM-10, OMB M-23-02/M-26-15) are policy, not statute."
curious,anyone,cta_primary_label,,See what governments have committed to,active,,,2026-08-09,
curious,anyone,cta_primary_href,,/timeline,active,,,2026-08-09,
curious,anyone,cta_secondary_label,,Meet the people doing the work,active,,,2026-08-09,
curious,anyone,cta_secondary_href,,/leaders,active,,,2026-08-09,
curious,anyone,proof_chip,0,Plain English by default,active,,,2026-08-09,
curious,anyone,proof_chip,1,Plain English by default,active,,,2026-09-03,2026-09-03: was 'Every term explained on hover' — see curious/break's proof_chip note.
curious,anyone,proof_chip,2,Every claim links to its own source,active,,,2026-08-09,
curious,anyone,side_card_title,,Where it already stands,active,,,2026-08-09,
curious,anyone,side_card_tone,,info,active,,,2026-08-09,
curious,anyone,side_card_provenance,,sourced,active,,,2026-08-09,"Reclassified 2026-08-09 tile review. The chip renders provenance literally, and 'illustrative' says ""THIS USER'S INPUTS"" — false for a card asserting a general rule, which never becomes the user's data. See PersonaJourneyBoard.sideCard.provenance."
curious,anyone,side_card_row_label,0,Replacements,active,,,2026-08-09,
curious,anyone,side_card_row_value,0,"published, not proposed",active,,,2026-08-09,
curious,anyone,side_card_row_label,1,Deadlines,active,,,2026-08-09,
curious,anyone,side_card_row_value,1,binding policy in several countries,active,,,2026-08-23,"Fixed 2026-08-23: timeline_08222026_r2.csv has no statutory Category (44 Deadline, 47 Policy, 72 Guidance, 14 Regulation). The 14 Regulation rows are real statutes (EU Cyber Resilience Act, HK Critical Infrastructure Cybersecurity Ordinance, Nigeria DPA 2023) but none sets a PQC deadline — the instruments that do (CNSA 2.0, NSM-10, OMB M-23-02/M-26-15) are policy, not law."
curious,anyone,side_card_row_label,2,People working on it,active,,,2026-08-09,
curious,anyone,side_card_row_value,2,"named, with their work",active,,,2026-08-09,
curious,anyone,side_card_punchline,,The fix exists. Fitting it everywhere is the slow part.,active,,,2026-08-09,
curious,anyone,side_card_footnote,,"Most people listed are tied to a paper, standard or patent in this site's own library; the rest link to a public record of their work.",active,,,2026-09-03,"2026-09-03: was 'Every person listed is proof-gated... a talk, a paper, or a standard they authored' — 65 of 378 active leaders rows carry none of the three proof anchors (KeyResourceRefs/PatentRefs/MigrateCatalogRefs) the intake gate checks, only a KeyResourceUrl; the intake script's own header calls it 'a REPORTING gate, not a hard CI gate'."
curious,anyone,grid_title,,Where you can go next,active,,,2026-08-09,
curious,anyone,grid_sub,,"Optional, none of it locked",active,,,2026-08-09,
curious,anyone,grid_card_title,0,The rules countries have written,active,,,2026-08-09,
curious,anyone,grid_card_body,0,"Who writes the rules, and when the first deadlines land.",active,,,2026-09-03,"2026-09-03: was 'What your country and industry have actually committed to' — for curious, ?tab=foryou renders CuriousOrientationView, which asks nothing about country or industry (registry's own claim: 'the curious view needs neither')."
curious,anyone,grid_card_href,0,/compliance?tab=foryou,active,,,2026-08-09,
curious,anyone,grid_card_title,1,"Who is actually doing it, not just talking",active,,,2026-09-03,"2026-09-03: was 'Who is building it, not just talking' → /patents, which PERSONA_ABSENT_PATHS.curious withholds on the rail ('Patent law is a specialist read'). Repointed to WhoHasMovedPanel on /migrate, built for exactly this question and already curious-only (MigrationWorkbench.tsx: '!embedded && persona === ""curious""')."
curious,anyone,grid_card_body,1,"A running count of which vendors have actually shipped, drawn from the same proof-gated catalogue as everything else on this site — not their press releases.",active,,,2026-09-03,2026-09-03: see title's note.
curious,anyone,grid_card_href,1,/migrate,active,,,2026-09-03,2026-09-03: was '/patents'. See title's note.
curious,anyone,grid_card_title,2,The fix exists. Fitting it everywhere is the slow part,active,,,2026-08-09,"Restructured 2026-08-09 tile review: cards 1-2 are destinations and carry the link; card 3 is the argument the renderer highlights and carries none, because its text is a claim rather than a place. Card-3 links had text describing an argument and an href going somewhere unrelated."
curious,anyone,grid_card_body,2,This is not a problem waiting on a discovery. It is waiting on millions of systems being changed one at a time.,active,,,2026-08-09,"Restructured 2026-08-09 tile review: cards 1-2 are destinations and carry the link; card 3 is the argument the renderer highlights and carries none, because its text is a claim rather than a place. Card-3 links had text describing an argument and an href going somewhere unrelated."
curious,anyone,track_title,,Start anywhere. Nothing is locked.,active,,,2026-08-09,
curious,whattake,hero_eyebrow,,No background needed · a guided run · nothing to install,active,,,2026-09-03,2026-09-03: dropped 'about 11 minutes' — no source in the repo gives eleven minutes for either run; the walkthrough this now links runs roughly 20-45 minutes by the site's own estimators.
curious,whattake,hero_badge_text,,Americas · unfiltered,deprecated,2026-09-03,"Superseded by live region/industry personalisation (WS7.2, PersonaBoardView.tsx liveBadgeText) -- this literal is no longer read by the app. Kept, not deleted, per CSV convention; hero_badge_tone rows for the same boards are left alone since heroBadge.tone is still part of the PersonaJourneyBoard type even though unread.",2026-09-03,
curious,whattake,hero_badge_tone,,illustrative,deprecated,2026-09-03,"Orphaned once hero_badge_text was deprecated in the same pass -- the generator only emits heroBadge when hero_badge_text resolves (generate-role-board-content.ts), so this row has had nothing to pair with since.",2026-09-03,
curious,whattake,headline,,Watch someone actually do it.,active,,,2026-08-09,
curious,whattake,sub,,"Not the theory — an organisation working through it, from “the board asked a question” to “we can prove it is done”. Watch it once and you will know why people say this takes years.",active,,,2026-09-03,"2026-09-03: dropped 'Eleven minutes, and...' — see hero_eyebrow's note."
curious,whattake,cta_primary_label,,Watch a migration happen,active,,,2026-08-09,
curious,whattake,cta_primary_href,,/simulation?run=exec,active,,,2026-09-03,"2026-09-03: was '/simulation?run=climb' — the scored, ~90-110-minute Full Migration Journey (SimPlayChoiceModal.tsx 'Full Migration Journey'); SimulationView.tsx itself defaults curious to the plain-language walkthrough and its own seat notice steers curious away from the climb. Repointed to run=exec (the walkthrough), already a registered CTA row, previously unused."
curious,whattake,cta_secondary_label,,See the kind of plan a real migration starts with,active,,,2026-09-03,"2026-09-03: was 'See where you would start' — Initial Scoping Assessment is a Phase-0 estate-scoping form (top-20 systems, top-10 vendors) that opens empty for a visitor with no organisation to scope. Relabelled to set the right expectation rather than promise personal relevance it cannot deliver."
curious,whattake,cta_secondary_href,,/business/tools/initial-scoping,active,,,2026-08-09,
curious,whattake,proof_chip,0,"Deterministic run — same seed, same outcome",active,,,2026-08-09,
curious,whattake,proof_chip,1,Plain English by default,active,,,2026-08-09,
curious,whattake,proof_chip,2,Nothing to install,active,,,2026-08-09,
curious,whattake,side_card_title,,Why it takes years,active,,,2026-08-09,
curious,whattake,side_card_tone,,warn,active,,,2026-08-09,
curious,whattake,side_card_provenance,,guidance,active,,,2026-08-09,"Reclassified 2026-08-09 tile review. The chip renders provenance literally, and 'illustrative' says ""THIS USER'S INPUTS"" — false for a card asserting a general rule, which never becomes the user's data. See PersonaJourneyBoard.sideCard.provenance."
curious,whattake,side_card_row_label,0,Finding the crypto,active,,,2026-08-09,
curious,whattake,side_card_row_value,0,the longest phase,active,,,2026-08-09,
curious,whattake,side_card_row_label,1,Changing it,active,,,2026-08-09,
curious,whattake,side_card_row_value,1,the easy part,active,,,2026-08-09,
curious,whattake,side_card_row_label,2,Proving it changed,active,,,2026-08-09,
curious,whattake,side_card_row_value,2,the part people skip,active,,,2026-08-09,
curious,whattake,side_card_punchline,,"The hard problem is inventory, not cryptography.",active,,,2026-08-09,
curious,whattake,side_card_footnote,,"The run follows an illustrative organisation — the phases are the published framework's, the numbers are not yours.",active,,,2026-08-09,
curious,whattake,grid_title,,Where you can go next,active,,,2026-08-09,
curious,whattake,grid_sub,,"Three doors, all optional",active,,,2026-08-09,
curious,whattake,grid_card_title,0,What would actually get replaced,active,,,2026-08-09,
curious,whattake,grid_card_body,0,"The products people run, and how PQC-ready each one is.",active,,,2026-08-09,
curious,whattake,grid_card_href,0,/migrate,active,,,2026-08-09,
curious,whattake,grid_card_title,1,The tools people use to do it,active,,,2026-08-09,
curious,whattake,grid_card_body,1,"Thirty-seven working tools, one per job in a real migration — open any of them and see what it actually produces.",active,,,2026-09-03,"2026-09-03: was '...The console itself opens after your first assessment...', written for a specific tool; the href is being repointed to the tools grid, not one tool, so the body is rewritten to fit."
curious,whattake,grid_card_href,1,/business/tools,active,,,2026-09-03,"2026-09-03: was '/business' (the Command Center) — PERSONA_ABSENT_PATHS.curious withholds that route on the rail with its own written reason, while this card linked it. Per the 2026-09-03 decision, the rail's decision stands; Command Center becomes a recorded per-role exemption (see audit-role-board-coverage.ts). Repointed to the real tools grid (/business/tools -> BusinessToolsGrid, App.tsx), which is not gated the same way and matches this card's own title."
curious,whattake,grid_card_title,2,"The hard problem is inventory, not cryptography",active,,,2026-08-09,"Restructured 2026-08-09 tile review: cards 1-2 are destinations and carry the link; card 3 is the argument the renderer highlights and carries none, because its text is a claim rather than a place. Card-3 links had text describing an argument and an href going somewhere unrelated."
curious,whattake,grid_card_body,2,Swapping an algorithm is a day. Finding every place your organisation uses one is the part that takes years.,active,,,2026-08-09,"Restructured 2026-08-09 tile review: cards 1-2 are destinations and carry the link; card 3 is the argument the renderer highlights and carries none, because its text is a claim rather than a place. Card-3 links had text describing an argument and an href going somewhere unrelated."
curious,whattake,track_title,,Start anywhere. Nothing is locked.,active,,,2026-08-09,
executive,mandate,grid_card_href,0,/explore,active,,,2026-09-03,"2026-09-03: was '/assess', duplicating cta_primary_href. See title's note."
executive,mandate,grid_card_href,1,/business/tools/program-charter,active,,,2026-08-09,"Restructured 2026-08-09 tile review: cards 1-2 are destinations and carry the link; card 3 is the argument the renderer highlights and carries none, because its text is a claim rather than a place. Card-3 links had text describing an argument and an href going somewhere unrelated."
executive,risk,grid_card_href,0,/report?example=1,active,,,2026-08-09,"Restructured 2026-08-09 tile review: cards 1-2 are destinations and carry the link; card 3 is the argument the renderer highlights and carries none, because its text is a claim rather than a place. Card-3 links had text describing an argument and an href going somewhere unrelated."
executive,risk,grid_card_href,1,/business/tools/risk-register,active,,,2026-08-09,"Restructured 2026-08-09 tile review: cards 1-2 are destinations and carry the link; card 3 is the argument the renderer highlights and carries none, because its text is a claim rather than a place. Card-3 links had text describing an argument and an href going somewhere unrelated."
executive,roadmap,grid_card_href,0,/business/tools/roadmap-builder,active,,,2026-08-09,"Restructured 2026-08-09 tile review: cards 1-2 are destinations and carry the link; card 3 is the argument the renderer highlights and carries none, because its text is a claim rather than a place. Card-3 links had text describing an argument and an href going somewhere unrelated."
executive,roadmap,grid_card_href,1,/compliance,active,,,2026-08-09,"Restructured 2026-08-09 tile review: cards 1-2 are destinations and carry the link; card 3 is the argument the renderer highlights and carries none, because its text is a claim rather than a place. Card-3 links had text describing an argument and an href going somewhere unrelated."
developer,pilot,grid_card_href,0,/simulation?phase=p5,active,,,2026-09-03,"2026-09-03 (WS2 follow-up): was '/playground/hybrid-encrypt', duplicating cta_primary_href. See title's note."
developer,pilot,grid_card_href,1,/explore,active,,,2026-08-09,"Repointed 2026-08-09 to close a role-board coverage gap: after the six-use-case expansion and the tile review merged, developer and architect were the only two roles that could not reach Explore, and audit:role-board-coverage failed on exactly that. This slot was chosen because it was the most redundant link on the board -- Business Tools was reachable from 7 (developer) / 9 (architect) other slots, while Explore was reachable from none. Title and body were rewritten with the href rather than left describing the old destination, which is the defect the tile review existed to fix."
developer,inventory,grid_card_href,0,/assess?mode=quick,active,,,2026-09-03,"2026-09-03 (WS2 follow-up): was '/playground/openssl-studio', duplicating cta_primary_href. See title's note."
developer,inventory,grid_card_href,1,/business?zone=assets,active,,,2026-09-03,"2026-09-03 (WS2 follow-up): was '/business/tools/crypto-cbom-builder', duplicating cta_secondary_href. See title's note."
developer,sizing,grid_card_href,0,/patents,active,,,2026-09-03,"2026-09-03 (WS2 follow-up): was '/playground/api-security-jwt', duplicating cta_primary_href. See title's note."
developer,sizing,grid_card_href,1,/migrate?tab=replace,active,,,2026-09-03,"2026-09-03 (WS2 follow-up): was '/playground/cert-capacity', duplicating cta_secondary_href. See title's note."
architect,controlplane,grid_card_href,0,/playground/cacp?tab=migration,active,,,2026-09-03,2026-09-03: see cta_primary_href's note — this card duplicates the primary CTA.
architect,controlplane,grid_card_href,1,/assess?mode=comprehensive,active,,,2026-09-03,"2026-09-03 (WS2 follow-up): was '/business/tools/hybrid-transition-planner', duplicating cta_secondary_href. See title's note."
architect,inventory,grid_card_href,1,/playground/openssl-studio,active,,,2026-09-03,"2026-09-03 (WS2 follow-up): was '/playground/pki-workshop', duplicating cta_secondary_href. See title's note."
architect,keystores,grid_card_href,0,/patents,active,,,2026-09-03,"2026-09-03 (WS2 follow-up): was '/playground/envelope-encrypt', duplicating cta_primary_href. See title's note."
architect,keystores,grid_card_href,1,/explore,active,,,2026-08-09,"Repointed 2026-08-09 to close a role-board coverage gap: after the six-use-case expansion and the tile review merged, developer and architect were the only two roles that could not reach Explore, and audit:role-board-coverage failed on exactly that. This slot was chosen because it was the most redundant link on the board -- Business Tools was reachable from 7 (developer) / 9 (architect) other slots, while Explore was reachable from none. Title and body were rewritten with the href rather than left describing the old destination, which is the defect the tile review existed to fix."
ops,capacity,grid_card_href,0,/leaders,active,,,2026-09-03,"2026-09-03: was '/playground/hsm-capacity', duplicating cta_primary_href. See title's note."
ops,capacity,grid_card_href,1,/business?zone=management-tools,active,,,2026-08-09,"Restructured 2026-08-09 tile review: cards 1-2 are destinations and carry the link; card 3 is the argument the renderer highlights and carries none, because its text is a claim rather than a place. Card-3 links had text describing an argument and an href going somewhere unrelated."
ops,cutover,grid_card_href,0,/playground/vpn-sim,active,,,2026-08-09,"Restructured 2026-08-09 tile review: cards 1-2 are destinations and carry the link; card 3 is the argument the renderer highlights and carries none, because its text is a claim rather than a place. Card-3 links had text describing an argument and an href going somewhere unrelated."
ops,cutover,grid_card_href,1,/business/tools/deployment-playbook,active,,,2026-08-09,"Restructured 2026-08-09 tile review: cards 1-2 are destinations and carry the link; card 3 is the argument the renderer highlights and carries none, because its text is a claim rather than a place. Card-3 links had text describing an argument and an href going somewhere unrelated."
ops,suppliers,grid_card_href,1,/business/tools/vendor-scorecard,active,,,2026-08-09,"Restructured 2026-08-09 tile review: cards 1-2 are destinations and carry the link; card 3 is the argument the renderer highlights and carries none, because its text is a claim rather than a place. Card-3 links had text describing an argument and an href going somewhere unrelated."
researcher,provenance,grid_card_href,0,/library,active,,,2026-08-09,"Restructured 2026-08-09 tile review: cards 1-2 are destinations and carry the link; card 3 is the argument the renderer highlights and carries none, because its text is a claim rather than a place. Card-3 links had text describing an argument and an href going somewhere unrelated."
researcher,provenance,grid_card_href,1,/revisions,active,,,2026-08-09,"Restructured 2026-08-09 tile review: cards 1-2 are destinations and carry the link; card 3 is the argument the renderer highlights and carries none, because its text is a claim rather than a place. Card-3 links had text describing an argument and an href going somewhere unrelated."
researcher,reproduce,grid_card_href,0,/playground/slh-dsa,active,,,2026-08-09,"Restructured 2026-08-09 tile review: cards 1-2 are destinations and carry the link; card 3 is the argument the renderer highlights and carries none, because its text is a claim rather than a place. Card-3 links had text describing an argument and an href going somewhere unrelated."
researcher,reproduce,grid_card_href,1,/playground/entropy-test,active,,,2026-08-09,"Restructured 2026-08-09 tile review: cards 1-2 are destinations and carry the link; card 3 is the argument the renderer highlights and carries none, because its text is a claim rather than a place. Card-3 links had text describing an argument and an href going somewhere unrelated."
researcher,threatmodel,grid_card_href,0,/business/tools/crqc-scenario,active,,,2026-08-09,"Restructured 2026-08-09 tile review: cards 1-2 are destinations and carry the link; card 3 is the argument the renderer highlights and carries none, because its text is a claim rather than a place. Card-3 links had text describing an argument and an href going somewhere unrelated."
researcher,threatmodel,grid_card_href,1,/threats,active,,,2026-08-09,"Restructured 2026-08-09 tile review: cards 1-2 are destinations and carry the link; card 3 is the argument the renderer highlights and carries none, because its text is a claim rather than a place. Card-3 links had text describing an argument and an href going somewhere unrelated."
curious,short,grid_card_href,0,/learn,active,,,2026-08-09,"Restructured 2026-08-09 tile review: cards 1-2 are destinations and carry the link; card 3 is the argument the renderer highlights and carries none, because its text is a claim rather than a place. Card-3 links had text describing an argument and an href going somewhere unrelated."
curious,short,grid_card_href,1,/business/tools/cost-of-inaction,active,,,2026-08-09,"Restructured 2026-08-09 tile review: cards 1-2 are destinations and carry the link; card 3 is the argument the renderer highlights and carries none, because its text is a claim rather than a place. Card-3 links had text describing an argument and an href going somewhere unrelated."
curious,break,grid_card_href,0,/playground/tls-simulator,active,,,2026-08-09,"Restructured 2026-08-09 tile review: cards 1-2 are destinations and carry the link; card 3 is the argument the renderer highlights and carries none, because its text is a claim rather than a place. Card-3 links had text describing an argument and an href going somewhere unrelated."
curious,break,grid_card_href,1,/playground/openssl-studio,active,,,2026-09-03,"2026-09-03 (WS2 follow-up): was '/business/tools/breach-simulator', duplicating cta_secondary_href. See title's note."
curious,mylife,grid_card_href,0,/playground/digital-id,active,,,2026-08-09,"Restructured 2026-08-09 tile review: cards 1-2 are destinations and carry the link; card 3 is the argument the renderer highlights and carries none, because its text is a claim rather than a place. Card-3 links had text describing an argument and an href going somewhere unrelated."
curious,mylife,grid_card_href,1,/library?purpose=education,active,,,2026-09-03,"2026-09-03 (WS2 follow-up): was '/playground/bitcoin-flow', duplicating cta_secondary_href. See title's note."
executive,verify,grid_card_href,2,/simulation?run=exec,active,,,2026-09-03,"2026-09-03: was '/playground/openssl-studio', duplicating card 1's new target and leaving this argument card's own text ('every number...is a run you can repeat yourself. That is the point of the walkthrough, not the polish.') pointing away from the walkthrough it names. Repointed to what it already describes; the freed OpenSSL Studio link moved to card 1."
executive,evidence,grid_card_href,2,/migrate?tab=vendorrisk,active,,,2026-08-09,"Argument card, linked 2026-08-09 to where its claim is evidenced — not to fill a slot. Cards 1-2 name destinations; card 3 states the board's point and links only when a page actually backs that point."
developer,pilot,grid_card_href,2,/learn/hybrid-crypto,active,,,2026-09-03,"2026-09-03 (WS2 follow-up): was '/simulation?phase=p5', unrelated to this card's claim ('the primitive underneath every hybrid key exchange you will ship'). Repointed to the Learn module that teaches the construction in depth; Simulation coverage moved to pilot[0] below."
developer,inventory,grid_card_href,2,/playground/openssl-studio,active,,,2026-09-03,"2026-09-03 (WS2 follow-up): was '/assess?mode=quick' under a card whose own text ('Studio is where you read what a key or certificate really contains') already describes OpenSSL Studio, not the assessment — a text/link mismatch (DV-D3). Repointed to what the card already says; Assess coverage moved to inventory[0] below."
developer,sizing,grid_card_href,2,/playground/hsm-capacity,active,,,2026-09-03,2026-09-03 (WS2 follow-up): was '/business?zone=mitigation'; see body's note. Command Center coverage moved to inventory[1] below.
developer,algorithm,grid_card_href,2,/learn/pqc-candidates,active,,,2026-09-03,"2026-09-03 (WS2 follow-up): was '/patents', a weaker fit than the algorithm-selection Essential module for a card about choosing a parameter set 'against a threat model, not a preference' (DV-D4). Patents coverage moved to sizing[0] below with an honestly-scoped claim."
developer,closure,grid_card_href,2,/learn/pqc-testing-validation,active,,,2026-09-03,"2026-09-03 (WS2 follow-up): was '/migrate?tab=replace', which the catalogue does not evidence per-service test coverage (DV-D5). Repointed to the Essential module on the developer path that teaches negative testing; Migrate coverage moved to sizing[1] below."
architect,controlplane,grid_card_href,2,/playground/cacp?tab=migration,active,,,2026-09-03,"2026-09-03 (WS2 follow-up): was '/assess?mode=comprehensive' under a card whose own text ('The control plane is the workshop this board rests on') already describes the CACP migration plane, not the assessment. Repointed to what the card already says; Assess coverage moved to controlplane[1] below."
architect,inventory,grid_card_href,2,/playground/pki-workshop,active,,,2026-09-03,"2026-09-03 (WS2 follow-up): was '/playground/openssl-studio' under a card whose own text ('the chain workshop is how you check') already names the PKI workshop (inventory's own secondary CTA), not OpenSSL Studio. Repointed to what the card already says; OpenSSL Studio coverage moved to inventory[1] below."
architect,keystores,grid_card_href,2,/leaders,active,,,2026-08-09,"Argument card, linked 2026-08-09 to where its claim is evidenced — not to fill a slot. Cards 1-2 name destinations; card 3 states the board's point and links only when a page actually backs that point."
architect,protocols,grid_card_href,2,/algorithms?tab=support&matrixView=heatmap,active,,,2026-09-03,"2026-09-03 (WS2 follow-up): was '/patents', unrelated to this card's claim about protocols moving at different paces (AR-D2). Repointed to the protocol matrix (this board's own primary CTA) — literally where the named stages are visible. Patents coverage moved to keystores[0] below."
architect,sequence,grid_card_href,2,/timeline,active,,,2026-08-09,"Argument card, linked 2026-08-09 to where its claim is evidenced — not to fill a slot. Cards 1-2 name destinations; card 3 states the board's point and links only when a page actually backs that point."
ops,capacity,grid_card_href,2,/library?purpose=reference,active,,,2026-08-09,"Argument card, linked 2026-08-09 to where its claim is evidenced — not to fill a slot. Cards 1-2 name destinations; card 3 states the board's point and links only when a page actually backs that point."
ops,suppliers,grid_card_href,2,/playground/pki-enrollment,active,,,2026-09-03,"2026-09-03: was '/patents', which PERSONA_ABSENT_PATHS.ops withholds from this persona's rail with the reason 'Patent research is not an operations task' — rail and board contradicted each other. Repointed to the EST/CMP enrollment workshop (minting a real ML-DSA-65 certificate), which the reworded card body now actually promises. Per the 2026-09-03 decision, rail decisions win over board links."
ops,cutover,grid_card_href,2,/learn/vpn-ssh-pqc,active,,,2026-09-03,"2026-09-03: was '/revisions', unrelated to the card's claim ('the cutover rarely fails in the protocol you rehearsed — which is why this board carries both'). Repointed to the module that teaches VPN and SSH together — already on the ops recommendedPath, not linked from any board."
ops,closeout,grid_card_href,2,/learn/soc-implementation-pqc,active,,,2026-09-03,"2026-09-03: was '/leaders' (a community directory that does not evidence the point). This board's thesis is downgrade detection, taught by soc-implementation-pqc's UC-1 'Hybrid Downgrade Detection' — a real module, on no board's Essentials strip, now finally reachable from the board that makes its exact argument."
researcher,reproduce,grid_card_href,2,/algorithms?tab=validation&section=kat,active,,,2026-09-03,"2026-09-03: was '/assess?mode=comprehensive', which evidences no reproducibility claim (RS-D2). Repointed to where NIST ACVP vectors actually run pinned in this codebase, per the 2026-09-03 decision to re-point the reproduce board rather than only soften its copy."
researcher,threatmodel,grid_card_href,2,/patents,active,,,2026-08-09,"Argument card, linked 2026-08-09 to where its claim is evidenced — not to fill a slot. Cards 1-2 name destinations; card 3 states the board's point and links only when a page actually backs that point."
curious,short,grid_card_href,2,/explore,active,,,2026-08-09,"Argument card, linked 2026-08-09 to where its claim is evidenced — not to fill a slot. Cards 1-2 name destinations; card 3 states the board's point and links only when a page actually backs that point."
curious,break,grid_card_href,2,/learn/tls-basics?tab=visual,active,,,2026-09-03,"2026-09-03 (WS2 follow-up): was '/playground/openssl-studio'. TLSBasicsModule.tsx's visual tab renders TLSDowngradeScenario — a forced downgrade, the actual 'break' this board promises. OpenSSL Studio coverage moved to break[1] below."
curious,mylife,grid_card_href,2,/learn/healthcare-pqc,active,,,2026-09-03,2026-09-03 (WS2 follow-up): was '/library?purpose=education'. Library coverage moved to mylife[1] below.
curious,whattake,grid_card_href,2,/report?example=1,active,,,2026-08-09,"Argument card, linked 2026-08-09 to where its claim is evidenced — not to fill a slot. Cards 1-2 name destinations; card 3 states the board's point and links only when a page actually backs that point."
researcher,field,grid_card_href,2,/business?zone=migration,active,,,2026-08-09,"Reshuffled 2026-08-09 so the industry-landscape tab keeps a home. researcher/field is the one board whose subject IS sector-by-sector adoption, so it takes card 1; the regulation card moves to card 2 and the argument card carries the migration zone."
executive,deadlines,side_card_row_label,3,All national-security systems,active,,,2026-09-03,2026-09-03: new row — separates the full-NSS-transition year (NSM-10) from the web/cloud/OS exclusive-use year the card previously conflated as one 'full transition' figure. See row 0's note.
executive,deadlines,side_card_row_value,3,{cnsa2_year:fullEnforcement},active,,,2026-09-03,"2026-09-03: new row, tokenised against CNSA_2_0.fullEnforcement, verified against NSA's CNSA 2.0 Suite table and NSM-10 (2035)."
ops,standing,grid_card_href,2,/revisions,active,,,2026-09-03,"2026-09-03: new href, restoring Revisions coverage for ops. See the card's title/body note."
ops,suites,grid_card_href,2,/playground/openssl-studio,active,,,2026-09-03,"2026-09-03: new href, restoring OpenSSL Studio coverage for ops. See the card's body note."
researcher,commandline,grid_card_href,2,/assess?mode=comprehensive,active,,,2026-09-03,"2026-09-03: new href, restoring Assess coverage for researcher. See the card title/body note."
architect,keystores,side_card_row_label,3,ML-DSA-65 public key,active,,,2026-09-03,2026-09-03 (AR-C2): new row -- the board promised 'what changes when they get bigger' and showed one signature size with no key size and no baseline. {ml_dsa_65_public_key_row} already existed as a token (roleBoardTokens.ts) and was unused anywhere.
architect,keystores,side_card_row_value,3,{ml_dsa_65_public_key_row},active,,,2026-09-03,"2026-09-03 (AR-C2): new row, tokenised."
grc,applicability,hero_eyebrow,,GRC · scope before controls,active,,,2026-09-07,Added 2026-09-07 for the Executive/GRC split (executive-grc-split-plan.md).
grc,applicability,headline,,Know what applies before you build anything on top of it.,active,,,2026-09-07,Added 2026-09-07 for the Executive/GRC split (executive-grc-split-plan.md).
grc,applicability,sub,,"The obligations register lists every instrument that matches your country and sector, source-review gaps ranked first — not assumptions dressed as compliance.",active,,,2026-09-07,Added 2026-09-07 for the Executive/GRC split (executive-grc-split-plan.md).
grc,applicability,cta_primary_label,,Open the obligations register,active,,,2026-09-07,Added 2026-09-07 for the Executive/GRC split (executive-grc-split-plan.md).
grc,applicability,cta_primary_href,,/compliance?tab=obligations,active,,,2026-09-07,Added 2026-09-07 for the Executive/GRC split (executive-grc-split-plan.md).
grc,applicability,cta_secondary_label,,Run the comprehensive assessment,active,,,2026-09-07,Added 2026-09-07 for the Executive/GRC split (executive-grc-split-plan.md).
grc,applicability,cta_secondary_href,,/assess?mode=comprehensive,active,,,2026-09-07,Added 2026-09-07 for the Executive/GRC split (executive-grc-split-plan.md).
grc,applicability,proof_chip,0,"{library_active_count} documents, trust-tiered",active,,,2026-09-07,Added 2026-09-07 for the Executive/GRC split (executive-grc-split-plan.md).
grc,applicability,proof_chip,1,{regulatory_verified_phrase},active,,,2026-09-07,Added 2026-09-07 for the Executive/GRC split (executive-grc-split-plan.md).
grc,applicability,side_card_title,,Where your register stands,active,,,2026-09-07,Added 2026-09-07 for the Executive/GRC split (executive-grc-split-plan.md).
grc,applicability,side_card_tone,,warn,active,,,2026-09-07,Added 2026-09-07 for the Executive/GRC split (executive-grc-split-plan.md).
grc,applicability,side_card_provenance,,illustrative,active,,,2026-09-07,Added 2026-09-07 for the Executive/GRC split (executive-grc-split-plan.md).
grc,applicability,side_card_row_label,0,Report sections generated,active,,,2026-09-07,Added 2026-09-07 for the Executive/GRC split (executive-grc-split-plan.md).
grc,applicability,side_card_row_value,0,{report_sections_visible:grc},active,,,2026-09-07,Added 2026-09-07 for the Executive/GRC split (executive-grc-split-plan.md).
grc,applicability,side_card_row_label,1,Governance artifacts attached,active,,,2026-09-07,Added 2026-09-07 for the Executive/GRC split (executive-grc-split-plan.md).
grc,applicability,side_card_row_value,1,{artifacts_count:grc:governance},active,,,2026-09-07,Added 2026-09-07 for the Executive/GRC split (executive-grc-split-plan.md).
grc,applicability,side_card_punchline,,"A register you can hand to an auditor, not a guess.",active,,,2026-09-07,Added 2026-09-07 for the Executive/GRC split (executive-grc-split-plan.md).
grc,applicability,side_card_footnote,,Illustrative until you complete the comprehensive assessment — the register reflects your own answers from that point on.,active,,,2026-09-07,Added 2026-09-07 for the Executive/GRC split (executive-grc-split-plan.md).
grc,applicability,grid_title,,What you walk out with,active,,,2026-09-07,Added 2026-09-07 for the Executive/GRC split (executive-grc-split-plan.md).
grc,applicability,grid_sub,,"Your own scope, not a sample estate",active,,,2026-09-07,Added 2026-09-07 for the Executive/GRC split (executive-grc-split-plan.md).
grc,applicability,grid_card_title,0,See what's already proven,active,,,2026-09-07,Added 2026-09-07 for the Executive/GRC split (executive-grc-split-plan.md).
grc,applicability,grid_card_body,0,"Product compliance records, per framework and per certification — check what a vendor or your own program has already established before you assume a gap.",active,,,2026-09-07,Added 2026-09-07 for the Executive/GRC split (executive-grc-split-plan.md).
grc,applicability,grid_card_href,0,/compliance?tab=records,active,,,2026-09-07,Added 2026-09-07 for the Executive/GRC split (executive-grc-split-plan.md).
grc,applicability,grid_card_title,1,See who else is doing this work,active,,,2026-09-07,Added 2026-09-07 for the Executive/GRC split (executive-grc-split-plan.md).
grc,applicability,grid_card_body,1,The community directory lists standards-body participants and practitioners working the same problem publicly — real context for how peers have scoped it.,active,,,2026-09-07,Added 2026-09-07 for the Executive/GRC split (executive-grc-split-plan.md).
grc,applicability,grid_card_href,1,/leaders,active,,,2026-09-07,Added 2026-09-07 for the Executive/GRC split (executive-grc-split-plan.md).
grc,applicability,grid_card_title,2,See the threat behind the mandate,active,,,2026-09-07,Added 2026-09-07 for the Executive/GRC split (executive-grc-split-plan.md).
grc,applicability,grid_card_body,2,"The threat landscape explains WHY a framework exists — the sector-specific risk it was written to address, not just its name.",active,,,2026-09-07,Added 2026-09-07 for the Executive/GRC split (executive-grc-split-plan.md).
grc,applicability,grid_card_href,2,/threats,active,,,2026-09-07,Added 2026-09-07 for the Executive/GRC split (executive-grc-split-plan.md).
grc,applicability,track_title,,"Then, the background: {essentials_vs_full:grc}.",active,,,2026-09-07,Added 2026-09-07 for the Executive/GRC split (executive-grc-split-plan.md).
grc,applicability,track_chip,0,PQC 101,active,,,2026-09-07,Added 2026-09-07 for the Executive/GRC split (executive-grc-split-plan.md).
grc,applicability,track_chip,1,Risk management,active,,,2026-09-07,Added 2026-09-07 for the Executive/GRC split (executive-grc-split-plan.md).
grc,applicability,track_chip,2,Data & asset sensitivity,active,,,2026-09-07,Added 2026-09-07 for the Executive/GRC split (executive-grc-split-plan.md).
grc,applicability,track_chip,3,PQC GRC,active,,,2026-09-07,Added 2026-09-07 for the Executive/GRC split (executive-grc-split-plan.md).
grc,applicability,track_chip,4,Compliance strategy,active,,,2026-09-07,Added 2026-09-07 for the Executive/GRC split (executive-grc-split-plan.md).
grc,applicability,track_chip,5,Governance,active,,,2026-09-07,Added 2026-09-07 for the Executive/GRC split (executive-grc-split-plan.md).
grc,applicability,track_chip,6,Vendor risk,active,,,2026-09-07,Added 2026-09-07 for the Executive/GRC split (executive-grc-split-plan.md).
grc,applicability,track_chip,7,Verification & closure,active,,,2026-09-07,Added 2026-09-07 for the Executive/GRC split (executive-grc-split-plan.md).
grc,applicability,capstone_chip_label,,Assurance-Ready,active,,,2026-09-07,Added 2026-09-07 for the Executive/GRC split (executive-grc-split-plan.md).
grc,applicability,track_note,,"{Essentials_count:grc} essentials against the full {recommended_path_no_quiz_count:grc}-module path plus the quiz, {estimated_minutes:grc} minutes in all. The path already inserts real checkpoints like {milestones_checkpoints:grc} right where they're relevant.",active,,,2026-09-07,Added 2026-09-07 for the Executive/GRC split (executive-grc-split-plan.md).
grc,risk-register,hero_eyebrow,,GRC · exposure · owner · treatment,active,,,2026-09-07,Added 2026-09-07 for the Executive/GRC split (executive-grc-split-plan.md).
grc,risk-register,headline,,Turn exposure into a decision someone owns.,active,,,2026-09-07,Added 2026-09-07 for the Executive/GRC split (executive-grc-split-plan.md).
grc,risk-register,sub,,"The same assessment inputs, read for treatment rather than a headline score — an exposure, its owner, and the decision you made about it.",active,,,2026-09-07,Added 2026-09-07 for the Executive/GRC split (executive-grc-split-plan.md).
grc,risk-register,cta_primary_label,,Build the risk register,active,,,2026-09-07,Added 2026-09-07 for the Executive/GRC split (executive-grc-split-plan.md).
grc,risk-register,cta_primary_href,,/business/tools/risk-register,active,,,2026-09-07,Added 2026-09-07 for the Executive/GRC split (executive-grc-split-plan.md).
grc,risk-register,cta_secondary_label,,See a finished example report,active,,,2026-09-07,Added 2026-09-07 for the Executive/GRC split (executive-grc-split-plan.md).
grc,risk-register,cta_secondary_href,,/report?example=1,active,,,2026-09-07,Added 2026-09-07 for the Executive/GRC split (executive-grc-split-plan.md).
grc,risk-register,proof_chip,0,"{library_active_count} documents, trust-tiered",active,,,2026-09-07,Added 2026-09-07 for the Executive/GRC split (executive-grc-split-plan.md).
grc,risk-register,proof_chip,1,Organised around the NIST CSWP.39 zones,active,,,2026-09-07,Added 2026-09-07 for the Executive/GRC split (executive-grc-split-plan.md).
grc,risk-register,side_card_title,,What the register is built from,active,,,2026-09-07,Added 2026-09-07 for the Executive/GRC split (executive-grc-split-plan.md).
grc,risk-register,side_card_tone,,warn,active,,,2026-09-07,Added 2026-09-07 for the Executive/GRC split (executive-grc-split-plan.md).
grc,risk-register,side_card_provenance,,illustrative,active,,,2026-09-07,Added 2026-09-07 for the Executive/GRC split (executive-grc-split-plan.md).
grc,risk-register,side_card_row_label,0,Report sections generated,active,,,2026-09-07,Added 2026-09-07 for the Executive/GRC split (executive-grc-split-plan.md).
grc,risk-register,side_card_row_value,0,{report_sections_visible:grc},active,,,2026-09-07,Added 2026-09-07 for the Executive/GRC split (executive-grc-split-plan.md).
grc,risk-register,side_card_row_label,1,Risk-management artifacts attached,active,,,2026-09-07,Added 2026-09-07 for the Executive/GRC split (executive-grc-split-plan.md).
grc,risk-register,side_card_row_value,1,{artifacts_count:grc:risk-management},active,,,2026-09-07,Added 2026-09-07 for the Executive/GRC split (executive-grc-split-plan.md).
grc,risk-register,side_card_punchline,,"A register with an owner against each risk, not a number in a slide.",active,,,2026-09-07,Added 2026-09-07 for the Executive/GRC split (executive-grc-split-plan.md).
grc,risk-register,side_card_footnote,,Illustrative until you complete the comprehensive assessment — the register reflects your own answers from that point on.,active,,,2026-09-07,Added 2026-09-07 for the Executive/GRC split (executive-grc-split-plan.md).
grc,risk-register,grid_title,,What the register gives you,active,,,2026-09-07,Added 2026-09-07 for the Executive/GRC split (executive-grc-split-plan.md).
grc,risk-register,grid_sub,,"Generated from your own inputs, not a sample estate",active,,,2026-09-07,Added 2026-09-07 for the Executive/GRC split (executive-grc-split-plan.md).
grc,risk-register,grid_card_title,0,Score it first,active,,,2026-09-07,Added 2026-09-07 for the Executive/GRC split (executive-grc-split-plan.md).
grc,risk-register,grid_card_body,0,"The comprehensive assessment produces the risk score, data sensitivity and migration-status inputs the register's own fields are built from — you are not re-typing what you already answered.",active,,,2026-09-07,Added 2026-09-07 for the Executive/GRC split (executive-grc-split-plan.md).
grc,risk-register,grid_card_href,0,/assess?mode=comprehensive,active,,,2026-09-07,Added 2026-09-07 for the Executive/GRC split (executive-grc-split-plan.md).
grc,risk-register,grid_card_title,1,Then assign the treatment,active,,,2026-09-07,Added 2026-09-07 for the Executive/GRC split (executive-grc-split-plan.md).
grc,risk-register,grid_card_body,1,"Once a risk is named and owned, the treatment plan tool turns it into a documented decision — accept, mitigate, transfer or avoid — with a named owner.",active,,,2026-09-07,Added 2026-09-07 for the Executive/GRC split (executive-grc-split-plan.md).
grc,risk-register,grid_card_href,1,/business/tools/risk-treatment-plan,active,,,2026-09-07,Added 2026-09-07 for the Executive/GRC split (executive-grc-split-plan.md).
grc,risk-register,grid_card_title,2,Attach a date to the risk,active,,,2026-09-07,Added 2026-09-07 for the Executive/GRC split (executive-grc-split-plan.md).
grc,risk-register,grid_card_body,2,A risk register without dates just states an opinion. The regulatory timeline shows which mandates already have a stated date — attach those to the risks they actually create.,active,,,2026-09-07,Added 2026-09-07 for the Executive/GRC split (executive-grc-split-plan.md).
grc,risk-register,grid_card_href,2,/timeline,active,,,2026-09-07,Added 2026-09-07 for the Executive/GRC split (executive-grc-split-plan.md).
grc,risk-register,track_title,,"Then, the background: {essentials_vs_full:grc}.",active,,,2026-09-07,Added 2026-09-07 for the Executive/GRC split (executive-grc-split-plan.md).
grc,controls,hero_eyebrow,,GRC · a checklist that closes,active,,,2026-09-07,Added 2026-09-07 for the Executive/GRC split (executive-grc-split-plan.md).
grc,controls,headline,,Build a checklist that actually closes.,active,,,2026-09-07,Added 2026-09-07 for the Executive/GRC split (executive-grc-split-plan.md).
grc,controls,sub,,Scope what applies into tracked items with an owner and an evidence link on every row — not a policy document nobody re-opens.,active,,,2026-09-07,Added 2026-09-07 for the Executive/GRC split (executive-grc-split-plan.md).
grc,controls,cta_primary_label,,Scope the compliance checklist,active,,,2026-09-07,Added 2026-09-07 for the Executive/GRC split (executive-grc-split-plan.md).
grc,controls,cta_primary_href,,/business/tools/compliance-checklist,active,,,2026-09-07,Added 2026-09-07 for the Executive/GRC split (executive-grc-split-plan.md).
grc,controls,cta_secondary_label,,Review what applies first,active,,,2026-09-07,Added 2026-09-07 for the Executive/GRC split (executive-grc-split-plan.md).
grc,controls,cta_secondary_href,,/compliance?tab=obligations,active,,,2026-09-07,Added 2026-09-07 for the Executive/GRC split (executive-grc-split-plan.md).
grc,controls,proof_chip,0,{regulatory_verified_phrase},active,,,2026-09-07,Added 2026-09-07 for the Executive/GRC split (executive-grc-split-plan.md).
grc,controls,proof_chip,1,Organised around the NIST CSWP.39 zones,active,,,2026-09-07,Added 2026-09-07 for the Executive/GRC split (executive-grc-split-plan.md).
grc,controls,side_card_title,,What the checklist is built from,active,,,2026-09-07,Added 2026-09-07 for the Executive/GRC split (executive-grc-split-plan.md).
grc,controls,side_card_tone,,info,active,,,2026-09-07,Added 2026-09-07 for the Executive/GRC split (executive-grc-split-plan.md).
grc,controls,side_card_provenance,,guidance,active,,,2026-09-07,Added 2026-09-07 for the Executive/GRC split (executive-grc-split-plan.md).
grc,controls,side_card_row_label,0,Essentials in your path,active,,,2026-09-07,Added 2026-09-07 for the Executive/GRC split (executive-grc-split-plan.md).
grc,controls,side_card_row_value,0,{essentials_count:grc},active,,,2026-09-07,Added 2026-09-07 for the Executive/GRC split (executive-grc-split-plan.md).
grc,controls,side_card_row_label,1,Library categories emphasised,active,,,2026-09-07,Added 2026-09-07 for the Executive/GRC split (executive-grc-split-plan.md).
grc,controls,side_card_row_value,1,{library_categories_count:grc},active,,,2026-09-07,Added 2026-09-07 for the Executive/GRC split (executive-grc-split-plan.md).
grc,controls,side_card_punchline,,"A checklist someone can actually close, item by item.",active,,,2026-09-07,Added 2026-09-07 for the Executive/GRC split (executive-grc-split-plan.md).
grc,controls,grid_title,,What the checklist gives you,active,,,2026-09-07,Added 2026-09-07 for the Executive/GRC split (executive-grc-split-plan.md).
grc,controls,grid_sub,,Scoped to what actually applies to you,active,,,2026-09-07,Added 2026-09-07 for the Executive/GRC split (executive-grc-split-plan.md).
grc,controls,grid_card_title,0,Open the Command Center on governance,active,,,2026-09-07,Added 2026-09-07 for the Executive/GRC split (executive-grc-split-plan.md).
grc,controls,grid_card_body,0,"The governance zone features exactly what a checklist needs downstream: the audit checklist, the policy draft and the vendor scorecard, in one dashboard.",active,,,2026-09-07,Added 2026-09-07 for the Executive/GRC split (executive-grc-split-plan.md).
grc,controls,grid_card_href,0,/business?zone=governance,active,,,2026-09-07,Added 2026-09-07 for the Executive/GRC split (executive-grc-split-plan.md).
grc,controls,grid_card_title,1,Backed by planning material,active,,,2026-09-07,Added 2026-09-07 for the Executive/GRC split (executive-grc-split-plan.md).
grc,controls,grid_card_body,1,"The library filtered to migration-planning documents, each carrying a source tier and a verification date — the citations behind a checklist item, not just its title.",active,,,2026-09-07,Added 2026-09-07 for the Executive/GRC split (executive-grc-split-plan.md).
grc,controls,grid_card_href,1,/library?purpose=planning,active,,,2026-09-07,Added 2026-09-07 for the Executive/GRC split (executive-grc-split-plan.md).
grc,controls,grid_card_title,2,"Verify a claim yourself, if you want to go deeper",active,,,2026-09-07,Added 2026-09-07 for the Executive/GRC split (executive-grc-split-plan.md).
grc,controls,grid_card_body,2,"Some checklist items are things you can test rather than just track — the Playground runs the real algorithms in your browser, not a diagram of them.",active,,,2026-09-07,Added 2026-09-07 for the Executive/GRC split (executive-grc-split-plan.md).
grc,controls,grid_card_href,2,/playground,active,,,2026-09-07,Added 2026-09-07 for the Executive/GRC split (executive-grc-split-plan.md).
grc,controls,track_title,,"Then, the background: {essentials_vs_full:grc}.",active,,,2026-09-07,Added 2026-09-07 for the Executive/GRC split (executive-grc-split-plan.md).
grc,vendor-assurance,hero_eyebrow,,GRC · claim versus proof,active,,,2026-09-07,Added 2026-09-07 for the Executive/GRC split (executive-grc-split-plan.md).
grc,vendor-assurance,headline,,Score the claim against the proof.,active,,,2026-09-07,Added 2026-09-07 for the Executive/GRC split (executive-grc-split-plan.md).
grc,vendor-assurance,sub,,"Algorithm support, FIPS validation, CBOM availability and crypto-agility commitments — one scorecard per vendor, built from what they can actually show.",active,,,2026-09-07,Added 2026-09-07 for the Executive/GRC split (executive-grc-split-plan.md).
grc,vendor-assurance,cta_primary_label,,Open the vendor scorecard,active,,,2026-09-07,Added 2026-09-07 for the Executive/GRC split (executive-grc-split-plan.md).
grc,vendor-assurance,cta_primary_href,,/business/tools/vendor-scorecard,active,,,2026-09-07,Added 2026-09-07 for the Executive/GRC split (executive-grc-split-plan.md).
grc,vendor-assurance,cta_secondary_label,,Browse the migration catalog,active,,,2026-09-07,Added 2026-09-07 for the Executive/GRC split (executive-grc-split-plan.md).
grc,vendor-assurance,cta_secondary_href,,/migrate,active,,,2026-09-07,Added 2026-09-07 for the Executive/GRC split (executive-grc-split-plan.md).
grc,vendor-assurance,proof_chip,0,"{library_active_count} documents, trust-tiered",active,,,2026-09-07,Added 2026-09-07 for the Executive/GRC split (executive-grc-split-plan.md).
grc,vendor-assurance,proof_chip,1,Six-dimension vendor scorecard,active,,,2026-09-07,Added 2026-09-07 for the Executive/GRC split (executive-grc-split-plan.md).
grc,vendor-assurance,side_card_title,,What the scorecard checks,active,,,2026-09-07,Added 2026-09-07 for the Executive/GRC split (executive-grc-split-plan.md).
grc,vendor-assurance,side_card_tone,,warn,active,,,2026-09-07,Added 2026-09-07 for the Executive/GRC split (executive-grc-split-plan.md).
grc,vendor-assurance,side_card_provenance,,illustrative,active,,,2026-09-07,Added 2026-09-07 for the Executive/GRC split (executive-grc-split-plan.md).
grc,vendor-assurance,side_card_row_label,0,Report sections generated,active,,,2026-09-07,Added 2026-09-07 for the Executive/GRC split (executive-grc-split-plan.md).
grc,vendor-assurance,side_card_row_value,0,{report_sections_visible:grc},active,,,2026-09-07,Added 2026-09-07 for the Executive/GRC split (executive-grc-split-plan.md).
grc,vendor-assurance,side_card_row_label,1,Governance artifacts attached,active,,,2026-09-07,Added 2026-09-07 for the Executive/GRC split (executive-grc-split-plan.md).
grc,vendor-assurance,side_card_row_value,1,{artifacts_count:grc:governance},active,,,2026-09-07,Added 2026-09-07 for the Executive/GRC split (executive-grc-split-plan.md).
grc,vendor-assurance,side_card_punchline,,"A score built from what the vendor can prove, not what they claim.",active,,,2026-09-07,Added 2026-09-07 for the Executive/GRC split (executive-grc-split-plan.md).
grc,vendor-assurance,grid_title,,What the scorecard gives you,active,,,2026-09-07,Added 2026-09-07 for the Executive/GRC split (executive-grc-split-plan.md).
grc,vendor-assurance,grid_sub,,"Six dimensions, one per claim that needs proof",active,,,2026-09-07,Added 2026-09-07 for the Executive/GRC split (executive-grc-split-plan.md).
grc,vendor-assurance,grid_card_title,0,Check what they've actually shipped,active,,,2026-09-07,Added 2026-09-07 for the Executive/GRC split (executive-grc-split-plan.md).
grc,vendor-assurance,grid_card_body,0,"The migration catalog's vendor-risk view says what each product supports today, with the proof date on the row — a claim without a date is a claim, not evidence.",active,,,2026-09-07,Added 2026-09-07 for the Executive/GRC split (executive-grc-split-plan.md).
grc,vendor-assurance,grid_card_href,0,/migrate?tab=vendorrisk,active,,,2026-09-07,Added 2026-09-07 for the Executive/GRC split (executive-grc-split-plan.md).
grc,vendor-assurance,grid_card_title,1,Check the algorithm claim itself,active,,,2026-09-07,Added 2026-09-07 for the Executive/GRC split (executive-grc-split-plan.md).
grc,vendor-assurance,grid_card_body,1,"A vendor's ""PQC-ready"" claim should map to a specific certified algorithm — the Transition Guide shows which classical algorithms have certified PQC replacements today.",active,,,2026-09-07,Added 2026-09-07 for the Executive/GRC split (executive-grc-split-plan.md).
grc,vendor-assurance,grid_card_href,1,/algorithms?tab=transition&highlight=ML-KEM-768,active,,,2026-09-07,Added 2026-09-07 for the Executive/GRC split (executive-grc-split-plan.md).
grc,vendor-assurance,grid_card_title,2,Check IP exposure alongside readiness,active,,,2026-09-07,Added 2026-09-07 for the Executive/GRC split (executive-grc-split-plan.md).
grc,vendor-assurance,grid_card_body,2,"Vendor risk is not only crypto readiness — the patents corpus tracks licensing claims over specific PQC implementations, relevant if a ""compliant"" implementation rests on contested IP.",active,,,2026-09-07,Added 2026-09-07 for the Executive/GRC split (executive-grc-split-plan.md).
grc,vendor-assurance,grid_card_href,2,/patents,active,,,2026-09-07,Added 2026-09-07 for the Executive/GRC split (executive-grc-split-plan.md).
grc,vendor-assurance,track_title,,"Then, the background: {essentials_vs_full:grc}.",active,,,2026-09-07,Added 2026-09-07 for the Executive/GRC split (executive-grc-split-plan.md).
grc,evidence,hero_eyebrow,,"GRC · evidence, not assumption",active,,,2026-09-07,Added 2026-09-07 for the Executive/GRC split (executive-grc-split-plan.md).
grc,evidence,headline,,Know what you can already prove.,active,,,2026-09-07,Added 2026-09-07 for the Executive/GRC split (executive-grc-split-plan.md).
grc,evidence,sub,,"Cryptographic inventory, source citations and requirement extraction — read as evidence completeness, not as a pass/fail audit.",active,,,2026-09-07,Added 2026-09-07 for the Executive/GRC split (executive-grc-split-plan.md).
grc,evidence,cta_primary_label,,Open the audit checklist,active,,,2026-09-07,Added 2026-09-07 for the Executive/GRC split (executive-grc-split-plan.md).
grc,evidence,cta_primary_href,,/business/tools/audit-checklist,active,,,2026-09-07,Added 2026-09-07 for the Executive/GRC split (executive-grc-split-plan.md).
grc,evidence,cta_secondary_label,,Run the comprehensive assessment,active,,,2026-09-07,Added 2026-09-07 for the Executive/GRC split (executive-grc-split-plan.md).
grc,evidence,cta_secondary_href,,/assess?mode=comprehensive,active,,,2026-09-07,Added 2026-09-07 for the Executive/GRC split (executive-grc-split-plan.md).
grc,evidence,proof_chip,0,"{library_active_count} documents, trust-tiered",active,,,2026-09-07,Added 2026-09-07 for the Executive/GRC split (executive-grc-split-plan.md).
grc,evidence,proof_chip,1,{regulatory_verified_phrase},active,,,2026-09-07,Added 2026-09-07 for the Executive/GRC split (executive-grc-split-plan.md).
grc,evidence,side_card_title,,What's already documented,active,,,2026-09-07,Added 2026-09-07 for the Executive/GRC split (executive-grc-split-plan.md).
grc,evidence,side_card_tone,,info,active,,,2026-09-07,Added 2026-09-07 for the Executive/GRC split (executive-grc-split-plan.md).
grc,evidence,side_card_provenance,,guidance,active,,,2026-09-07,Added 2026-09-07 for the Executive/GRC split (executive-grc-split-plan.md).
grc,evidence,side_card_row_label,0,Essentials in your path,active,,,2026-09-07,Added 2026-09-07 for the Executive/GRC split (executive-grc-split-plan.md).
grc,evidence,side_card_row_value,0,{essentials_count:grc},active,,,2026-09-07,Added 2026-09-07 for the Executive/GRC split (executive-grc-split-plan.md).
grc,evidence,side_card_row_label,1,Governance artifacts attached,active,,,2026-09-07,Added 2026-09-07 for the Executive/GRC split (executive-grc-split-plan.md).
grc,evidence,side_card_row_value,1,{artifacts_count:grc:governance},active,,,2026-09-07,Added 2026-09-07 for the Executive/GRC split (executive-grc-split-plan.md).
grc,evidence,side_card_punchline,,"What you can already prove — and what still needs a source, named as a gap.",active,,,2026-09-07,Added 2026-09-07 for the Executive/GRC split (executive-grc-split-plan.md).
grc,evidence,side_card_footnote,,Illustrative until you complete the comprehensive assessment — the register reflects your own answers from that point on.,active,,,2026-09-07,Added 2026-09-07 for the Executive/GRC split (executive-grc-split-plan.md).
grc,evidence,grid_title,,What evidence completeness gives you,active,,,2026-09-07,Added 2026-09-07 for the Executive/GRC split (executive-grc-split-plan.md).
grc,evidence,grid_sub,,"A gap list, not a grade",active,,,2026-09-07,Added 2026-09-07 for the Executive/GRC split (executive-grc-split-plan.md).
grc,evidence,grid_card_title,0,Not sure this is the board you need?,active,,,2026-09-07,Added 2026-09-07 for the Executive/GRC split (executive-grc-split-plan.md).
grc,evidence,grid_card_body,0,"Every topic on this site, organised for someone who has not decided where to start.",active,,,2026-09-07,Added 2026-09-07 for the Executive/GRC split (executive-grc-split-plan.md).
grc,evidence,grid_card_href,0,/explore,active,,,2026-09-07,Added 2026-09-07 for the Executive/GRC split (executive-grc-split-plan.md).
grc,evidence,grid_card_title,1,Check the certification record,active,,,2026-09-07,Added 2026-09-07 for the Executive/GRC split (executive-grc-split-plan.md).
grc,evidence,grid_card_body,1,"Product compliance records, per framework and per certification — the record an auditor checks against, not the marketing page.",active,,,2026-09-07,Added 2026-09-07 for the Executive/GRC split (executive-grc-split-plan.md).
grc,evidence,grid_card_href,1,/compliance?tab=records,active,,,2026-09-07,Added 2026-09-07 for the Executive/GRC split (executive-grc-split-plan.md).
grc,evidence,grid_card_title,2,Check whether a gap has already closed,active,,,2026-09-07,Added 2026-09-07 for the Executive/GRC split (executive-grc-split-plan.md).
grc,evidence,grid_card_body,2,"The revisions feed logs every correction to the compliance, vendor and migration data — a source that looked unextracted last week may already be fixed.",active,,,2026-09-07,Added 2026-09-07 for the Executive/GRC split (executive-grc-split-plan.md).
grc,evidence,grid_card_href,2,/revisions,active,,,2026-09-07,Added 2026-09-07 for the Executive/GRC split (executive-grc-split-plan.md).
grc,evidence,track_title,,"Then, the background: {essentials_vs_full:grc}.",active,,,2026-09-07,Added 2026-09-07 for the Executive/GRC split (executive-grc-split-plan.md).
grc,closure,hero_eyebrow,,GRC · closure needs a record,active,,,2026-09-07,Added 2026-09-07 for the Executive/GRC split (executive-grc-split-plan.md).
grc,closure,headline,,"Define what ""done"" means before you say it.",active,,,2026-09-07,Added 2026-09-07 for the Executive/GRC split (executive-grc-split-plan.md).
grc,closure,sub,,"Exit criteria, a decommissioning schedule, and a record you can point an auditor to — not a sense that the migration is probably over.",active,,,2026-09-07,Added 2026-09-07 for the Executive/GRC split (executive-grc-split-plan.md).
grc,closure,cta_primary_label,,Verify the migration,active,,,2026-09-07,Added 2026-09-07 for the Executive/GRC split (executive-grc-split-plan.md).
grc,closure,cta_primary_href,,/business/tools/migration-verification,active,,,2026-09-07,Added 2026-09-07 for the Executive/GRC split (executive-grc-split-plan.md).
grc,closure,cta_secondary_label,,See a finished example report,active,,,2026-09-07,Added 2026-09-07 for the Executive/GRC split (executive-grc-split-plan.md).
grc,closure,cta_secondary_href,,/report?example=1,active,,,2026-09-07,Added 2026-09-07 for the Executive/GRC split (executive-grc-split-plan.md).
grc,closure,proof_chip,0,Organised around the NIST CSWP.39 zones,active,,,2026-09-07,Added 2026-09-07 for the Executive/GRC split (executive-grc-split-plan.md).
grc,closure,proof_chip,1,{regulatory_verified_phrase},active,,,2026-09-07,Added 2026-09-07 for the Executive/GRC split (executive-grc-split-plan.md).
grc,closure,side_card_title,,What closure requires,active,,,2026-09-07,Added 2026-09-07 for the Executive/GRC split (executive-grc-split-plan.md).
grc,closure,side_card_tone,,accent,active,,,2026-09-07,Added 2026-09-07 for the Executive/GRC split (executive-grc-split-plan.md).
grc,closure,side_card_provenance,,illustrative,active,,,2026-09-07,Added 2026-09-07 for the Executive/GRC split (executive-grc-split-plan.md).
grc,closure,side_card_row_label,0,Report sections generated,active,,,2026-09-07,Added 2026-09-07 for the Executive/GRC split (executive-grc-split-plan.md).
grc,closure,side_card_row_value,0,{report_sections_visible:grc},active,,,2026-09-07,Added 2026-09-07 for the Executive/GRC split (executive-grc-split-plan.md).
grc,closure,side_card_row_label,1,Risk-management artifacts attached,active,,,2026-09-07,Added 2026-09-07 for the Executive/GRC split (executive-grc-split-plan.md).
grc,closure,side_card_row_value,1,{artifacts_count:grc:risk-management},active,,,2026-09-07,Added 2026-09-07 for the Executive/GRC split (executive-grc-split-plan.md).
grc,closure,side_card_punchline,,"A closure record an auditor can follow, not a sense that you're probably done.",active,,,2026-09-07,Added 2026-09-07 for the Executive/GRC split (executive-grc-split-plan.md).
grc,closure,grid_title,,What closure gives you,active,,,2026-09-07,Added 2026-09-07 for the Executive/GRC split (executive-grc-split-plan.md).
grc,closure,grid_sub,,"A record, not a feeling",active,,,2026-09-07,Added 2026-09-07 for the Executive/GRC split (executive-grc-split-plan.md).
grc,closure,grid_card_title,0,Start from the recommended actions,active,,,2026-09-07,Added 2026-09-07 for the Executive/GRC split (executive-grc-split-plan.md).
grc,closure,grid_card_body,0,"The comprehensive assessment's recommended actions are what closure verifies against — you are checking the plan was executed, not inventing new criteria at the end.",active,,,2026-09-07,Added 2026-09-07 for the Executive/GRC split (executive-grc-split-plan.md).
grc,closure,grid_card_href,0,/assess?mode=comprehensive,active,,,2026-09-07,Added 2026-09-07 for the Executive/GRC split (executive-grc-split-plan.md).
grc,closure,grid_card_title,1,Verify it yourself,active,,,2026-09-07,Added 2026-09-07 for the Executive/GRC split (executive-grc-split-plan.md).
grc,closure,grid_card_body,1,"OpenSSL Studio runs the same commands you would put in a change record, against a real OpenSSL build — closure evidence you produced yourself, not a vendor's word for it.",active,,,2026-09-07,Added 2026-09-07 for the Executive/GRC split (executive-grc-split-plan.md).
grc,closure,grid_card_href,1,/playground/openssl-studio,active,,,2026-09-07,Added 2026-09-07 for the Executive/GRC split (executive-grc-split-plan.md).
grc,closure,grid_card_title,2,Walk the closure phase yourself,active,,,2026-09-07,Added 2026-09-07 for the Executive/GRC split (executive-grc-split-plan.md).
grc,closure,grid_card_body,2,The simulation lets you run the verify-and-close phase of a migration program and see what evidence a closure gate actually demands.,active,,,2026-09-07,Added 2026-09-07 for the Executive/GRC split (executive-grc-split-plan.md).
grc,closure,grid_card_href,2,/simulation?phase=verify-close,active,,,2026-09-07,Added 2026-09-07 for the Executive/GRC split (executive-grc-split-plan.md).
grc,closure,track_title,,"Then, the background: {essentials_vs_full:grc}.",active,,,2026-09-07,Added 2026-09-07 for the Executive/GRC split (executive-grc-split-plan.md).
