source_id,source_name,source_type,trust_tier,region,primary_url,description,verification_status,last_verified_date,leaders_csv,library_csv,algorithm_csv,threats_csv,timeline_csv,compliance_csv,migrate_csv,patents_csv,local_doc_count,last_download_date,download_status,doc_collection,notes,primary_url_quality,name,type,domain,date_stamp,status,deprecated_at,deprecated_reason
01quantum,01 Quantum,Industry_Workgroup,4_Contextual,Global,https://01quantum.com/,Early-stage quantum-safe security leader focusing on agile PQC deployment,Verified,2026-02-13,No,No,No,No,No,No,Yes,No,0,,None,none,,url_needs_review,,,,2026-05-06,active,,
1password-inc,1Password Inc.,Vendor,3_Supporting,,https://1password.com,"1Password Inc. — primary vendor website, sourced from the vendors catalog's existing verified record.",Verified,2026-07-07,No,No,No,No,No,No,Yes,No,0,,None,none,"Backfilled 2026-07-16 from pqc_authoritative_sources_reference_07162026.csv (pqc_authoritative_sources_reference) — trust_tier=3_Supporting assigned via Vendor's existing modal precedent in this registry, NOT independently researched; skim before treating as verified. Cited by 0 active migrate row(s), 1 active vendor row(s).",url_needs_review,,,,2026-07-16,active,,
3gpp,3GPP,Standards_Body,1_Authoritative,Global,https://www.3gpp.org/,3rd Generation Partnership Project; mobile telecom standards (5G/6G) including PQC work items,Verified,2026-07-12,No,No,No,No,Yes,No,No,No,0,,None,none,,url_authoritative,,,,2026-07-09,active,,
405-d-program-hhs-health-indus,405(d) Program — HHS Health Industry Cybersecurity Practices,Government,2_Core,Americas,https://405d.hhs.gov/post/detail/c840201e-c552-4f9a-9684-6bbe687fea1b,HHS-run healthcare-sector cybersecurity program (Cybersecurity Act of 2015 Sec. 405(d)); published the Health Industry Cybersecurity Strategic Plan,Verified,2026-07-28,,,,,,,,No,,,,,"Confirmed live (200 via curl). Distinct Government entity from the companion Industry_Workgroup body HSCC (healthsectorcouncil.org, added separately above) -- 405(d) is the HHS-run federal program; HSCC is its private-sector execution partner.",url_authoritative,,,,,active,,
5g-americas,5G Americas,Industry_Workgroup,2_Core,Global,https://www.5gamericas.org/,Telecom industry trade association; white papers on PQC transition in mobile networks,Verified,2026-07-12,No,Yes,No,No,No,No,No,No,0,,None,none,,url_needs_review,,,,2026-07-09,active,,
6wind-sa,6WIND SA,Vendor,3_Supporting,,https://www.6wind.com,"6WIND SA — primary vendor website, sourced from the vendors catalog's existing verified record.",Verified,2026-07-07,No,No,No,No,No,No,Yes,No,0,,None,none,"Backfilled 2026-07-16 from pqc_authoritative_sources_reference_07162026.csv (pqc_authoritative_sources_reference) — trust_tier=3_Supporting assigned via Vendor's existing modal precedent in this registry, NOT independently researched; skim before treating as verified. Cited by 0 active migrate row(s), 1 active vendor row(s).",url_needs_review,,,,2026-07-16,active,,
a10-networks-inc,"A10 Networks, Inc.",Vendor,3_Supporting,,https://www.a10networks.com/,"A10 Networks, Inc. — primary vendor website, sourced from the vendors catalog's existing verified record.",Verified,2026-07-07,No,No,No,No,No,No,Yes,No,0,,None,none,"Backfilled 2026-07-16 from pqc_authoritative_sources_reference_07162026.csv (pqc_authoritative_sources_reference) — trust_tier=3_Supporting assigned via Vendor's existing modal precedent in this registry, NOT independently researched; skim before treating as verified. Cited by 2 active migrate row(s), 1 active vendor row(s).",url_needs_review,,,,2026-07-16,active,,
aacs,AACS Licensing Administrator (AACS LA),Industry_Workgroup,3_Supporting,Global,https://www.aacsla.com/,Advanced Access Content System Licensing Administrator; defines content protection key management for Blu-ray and HD media formats,Verified,2026-03-28,No,Yes,No,Yes,No,No,No,No,0,,None,none,,url_needs_review,,,,2026-05-06,active,,
aarhus-university-post-quantum,Aarhus University — Post-Quantum Security Research Group,Academic,3_Supporting,EMEA,https://projects.au.dk/quantum/post-quantum-security-and-communication,Aarhus University PQC research group; submitted Picnic and FEAST to the NIST PQC competition,Verified,2026-07-28,,,,,,,,No,,,,,"Confirmed live via WebFetch, including the Picnic/FEAST NIST-submission claim (MPC-in-the-head signature schemes).",url_needs_review,,,,,active,,
abi-research,ABI Research Technology Analysis,Industry_Analyst,4_Contextual,Global,https://www.abiresearch.com/,Industry technology forecasting including HSM and PQC adoption analysis,Verified,2025-12-15,No,No,No,No,No,No,No,No,0,,None,none,,url_needs_review,,,,2026-05-06,active,,
acpr-france,Autorité de contrôle prudentiel et de résolution (France),Government,1_Authoritative,EMEA,https://acpr.banque-france.fr/,"French banking and insurance prudential regulator, part of the Banque de France. Sets cryptographic-control and operational-resilience expectations for FS-regulated entities.",Verified,2026-05-16,No,No,No,No,Yes,Yes,No,No,0,,None,none,Added 2026-05-16 for P2 #19 trusted_source orphan resolution.,url_authoritative,,,,2026-05-16,active,,
acs-australia,ACS (Australian Computer Society),Industry_Workgroup,3_Supporting,APAC,https://www.acs.org.au/,Australian ICT professional association; Information Age coverage of PQC developments,Verified,2026-07-12,No,Yes,No,No,No,No,No,No,0,,None,none,,url_needs_review,,,,2026-07-09,active,,
acsc,ACSC Australian Signals Directorate,Government,1_Authoritative,APAC,https://www.cyber.gov.au/,Australian Cyber Security Centre quantum security guidance,Verified,2025-12-15,No,Yes,No,No,Yes,Yes,No,No,1,2024-12-01,Active,timeline,Fixed tagging: timeline_csv compliance_csv,url_authoritative,,,,2026-05-06,active,,
adguard,AdGuard,Vendor,3_Supporting,,https://adguard-dns.io,"AdGuard — primary vendor website, sourced from the vendors catalog's existing verified record.",Verified,2026-07-07,No,No,No,No,No,No,Yes,No,0,,None,none,"Backfilled 2026-07-16 from pqc_authoritative_sources_reference_07162026.csv (pqc_authoritative_sources_reference) — trust_tier=3_Supporting assigned via Vendor's existing modal precedent in this registry, NOT independently researched; skim before treating as verified. Cited by 2 active migrate row(s), 1 active vendor row(s).",url_needs_review,,,,2026-07-16,active,,
adobe-inc,Adobe Inc.,Vendor,3_Supporting,,https://adobe.com,"Adobe Inc. — primary vendor website, sourced from the vendors catalog's existing verified record.",Verified,2026-07-07,No,No,No,No,No,No,Yes,No,0,,None,none,"Backfilled 2026-07-16 from pqc_authoritative_sources_reference_07162026.csv (pqc_authoritative_sources_reference) — trust_tier=3_Supporting assigned via Vendor's existing modal precedent in this registry, NOT independently researched; skim before treating as verified. Cited by 0 active migrate row(s), 1 active vendor row(s).",url_needs_review,,,,2026-07-16,active,,
adva,Adtran Networks (formerly ADVA),Vendor,3_Supporting,EMEA,https://www.adtran.com,Optical transport and edge networking company; shipping PQC-enabled FSP 3000 CloudConnect with QKD and hybrid PQC integration for carrier networks,Verified,2026-03-31,No,Yes,No,No,No,No,No,No,0,,None,none,,url_needs_review,,,,2026-05-06,active,,
advanced-micro-devices-inc,Advanced Micro Devices Inc.,Vendor,3_Supporting,,https://amd.com,"Advanced Micro Devices Inc. — primary vendor website, sourced from the vendors catalog's existing verified record.",Verified,2026-07-07,No,No,No,No,No,No,Yes,No,0,,None,none,"Backfilled 2026-07-16 from pqc_authoritative_sources_reference_07162026.csv (pqc_authoritative_sources_reference) — trust_tier=3_Supporting assigned via Vendor's existing modal precedent in this registry, NOT independently researched; skim before treating as verified. Cited by 1 active migrate row(s), 1 active vendor row(s).",url_needs_review,,,,2026-07-16,active,,
advanced-technology-research-council,Advanced Technology Research Council,Vendor,3_Supporting,,https://www.atrc.ae,"Advanced Technology Research Council — primary vendor website, sourced from the vendors catalog's existing verified record.",Verified,2026-07-07,No,No,No,No,No,No,Yes,No,0,,None,none,"Backfilled 2026-07-16 from pqc_authoritative_sources_reference_07162026.csv (pqc_authoritative_sources_reference) — trust_tier=3_Supporting assigned via Vendor's existing modal precedent in this registry, NOT independently researched; skim before treating as verified. Cited by 0 active migrate row(s), 1 active vendor row(s).",url_needs_review,,,,2026-07-16,active,,
aeec-sae,"Airlines Electronic Engineering Committee (AEEC) — ARINC Industry Activities, SAE ITC",Standards_Body,2_Core,Global,https://aviation-ia.sae-itc.com/,"AEEC / ARINC Industry Activities under SAE Industry Technologies Consortia; publishes the ARINC Standards for commercial avionics, incl. ARINC 811 and 827 information-security guidance.",Verified,2026-07-31,No,Yes,No,No,No,No,No,No,0,,None,none,"Added 2026-07-31 (WP-6.4): library rows ARINC-Standard-811/827 cited trusted_source_id=aeec-sae with no registry row, one of the 4 dangling FKs behind the trusted-sources accuracy FAIL.",url_authoritative,,,,2026-07-31,active,,
africa-quantum-consortium,Africa Quantum Consortium,Vendor,3_Supporting,,https://africaquantum.org,"Africa Quantum Consortium — primary vendor website, sourced from the vendors catalog's existing verified record.",Verified,2026-07-07,No,No,No,No,No,No,Yes,No,0,,None,none,"Backfilled 2026-07-16 from pqc_authoritative_sources_reference_07162026.csv (pqc_authoritative_sources_reference) — trust_tier=3_Supporting assigned via Vendor's existing modal precedent in this registry, NOT independently researched; skim before treating as verified. Cited by 1 active migrate row(s), 1 active vendor row(s).",url_needs_review,,,,2026-07-16,active,,
africacert,AfricaCERT,Industry_Workgroup,3_Supporting,EMEA,https://www.africacert.org/home/,Pan-African CERT coordination body (Accra HQ) linking 50+ national CERTs,Verified,2026-07-28,,,,,,,,No,,,,,Confirmed live via WebFetch. Fills a pan-African regional-coordination gap; no PQC-specific content independently verified.,url_needs_review,,,,,active,,
african-institute-for-mathematical-sciences-aims,African Institute for Mathematical Sciences (AIMS),Vendor,3_Supporting,,https://qla.aimsric.org,"African Institute for Mathematical Sciences (AIMS) — primary vendor website, sourced from the vendors catalog's existing verified record.",Verified,2026-07-07,No,No,No,No,No,No,Yes,No,0,,None,none,"Backfilled 2026-07-16 from pqc_authoritative_sources_reference_07162026.csv (pqc_authoritative_sources_reference) — trust_tier=3_Supporting assigned via Vendor's existing modal precedent in this registry, NOT independently researched; skim before treating as verified. Cited by 1 active migrate row(s), 1 active vendor row(s).",url_needs_review,,,,2026-07-16,active,,
age-project,age Project,Vendor,3_Supporting,,https://age-encryption.org,"age Project — primary vendor website, sourced from the vendors catalog's existing verified record.",Verified,2026-07-07,No,No,No,No,No,No,Yes,No,0,,None,none,"Backfilled 2026-07-16 from pqc_authoritative_sources_reference_07162026.csv (pqc_authoritative_sources_reference) — trust_tier=3_Supporting assigned via Vendor's existing modal precedent in this registry, NOT independently researched; skim before treating as verified. Cited by 1 active migrate row(s), 1 active vendor row(s).",url_needs_review,,,,2026-07-16,active,,
agesic-uruguay-e-government-an,AGESIC — Uruguay e-Government and Information Society Agency,Government,3_Supporting,Americas,https://www.gub.uy/agencia-gobierno-electronico-sociedad-informacion-conocimiento/,"Uruguay's e-government agency, with a digital-strategy and cybersecurity mandate",Verified,2026-07-28,,,,,,,,No,,,,,Confirmed live via WebFetch. Broader e-government mandate rather than cybersecurity-only; fills a LatAm gap; no PQC-specific content verified.,url_needs_review,,,,,active,,
agesic-uy,"AGESIC (Agencia de Gobierno Electronico y Sociedad de la Informacion y del Conocimiento, Uruguay)",Government,1_Authoritative,Americas,https://www.gub.uy/agencia-gobierno-electronico-sociedad-informacion-conocimiento/,"Uruguay's e-government agency; operates the national PKI (raiz nacional) and authored the National Cybersecurity Strategy 2024-2030, which commits to a quantum-resistant national PKI and PQC algorithm adoption. Distinct from the pre-existing urcdp-uy entry (URCDP, the data-protection unit housed within AGESIC).",Verified,2026-08-07,No,No,No,No,Yes,No,No,No,0,,None,none,Added 2026-08-07 (timeline refresh remediation): new timeline row citing AGESIC's own National Cybersecurity Strategy 2024-2030.,url_needs_review,,,,2026-08-07,active,,
ahp-tech,AhP-Tech Inc.,Vendor,3_Supporting,APAC,https://www.ahptech.com.tw/en/,Taiwan quantum computing vendor; ACVP-validated Ah-Crypto library (FIPS-203/204),Verified,2026-07-14,No,No,No,No,No,No,Yes,No,0,,None,none,"Backfilled 2026-07-16 from pqc_authoritative_sources_reference_07162026.csv (pqc_authoritative_sources_reference) — trust_tier=3_Supporting assigned via Vendor's existing modal precedent in this registry, NOT independently researched; skim before treating as verified. Cited by 0 active migrate row(s), 1 active vendor row(s).",url_needs_review,,,,2026-07-16,active,,
aicpa,AICPA,Industry_Workgroup,2_Core,Americas,https://www.aicpa-cima.com/,American Institute of CPAs; issues SOC 2 and related assurance frameworks for service organizations and cloud providers,Verified,2026-03-28,No,No,No,No,No,Yes,No,No,0,,None,none,,url_needs_review,,,,2026-05-06,active,,
aisep,AISEP (Australian Information Security Evaluation Program),Government,1_Authoritative,APAC,https://www.cyber.gov.au/business-government/protecting-devices-systems/assessment-evaluation-programs/australian-information-security-evaluation-program,Australia national Common Criteria evaluation and certification scheme; certificates issued by the Australian Certification Authority (ACA).,Verified,2026-07-31,No,No,No,No,No,Yes,No,No,0,,None,none,"Added 2026-07-31 (WP-3.3, remediation plan) -- cross-links the compliance-landscape certification-body row added in the same batch (Phase 5 B1). URL and description sourced from the same real document fetched for that row.",url_authoritative,,,,2026-07-31,active,,
akamai-technologies-inc,"Akamai Technologies, Inc.",Vendor,3_Supporting,,https://www.akamai.com,"Akamai Technologies, Inc. — primary vendor website, sourced from the vendors catalog's existing verified record.",Verified,2026-07-07,No,No,No,No,No,No,Yes,No,0,,None,none,"Backfilled 2026-07-16 from pqc_authoritative_sources_reference_07162026.csv (pqc_authoritative_sources_reference) — trust_tier=3_Supporting assigned via Vendor's existing modal precedent in this registry, NOT independently researched; skim before treating as verified. Cited by 3 active migrate row(s), 1 active vendor row(s).",url_needs_review,,,,2026-07-16,active,,
algorand,Algorand Foundation,Vendor,4_Contextual,Global,https://algorand.foundation/,Algorand blockchain protocol; actively developing PQC migration path for consensus and signature schemes on a live public blockchain network,Verified,2026-03-31,No,Yes,No,No,No,No,No,No,0,,None,none,url corrected 2026-07-09: Algorand Foundation site is algorand.foundation,url_needs_review,,,,2026-05-06,active,,
alibaba-cloud,Alibaba Cloud,Vendor,3_Supporting,,https://www.alibabacloud.com,"Alibaba Cloud — primary vendor website, sourced from the vendors catalog's existing verified record.",Verified,2026-07-07,No,No,No,No,No,No,Yes,No,0,,None,none,"Backfilled 2026-07-16 from pqc_authoritative_sources_reference_07162026.csv (pqc_authoritative_sources_reference) — trust_tier=3_Supporting assigned via Vendor's existing modal precedent in this registry, NOT independently researched; skim before treating as verified. Cited by 2 active migrate row(s), 1 active vendor row(s).",url_needs_review,,,,2026-07-16,active,,
alpine-linux-project,Alpine Linux Project,Vendor,3_Supporting,,https://alpinelinux.org,"Alpine Linux Project — primary vendor website, sourced from the vendors catalog's existing verified record.",Verified,2026-07-07,No,No,No,No,No,No,Yes,No,0,,None,none,"Backfilled 2026-07-16 from pqc_authoritative_sources_reference_07162026.csv (pqc_authoritative_sources_reference) — trust_tier=3_Supporting assigned via Vendor's existing modal precedent in this registry, NOT independently researched; skim before treating as verified. Cited by 0 active migrate row(s), 1 active vendor row(s).",url_needs_review,,,,2026-07-16,active,,
amazon-aws,Amazon Web Services,Industry_Workgroup,3_Supporting,Global,https://aws.amazon.com/,"AWS KMS, CloudHSM, IAM — FIPS 140-3 validated cloud key management and HSM services",Verified,2026-03-28,No,No,No,No,No,No,Yes,No,0,,None,none,,url_needs_review,,,,2026-05-06,active,,
american-binary,American Binary,Vendor,3_Supporting,,https://www.americanbinary.com,"American Binary — primary vendor website, sourced from the vendors catalog's existing verified record.",Verified,2026-07-07,No,No,No,No,No,No,Yes,No,0,,None,none,"Backfilled 2026-07-16 from pqc_authoritative_sources_reference_07162026.csv (pqc_authoritative_sources_reference) — trust_tier=3_Supporting assigned via Vendor's existing modal precedent in this registry, NOT independently researched; skim before treating as verified. Cited by 1 active migrate row(s), 1 active vendor row(s).",url_needs_review,,,,2026-07-16,active,,
amf-france,Autorité des marchés financiers (France),Government,1_Authoritative,EMEA,https://www.amf-france.org/en,"French financial markets regulator. Cybersecurity expectations for asset managers, broker-dealers, market infrastructure; cryptographic-control adequacy expected to track PQC migration as ESMA / EU harmonized standards land.",Verified,2026-05-16,No,No,No,No,No,Yes,No,No,0,,None,none,Added 2026-05-16 for P2 #19 trusted_source orphan resolution.,url_authoritative,,,,2026-05-16,active,,
analog-devices,"Analog Devices, Inc.",Vendor,3_Supporting,Americas,https://www.analog.com,US public semiconductor vendor; ACVP-validated ML-DSA/ML-KEM in Optical Security (HW) module,Verified,2026-07-14,No,No,No,No,No,No,Yes,No,0,,None,none,"Backfilled 2026-07-16 from pqc_authoritative_sources_reference_07162026.csv (pqc_authoritative_sources_reference) — trust_tier=3_Supporting assigned via Vendor's existing modal precedent in this registry, NOT independently researched; skim before treating as verified. Cited by 0 active migrate row(s), 1 active vendor row(s).",url_needs_review,,,,2026-07-16,active,,
anchorage-digital,Anchorage Digital,Vendor,3_Supporting,Americas,https://www.anchorage.com/,Federally chartered digital-asset bank providing regulated custody services,Verified,2026-07-12,No,Yes,No,No,No,No,No,No,0,,None,none,,url_needs_review,,,,2026-07-09,active,,
anchorage-digital-bank,Anchorage Digital Bank,Vendor,3_Supporting,,https://anchorage.com,"Anchorage Digital Bank — primary vendor website, sourced from the vendors catalog's existing verified record.",Verified,2026-07-07,No,No,No,No,No,No,Yes,No,0,,None,none,"Backfilled 2026-07-16 from pqc_authoritative_sources_reference_07162026.csv (pqc_authoritative_sources_reference) — trust_tier=3_Supporting assigned via Vendor's existing modal precedent in this registry, NOT independently researched; skim before treating as verified. Cited by 0 active migrate row(s), 1 active vendor row(s).",url_needs_review,,,,2026-07-16,active,,
anci-chile,Agencia Nacional de Ciberseguridad de Chile (ANCI),Government,1_Authoritative,Americas,https://www.anci.gob.cl/,Chile national cybersecurity authority established by Ley 21.663 (2023). Issues binding technical standards across critical-information sectors; strongest LATAM cyber-regulator authority today.,Verified,2026-05-16,No,No,No,No,No,Yes,No,No,0,,None,none,Added 2026-05-16 for geographic depth P1 #14.,url_authoritative,,,,2026-05-16,active,,
ancs-tunisia-national-cybersec,ANCS — Tunisia National Cybersecurity Agency,Government,3_Supporting,EMEA,https://www.ancs.tn/,Tunisia's national cybersecurity agency,Verified,2026-07-28,,,,,,,,No,,,,,"Confirmed live via WebFetch. General-purpose national authority, no PQC-specific content independently verified.",url_needs_review,,,,,active,,
angelatek-ltd,ANGELATEK LTD.,Vendor,3_Supporting,,https://angelatek.com/,"ANGELATEK LTD. — primary vendor website, sourced from the vendors catalog's existing verified record.",Verified,2026-07-07,No,No,No,No,No,No,Yes,No,0,,None,none,"Backfilled 2026-07-16 from pqc_authoritative_sources_reference_07162026.csv (pqc_authoritative_sources_reference) — trust_tier=3_Supporting assigned via Vendor's existing modal precedent in this registry, NOT independently researched; skim before treating as verified. Cited by 2 active migrate row(s), 1 active vendor row(s).",url_needs_review,,,,2026-07-16,active,,
animo-solutions-bv,Animo Solutions BV,Vendor,3_Supporting,,https://animo.id,"Animo Solutions BV — primary vendor website, sourced from the vendors catalog's existing verified record.",Verified,2026-07-07,No,No,No,No,No,No,Yes,No,0,,None,none,"Backfilled 2026-07-16 from pqc_authoritative_sources_reference_07162026.csv (pqc_authoritative_sources_reference) — trust_tier=3_Supporting assigned via Vendor's existing modal precedent in this registry, NOT independently researched; skim before treating as verified. Cited by 0 active migrate row(s), 1 active vendor row(s).",url_needs_review,,,,2026-07-16,active,,
ansi,American National Standards Institute,Standards_Body,3_Supporting,Americas,https://www.ansi.org/,U.S. national standards body; coordinates INCITS and X9 PQC standardization,Verified,2026-03-28,No,No,No,No,No,Yes,No,No,0,,None,none,,url_authoritative,,,,2026-05-06,active,,
anssi,ANSSI Cryptography Guidelines,Government,1_Authoritative,EMEA,https://cyber.gouv.fr/en/,French cybersecurity agency quantum transition recommendations,Verified,2026-07-27,No,Yes,No,No,Yes,Yes,No,No,14,2026-05-07,Active,library,"Fixed tagging: library_csv timeline_csv compliance_csv | 2026-07-27: primary_url updated ssi.gouv.fr -> cyber.gouv.fr (ANSSI domain migration, ssi.gouv.fr now 301-redirects) -- 4 review-queue items were false-flagged as ""domain not in trusted-sources"" because of this drift.",url_authoritative,,,,2026-05-06,active,,
anssi-cc-scheme,ANSSI Common Criteria Certification (France),Government,1_Authoritative,EMEA,https://cyber.gouv.fr/offre-de-service/solutions-certifiees-et-qualifiees/comprendre-levaluation-de-securite/certification-de-produits/comprendre-la-certification/,"France Common Criteria (and CSPN) product certification scheme, operated by ANSSI.",Verified,2026-07-31,No,No,No,No,No,Yes,No,No,0,,None,none,"Added 2026-07-31 (WP-3.3, remediation plan) -- cross-links the compliance-landscape certification-body row added in the same batch (Phase 5 B1). URL and description sourced from the same real document fetched for that row.",url_authoritative,,,,2026-07-31,active,,
anydesk-software-gmbh,AnyDesk Software GmbH,Vendor,3_Supporting,,https://anydesk.com,"AnyDesk Software GmbH — primary vendor website, sourced from the vendors catalog's existing verified record.",Verified,2026-07-07,No,No,No,No,No,No,Yes,No,0,,None,none,"Backfilled 2026-07-16 from pqc_authoritative_sources_reference_07162026.csv (pqc_authoritative_sources_reference) — trust_tier=3_Supporting assigned via Vendor's existing modal precedent in this registry, NOT independently researched; skim before treating as verified. Cited by 1 active migrate row(s), 1 active vendor row(s).",url_needs_review,,,,2026-07-16,active,,
apache-software-foundation,Apache Software Foundation,Vendor,3_Supporting,,https://apache.org,"Apache Software Foundation — primary vendor website, sourced from the vendors catalog's existing verified record.",Verified,2026-07-07,No,No,No,No,No,No,Yes,No,0,,None,none,"Backfilled 2026-07-16 from pqc_authoritative_sources_reference_07162026.csv (pqc_authoritative_sources_reference) — trust_tier=3_Supporting assigned via Vendor's existing modal precedent in this registry, NOT independently researched; skim before treating as verified. Cited by 0 active migrate row(s), 1 active vendor row(s).",url_needs_review,,,,2026-07-16,active,,
apnic,APNIC (Asia Pacific Network Information Centre),Standards_Body,2_Core,APAC,https://www.apnic.net/,Asia-Pacific regional internet registry; RPKI and routing-security operations affected by PQC,Verified,2026-07-12,No,No,No,Yes,No,No,No,No,0,,None,none,,url_authoritative,,,,2026-07-09,active,,
apple,Apple Inc.,Industry_Workgroup,3_Supporting,Global,https://developer.apple.com/,Apple Security; iMessage PQ3 ML-KEM deployment; iOS/macOS cryptographic frameworks,Verified,2026-03-28,No,No,No,No,No,No,Yes,No,0,,None,none,,url_needs_review,,,,2026-05-06,active,,
applied-quantum,Applied Quantum,Vendor,3_Supporting,Americas,https://www.appliedquantum.com,PQC tooling and consulting vendor. Source for applied PQC implementation guidance and toolchain evaluations.,Verified,2026-05-06,No,Yes,No,No,No,No,No,No,0,,None,none,Added 2026-05-06: orphaned ID found in library.,url_needs_review,,,,2026-05-06,active,,
applivery,Applivery,Vendor,3_Supporting,,https://www.applivery.com,"Applivery — primary vendor website, sourced from the vendors catalog's existing verified record.",Verified,2026-07-07,No,No,No,No,No,No,Yes,No,0,,None,none,"Backfilled 2026-07-16 from pqc_authoritative_sources_reference_07162026.csv (pqc_authoritative_sources_reference) — trust_tier=3_Supporting assigned via Vendor's existing modal precedent in this registry, NOT independently researched; skim before treating as verified. Cited by 1 active migrate row(s), 1 active vendor row(s).",url_needs_review,,,,2026-07-16,active,,
appviewx,AppViewX,Industry_Workgroup,3_Supporting,Americas,https://www.appviewx.com/,Certificate lifecycle management and PKI automation vendor; publishes PQC migration guidance,Verified,2026-05-10,No,Yes,No,No,No,No,Yes,No,1,2026-05-10,Active,library,Added 2026-05-10: restored library records require valid trust path,url_needs_review,AppViewX,Industry_Workgroup,appviewx.com,2026-05-10,active,,
appviewx-inc,AppViewX Inc.,Vendor,3_Supporting,,https://appviewx.com,"AppViewX Inc. — primary vendor website, sourced from the vendors catalog's existing verified record.",Verified,2026-07-07,No,No,No,No,No,No,Yes,No,0,,None,none,"Backfilled 2026-07-16 from pqc_authoritative_sources_reference_07162026.csv (pqc_authoritative_sources_reference) — trust_tier=3_Supporting assigned via Vendor's existing modal precedent in this registry, NOT independently researched; skim before treating as verified. Cited by 1 active migrate row(s), 1 active vendor row(s).",url_needs_review,,,,2026-07-16,active,,
apra,Australian Prudential Regulation Authority,Government,1_Authoritative,APAC,https://www.apra.gov.au/,"Australian prudential regulator for banks, insurers, and superannuation funds. CPS 234 mandates operational cyber resilience; PQC posture inherited from broader cryptographic-control expectations.",Verified,2026-05-16,No,No,No,No,No,Yes,No,No,0,,None,none,Added 2026-05-16 to resolve compliance.APRA-CPS-234 trusted_source_id orphan.,url_authoritative,,,,2026-05-16,active,,
aptos-foundation,Aptos Foundation,Vendor,3_Supporting,Global,https://aptosfoundation.org/,Foundation stewarding the Aptos blockchain ecosystem,Verified,2026-07-12,No,Yes,No,No,No,No,Yes,No,0,,None,none,"url responds 429 (rate-limited, site live)",url_needs_review,,,,2026-07-09,active,,
arch-linux-project,Arch Linux Project,Vendor,3_Supporting,,https://archlinux.org,"Arch Linux Project — primary vendor website, sourced from the vendors catalog's existing verified record.",Verified,2026-07-07,No,No,No,No,No,No,Yes,No,0,,None,none,"Backfilled 2026-07-16 from pqc_authoritative_sources_reference_07162026.csv (pqc_authoritative_sources_reference) — trust_tier=3_Supporting assigned via Vendor's existing modal precedent in this registry, NOT independently researched; skim before treating as verified. Cited by 0 active migrate row(s), 1 active vendor row(s).",url_needs_review,,,,2026-07-16,active,,
archon-sec,Archon Security,Industry_Workgroup,4_Contextual,Global,https://www.archon.com/,Quantum-safe cryptographic solutions and consulting,Verified,2026-02-13,No,No,No,No,No,No,No,No,0,,None,none,,url_needs_review,,,,2026-05-06,active,,
archtis-limited,archTIS Limited,Vendor,3_Supporting,,https://www.archtis.com,"archTIS Limited — primary vendor website, sourced from the vendors catalog's existing verified record.",Verified,2026-07-07,No,No,No,No,No,No,Yes,No,0,,None,none,"Backfilled 2026-07-16 from pqc_authoritative_sources_reference_07162026.csv (pqc_authoritative_sources_reference) — trust_tier=3_Supporting assigned via Vendor's existing modal precedent in this registry, NOT independently researched; skim before treating as verified. Cited by 1 active migrate row(s), 1 active vendor row(s).",url_needs_review,,,,2026-07-16,active,,
arctera-us-llc,Arctera US LLC,Vendor,3_Supporting,,https://www.arctera.io/,"Arctera US LLC — primary vendor website, sourced from the vendors catalog's existing verified record.",Verified,2026-07-07,No,No,No,No,No,No,Yes,No,0,,None,none,"Backfilled 2026-07-16 from pqc_authoritative_sources_reference_07162026.csv (pqc_authoritative_sources_reference) — trust_tier=3_Supporting assigned via Vendor's existing modal precedent in this registry, NOT independently researched; skim before treating as verified. Cited by 2 active migrate row(s), 1 active vendor row(s).",url_needs_review,,,,2026-07-16,active,,
arista-networks-inc,Arista Networks Inc.,Vendor,3_Supporting,,https://arista.com,"Arista Networks Inc. — primary vendor website, sourced from the vendors catalog's existing verified record.",Verified,2026-07-07,No,No,No,No,No,No,Yes,No,0,,None,none,"Backfilled 2026-07-16 from pqc_authoritative_sources_reference_07162026.csv (pqc_authoritative_sources_reference) — trust_tier=3_Supporting assigned via Vendor's existing modal precedent in this registry, NOT independently researched; skim before treating as verified. Cited by 0 active migrate row(s), 1 active vendor row(s).",url_needs_review,,,,2026-07-16,active,,
arm-holdings-plc,ARM Holdings plc,Vendor,3_Supporting,,https://arm.com,"ARM Holdings plc — primary vendor website, sourced from the vendors catalog's existing verified record.",Verified,2026-07-07,No,No,No,No,No,No,Yes,No,0,,None,none,"Backfilled 2026-07-16 from pqc_authoritative_sources_reference_07162026.csv (pqc_authoritative_sources_reference) — trust_tier=3_Supporting assigned via Vendor's existing modal precedent in this registry, NOT independently researched; skim before treating as verified. Cited by 0 active migrate row(s), 1 active vendor row(s).",url_needs_review,,,,2026-07-16,active,,
arqit-quantum-inc,Arqit Quantum Inc.,Vendor,3_Supporting,,https://arqit.uk,"Arqit Quantum Inc. — primary vendor website, sourced from the vendors catalog's existing verified record.",Verified,2026-07-07,No,No,No,No,No,No,Yes,No,0,,None,none,"Backfilled 2026-07-16 from pqc_authoritative_sources_reference_07162026.csv (pqc_authoritative_sources_reference) — trust_tier=3_Supporting assigned via Vendor's existing modal precedent in this registry, NOT independently researched; skim before treating as verified. Cited by 2 active migrate row(s), 1 active vendor row(s).",url_needs_review,,,,2026-07-16,active,,
ars-technica,Ars Technica,Industry_Analyst,4_Contextual,Global,https://arstechnica.com/,Technology news outlet (Conde Nast) with in-depth cryptography and security reporting,Verified,2026-07-12,No,Yes,No,No,No,No,No,No,0,,None,none,,url_needs_review,,,,2026-07-09,active,,
arxiv-crypto,arXiv Cryptography,Academic,2_Core,Global,https://arxiv.org/list/cs.CR/recent,Pre-print repository for cutting-edge PQC research papers,Verified,2025-12-15,No,Yes,Yes,No,No,No,No,No,0,,None,none,,url_authoritative,,,,2026-05-06,active,,
ascertia-ltd,Ascertia Ltd.,Vendor,3_Supporting,,https://www.ascertia.com/,"Ascertia Ltd. — primary vendor website, sourced from the vendors catalog's existing verified record.",Verified,2026-07-07,No,No,No,No,No,No,Yes,No,0,,None,none,"Backfilled 2026-07-16 from pqc_authoritative_sources_reference_07162026.csv (pqc_authoritative_sources_reference) — trust_tier=3_Supporting assigned via Vendor's existing modal precedent in this registry, NOT independently researched; skim before treating as verified. Cited by 1 active migrate row(s), 1 active vendor row(s).",url_needs_review,,,,2026-07-16,active,,
ascx9,ASC X9 Financial Standards,Standards_Body,1_Authoritative,Americas,https://x9.org/,Accredited Standards Committee X9 for financial industry cryptographic and PKI standards including PQC readiness,Verified,2026-03-12,No,Yes,No,No,Yes,Yes,No,No,4,2025-08-05,Active,library,Added March 2026; 4 library records added; compliance entry for Finance & Banking,url_authoritative,,,,2026-05-06,active,,
asustek-computer-inc,ASUSTeK Computer Inc.,Vendor,3_Supporting,,https://www.asus.com,"ASUSTeK Computer Inc. — primary vendor website, sourced from the vendors catalog's existing verified record.",Verified,2026-07-07,No,No,No,No,No,No,Yes,No,0,,None,none,"Backfilled 2026-07-16 from pqc_authoritative_sources_reference_07162026.csv (pqc_authoritative_sources_reference) — trust_tier=3_Supporting assigned via Vendor's existing modal precedent in this registry, NOT independently researched; skim before treating as verified. Cited by 1 active migrate row(s), 1 active vendor row(s).",url_needs_review,,,,2026-07-16,active,,
asustor-inc,ASUSTOR Inc.,Vendor,3_Supporting,,https://www.asustor.com,"ASUSTOR Inc. — primary vendor website, sourced from the vendors catalog's existing verified record.",Verified,2026-07-07,No,No,No,No,No,No,Yes,No,0,,None,none,"Backfilled 2026-07-16 from pqc_authoritative_sources_reference_07162026.csv (pqc_authoritative_sources_reference) — trust_tier=3_Supporting assigned via Vendor's existing modal precedent in this registry, NOT independently researched; skim before treating as verified. Cited by 2 active migrate row(s), 1 active vendor row(s).",url_needs_review,,,,2026-07-16,active,,
atarc,ATARC Federal Technology,Industry_Workgroup,4_Contextual,Americas,https://www.atarc.org/,Advanced Technology Academic Research Center supporting CISA PQC initiatives,Verified,2025-12-15,No,No,No,No,No,No,No,No,0,,None,none,,url_needs_review,,,,2026-05-06,active,,
atis,Alliance for Telecommunications Industry Solutions (ATIS),Standards_Body,2_Core,North_America,https://www.atis.org/,ANSI-accredited telecom SDO; North American Organizational Partner for 3GPP; publishes PQC/5G transition analyses,Verified,2026-07-30,No,Yes,No,No,No,No,No,No,0,,None,none,Added 2026-07-30: found via complete-library-row on ATIS-Preparing-5G-for-the-Quantum-Era-An-Analysis-of-3GPP-Ar.,url_authoritative,,,,2026-07-30,active,,
att-enterprises,"AT&T Enterprises, LLC",Vendor,3_Supporting,Americas,https://www.business.att.com,"AT&T Business enterprise network services operating entity (successor to AT&T Corp., merged May 1 2024); Quantum Resilient SD-WAN with Cisco PQC",Verified,2026-07-14,No,No,No,No,No,No,Yes,No,0,,None,none,"Backfilled 2026-07-16 from pqc_authoritative_sources_reference_07162026.csv (pqc_authoritative_sources_reference) — trust_tier=3_Supporting assigned via Vendor's existing modal precedent in this registry, NOT independently researched; skim before treating as verified. Cited by 1 active migrate row(s), 1 active vendor row(s).",url_needs_review,,,,2026-07-16,active,,
auc-africa,African Union Commission,Government,1_Authoritative,EMEA,https://au.int/,African Union Commission; continental data-protection and cybersecurity policy (Malabo Convention),Verified,2026-07-12,No,No,No,No,Yes,No,No,No,0,,None,none,,url_authoritative,,,,2026-07-09,active,,
austrac,AUSTRAC (Australian Transaction Reports and Analysis Centre),Government,1_Authoritative,APAC,https://www.austrac.gov.au/,"Australian financial-intelligence and AML/CTF regulator. Cryptographic-control obligations cover record-keeping, customer identification, and transaction protection.",Verified,2026-05-16,No,No,No,No,No,Yes,No,No,0,,None,none,Added 2026-05-16 to resolve compliance.AUSTRAC-AML-CTF trusted_source_id orphan.,url_authoritative,,,,2026-05-16,active,,
ava-labs-avalanche-foundation,Ava Labs / Avalanche Foundation,Vendor,3_Supporting,,https://avax.network,"Ava Labs / Avalanche Foundation — primary vendor website, sourced from the vendors catalog's existing verified record.",Verified,2026-07-07,No,No,No,No,No,No,Yes,No,0,,None,none,"Backfilled 2026-07-16 from pqc_authoritative_sources_reference_07162026.csv (pqc_authoritative_sources_reference) — trust_tier=3_Supporting assigned via Vendor's existing modal precedent in this registry, NOT independently researched; skim before treating as verified. Cited by 0 active migrate row(s), 1 active vendor row(s).",url_needs_review,,,,2026-07-16,active,,
avax-foundation,Avalanche Foundation / Ava Labs,Vendor,3_Supporting,Global,https://www.avax.network/,Avalanche Foundation / Ava Labs stewarding the Avalanche blockchain,Verified,2026-07-12,No,Yes,No,No,No,No,No,No,0,,None,none,,url_needs_review,,,,2026-07-09,active,,
awwa,American Water Works Association,Standards_Body,3_Supporting,North_America,https://www.awwa.org/,AWWA cybersecurity guidance for water utilities; critical infrastructure PQC,Verified,2026-03-28,No,No,No,Yes,No,No,No,No,0,,None,none,,url_authoritative,,,,2026-05-06,active,,
bacen-brazil,Banco Central do Brasil (BACEN),Government,1_Authoritative,Americas,https://www.bcb.gov.br/,Brazilian central bank. Resolution 4.893 sets encryption requirements for financial sector; pairs with ANPD (LGPD) on data-protection cryptographic adequacy.,Verified,2026-05-16,No,No,No,No,No,Yes,No,No,0,,None,none,Added 2026-05-16 for geographic depth P1 #14.,url_authoritative,,,,2026-05-16,active,,
backbone-hq,Backbone HQ,Vendor,3_Supporting,,https://backbone.hq,"Backbone HQ — primary vendor website, sourced from the vendors catalog's existing verified record.",Verified,2026-07-07,No,No,No,No,No,No,Yes,No,0,,None,none,"Backfilled 2026-07-16 from pqc_authoritative_sources_reference_07162026.csv (pqc_authoritative_sources_reference) — trust_tier=3_Supporting assigned via Vendor's existing modal precedent in this registry, NOT independently researched; skim before treating as verified. Cited by 1 active migrate row(s), 1 active vendor row(s).",url_needs_review,,,,2026-07-16,active,,
bahrain-ncsc,Bahrain NCSC,Government,3_Supporting,EMEA,https://www.ncea.gov.bh/,Bahrain National Cyber Security Centre; Gulf region PQC readiness,Verified,2026-03-28,No,No,No,No,Yes,No,No,No,0,,None,none,,url_authoritative,,,,2026-05-06,active,,
banque-de-france,Banque de France,Government,1_Authoritative,EMEA,https://www.banque-france.fr/,French central bank; G7 central-bank quantum-readiness workstream and PQC experiments,Verified,2026-07-12,No,Yes,No,No,No,No,No,No,0,,None,none,,url_authoritative,,,,2026-07-09,active,,
barracuda-networks,Barracuda Networks,Vendor,3_Supporting,,https://www.barracuda.com,"Barracuda Networks — primary vendor website, sourced from the vendors catalog's existing verified record.",Verified,2026-07-07,No,No,No,No,No,No,Yes,No,0,,None,none,"Backfilled 2026-07-16 from pqc_authoritative_sources_reference_07162026.csv (pqc_authoritative_sources_reference) — trust_tier=3_Supporting assigned via Vendor's existing modal precedent in this registry, NOT independently researched; skim before treating as verified. Cited by 1 active migrate row(s), 1 active vendor row(s).",url_needs_review,,,,2026-07-16,active,,
bdf,Banque de France,Government,2_Core,EMEA,https://www.banque-france.fr/,French central bank; Project Leap quantum-safe cross-border payments,Verified,2026-03-28,No,No,No,Yes,Yes,No,No,No,0,,None,none,,url_authoritative,,,,2026-05-06,active,,
bea,US Bureau of Economic Analysis,Government,1_Authoritative,US,https://www.bea.gov/,US Department of Commerce statistical agency; GDP-by-industry value added and digital economy satellite accounts — official market-size grounding for the industry-landscape source,Verified,2026-07-29,No,No,No,No,No,No,No,No,0,,None,none,,url_authoritative,,,,2026-07-29,active,,
beijing-jn-tass-technology,"Beijing JN TASS Technology Co., Ltd.",Vendor,3_Supporting,APAC,https://www.tass.com.cn,Chinese cryptography systems vendor (Jiangnan Tian'an); ACVP-validated PQC crypto engine and CloudHSM products,Verified,2026-07-14,No,No,No,No,No,No,Yes,No,0,,None,none,"Backfilled 2026-07-16 from pqc_authoritative_sources_reference_07162026.csv (pqc_authoritative_sources_reference) — trust_tier=3_Supporting assigned via Vendor's existing modal precedent in this registry, NOT independently researched; skim before treating as verified. Cited by 0 active migrate row(s), 1 active vendor row(s).",url_needs_review,,,,2026-07-16,active,,
best-pqc-intelligent-cybersecurity-ltd,Best PQC Intelligent Cybersecurity Ltd.,Vendor,3_Supporting,,https://bestpqc.com,"Best PQC Intelligent Cybersecurity Ltd. — primary vendor website, sourced from the vendors catalog's existing verified record.",Verified,2026-07-07,No,No,No,No,No,No,Yes,No,0,,None,none,"Backfilled 2026-07-16 from pqc_authoritative_sources_reference_07162026.csv (pqc_authoritative_sources_reference) — trust_tier=3_Supporting assigned via Vendor's existing modal precedent in this registry, NOT independently researched; skim before treating as verified. Cited by 1 active migrate row(s), 0 active vendor row(s).",url_needs_review,,,,2026-07-16,active,,
beyondtrust-corporation,BeyondTrust Corporation,Vendor,3_Supporting,,https://beyondtrust.com,"BeyondTrust Corporation — primary vendor website, sourced from the vendors catalog's existing verified record.",Verified,2026-07-07,No,No,No,No,No,No,Yes,No,0,,None,none,"Backfilled 2026-07-16 from pqc_authoritative_sources_reference_07162026.csv (pqc_authoritative_sources_reference) — trust_tier=3_Supporting assigned via Vendor's existing modal precedent in this registry, NOT independently researched; skim before treating as verified. Cited by 1 active migrate row(s), 1 active vendor row(s).",url_needs_review,,,,2026-07-16,active,,
bis,Bank for International Settlements,Standards_Body,1_Authoritative,Global,https://www.bis.org/,BIS Project Leap Phase 2 — quantum-safe financial infrastructure,Verified,2026-03-28,Yes,No,No,Yes,No,Yes,No,No,0,,None,none,,url_authoritative,,,,2026-05-06,active,,
bitcoin-core,Bitcoin Core,Industry_Workgroup,2_Core,Global,https://bitcoin.org/,Open-source Bitcoin implementation and BIP repository; governs Bitcoin cryptographic standards including HD wallets and Schnorr signatures,Verified,2026-03-28,No,Yes,No,No,No,No,No,No,0,,None,none,,url_needs_review,,,,2026-05-06,active,,
bitgo,BitGo,Vendor,3_Supporting,Americas,https://www.bitgo.com/,Institutional digital-asset custody and wallet infrastructure provider,Verified,2026-07-12,No,Yes,No,No,No,No,No,No,0,,None,none,,url_needs_review,,,,2026-07-09,active,,
bitgo-inc,BitGo Inc.,Vendor,3_Supporting,,https://bitgo.com,"BitGo Inc. — primary vendor website, sourced from the vendors catalog's existing verified record.",Verified,2026-07-07,No,No,No,No,No,No,Yes,No,0,,None,none,"Backfilled 2026-07-16 from pqc_authoritative_sources_reference_07162026.csv (pqc_authoritative_sources_reference) — trust_tier=3_Supporting assigned via Vendor's existing modal precedent in this registry, NOT independently researched; skim before treating as verified. Cited by 0 active migrate row(s), 1 active vendor row(s).",url_needs_review,,,,2026-07-16,active,,
bitvise,Bitvise,Vendor,3_Supporting,,https://www.bitvise.com,"Bitvise — primary vendor website, sourced from the vendors catalog's existing verified record.",Verified,2026-07-07,No,No,No,No,No,No,Yes,No,0,,None,none,"Backfilled 2026-07-16 from pqc_authoritative_sources_reference_07162026.csv (pqc_authoritative_sources_reference) — trust_tier=3_Supporting assigned via Vendor's existing modal precedent in this registry, NOT independently researched; skim before treating as verified. Cited by 1 active migrate row(s), 1 active vendor row(s).",url_needs_review,,,,2026-07-16,active,,
bitwarden-inc,Bitwarden Inc.,Vendor,3_Supporting,,https://bitwarden.com,"Bitwarden Inc. — primary vendor website, sourced from the vendors catalog's existing verified record.",Verified,2026-07-07,No,No,No,No,No,No,Yes,No,0,,None,none,"Backfilled 2026-07-16 from pqc_authoritative_sources_reference_07162026.csv (pqc_authoritative_sources_reference) — trust_tier=3_Supporting assigned via Vendor's existing modal precedent in this registry, NOT independently researched; skim before treating as verified. Cited by 0 active migrate row(s), 1 active vendor row(s).",url_needs_review,,,,2026-07-16,active,,
blackberry-limited,Blackberry Limited,Vendor,3_Supporting,,https://blackberry.com,"Blackberry Limited — primary vendor website, sourced from the vendors catalog's existing verified record.",Verified,2026-07-07,No,No,No,No,No,No,Yes,No,0,,None,none,"Backfilled 2026-07-16 from pqc_authoritative_sources_reference_07162026.csv (pqc_authoritative_sources_reference) — trust_tier=3_Supporting assigned via Vendor's existing modal precedent in this registry, NOT independently researched; skim before treating as verified. Cited by 3 active migrate row(s), 1 active vendor row(s).",url_needs_review,,,,2026-07-16,active,,
boe,Bank of England,Government,2_Core,EMEA,https://www.bankofengland.co.uk/,UK central bank; CMORG quantum risk assessment for financial infrastructure,Verified,2026-03-28,No,No,No,Yes,Yes,Yes,No,No,0,,None,none,,url_authoritative,,,,2026-05-06,active,,
boi-israel,Bank of Israel,Government,1_Authoritative,EMEA,https://www.boi.org.il/,Bank of Israel; banking supervision directives on quantum readiness,Verified,2026-07-12,No,No,No,No,Yes,Yes,No,No,0,,None,none,,url_authoritative,,,,2026-07-09,active,,
botan-project,Botan Project,Vendor,3_Supporting,,https://botan.randombit.net,"Botan Project — primary vendor website, sourced from the vendors catalog's existing verified record.",Verified,2026-07-07,No,No,No,No,No,No,Yes,No,0,,None,none,"Backfilled 2026-07-16 from pqc_authoritative_sources_reference_07162026.csv (pqc_authoritative_sources_reference) — trust_tier=3_Supporting assigned via Vendor's existing modal precedent in this registry, NOT independently researched; skim before treating as verified. Cited by 0 active migrate row(s), 1 active vendor row(s).",url_needs_review,,,,2026-07-16,active,,
bouncy-castle,Bouncy Castle (Legion of the Bouncy Castle),Industry_Workgroup,3_Supporting,Global,https://www.bouncycastle.org/,Open-source Java/.NET crypto library; comprehensive PQC implementation since 2023,Verified,2026-03-28,No,No,No,No,No,No,Yes,No,0,,None,none,,url_needs_review,,,,2026-05-06,active,,
bradesco-sa-banco-bradesco,Bradesco S.A. (Banco Bradesco),Vendor,3_Supporting,,https://banco.bradesco,"Bradesco S.A. (Banco Bradesco) — primary vendor website, sourced from the vendors catalog's existing verified record.",Verified,2026-07-07,No,No,No,No,No,No,Yes,No,0,,None,none,"Backfilled 2026-07-16 from pqc_authoritative_sources_reference_07162026.csv (pqc_authoritative_sources_reference) — trust_tier=3_Supporting assigned via Vendor's existing modal precedent in this registry, NOT independently researched; skim before treating as verified. Cited by 1 active migrate row(s), 1 active vendor row(s).",url_needs_review,,,,2026-07-16,active,,
brave-software,Brave Software,Vendor,3_Supporting,,https://brave.com,"Brave Software — primary vendor website, sourced from the vendors catalog's existing verified record.",Verified,2026-07-07,No,No,No,No,No,No,Yes,No,0,,None,none,"Backfilled 2026-07-16 from pqc_authoritative_sources_reference_07162026.csv (pqc_authoritative_sources_reference) — trust_tier=3_Supporting assigned via Vendor's existing modal precedent in this registry, NOT independently researched; skim before treating as verified. Cited by 0 active migrate row(s), 1 active vendor row(s).",url_needs_review,,,,2026-07-16,active,,
brno-ut,Brno University of Technology,Academic,4_Contextual,EMEA,https://www.vut.cz/en/,Coordinator of EU Horizon QARC project for quantum-resistant cryptography in practice (2026-2029),Verified,2026-02-13,No,No,Yes,No,Yes,No,No,No,0,,None,none,,url_authoritative,,,,2026-05-06,active,,
broadcom,Broadcom,Vendor,3_Supporting,,https://www.broadcom.com,"Broadcom — primary vendor website, sourced from the vendors catalog's existing verified record.",Verified,2026-07-07,No,No,No,No,No,No,Yes,No,0,,None,none,"Backfilled 2026-07-16 from pqc_authoritative_sources_reference_07162026.csv (pqc_authoritative_sources_reference) — trust_tier=3_Supporting assigned via Vendor's existing modal precedent in this registry, NOT independently researched; skim before treating as verified. Cited by 1 active migrate row(s), 1 active vendor row(s).",url_needs_review,,,,2026-07-16,active,,
broadcom-inc,Broadcom Inc.,Vendor,3_Supporting,,https://broadcom.com,"Broadcom Inc. — primary vendor website, sourced from the vendors catalog's existing verified record.",Verified,2026-07-07,No,No,No,No,No,No,Yes,No,0,,None,none,"Backfilled 2026-07-16 from pqc_authoritative_sources_reference_07162026.csv (pqc_authoritative_sources_reference) — trust_tier=3_Supporting assigned via Vendor's existing modal precedent in this registry, NOT independently researched; skim before treating as verified. Cited by 5 active migrate row(s), 1 active vendor row(s).",url_needs_review,,,,2026-07-16,active,,
bsi,BSI Post-Quantum Cryptography,Government,1_Authoritative,EMEA,https://www.bsi.bund.de/EN/Themen/Unternehmen-und-Organisationen/Informationen-und-Empfehlungen/Quantentechnologien-und-Post-Quanten-Kryptografie/quantentechnologien-und-post-quanten-kryptografie_node.html,German Federal Office for Information Security PQC guidance and migration strategies,Verified,2026-02-13,No,Yes,No,No,Yes,Yes,No,No,13,2026-05-07,Active,library,Fixed tagging: library_csv timeline_csv compliance_csv,url_authoritative,,,,2026-05-06,active,,
bsi-cc-scheme,BSI Common Criteria Certification Scheme (Germany),Government,1_Authoritative,EMEA,https://www.bsi.bund.de/EN/Themen/Unternehmen-und-Organisationen/Standards-und-Zertifizierung/Zertifizierung-und-Anerkennung/Zertifizierung-von-Produkten/Zertifizierung-nach-CC/zertifizierung-nach-cc_node.html,"Germany Common Criteria and ITSEC-based product certification scheme, operated by BSI.",Verified,2026-07-31,No,No,No,No,No,Yes,No,No,0,,None,none,"Added 2026-07-31 (WP-3.3, remediation plan) -- cross-links the compliance-landscape certification-body row added in the same batch (Phase 5 B1). URL and description sourced from the same real document fetched for that row.",url_authoritative,,,,2026-07-31,active,,
bssn-bsn-indonesia,BSSN / BSN (Indonesia),Vendor,3_Supporting,,https://bssn.go.id,"BSSN / BSN (Indonesia) — primary vendor website, sourced from the vendors catalog's existing verified record.",Verified,2026-07-07,No,No,No,No,Yes,No,Yes,No,0,,None,none,"Backfilled 2026-07-16 from pqc_authoritative_sources_reference_07162026.csv (pqc_authoritative_sources_reference) — trust_tier=3_Supporting assigned via Vendor's existing modal precedent in this registry, NOT independently researched; skim before treating as verified. Cited by 0 active migrate row(s), 1 active vendor row(s).",url_needs_review,,,,2026-07-16,active,,
btq,BTQ Technologies Corp,Vendor,4_Contextual,Americas,https://www.btq.com,Blockchain security company focused on PQC migration for distributed ledger systems; develops post-quantum consensus and signature schemes for blockchain,Verified,2026-03-31,No,Yes,No,No,No,No,No,No,0,,None,none,,url_needs_review,,,,2026-05-06,active,,
bundesbank,Deutsche Bundesbank,Government,2_Core,EMEA,https://www.bundesbank.de/,German central bank; quantum-safe financial infrastructure research,Verified,2026-03-28,No,No,No,No,Yes,No,No,No,0,,None,none,,url_authoritative,,,,2026-05-06,active,,
bundesdruckerei,Bundesdruckerei Quantum ID,Government,2_Core,EMEA,https://www.bundesdruckerei.de/en,German government printer developing quantum-secure ID systems,Verified,2025-12-15,No,No,No,No,No,No,No,No,0,,Partial,timeline,Fixed tagging: timeline_csv,url_authoritative,,,,2026-05-06,active,,
bytedance-ltd,ByteDance Ltd.,Vendor,3_Supporting,,https://www.bytedance.com,"ByteDance Ltd. — primary vendor website, sourced from the vendors catalog's existing verified record.",Verified,2026-07-07,No,No,No,No,No,No,Yes,No,0,,None,none,"Backfilled 2026-07-16 from pqc_authoritative_sources_reference_07162026.csv (pqc_authoritative_sources_reference) — trust_tier=3_Supporting assigned via Vendor's existing modal precedent in this registry, NOT independently researched; skim before treating as verified. Cited by 0 active migrate row(s), 1 active vendor row(s).",url_needs_review,,,,2026-07-16,active,,
c4ir-saudi,C4IR Saudi Arabia,Industry_Workgroup,3_Supporting,EMEA,https://www.c4irsaudiarabia.org/,WEF-affiliated Centre for the Fourth Industrial Revolution in Saudi Arabia; promotes quantum computing development and technology governance,Verified,2026-03-28,No,No,No,No,Yes,No,No,No,0,,None,none,,url_needs_review,,,,2026-05-06,active,,
cabf,CA/Browser Forum,Industry_Workgroup,1_Authoritative,Global,https://cabforum.org/,"CA/Browser Forum; baseline requirements governing public PKI certificates, moving toward PQC certificate profiles",Verified,2026-07-12,No,Yes,No,Yes,Yes,No,No,No,0,,None,none,,url_needs_review,,,,2026-07-09,active,,
cac-china,CAC (Cyberspace Administration of China),Government,2_Core,APAC,https://www.cac.gov.cn/,Cyberspace Administration of China; national cybersecurity and commercial cryptography regulation,Verified,2026-07-12,No,No,No,No,Yes,No,No,No,0,,None,none,,url_authoritative,,,,2026-07-09,active,,
cacr-china,CACR (Chinese Assoc. for Cryptologic Research),Standards_Body,2_Core,APAC,https://www.cacrnet.org.cn/,Chinese Association for Cryptologic Research; national cryptographic algorithm competitions and standards input,Verified,2026-07-12,No,No,No,No,Yes,No,No,No,0,,None,none,"url responds 403 (bot-blocked, site live)",url_authoritative,,,,2026-07-09,active,,
caddy-project,Caddy Project,Vendor,3_Supporting,,https://caddyserver.com,"Caddy Project — primary vendor website, sourced from the vendors catalog's existing verified record.",Verified,2026-07-07,No,No,No,No,No,No,Yes,No,0,,None,none,"Backfilled 2026-07-16 from pqc_authoritative_sources_reference_07162026.csv (pqc_authoritative_sources_reference) — trust_tier=3_Supporting assigned via Vendor's existing modal precedent in this registry, NOT independently researched; skim before treating as verified. Cited by 1 active migrate row(s), 1 active vendor row(s).",url_needs_review,,,,2026-07-16,active,,
cambridge-jbs,Cambridge Judge Business School,Academic,3_Supporting,Europe,https://www.jbs.cam.ac.uk,"Business school research on quantum computing economic impact, cybersecurity governance, and enterprise PQC readiness.",Verified,2026-05-06,No,Yes,No,No,No,No,No,No,0,,None,none,Added 2026-05-06: orphaned ID found in library.,url_authoritative,,,,2026-05-06,active,,
canonical-ltd,Canonical Ltd.,Vendor,3_Supporting,,https://canonical.com,"Canonical Ltd. — primary vendor website, sourced from the vendors catalog's existing verified record.",Verified,2026-07-07,No,No,No,No,No,No,Yes,No,0,,None,none,"Backfilled 2026-07-16 from pqc_authoritative_sources_reference_07162026.csv (pqc_authoritative_sources_reference) — trust_tier=3_Supporting assigned via Vendor's existing modal precedent in this registry, NOT independently researched; skim before treating as verified. Cited by 1 active migrate row(s), 1 active vendor row(s).",url_needs_review,,,,2026-07-16,active,,
cardano-foundation,Cardano Foundation,Vendor,3_Supporting,,https://cardanofoundation.org,"Cardano Foundation — primary vendor website, sourced from the vendors catalog's existing verified record.",Verified,2026-07-07,No,No,No,No,No,No,Yes,No,0,,None,none,"Backfilled 2026-07-16 from pqc_authoritative_sources_reference_07162026.csv (pqc_authoritative_sources_reference) — trust_tier=3_Supporting assigned via Vendor's existing modal precedent in this registry, NOT independently researched; skim before treating as verified. Cited by 0 active migrate row(s), 1 active vendor row(s).",url_needs_review,,,,2026-07-16,active,,
cardano-iohk,Input Output (IOHK),Vendor,3_Supporting,Global,https://iohk.io/,"Input Output (IOHK/IOG), engineering company behind Cardano; researches quantum-resistant blockchain signatures",Verified,2026-07-12,No,Yes,No,No,No,No,No,No,0,,None,none,,url_needs_review,,,,2026-07-09,active,,
cas-pqc-jp,Cabinet Secretariat (Japan) — Inter-Ministerial Liaison Conference on PQC Utilization in Government Institutions,Government,1_Authoritative,APAC,https://www.cas.go.jp/jp/seisaku/pqc/,Japan's Cabinet Secretariat (内閣官房) liaison conference coordinating post-quantum cryptography migration across government institutions; publisher of the PQC Migration interim reports.,Verified,2026-07-31,No,Yes,No,No,No,No,No,No,0,,None,none,Added 2026-07-31 (WP-6.4): library row Cabinet-Secretariat-Japan-PQC-Migration-Interim-Report cited trusted_source_id=cas-pqc-jp with no registry row. Page fetched and confirmed live 2026-07-31.,url_authoritative,,,,2026-07-31,active,,
cato-networks,Cato Networks,Vendor,3_Supporting,,https://www.catonetworks.com,"Cato Networks — primary vendor website, sourced from the vendors catalog's existing verified record.",Verified,2026-07-07,No,No,No,No,No,No,Yes,No,0,,None,none,"Backfilled 2026-07-16 from pqc_authoritative_sources_reference_07162026.csv (pqc_authoritative_sources_reference) — trust_tier=3_Supporting assigned via Vendor's existing modal precedent in this registry, NOT independently researched; skim before treating as verified. Cited by 1 active migrate row(s), 1 active vendor row(s).",url_needs_review,,,,2026-07-16,active,,
cbj-jordan,Central Bank of Jordan,Government,1_Authoritative,EMEA,https://www.cbj.gov.jo/,Central Bank of Jordan; financial-sector cybersecurity and crypto requirements,Verified,2026-07-12,No,No,No,No,Yes,No,No,No,0,,None,none,,url_authoritative,,,,2026-07-09,active,,
cccs,CSE Canadian Centre for Cyber Security,Government,1_Authoritative,Americas,https://cyber.gc.ca/en/,Canadian cybersecurity guidance on quantum threats and PQC migration,Verified,2025-12-15,No,No,No,No,Yes,Yes,No,No,1,2026-05-07,Active,timeline,Fixed tagging: timeline_csv compliance_csv,url_authoritative,,,,2026-05-06,active,,
cccs-cc,CCCS Common Criteria Scheme (Canada),Government,1_Authoritative,Americas,https://www.cyber.gc.ca/en/tools-services/common-criteria,"Canada national Common Criteria evaluation and certification scheme, operated by the Canadian Centre for Cyber Security.",Verified,2026-07-31,No,No,No,No,No,Yes,No,No,0,,None,none,"Added 2026-07-31 (WP-3.3, remediation plan) -- cross-links the compliance-landscape certification-body row added in the same batch (Phase 5 B1). URL and description sourced from the same real document fetched for that row.",url_authoritative,,,,2026-07-31,active,,
cccs-crypto-std,CCCS Canadian Crypto Standards,Government,1_Authoritative,Americas,https://www.cyber.gc.ca/en/guidance/cryptographic-algorithms-unclassified-protected-protected-b-information-itsp40111,Canadian cryptographic algorithm guidance including PQC,Verified,2025-12-15,No,No,Yes,No,No,No,No,No,0,,Active,library,Fixed tagging: library_csv timeline_csv compliance_csv,url_authoritative,,,,2026-05-06,active,,
ccn-spain,"CCN (Centro Criptológico Nacional, Spain)",Government,1_Authoritative,EMEA,https://www.ccn.cni.es/,Spanish National Cryptologic Center; national crypto guidance and PQC migration recommendations,Verified,2026-07-13,No,No,No,No,Yes,No,No,No,0,,None,none,,url_authoritative,,,,2026-07-09,active,,
ccss,Cryptocurrency Security Standard (CCSS),Industry_Workgroup,3_Supporting,Global,https://cryptoconsortium.org/standards/CCSS/,Open standard for securing cryptocurrency operations; maintained by the CryptoCurrency Certification Consortium (C4),Verified,2026-03-28,No,No,No,Yes,No,No,No,No,0,,None,none,,url_needs_review,,,,2026-05-06,active,,
cdxgen-project,cdxgen Project,Vendor,3_Supporting,,https://github.com/CycloneDX/cdxgen,"cdxgen Project — primary vendor website, sourced from the vendors catalog's existing verified record.",Verified,2026-07-07,No,No,No,No,No,No,Yes,No,0,,None,none,"Backfilled 2026-07-16 from pqc_authoritative_sources_reference_07162026.csv (pqc_authoritative_sources_reference) — trust_tier=3_Supporting assigned via Vendor's existing modal precedent in this registry, NOT independently researched; skim before treating as verified. Cited by 1 active migrate row(s), 1 active vendor row(s).",url_needs_review,,,,2026-07-16,active,,
cellcrypt-limited,Cellcrypt Limited,Vendor,3_Supporting,,https://www.cellcrypt.com,"Cellcrypt Limited — primary vendor website, sourced from the vendors catalog's existing verified record.",Verified,2026-07-07,No,No,No,No,No,No,Yes,No,0,,None,none,"Backfilled 2026-07-16 from pqc_authoritative_sources_reference_07162026.csv (pqc_authoritative_sources_reference) — trust_tier=3_Supporting assigned via Vendor's existing modal precedent in this registry, NOT independently researched; skim before treating as verified. Cited by 1 active migrate row(s), 1 active vendor row(s).",url_needs_review,,,,2026-07-16,active,,
centre-for-development-of-telematics,Centre for Development of Telematics,Vendor,3_Supporting,,https://www.cdot.in/,"Centre for Development of Telematics — primary vendor website, sourced from the vendors catalog's existing verified record.",Verified,2026-07-07,No,No,No,No,No,No,Yes,No,0,,None,none,"Backfilled 2026-07-16 from pqc_authoritative_sources_reference_07162026.csv (pqc_authoritative_sources_reference) — trust_tier=3_Supporting assigned via Vendor's existing modal precedent in this registry, NOT independently researched; skim before treating as verified. Cited by 1 active migrate row(s), 1 active vendor row(s).",url_needs_review,,,,2026-07-16,active,,
centre-for-development-of-telematics-c-dot,Centre for Development of Telematics (C-DOT),Vendor,3_Supporting,,https://www.cdot.in,"Centre for Development of Telematics (C-DOT) — primary vendor website, sourced from the vendors catalog's existing verified record.",Verified,2026-07-07,No,No,No,No,No,No,Yes,No,0,,None,none,"Backfilled 2026-07-16 from pqc_authoritative_sources_reference_07162026.csv (pqc_authoritative_sources_reference) — trust_tier=3_Supporting assigned via Vendor's existing modal precedent in this registry, NOT independently researched; skim before treating as verified. Cited by 1 active migrate row(s), 1 active vendor row(s).",url_needs_review,,,,2026-07-16,active,,
cert-in,CERT-In India,Government,2_Core,APAC,https://www.cert-in.org.in/,Indian Computer Emergency Response Team; cybersecurity advisories,Verified,2026-03-28,No,No,No,No,Yes,No,No,No,0,,None,none,,url_authoritative,,,,2026-05-06,active,,
cgi-federal-inc,CGI Federal Inc.,Vendor,3_Supporting,,https://www.cgi.com/us/en-us/federal,"CGI Federal Inc. — primary vendor website, sourced from the vendors catalog's existing verified record.",Verified,2026-07-07,No,No,No,No,No,No,Yes,No,0,,None,none,"Backfilled 2026-07-16 from pqc_authoritative_sources_reference_07162026.csv (pqc_authoritative_sources_reference) — trust_tier=3_Supporting assigned via Vendor's existing modal precedent in this registry, NOT independently researched; skim before treating as verified. Cited by 2 active migrate row(s), 1 active vendor row(s).",url_needs_review,,,,2026-07-16,active,,
chainguard-inc,"Chainguard, Inc.",Vendor,3_Supporting,Americas,https://www.chainguard.dev,Container/software supply-chain security vendor; Chainguard FIPS Provider for OpenSSL has ACVP-validated ML-DSA/ML-KEM/SLH-DSA support,Verified,2026-07-14,No,No,No,No,No,No,Yes,No,0,,None,none,"Backfilled 2026-07-16 from pqc_authoritative_sources_reference_07162026.csv (pqc_authoritative_sources_reference) — trust_tier=3_Supporting assigned via Vendor's existing modal precedent in this registry, NOT independently researched; skim before treating as verified. Cited by 0 active migrate row(s), 1 active vendor row(s).",url_needs_review,,,,2026-07-16,active,,
charter-of-trust,Charter of Trust,Industry_Workgroup,3_Supporting,Global,https://www.charteroftrust.com,Multi-industry cybersecurity initiative (Siemens-led) including PQC transition commitments from major industrial and technology companies.,Verified,2026-05-06,No,Yes,No,No,No,No,No,No,0,,None,none,Added 2026-05-06: orphaned ID found in library.,url_needs_review,,,,2026-05-06,active,,
check-point-software-technologies-ltd,Check Point Software Technologies Ltd.,Vendor,3_Supporting,,https://checkpoint.com,"Check Point Software Technologies Ltd. — primary vendor website, sourced from the vendors catalog's existing verified record.",Verified,2026-07-07,No,No,No,No,No,No,Yes,No,0,,None,none,"Backfilled 2026-07-16 from pqc_authoritative_sources_reference_07162026.csv (pqc_authoritative_sources_reference) — trust_tier=3_Supporting assigned via Vendor's existing modal precedent in this registry, NOT independently researched; skim before treating as verified. Cited by 1 active migrate row(s), 1 active vendor row(s).",url_needs_review,,,,2026-07-16,active,,
checkmarx,Checkmarx,Vendor,3_Supporting,,https://checkmarx.com,"Checkmarx — primary vendor website, sourced from the vendors catalog's existing verified record.",Verified,2026-07-07,No,No,No,No,No,No,Yes,No,0,,None,none,"Backfilled 2026-07-16 from pqc_authoritative_sources_reference_07162026.csv (pqc_authoritative_sources_reference) — trust_tier=3_Supporting assigned via Vendor's existing modal precedent in this registry, NOT independently researched; skim before treating as verified. Cited by 1 active migrate row(s), 1 active vendor row(s).",url_needs_review,,,,2026-07-16,active,,
chelpis-quantum-corp,Chelpis Quantum Corp.,Vendor,3_Supporting,,https://www.chelpis.com,"Chelpis Quantum Corp. — primary vendor website, sourced from the vendors catalog's existing verified record.",Verified,2026-07-07,No,No,No,No,No,No,Yes,No,0,,None,none,"Backfilled 2026-07-16 from pqc_authoritative_sources_reference_07162026.csv (pqc_authoritative_sources_reference) — trust_tier=3_Supporting assigned via Vendor's existing modal precedent in this registry, NOT independently researched; skim before treating as verified. Cited by 1 active migrate row(s), 1 active vendor row(s).",url_needs_review,,,,2026-07-16,active,,
china-telecom,China Telecom,Industry_Workgroup,3_Supporting,APAC,https://www.chinatelecom.com.cn/,Major Chinese state-owned telecommunications operator; deploying hybrid quantum-safe network infrastructure at scale,Verified,2026-03-28,No,No,No,No,Yes,No,No,No,0,,None,none,,url_needs_review,,,,2026-05-06,active,,
china-telecom-corporation-limited,China Telecom Corporation Limited,Vendor,3_Supporting,,https://www.chinatelecom-h.com,"China Telecom Corporation Limited — primary vendor website, sourced from the vendors catalog's existing verified record.",Verified,2026-07-07,No,No,No,No,No,No,Yes,No,0,,None,none,"Backfilled 2026-07-16 from pqc_authoritative_sources_reference_07162026.csv (pqc_authoritative_sources_reference) — trust_tier=3_Supporting assigned via Vendor's existing modal precedent in this registry, NOT independently researched; skim before treating as verified. Cited by 0 active migrate row(s), 1 active vendor row(s).",url_needs_review,,,,2026-07-16,active,,
chrony-project,chrony Project,Vendor,3_Supporting,,https://chrony-project.org,"chrony Project — primary vendor website, sourced from the vendors catalog's existing verified record.",Verified,2026-07-07,No,No,No,No,No,No,Yes,No,0,,None,none,"Backfilled 2026-07-16 from pqc_authoritative_sources_reference_07162026.csv (pqc_authoritative_sources_reference) — trust_tier=3_Supporting assigned via Vendor's existing modal precedent in this registry, NOT independently researched; skim before treating as verified. Cited by 1 active migrate row(s), 1 active vendor row(s).",url_needs_review,,,,2026-07-16,active,,
chunghwa-telecom-labs,"Chunghwa Telecom Co., Ltd. Telecommunication Laboratories",Vendor,3_Supporting,APAC,https://www.chttl.com.tw/en/,Taiwan's largest telecom's R&D labs; ACVP-validated HiPKI SafGuard 2000 PQC Library,Verified,2026-07-14,No,No,No,No,No,No,Yes,No,0,,None,none,"Backfilled 2026-07-16 from pqc_authoritative_sources_reference_07162026.csv (pqc_authoritative_sources_reference) — trust_tier=3_Supporting assigned via Vendor's existing modal precedent in this registry, NOT independently researched; skim before treating as verified. Cited by 0 active migrate row(s), 1 active vendor row(s).",url_needs_review,,,,2026-07-16,active,,
ciena,Ciena Corporation,Vendor,3_Supporting,Americas,https://www.ciena.com,Optical networking company; deploying PQC in WaveLogic optical transport systems and developing quantum-safe key management for carrier networks,Verified,2026-03-31,No,Yes,No,No,No,No,No,No,0,,None,none,,url_needs_review,,,,2026-05-06,active,,
cipherplus-pte-ltd,CipherPlus Pte. Ltd.,Vendor,3_Supporting,,https://www.cipherplus.io/,"CipherPlus Pte. Ltd. — primary vendor website, sourced from the vendors catalog's existing verified record.",Verified,2026-07-07,No,No,No,No,No,No,Yes,No,0,,None,none,"Backfilled 2026-07-16 from pqc_authoritative_sources_reference_07162026.csv (pqc_authoritative_sources_reference) — trust_tier=3_Supporting assigned via Vendor's existing modal precedent in this registry, NOT independently researched; skim before treating as verified. Cited by 2 active migrate row(s), 1 active vendor row(s).",url_needs_review,,,,2026-07-16,active,,
circle,Circle,Vendor,4_Contextual,Americas,https://www.circle.com/,Stablecoin (USDC) issuer; published post-quantum security roadmap for blockchain infrastructure,Verified,2026-07-12,No,Yes,No,No,No,No,No,No,0,,None,none,,url_needs_review,,,,2026-07-09,active,,
circleci-llc,CircleCI LLC,Vendor,3_Supporting,,https://circleci.com,"CircleCI LLC — primary vendor website, sourced from the vendors catalog's existing verified record.",Verified,2026-07-07,No,No,No,No,No,No,Yes,No,0,,None,none,"Backfilled 2026-07-16 from pqc_authoritative_sources_reference_07162026.csv (pqc_authoritative_sources_reference) — trust_tier=3_Supporting assigned via Vendor's existing modal precedent in this registry, NOT independently researched; skim before treating as verified. Cited by 0 active migrate row(s), 1 active vendor row(s).",url_needs_review,,,,2026-07-16,active,,
cisa,CISA Quantum Page,Government,1_Authoritative,Americas,https://www.cisa.gov/quantum,Federal PQC product categories and procurement guidance (updated Jan 2026),Verified,2026-02-13,No,Yes,No,No,Yes,Yes,Yes,No,7,2026-05-07,Active,none,Fixed tagging: compliance_csv migrate_csv,url_authoritative,,,,2026-05-06,active,,
cisa-pqc-products,CISA PQC Product Categories,Government,2_Core,Americas,https://www.cisa.gov/resources-tools/resources/product-categories-technologies-use-post-quantum-cryptography-standards,Federal procurement guidance for PQC-capable products (Jan 2026); identifies product categories where PQC is widely available,Verified,2026-02-13,No,No,No,No,No,Yes,Yes,No,0,,None,none,Fixed tagging: compliance_csv migrate_csv,url_authoritative,,,,2026-05-06,active,,
cisco-systems,Cisco Systems,Industry_Workgroup,3_Supporting,Global,https://www.cisco.com/,"Network infrastructure PQC; IOS-XE, ASA, ISE — ML-KEM and hybrid TLS deployment",Verified,2026-03-28,No,No,No,No,No,No,Yes,No,0,,None,none,,url_needs_review,,,,2026-05-06,active,,
citi-gps,Citi GPS (Citigroup Global Perspectives & Solutions),Industry_Analyst,3_Supporting,Global,https://www.citigroup.com/global/insights,Citigroup thought-leadership arm; quantum-threat economic analyses for financial services,Verified,2026-07-12,No,Yes,No,No,No,No,No,No,0,,None,none,"url responds 403 (bot-blocked, site live)",url_needs_review,,,,2026-07-09,active,,
citrix-systems-inc,Citrix Systems Inc.,Vendor,3_Supporting,,https://citrix.com,"Citrix Systems Inc. — primary vendor website, sourced from the vendors catalog's existing verified record.",Verified,2026-07-07,No,No,No,No,No,No,Yes,No,0,,None,none,"Backfilled 2026-07-16 from pqc_authoritative_sources_reference_07162026.csv (pqc_authoritative_sources_reference) — trust_tier=3_Supporting assigned via Vendor's existing modal precedent in this registry, NOT independently researched; skim before treating as verified. Cited by 2 active migrate row(s), 1 active vendor row(s).",url_needs_review,,,,2026-07-16,active,,
cl-minciencia,"MinCiencia (Chile Ministry of Science, Technology, Knowledge and Innovation)",Government,1_Authoritative,Americas,https://www.minciencia.gob.cl/,"Chile's Ministry of Science, Technology, Knowledge and Innovation -- publisher of the National Strategy for Quantum Technologies 2025-2035, launched 17 December 2025 by President Boric and Minister Valle. Verified 2026-07-16.",Verified,2026-07-16,No,No,No,No,Yes,No,No,No,0,,None,none,"Added 2026-07-16 during timeline maintainer-process remediation (Phase 1.2 follow-up) -- national government ministry, distinct from anci-chile (Chile's cybersecurity agency, a different ministry).",url_authoritative,,,,2026-07-16,active,,
claroty-ltd,Claroty Ltd.,Vendor,3_Supporting,,https://claroty.com,"Claroty Ltd. — primary vendor website, sourced from the vendors catalog's existing verified record.",Verified,2026-07-07,No,No,No,No,No,No,Yes,No,0,,None,none,"Backfilled 2026-07-16 from pqc_authoritative_sources_reference_07162026.csv (pqc_authoritative_sources_reference) — trust_tier=3_Supporting assigned via Vendor's existing modal precedent in this registry, NOT independently researched; skim before treating as verified. Cited by 0 active migrate row(s), 1 active vendor row(s).",url_needs_review,,,,2026-07-16,active,,
cloud-native-computing-foundation,Cloud Native Computing Foundation,Vendor,3_Supporting,,https://cncf.io,"Cloud Native Computing Foundation — primary vendor website, sourced from the vendors catalog's existing verified record.",Verified,2026-07-07,No,No,No,No,No,No,Yes,No,0,,None,none,"Backfilled 2026-07-16 from pqc_authoritative_sources_reference_07162026.csv (pqc_authoritative_sources_reference) — trust_tier=3_Supporting assigned via Vendor's existing modal precedent in this registry, NOT independently researched; skim before treating as verified. Cited by 1 active migrate row(s), 1 active vendor row(s).",url_needs_review,,,,2026-07-16,active,,
cloudera-inc,"Cloudera, Inc.",Vendor,3_Supporting,,https://www.cloudera.com/,"Cloudera, Inc. — primary vendor website, sourced from the vendors catalog's existing verified record.",Verified,2026-07-07,No,No,No,No,No,No,Yes,No,0,,None,none,"Backfilled 2026-07-16 from pqc_authoritative_sources_reference_07162026.csv (pqc_authoritative_sources_reference) — trust_tier=3_Supporting assigned via Vendor's existing modal precedent in this registry, NOT independently researched; skim before treating as verified. Cited by 1 active migrate row(s), 1 active vendor row(s).",url_needs_review,,,,2026-07-16,active,,
cloudflare,Cloudflare,Industry_Workgroup,3_Supporting,Global,https://www.cloudflare.com/,Early ML-KEM TLS deployment; PQC research and performance data,Verified,2026-03-28,Yes,No,Yes,No,Yes,No,No,No,0,,None,none,,url_needs_review,,,,2026-05-06,active,,
cloudian-inc,Cloudian Inc.,Vendor,3_Supporting,,https://cloudian.com,US S3-compatible object storage vendor; FIPS 140-3 validated crypto module.,Verified,2026-07-27,No,No,No,No,No,No,Yes,No,0,,None,none,"Created 2026-07-27 (review-proposals pass) alongside vendor registration — vendor's own primary website, not independently third-party verified beyond the GLEIF/CNPJ check already done for the vendor row.",url_needs_review,,,,,active,,
cmorg,Cross Market Operational Resilience Group (CMORG),Industry_Workgroup,1_Authoritative,EMEA,https://www.bankofengland.co.uk/,UK Cross Market Operational Resilience Group (Bank of England co-chaired); sector guidance incl. PQC migration for finance,Verified,2026-07-12,No,Yes,No,No,Yes,No,No,No,0,,None,none,,url_needs_review,,,,2026-07-09,active,,
cmu-cylab,Carnegie Mellon CyLab,Academic,4_Contextual,Americas,https://www.cylab.cmu.edu/,Advanced PQC research including vulnerability analysis of NIST algorithms and quantum-safe protocol development,Verified,2026-02-13,No,No,Yes,No,No,No,No,No,0,,None,none,,url_authoritative,,,,2026-05-06,active,,
cmvp,CMVP Cryptographic Module Validation,Government,1_Authoritative,Americas,https://csrc.nist.gov/projects/cryptographic-module-validation-program,FIPS 140-3 validation for PQC implementations,Verified,2025-12-15,No,No,Yes,No,No,Yes,Yes,No,0,,None,none,Fixed tagging: compliance_csv migrate_csv,url_authoritative,,,,2026-05-06,active,,
cnbv-mexico,"Comisión Nacional Bancaria y de Valores (CNBV, Mexico)",Government,1_Authoritative,Americas,https://www.cnbv.gob.mx/,Mexico financial-sector regulator. Circular Única de Bancos (CUB) sets cryptographic-control expectations for banks; the most mature Mexican cyber-regulation channel (NOM cyber standards remain fragmented).,Verified,2026-05-16,No,No,No,No,No,Yes,No,No,0,,None,none,Added 2026-05-16 for geographic depth P1 #14.,url_authoritative,,,,2026-05-16,active,,
cockroachdb-inc,CockroachDB Inc.,Vendor,3_Supporting,,https://cockroachlabs.com,"CockroachDB Inc. — primary vendor website, sourced from the vendors catalog's existing verified record.",Verified,2026-07-07,No,No,No,No,No,No,Yes,No,0,,None,none,"Backfilled 2026-07-16 from pqc_authoritative_sources_reference_07162026.csv (pqc_authoritative_sources_reference) — trust_tier=3_Supporting assigned via Vendor's existing modal precedent in this registry, NOT independently researched; skim before treating as verified. Cited by 0 active migrate row(s), 1 active vendor row(s).",url_needs_review,,,,2026-07-16,active,,
code-siren-llc,"Code Siren, LLC",Vendor,3_Supporting,,https://www.codesiren.com,"Code Siren, LLC — primary vendor website, sourced from the vendors catalog's existing verified record.",Verified,2026-07-07,No,No,No,No,No,No,Yes,No,0,,None,none,"Backfilled 2026-07-16 from pqc_authoritative_sources_reference_07162026.csv (pqc_authoritative_sources_reference) — trust_tier=3_Supporting assigned via Vendor's existing modal precedent in this registry, NOT independently researched; skim before treating as verified. Cited by 1 active migrate row(s), 1 active vendor row(s).",url_needs_review,,,,2026-07-16,active,,
codebat-technologies-inc,"Codebat Technologies, Inc.",Vendor,3_Supporting,,https://codebat.ai/,"Codebat Technologies, Inc. — primary vendor website, sourced from the vendors catalog's existing verified record.",Verified,2026-07-07,No,No,No,No,No,No,Yes,No,0,,None,none,"Backfilled 2026-07-16 from pqc_authoritative_sources_reference_07162026.csv (pqc_authoritative_sources_reference) — trust_tier=3_Supporting assigned via Vendor's existing modal precedent in this registry, NOT independently researched; skim before treating as verified. Cited by 2 active migrate row(s), 1 active vendor row(s).",url_needs_review,,,,2026-07-16,active,,
cohesity,Cohesity,Vendor,3_Supporting,,https://www.cohesity.com,"Cohesity — primary vendor website, sourced from the vendors catalog's existing verified record.",Verified,2026-07-07,No,No,No,No,No,No,Yes,No,0,,None,none,"Backfilled 2026-07-16 from pqc_authoritative_sources_reference_07162026.csv (pqc_authoritative_sources_reference) — trust_tier=3_Supporting assigned via Vendor's existing modal precedent in this registry, NOT independently researched; skim before treating as verified. Cited by 1 active migrate row(s), 1 active vendor row(s).",url_needs_review,,,,2026-07-16,active,,
coinbase,Coinbase,Vendor,3_Supporting,Americas,https://www.coinbase.com/,US digital-asset exchange and custodian; publishes research on quantum threats to blockchain assets,Verified,2026-07-12,No,Yes,No,No,No,No,No,No,0,,None,none,,url_needs_review,,,,2026-07-09,active,,
coinbase-inc,Coinbase Inc.,Vendor,3_Supporting,,https://coinbase.com,"Coinbase Inc. — primary vendor website, sourced from the vendors catalog's existing verified record.",Verified,2026-07-07,No,No,No,No,No,No,Yes,No,0,,None,none,"Backfilled 2026-07-16 from pqc_authoritative_sources_reference_07162026.csv (pqc_authoritative_sources_reference) — trust_tier=3_Supporting assigned via Vendor's existing modal precedent in this registry, NOT independently researched; skim before treating as verified. Cited by 0 active migrate row(s), 1 active vendor row(s).",url_needs_review,,,,2026-07-16,active,,
common-criteria-portal,Common Criteria Portal (CCRA),Government,1_Authoritative,Global,https://www.commoncriteriaportal.org/,Official portal of the Common Criteria Recognition Arrangement; certified product lists and protection profiles,Verified,2026-07-12,No,Yes,No,No,No,No,No,No,0,,None,none,,url_authoritative,,,,2026-07-09,active,,
commvault,Commvault,Vendor,3_Supporting,,https://www.commvault.com,"Commvault — primary vendor website, sourced from the vendors catalog's existing verified record.",Verified,2026-07-07,No,No,No,No,No,No,Yes,No,0,,None,none,"Backfilled 2026-07-16 from pqc_authoritative_sources_reference_07162026.csv (pqc_authoritative_sources_reference) — trust_tier=3_Supporting assigned via Vendor's existing modal precedent in this registry, NOT independently researched; skim before treating as verified. Cited by 1 active migrate row(s), 1 active vendor row(s).",url_needs_review,,,,2026-07-16,active,,
confluent-inc,Confluent Inc.,Vendor,3_Supporting,,https://www.confluent.io,"Confluent Inc. — primary vendor website, sourced from the vendors catalog's existing verified record.",Verified,2026-07-07,No,No,No,No,No,No,Yes,No,0,,None,none,"Backfilled 2026-07-16 from pqc_authoritative_sources_reference_07162026.csv (pqc_authoritative_sources_reference) — trust_tier=3_Supporting assigned via Vendor's existing modal precedent in this registry, NOT independently researched; skim before treating as verified. Cited by 1 active migrate row(s), 1 active vendor row(s).",url_needs_review,,,,2026-07-16,active,,
copper-crypto,Copper Technologies,Vendor,3_Supporting,EMEA,https://copper.co/,Institutional digital-asset custody and collateral management infrastructure,Verified,2026-07-12,No,Yes,No,No,No,No,No,No,0,,None,none,,url_needs_review,,,,2026-07-09,active,,
copper-technologies-ltd,Copper Technologies Ltd.,Vendor,3_Supporting,,https://copper.co,"Copper Technologies Ltd. — primary vendor website, sourced from the vendors catalog's existing verified record.",Verified,2026-07-07,No,No,No,No,No,No,Yes,No,0,,None,none,"Backfilled 2026-07-16 from pqc_authoritative_sources_reference_07162026.csv (pqc_authoritative_sources_reference) — trust_tier=3_Supporting assigned via Vendor's existing modal precedent in this registry, NOT independently researched; skim before treating as verified. Cited by 0 active migrate row(s), 1 active vendor row(s).",url_needs_review,,,,2026-07-16,active,,
coreboot-project,coreboot Project,Vendor,3_Supporting,,https://coreboot.org,"coreboot Project — primary vendor website, sourced from the vendors catalog's existing verified record.",Verified,2026-07-07,No,No,No,No,No,No,Yes,No,0,,None,none,"Backfilled 2026-07-16 from pqc_authoritative_sources_reference_07162026.csv (pqc_authoritative_sources_reference) — trust_tier=3_Supporting assigned via Vendor's existing modal precedent in this registry, NOT independently researched; skim before treating as verified. Cited by 0 active migrate row(s), 1 active vendor row(s).",url_needs_review,,,,2026-07-16,active,,
cosmian-sas,Cosmian SAS,Vendor,3_Supporting,,https://cosmian.com,"Cosmian SAS — primary vendor website, sourced from the vendors catalog's existing verified record.",Verified,2026-07-07,No,No,No,No,No,No,Yes,No,0,,None,none,"Backfilled 2026-07-16 from pqc_authoritative_sources_reference_07162026.csv (pqc_authoritative_sources_reference) — trust_tier=3_Supporting assigned via Vendor's existing modal precedent in this registry, NOT independently researched; skim before treating as verified. Cited by 0 active migrate row(s), 1 active vendor row(s).",url_needs_review,,,,2026-07-16,active,,
cosmos-interchain,Interchain Foundation (Cosmos),Vendor,3_Supporting,Global,https://cosmos.network/,Cosmos / Interchain Foundation stewarding the Cosmos ecosystem of interoperable blockchains,Verified,2026-07-12,No,Yes,No,No,No,No,No,No,0,,None,none,,url_needs_review,,,,2026-07-09,active,,
cranium-inc,Cranium Inc.,Vendor,3_Supporting,,https://cranium.ai,"Cranium Inc. — primary vendor website, sourced from the vendors catalog's existing verified record.",Verified,2026-07-07,No,No,No,No,No,No,Yes,No,0,,None,none,"Backfilled 2026-07-16 from pqc_authoritative_sources_reference_07162026.csv (pqc_authoritative_sources_reference) — trust_tier=3_Supporting assigned via Vendor's existing modal precedent in this registry, NOT independently researched; skim before treating as verified. Cited by 0 active migrate row(s), 1 active vendor row(s).",url_needs_review,,,,2026-07-16,active,,
credebl-community,CREDEBL Community,Vendor,3_Supporting,,https://credebl.id,"CREDEBL Community — primary vendor website, sourced from the vendors catalog's existing verified record.",Verified,2026-07-07,No,No,No,No,No,No,Yes,No,0,,None,none,"Backfilled 2026-07-16 from pqc_authoritative_sources_reference_07162026.csv (pqc_authoritative_sources_reference) — trust_tier=3_Supporting assigned via Vendor's existing modal precedent in this registry, NOT independently researched; skim before treating as verified. Cited by 0 active migrate row(s), 1 active vendor row(s).",url_needs_review,,,,2026-07-16,active,,
crowdstrike-holdings-inc,CrowdStrike Holdings Inc.,Vendor,3_Supporting,,https://crowdstrike.com,"CrowdStrike Holdings Inc. — primary vendor website, sourced from the vendors catalog's existing verified record.",Verified,2026-07-07,No,No,No,No,No,No,Yes,No,0,,None,none,"Backfilled 2026-07-16 from pqc_authoritative_sources_reference_07162026.csv (pqc_authoritative_sources_reference) — trust_tier=3_Supporting assigned via Vendor's existing modal precedent in this registry, NOT independently researched; skim before treating as verified. Cited by 0 active migrate row(s), 1 active vendor row(s).",url_needs_review,,,,2026-07-16,active,,
crypto-quantique,Crypto Quantique,Industry_Workgroup,4_Contextual,EMEA,https://www.cryptoquantique.com/,Quantum-driven security for IoT devices,Verified,2026-02-13,No,No,Yes,No,No,No,No,No,0,,None,none,,url_needs_review,,,,2026-05-06,active,,
crypto-quantique-ltd,Crypto Quantique Ltd.,Vendor,3_Supporting,,https://www.cryptoquantique.com,"Crypto Quantique Ltd. — primary vendor website, sourced from the vendors catalog's existing verified record.",Verified,2026-07-07,No,No,No,No,No,No,Yes,No,0,,None,none,"Backfilled 2026-07-16 from pqc_authoritative_sources_reference_07162026.csv (pqc_authoritative_sources_reference) — trust_tier=3_Supporting assigned via Vendor's existing modal precedent in this registry, NOT independently researched; skim before treating as verified. Cited by 0 active migrate row(s), 1 active vendor row(s).",url_needs_review,,,,2026-07-16,active,,
crypto4a-technologies-inc,Crypto4A Technologies Inc.,Vendor,3_Supporting,,https://crypto4a.com,"Crypto4A Technologies Inc. — primary vendor website, sourced from the vendors catalog's existing verified record.",Verified,2026-07-07,No,No,No,No,No,No,Yes,No,0,,None,none,"Backfilled 2026-07-16 from pqc_authoritative_sources_reference_07162026.csv (pqc_authoritative_sources_reference) — trust_tier=3_Supporting assigned via Vendor's existing modal precedent in this registry, NOT independently researched; skim before treating as verified. Cited by 1 active migrate row(s), 1 active vendor row(s).",url_needs_review,,,,2026-07-16,active,,
cryptoexperts,CryptoExperts,Industry_Workgroup,4_Contextual,EMEA,https://www.cryptoexperts.com/,Cryptography R&D consultancy; RESQUE consortium member,Verified,2026-02-13,No,No,Yes,No,No,No,No,No,0,,None,none,,url_needs_review,,,,2026-05-06,active,,
cryptomathic-a-s,Cryptomathic A/S,Vendor,3_Supporting,,https://cryptomathic.com,"Cryptomathic A/S — primary vendor website, sourced from the vendors catalog's existing verified record.",Verified,2026-07-07,No,No,No,No,No,No,Yes,No,0,,None,none,"Backfilled 2026-07-16 from pqc_authoritative_sources_reference_07162026.csv (pqc_authoritative_sources_reference) — trust_tier=3_Supporting assigned via Vendor's existing modal precedent in this registry, NOT independently researched; skim before treating as verified. Cited by 0 active migrate row(s), 1 active vendor row(s).",url_needs_review,,,,2026-07-16,active,,
cryptonext,CryptoNext Security,Industry_Workgroup,4_Contextual,EMEA,https://www.cryptonext-security.com/,French quantum-safe cryptography vendor; RESQUE consortium member,Verified,2026-02-13,No,No,Yes,No,No,No,Yes,No,0,,None,none,,url_needs_review,,,,2026-05-06,active,,
cryptoscan-project,CryptoScan Project,Vendor,3_Supporting,,https://github.com/csnp/cryptoscan,,Verified,2026-07-31,No,No,No,No,No,No,No,No,0,,None,none,"Auto-created 2026-07-31 by register_vendor.py alongside vendor registration VND-530 — vendor's own primary website, not independently third-party verified.",url_needs_review,,,,,active,,
cryptrec,Japan CRYPTREC,Government,1_Authoritative,APAC,https://www.cryptrec.go.jp/en/,Japanese cryptographic standards evaluation project,Verified,2025-12-15,No,Yes,Yes,No,Yes,Yes,No,No,1,2026-05-07,Active,library,Fixed tagging: library_csv timeline_csv compliance_csv,url_authoritative,,,,2026-05-06,active,,
cryptsoft-pty-ltd,Cryptsoft Pty Ltd,Vendor,3_Supporting,,https://www.cryptsoft.com/,"Cryptsoft Pty Ltd — primary vendor website, sourced from the vendors catalog's existing verified record.",Verified,2026-07-07,No,No,No,No,No,No,Yes,No,0,,None,none,"Backfilled 2026-07-16 from pqc_authoritative_sources_reference_07162026.csv (pqc_authoritative_sources_reference) — trust_tier=3_Supporting assigned via Vendor's existing modal precedent in this registry, NOT independently researched; skim before treating as verified. Cited by 1 active migrate row(s), 1 active vendor row(s).",url_needs_review,,,,2026-07-16,active,,
cryspen,Cryspen,Vendor,3_Supporting,,https://cryspen.com,"Cryspen — primary vendor website, sourced from the vendors catalog's existing verified record.",Verified,2026-07-07,No,No,No,No,No,No,Yes,No,0,,None,none,"Backfilled 2026-07-16 from pqc_authoritative_sources_reference_07162026.csv (pqc_authoritative_sources_reference) — trust_tier=3_Supporting assigned via Vendor's existing modal precedent in this registry, NOT independently researched; skim before treating as verified. Cited by 1 active migrate row(s), 1 active vendor row(s).",url_needs_review,,,,2026-07-16,active,,
csa-cloud,Cloud Security Alliance,Industry_Workgroup,2_Core,Global,https://cloudsecurityalliance.org/,Cloud security standards including quantum-safe guidance,Verified,2025-12-15,No,No,No,Yes,No,No,No,No,0,,Active,threats,,url_needs_review,,,,2026-05-06,active,,
csa-group-healthcare-cybersecu,CSA Group — Healthcare Cybersecurity Testing & Certification,Standards_Body,3_Supporting,Americas,https://www.csagroup.org/testing-certification/testing/cybersecurity/healthcare-cybersecurity/,CSA Group (Canadian Standards Association); healthcare-sector cybersecurity testing and certification,Verified,2026-07-28,,,,,,,,No,,,,,Site returned 403 to automated fetch (bot-block); CSA Group is a well-established North American standards/certification body. No PQC-specific content independently verified -- kept at Supporting tier.,url_authoritative,,,,,active,,
csa-iot,Connectivity Standards Alliance (CSA-IOT),Standards_Body,1_Authoritative,Global,https://csa-iot.org/,IoT interoperability standards body; publishes the Matter specification (ECDSA/SHA-256/secp256r1/AES-CCM device security) — IoT-sector grounding for the industry-landscape source,Verified,2026-07-29,No,Yes,No,No,No,No,No,No,0,,None,none,,url_authoritative,,,,2026-07-29,active,,
csa-singapore,Singapore CSA Cybersecurity,Government,1_Authoritative,APAC,https://www.csa.gov.sg/,Singapore Cyber Security Agency quantum readiness,Verified,2025-12-15,No,Yes,No,No,Yes,Yes,No,No,7,2026-05-07,Active,timeline,Fixed tagging: timeline_csv compliance_csv,url_authoritative,,,,2026-05-06,active,,
csc-cloudsig,Cloud Signature Consortium,Standards_Body,2_Core,Global,https://cloudsignatureconsortium.org/,Cloud Signature Consortium; standards for cloud-based digital signatures,Verified,2026-07-12,No,Yes,No,No,No,No,No,No,0,,None,none,,url_authoritative,,,,2026-07-09,active,,
csec,CSEC (Swedish Certification Body for IT Security),Government,1_Authoritative,EMEA,https://www.fmv.se/english/supplier-information/csec/,"Sweden national Common Criteria certification body, part of the Swedish Defence Materiel Administration (FMV).",Verified,2026-07-31,No,No,No,No,No,Yes,No,No,0,,None,none,"Added 2026-07-31 (WP-3.3, remediation plan) -- cross-links the compliance-landscape certification-body row added in the same batch (Phase 5 B1). URL and description sourced from the same real document fetched for that row.",url_needs_review,,,,2026-07-31,active,,
ctera-networks-ltd,CTERA Networks Ltd.,Vendor,3_Supporting,,https://www.ctera.com/,"CTERA Networks Ltd. — primary vendor website, sourced from the vendors catalog's existing verified record.",Verified,2026-07-07,No,No,No,No,No,No,Yes,No,0,,None,none,"Backfilled 2026-07-16 from pqc_authoritative_sources_reference_07162026.csv (pqc_authoritative_sources_reference) — trust_tier=3_Supporting assigned via Vendor's existing modal precedent in this registry, NOT independently researched; skim before treating as verified. Cited by 2 active migrate row(s), 1 active vendor row(s).",url_needs_review,,,,2026-07-16,active,,
ctrl-iq,"Ctrl IQ, Inc.",Vendor,3_Supporting,Americas,https://ciq.com,US company (CIQ) maintaining Rocky Linux; ACVP-validated Rocky Linux 9 NSS Cryptographic Module,Verified,2026-07-14,No,No,No,No,No,No,Yes,No,0,,None,none,"Backfilled 2026-07-16 from pqc_authoritative_sources_reference_07162026.csv (pqc_authoritative_sources_reference) — trust_tier=3_Supporting assigned via Vendor's existing modal precedent in this registry, NOT independently researched; skim before treating as verified. Cited by 0 active migrate row(s), 1 active vendor row(s).",url_needs_review,,,,2026-07-16,active,,
curl-project-daniel-stenberg,curl Project (Daniel Stenberg),Vendor,3_Supporting,,https://curl.se,"curl Project (Daniel Stenberg) — primary vendor website, sourced from the vendors catalog's existing verified record.",Verified,2026-07-07,No,No,No,No,No,No,Yes,No,0,,None,none,"Backfilled 2026-07-16 from pqc_authoritative_sources_reference_07162026.csv (pqc_authoritative_sources_reference) — trust_tier=3_Supporting assigned via Vendor's existing modal precedent in this registry, NOT independently researched; skim before treating as verified. Cited by 1 active migrate row(s), 1 active vendor row(s).",url_needs_review,,,,2026-07-16,active,,
cwi-amsterdam,CWI Amsterdam (Centrum Wiskunde & Informatica),Academic,2_Core,Europe,https://www.cwi.nl/,Dutch national research institute for mathematics and computer science; PQC research,Verified,2026-03-28,Yes,No,No,No,No,No,No,No,0,,None,none,,url_authoritative,,,,2026-05-06,active,,
cyberark-software-ltd,CyberArk Software Ltd.,Vendor,3_Supporting,,https://cyberark.com,"CyberArk Software Ltd. — primary vendor website, sourced from the vendors catalog's existing verified record.",Verified,2026-07-07,No,No,No,No,No,No,Yes,No,0,,None,none,"Backfilled 2026-07-16 from pqc_authoritative_sources_reference_07162026.csv (pqc_authoritative_sources_reference) — trust_tier=3_Supporting assigned via Vendor's existing modal precedent in this registry, NOT independently researched; skim before treating as verified. Cited by 0 active migrate row(s), 1 active vendor row(s).",url_needs_review,,,,2026-07-16,active,,
cybernetica-as,Cybernetica AS,Vendor,3_Supporting,,https://cyber.ee,"Cybernetica AS — primary vendor website, sourced from the vendors catalog's existing verified record.",Verified,2026-07-07,No,No,No,No,No,No,Yes,No,0,,None,none,"Backfilled 2026-07-16 from pqc_authoritative_sources_reference_07162026.csv (pqc_authoritative_sources_reference) — trust_tier=3_Supporting assigned via Vendor's existing modal precedent in this registry, NOT independently researched; skim before treating as verified. Cited by 0 active migrate row(s), 1 active vendor row(s).",url_needs_review,,,,2026-07-16,active,,
cybernetica-ee,Cybernetica (Estonia),Industry_Workgroup,3_Supporting,Europe,https://cyber.ee/,"Estonian applied-research and software company -- awarded 3 strategic government procurements to lead Estonia's e-governance PQC transition (eID, PKI, X-Road data-exchange platform, i-voting). Verified 2026-07-16.",Verified,2026-07-16,No,No,No,No,Yes,No,No,No,0,,None,none,"Added 2026-07-16 during timeline maintainer-process remediation (Phase 1.2 follow-up) -- tier matches ibm-research's Industry_Workgroup/3_Supporting profile (a private company's own technical/research announcements, not a government body).",url_needs_review,,,,2026-07-16,active,,
cybersecurityhubcz-czech-republic,CyberSecurityHub.cz (Czech Republic),Vendor,3_Supporting,,https://www.cybersecurityhub.cz,"CyberSecurityHub.cz (Czech Republic) — primary vendor website, sourced from the vendors catalog's existing verified record.",Verified,2026-07-07,No,No,No,No,No,No,Yes,No,0,,None,none,"Backfilled 2026-07-16 from pqc_authoritative_sources_reference_07162026.csv (pqc_authoritative_sources_reference) — trust_tier=3_Supporting assigned via Vendor's existing modal precedent in this registry, NOT independently researched; skim before treating as verified. Cited by 0 active migrate row(s), 1 active vendor row(s).",url_needs_review,,,,2026-07-16,active,,
cyberzero,CyberZero,Vendor,3_Supporting,,https://cyberzero.io,"CyberZero — primary vendor website, sourced from the vendors catalog's existing verified record.",Verified,2026-07-07,No,No,No,No,No,No,Yes,No,0,,None,none,"Backfilled 2026-07-16 from pqc_authoritative_sources_reference_07162026.csv (pqc_authoritative_sources_reference) — trust_tier=3_Supporting assigned via Vendor's existing modal precedent in this registry, NOT independently researched; skim before treating as verified. Cited by 1 active migrate row(s), 1 active vendor row(s).",url_needs_review,,,,2026-07-16,active,,
czertainly-sro,CZERTAINLY s.r.o.,Vendor,3_Supporting,,https://www.czertainly.com/,"CZERTAINLY s.r.o. — primary vendor website, sourced from the vendors catalog's existing verified record.",Verified,2026-07-07,No,No,No,No,No,No,Yes,No,0,,None,none,"Backfilled 2026-07-16 from pqc_authoritative_sources_reference_07162026.csv (pqc_authoritative_sources_reference) — trust_tier=3_Supporting assigned via Vendor's existing modal precedent in this registry, NOT independently researched; skim before treating as verified. Cited by 1 active migrate row(s), 1 active vendor row(s).",url_needs_review,,,,2026-07-16,active,,
dashlane,Dashlane,Vendor,3_Supporting,,https://www.dashlane.com,"Dashlane — primary vendor website, sourced from the vendors catalog's existing verified record.",Verified,2026-07-07,No,No,No,No,No,No,Yes,No,0,,None,none,"Backfilled 2026-07-16 from pqc_authoritative_sources_reference_07162026.csv (pqc_authoritative_sources_reference) — trust_tier=3_Supporting assigned via Vendor's existing modal precedent in this registry, NOT independently researched; skim before treating as verified. Cited by 1 active migrate row(s), 1 active vendor row(s).",url_needs_review,,,,2026-07-16,active,,
dc3,DoD Cyber Crime Center (DC3),Government,2_Core,Americas,https://www.dc3.mil/,"US DoD Cyber Crime Center; its DCISE arm publishes Defense Industrial Base cybersecurity guidance, including the CSaaS offerings referenced by the library.",Verified,2026-08-09,No,Yes,No,No,No,No,No,No,,,,,"Registered 2026-08-09. The library row DIB-CSaaS-Slicksheet cited trusted_source_id=dc3-mil, which existed in NEITHER registry — no gate catches that. DC3 is a distinct organisation from DISA, so it gets its own entry rather than being folded into one. URL verified live 2026-08-09 via the resilient fetcher (200, 80,799b).",url_authoritative,DoD Cyber Crime Center (DC3),Government,dc3.mil,2026-08-09,active,,
dcsa,Digital Container Shipping Association,Standards_Body,2_Core,Global,https://dcsa.org/,DCSA Electronic Bill of Lading standards; maritime digital security,Verified,2026-03-28,No,No,No,Yes,No,No,No,No,0,,None,none,,url_authoritative,,,,2026-05-06,active,,
debian-project,Debian Project,Vendor,3_Supporting,,https://debian.org,"Debian Project — primary vendor website, sourced from the vendors catalog's existing verified record.",Verified,2026-07-07,No,No,No,No,No,No,Yes,No,0,,None,none,"Backfilled 2026-07-16 from pqc_authoritative_sources_reference_07162026.csv (pqc_authoritative_sources_reference) — trust_tier=3_Supporting assigned via Vendor's existing modal precedent in this registry, NOT independently researched; skim before treating as verified. Cited by 0 active migrate row(s), 1 active vendor row(s).",url_needs_review,,,,2026-07-16,active,,
deciso-bv,Deciso BV,Vendor,3_Supporting,,https://deciso.com,"Deciso BV — primary vendor website, sourced from the vendors catalog's existing verified record.",Verified,2026-07-07,No,No,No,No,No,No,Yes,No,0,,None,none,"Backfilled 2026-07-16 from pqc_authoritative_sources_reference_07162026.csv (pqc_authoritative_sources_reference) — trust_tier=3_Supporting assigned via Vendor's existing modal precedent in this registry, NOT independently researched; skim before treating as verified. Cited by 0 active migrate row(s), 1 active vendor row(s).",url_needs_review,,,,2026-07-16,active,,
delinea-inc,Delinea Inc.,Vendor,3_Supporting,,https://delinea.com,"Delinea Inc. — primary vendor website, sourced from the vendors catalog's existing verified record.",Verified,2026-07-07,No,No,No,No,No,No,Yes,No,0,,None,none,"Backfilled 2026-07-16 from pqc_authoritative_sources_reference_07162026.csv (pqc_authoritative_sources_reference) — trust_tier=3_Supporting assigned via Vendor's existing modal precedent in this registry, NOT independently researched; skim before treating as verified. Cited by 0 active migrate row(s), 1 active vendor row(s).",url_needs_review,,,,2026-07-16,active,,
dell-technologies,Dell Technologies Inc.,Vendor,3_Supporting,Americas,https://www.dell.com,Ultimate parent of the Dell BSAFE product line; ACVP-validated ML-DSA/ML-KEM in Dell BSAFE Crypto Module for C/Java,Verified,2026-07-14,No,No,No,No,No,No,Yes,No,0,,None,none,"Backfilled 2026-07-16 from pqc_authoritative_sources_reference_07162026.csv (pqc_authoritative_sources_reference) — trust_tier=3_Supporting assigned via Vendor's existing modal precedent in this registry, NOT independently researched; skim before treating as verified. Cited by 0 active migrate row(s), 1 active vendor row(s).",url_needs_review,,,,2026-07-16,active,,
deloitte,Deloitte,Industry_Analyst,4_Contextual,Global,https://www2.deloitte.com,"Professional services firm with PQC enterprise readiness frameworks, industry surveys, and migration advisory publications.",Verified,2026-05-06,No,Yes,No,No,No,No,No,No,0,,None,none,Added 2026-05-06: orphaned ID found in library.,url_needs_review,,,,2026-05-06,active,,
department-of-science-and-technology-dst-india,Department of Science and Technology (DST) India,Vendor,3_Supporting,,https://dst.gov.in,"Department of Science and Technology (DST) India — primary vendor website, sourced from the vendors catalog's existing verified record.",Verified,2026-07-07,No,No,No,No,No,No,Yes,No,0,,None,none,"Backfilled 2026-07-16 from pqc_authoritative_sources_reference_07162026.csv (pqc_authoritative_sources_reference) — trust_tier=3_Supporting assigned via Vendor's existing modal precedent in this registry, NOT independently researched; skim before treating as verified. Cited by 0 active migrate row(s), 1 active vendor row(s).",url_needs_review,,,,2026-07-16,active,,
desc-dubai,Dubai Electronic Security Center,Government,3_Supporting,EMEA,https://www.desc.gov.ae/,Dubai Electronic Security Center; regional cybersecurity standards,Verified,2026-03-28,No,No,No,No,Yes,No,No,No,0,,None,none,,url_authoritative,,,,2026-05-06,active,,
descope-inc,Descope Inc.,Vendor,3_Supporting,,https://descope.com,"Descope Inc. — primary vendor website, sourced from the vendors catalog's existing verified record.",Verified,2026-07-07,No,No,No,No,No,No,Yes,No,0,,None,none,"Backfilled 2026-07-16 from pqc_authoritative_sources_reference_07162026.csv (pqc_authoritative_sources_reference) — trust_tier=3_Supporting assigned via Vendor's existing modal precedent in this registry, NOT independently researched; skim before treating as verified. Cited by 1 active migrate row(s), 1 active vendor row(s).",url_needs_review,,,,2026-07-16,active,,
dfns,DFNS,Vendor,3_Supporting,EMEA,https://www.dfns.co/,Wallet-as-a-service infrastructure provider covering key management and post-quantum considerations,Verified,2026-07-12,No,Yes,No,No,No,No,No,No,0,,None,none,,url_needs_review,,,,2026-07-09,active,,
dfns-sas,DFNS SAS,Vendor,3_Supporting,,https://www.dfns.co,"DFNS SAS — primary vendor website, sourced from the vendors catalog's existing verified record.",Verified,2026-07-07,No,No,No,No,No,No,Yes,No,0,,None,none,"Backfilled 2026-07-16 from pqc_authoritative_sources_reference_07162026.csv (pqc_authoritative_sources_reference) — trust_tier=3_Supporting assigned via Vendor's existing modal precedent in this registry, NOT independently researched; skim before treating as verified. Cited by 0 active migrate row(s), 1 active vendor row(s).",url_needs_review,,,,2026-07-16,active,,
dgssi-morocco-general-director,DGSSI — Morocco General Directorate of Information Systems Security,Government,3_Supporting,EMEA,https://www.dgssi.gov.ma/en/dgssi,Morocco's national information-systems-security authority,Verified,2026-07-28,,,,,,,,No,,,,,"Confirmed live via WebFetch. General-purpose national authority, no PQC-specific content independently verified.",url_authoritative,,,,,active,,
digicert,DigiCert,Industry_Workgroup,3_Supporting,Global,https://www.digicert.com/,PKI certificate authority; PQC certificate issuance and hybrid support,Verified,2026-03-28,Yes,No,No,No,No,No,Yes,No,0,,None,none,,url_needs_review,,,,2026-05-06,active,,
dinamo-cyber-security,DINAMO Cyber Security Company,Vendor,3_Supporting,Americas,https://dinamosec.com,"Brazilian HSM/crypto vendor (rebranded from Dinamo Networks, Inc.); ACVP-validated HSM Cryptographic Library",Verified,2026-07-14,No,No,No,No,No,No,Yes,No,0,,None,none,"Backfilled 2026-07-16 from pqc_authoritative_sources_reference_07162026.csv (pqc_authoritative_sources_reference) — trust_tier=3_Supporting assigned via Vendor's existing modal precedent in this registry, NOT independently researched; skim before treating as verified. Cited by 0 active migrate row(s), 1 active vendor row(s).",url_needs_review,,,,2026-07-16,active,,
disa,Defense Information Systems Agency,Government,2_Core,Americas,https://www.disa.mil/,DoD information systems; CNSA 2.0 implementation for defense networks,Verified,2026-03-28,No,Yes,No,No,Yes,No,No,No,0,,None,none,2026-08-09: library_csv Yes — DoD-OT-Control-Systems-SRG in the library cites this source.,url_authoritative,,,,2026-08-09,active,,
disr-australia,"DISR (Dept. of Industry, Science and Resources, Australia)",Government,1_Authoritative,APAC,https://www.industry.gov.au/,"Australian Department of Industry, Science and Resources; national quantum strategy",Verified,2026-07-12,No,No,No,No,Yes,No,No,No,0,,None,none,url unreachable via curl (connection blocked) — known-official domain,url_authoritative,,,,2026-07-09,active,,
djb-cr-yp-to,Daniel J. Bernstein (cr.yp.to),Academic,2_Core,Global,https://cr.yp.to/,"Personal research site of cryptographer Daniel J. Bernstein; primary source for NTRU Prime, SPHINCS+, and PQC analysis papers",Verified,2026-07-12,No,Yes,No,No,No,No,No,No,0,,None,none,,url_authoritative,,,,2026-07-09,active,,
docker,Docker,Vendor,3_Supporting,,https://www.docker.com,"Docker — primary vendor website, sourced from the vendors catalog's existing verified record.",Verified,2026-07-07,No,No,No,No,No,No,Yes,No,0,,None,none,"Backfilled 2026-07-16 from pqc_authoritative_sources_reference_07162026.csv (pqc_authoritative_sources_reference) — trust_tier=3_Supporting assigned via Vendor's existing modal precedent in this registry, NOT independently researched; skim before treating as verified. Cited by 1 active migrate row(s), 1 active vendor row(s).",url_needs_review,,,,2026-07-16,active,,
docusign-inc,DocuSign Inc.,Vendor,3_Supporting,,https://docusign.com,"DocuSign Inc. — primary vendor website, sourced from the vendors catalog's existing verified record.",Verified,2026-07-07,No,No,No,No,No,No,Yes,No,0,,None,none,"Backfilled 2026-07-16 from pqc_authoritative_sources_reference_07162026.csv (pqc_authoritative_sources_reference) — trust_tier=3_Supporting assigned via Vendor's existing modal precedent in this registry, NOT independently researched; skim before treating as verified. Cited by 1 active migrate row(s), 1 active vendor row(s).",url_needs_review,,,,2026-07-16,active,,
dod-cio,U.S. Department of Defense CIO,Government,1_Authoritative,Americas,https://dodcio.defense.gov,"DoD Chief Information Officer. Issues PQC migration directives, zero-trust architecture mandates, and CNSA 2.0 implementation guidance for defense contractors.",Verified,2026-05-06,No,Yes,No,No,No,Yes,No,No,0,,None,none,Added 2026-05-06: orphaned ID found in library.,url_authoritative,,,,2026-05-06,active,,
dragos-inc,Dragos Inc.,Vendor,3_Supporting,,https://dragos.com,"Dragos Inc. — primary vendor website, sourced from the vendors catalog's existing verified record.",Verified,2026-07-07,No,No,No,No,No,No,Yes,No,0,,None,none,"Backfilled 2026-07-16 from pqc_authoritative_sources_reference_07162026.csv (pqc_authoritative_sources_reference) — trust_tier=3_Supporting assigned via Vendor's existing modal precedent in this registry, NOT independently researched; skim before treating as verified. Cited by 0 active migrate row(s), 1 active vendor row(s).",url_needs_review,,,,2026-07-16,active,,
druva,Druva,Vendor,3_Supporting,,https://www.druva.com,"Druva — primary vendor website, sourced from the vendors catalog's existing verified record.",Verified,2026-07-07,No,No,No,No,No,No,Yes,No,0,,None,none,"Backfilled 2026-07-16 from pqc_authoritative_sources_reference_07162026.csv (pqc_authoritative_sources_reference) — trust_tier=3_Supporting assigned via Vendor's existing modal precedent in this registry, NOT independently researched; skim before treating as verified. Cited by 1 active migrate row(s), 1 active vendor row(s).",url_needs_review,,,,2026-07-16,active,,
dsit-uk,"UK Department for Science, Innovation and Technology (DSIT)",Government,1_Authoritative,EMEA,https://www.gov.uk/government/organisations/department-for-science-innovation-and-technology,"UK Department for Science, Innovation and Technology; national quantum strategy owner",Verified,2026-07-12,No,No,No,No,Yes,No,No,No,0,,None,none,,url_authoritative,,,,2026-07-09,active,,
dst-india,DST India (Department of Science and Technology),Government,1_Authoritative,APAC,https://dst.gov.in/,Government of India department funding the National Quantum Mission and quantum/PQC research programmes,Verified,2026-07-12,No,No,No,No,Yes,No,No,No,0,,None,none,,url_authoritative,,,,2026-07-09,active,,
duckduckgo,DuckDuckGo,Vendor,3_Supporting,,https://duckduckgo.com,"DuckDuckGo — primary vendor website, sourced from the vendors catalog's existing verified record.",Verified,2026-07-07,No,No,No,No,No,No,Yes,No,0,,None,none,"Backfilled 2026-07-16 from pqc_authoritative_sources_reference_07162026.csv (pqc_authoritative_sources_reference) — trust_tier=3_Supporting assigned via Vendor's existing modal precedent in this registry, NOT independently researched; skim before treating as verified. Cited by 1 active migrate row(s), 1 active vendor row(s).",url_needs_review,,,,2026-07-16,active,,
duke-qc,Duke University Quantum Center,Academic,4_Contextual,Americas,https://quantum.duke.edu/,Interdisciplinary quantum research including quantum-safe cryptography foundations,Verified,2026-02-13,No,No,Yes,No,No,No,No,No,0,,None,none,,url_authoritative,,,,2026-05-06,active,,
dvb-project,DVB Project,Industry_Workgroup,3_Supporting,EMEA,https://www.dvb.org/,Digital Video Broadcasting consortium; defines conditional access and security standards for digital television broadcast systems,Verified,2026-03-28,No,Yes,No,Yes,No,No,No,No,0,,None,none,,url_needs_review,,,,2026-05-06,active,,
ec,European Commission,Government,1_Authoritative,EMEA,https://digital-strategy.ec.europa.eu/,EU executive branch; PQC policy through eIDAS 2.0 and NIS2 directive; Horizon Europe quantum research funding,Verified,2026-03-28,No,No,No,Yes,Yes,Yes,No,No,0,,None,none,,url_authoritative,,,,2026-05-06,active,,
eclipse-foundation,Eclipse Foundation,Vendor,3_Supporting,,https://eclipse.org,"Eclipse Foundation — primary vendor website, sourced from the vendors catalog's existing verified record.",Verified,2026-07-07,No,No,No,No,No,No,Yes,No,0,,None,none,"Backfilled 2026-07-16 from pqc_authoritative_sources_reference_07162026.csv (pqc_authoritative_sources_reference) — trust_tier=3_Supporting assigned via Vendor's existing modal precedent in this registry, NOT independently researched; skim before treating as verified. Cited by 1 active migrate row(s), 1 active vendor row(s).",url_needs_review,,,,2026-07-16,active,,
eff,Electronic Frontier Foundation,Industry_Workgroup,3_Supporting,Americas,https://www.eff.org/,Digital-rights nonprofit; analyses of encryption policy and surveillance implications of quantum computing,Verified,2026-07-12,No,Yes,No,No,No,No,No,No,0,,None,none,,url_needs_review,,,,2026-07-09,active,,
egypt-national-telecom-regulat,Egypt National Telecom Regulatory Authority — EG-CERT,Government,3_Supporting,EMEA,https://www.tra.gov.eg/en/industry/eg-cert/,"Egypt's National Telecom Regulatory Authority (NTRA), which operates the national CERT (EG-CERT)",Verified,2026-07-28,,,,,,,,No,,,,,"Confirmed via WebFetch that NTRA (this domain) operates EG-CERT; the standalone EG-CERT site (egcert.eg) was mentioned but not itself verified. General-purpose regulator, no PQC-specific publication verified.",url_authoritative,,,,,active,,
eigenq-inc,"EigenQ, Inc.",Vendor,3_Supporting,,https://www.eigenq.com,"EigenQ, Inc. — primary vendor website, sourced from the vendors catalog's existing verified record.",Verified,2026-07-07,No,No,No,No,No,No,Yes,No,0,,None,none,"Backfilled 2026-07-16 from pqc_authoritative_sources_reference_07162026.csv (pqc_authoritative_sources_reference) — trust_tier=3_Supporting assigned via Vendor's existing modal precedent in this registry, NOT independently researched; skim before treating as verified. Cited by 1 active migrate row(s), 1 active vendor row(s).",url_needs_review,,,,2026-07-16,active,,
elastic-nv,Elastic NV,Vendor,3_Supporting,,https://elastic.co,"Elastic NV — primary vendor website, sourced from the vendors catalog's existing verified record.",Verified,2026-07-07,No,No,No,No,No,No,Yes,No,0,,None,none,"Backfilled 2026-07-16 from pqc_authoritative_sources_reference_07162026.csv (pqc_authoritative_sources_reference) — trust_tier=3_Supporting assigned via Vendor's existing modal precedent in this registry, NOT independently researched; skim before treating as verified. Cited by 0 active migrate row(s), 1 active vendor row(s).",url_needs_review,,,,2026-07-16,active,,
element-hq-ltd,Element HQ Ltd.,Vendor,3_Supporting,,https://element.io,"Element HQ Ltd. — primary vendor website, sourced from the vendors catalog's existing verified record.",Verified,2026-07-07,No,No,No,No,No,No,Yes,No,0,,None,none,"Backfilled 2026-07-16 from pqc_authoritative_sources_reference_07162026.csv (pqc_authoritative_sources_reference) — trust_tier=3_Supporting assigned via Vendor's existing modal precedent in this registry, NOT independently researched; skim before treating as verified. Cited by 0 active migrate row(s), 1 active vendor row(s).",url_needs_review,,,,2026-07-16,active,,
emirates-telecommunications-group-company-e,Emirates Telecommunications Group Company (e&),Vendor,3_Supporting,,https://eand.com,"Emirates Telecommunications Group Company (e&) — primary vendor website, sourced from the vendors catalog's existing verified record.",Verified,2026-07-07,No,No,No,No,No,No,Yes,No,0,,None,none,"Backfilled 2026-07-16 from pqc_authoritative_sources_reference_07162026.csv (pqc_authoritative_sources_reference) — trust_tier=3_Supporting assigned via Vendor's existing modal precedent in this registry, NOT independently researched; skim before treating as verified. Cited by 1 active migrate row(s), 1 active vendor row(s).",url_needs_review,,,,2026-07-16,active,,
emvco,EMVCo,Standards_Body,2_Core,Global,https://www.emvco.com/,EMV payment standards body; quantum-safe payment card specifications,Verified,2026-03-28,No,No,No,Yes,No,Yes,No,No,0,,None,none,,url_authoritative,,,,2026-05-06,active,,
enisa,ENISA Post-Quantum Cryptography,Government,1_Authoritative,EMEA,https://www.enisa.europa.eu/topics/cryptography,EU cybersecurity agency PQC recommendations and threat analysis,Verified,2026-02-13,Yes,Yes,No,No,Yes,Yes,No,No,9,2026-05-07,Active,library,Fixed tagging: library_csv timeline_csv compliance_csv,url_authoritative,,,,2026-05-06,active,,
enquantum-ltd,Enquantum Ltd.,Vendor,3_Supporting,,https://www.enquantum.com,"Enquantum Ltd. — primary vendor website, sourced from the vendors catalog's existing verified record.",Verified,2026-07-07,No,No,No,No,No,No,Yes,No,0,,None,none,"Backfilled 2026-07-16 from pqc_authoritative_sources_reference_07162026.csv (pqc_authoritative_sources_reference) — trust_tier=3_Supporting assigned via Vendor's existing modal precedent in this registry, NOT independently researched; skim before treating as verified. Cited by 1 active migrate row(s), 1 active vendor row(s).",url_needs_review,,,,2026-07-16,active,,
entrust,Entrust,Industry_Workgroup,3_Supporting,Global,https://www.entrust.com/,PKI and HSM vendor; PQC certificate solutions and nShield HSM PQC,Verified,2026-03-28,Yes,No,No,No,No,No,Yes,No,0,,None,none,,url_needs_review,,,,2026-05-06,active,,
epa-us,US EPA (Environmental Protection Agency),Government,1_Authoritative,Americas,https://www.epa.gov/,US Environmental Protection Agency; water-sector cybersecurity guidance,Verified,2026-07-12,No,No,No,Yes,No,No,No,No,0,,None,none,,url_authoritative,,,,2026-07-09,active,,
epc-eu,European Payments Council,Standards_Body,2_Core,EMEA,https://www.europeanpaymentscouncil.eu/,European Payments Council; SEPA payment scheme standards including crypto-agility guidance,Verified,2026-07-12,No,Yes,No,No,No,No,No,No,0,,None,none,,url_authoritative,,,,2026-07-09,active,,
era-rail,European Union Agency for Railways (ERA),Government,1_Authoritative,Europe,https://www.era.europa.eu/,EN 50159 railway communication security; PQC for rail systems,Verified,2026-03-28,No,No,No,Yes,No,No,No,No,0,,None,none,,url_authoritative,,,,2026-05-06,active,,
ericsson,Ericsson,Vendor,2_Core,Global,https://www.ericsson.com/en/security/quantum-safe-networks,Global telecom equipment vendor. Ericsson Quantum-Safe 5G roadmap targets 3GPP Rel-20/21 PQC integration. Quantum-safe networks architecture published at ericsson.com.,Verified,2026-03-28,No,No,No,No,No,No,Yes,No,0,,Pending,products,Ericsson Quantum-Safe 5G in migrate catalog. No local docs yet.,url_needs_review,,,,2026-05-06,active,,
es-moncloa,La Moncloa (Spanish Government),Government,1_Authoritative,Europe,https://www.lamoncloa.gob.es/,Official portal of the Spanish Prime Minister's office / Government of Spain -- publishes national strategy announcements including quantum technology initiatives.,Pending,2026-07-16,No,No,No,No,Yes,No,No,No,0,,None,none,"Added 2026-07-16 during timeline maintainer-process remediation (Phase 1.2). trust_tier=1_Authoritative assigned by precedent-match against this registry's existing Government-type curation (national/supranational official portal, same profile as ccn-spain/ncsc-nl/ec/ndpc-nigeria/msit-korea) -- not guessed, but flag for a human spot-check via review-trusted-sources.",url_needs_review,,,,2026-07-16,active,,
essendi-it-gmbh,essendi it GmbH,Vendor,3_Supporting,,https://www.essendi.de,"essendi it GmbH — primary vendor website, sourced from the vendors catalog's existing verified record.",Verified,2026-07-07,No,No,No,No,No,No,Yes,No,0,,None,none,"Backfilled 2026-07-16 from pqc_authoritative_sources_reference_07162026.csv (pqc_authoritative_sources_reference) — trust_tier=3_Supporting assigned via Vendor's existing modal precedent in this registry, NOT independently researched; skim before treating as verified. Cited by 1 active migrate row(s), 1 active vendor row(s).",url_needs_review,,,,2026-07-16,active,,
etas-gmbh-robert-bosch-subsidiary,ETAS GmbH (Robert Bosch subsidiary),Vendor,3_Supporting,,https://www.etas.com,"ETAS GmbH (Robert Bosch subsidiary) — primary vendor website, sourced from the vendors catalog's existing verified record.",Verified,2026-07-07,No,No,No,No,No,No,Yes,No,0,,None,none,"Backfilled 2026-07-16 from pqc_authoritative_sources_reference_07162026.csv (pqc_authoritative_sources_reference) — trust_tier=3_Supporting assigned via Vendor's existing modal precedent in this registry, NOT independently researched; skim before treating as verified. Cited by 1 active migrate row(s), 1 active vendor row(s).",url_needs_review,,,,2026-07-16,active,,
eth-foundation,Ethereum Foundation PQC,Industry_Workgroup,3_Supporting,Global,https://ethereum.org/,Ethereum Foundation post-quantum security team (Jan 2026); dedicated PQC engineering with $2M research prizes and multi-client test networks,Verified,2026-02-13,No,Yes,Yes,Yes,Yes,No,Yes,No,12,2026-05-07,Active,library,Fixed tagging: timeline_csv,url_needs_review,,,,2026-05-06,active,,
eth-zurich-crypto,ETH Zurich Cryptography Group,Academic,3_Supporting,EMEA,https://crypto.ethz.ch/,European PQC algorithm development and analysis,Verified,2025-12-15,No,Yes,Yes,No,No,No,No,No,0,,None,none,,url_authoritative,,,,2026-05-06,active,,
ethereum-foundation,Ethereum Foundation,Vendor,3_Supporting,,https://ethereum.foundation,"Ethereum Foundation — primary vendor website, sourced from the vendors catalog's existing verified record.",Verified,2026-07-07,No,No,No,No,No,No,Yes,No,0,,None,none,"Backfilled 2026-07-16 from pqc_authoritative_sources_reference_07162026.csv (pqc_authoritative_sources_reference) — trust_tier=3_Supporting assigned via Vendor's existing modal precedent in this registry, NOT independently researched; skim before treating as verified. Cited by 0 active migrate row(s), 1 active vendor row(s).",url_needs_review,,,,2026-07-16,active,,
etsi,ETSI — European Telecommunications Standards Institute,Standards_Body,1_Authoritative,Europe,https://www.etsi.org,"European standards body for telecommunications and cybersecurity, including ETSI TC CYBER PQC work.",Verified,2026-05-06,No,Yes,Yes,Yes,Yes,Yes,No,No,0,,None,none,"Added 2026-05-06: orphaned ID found in library, timeline, quantum_threats files.",url_authoritative,,,,2026-05-06,active,,
etsi-cyber,ETSI Cyber Security,Standards_Body,1_Authoritative,EMEA,https://www.etsi.org/technologies/quantum-safe-cryptography,European telecommunications standards for quantum-safe protocols,Verified,2025-12-15,No,Yes,Yes,No,No,Yes,No,No,31,2026-03-25,Active,library,Fixed tagging: library_csv,url_authoritative,,,,2026-05-06,active,,
eur-lex,EUR-Lex (EU Official Legislation Portal),Government,1_Authoritative,Europe,https://eur-lex.europa.eu/,"Official portal for European Union law -- publishes regulations, directives, and legal acts (e.g. the EU Cyber Resilience Act) in force across the EU.",Pending,2026-07-16,No,No,No,No,Yes,No,No,No,0,,None,none,"Added 2026-07-16 during timeline maintainer-process remediation (Phase 1.2). trust_tier=1_Authoritative assigned by precedent-match against this registry's existing Government-type curation (national/supranational official portal, same profile as ccn-spain/ncsc-nl/ec/ndpc-nigeria/msit-korea) -- not guessed, but flag for a human spot-check via review-trusted-sources.",url_needs_review,,,,2026-07-16,active,,
european-space-agency,European Space Agency,Vendor,3_Supporting,EMEA,https://esa.int,European intergovernmental space agency; E2EQSS post-quantum satellite security project.,Verified,2026-07-27,No,No,No,No,No,No,No,No,0,,None,none,Created 2026-07-27 alongside vendor-roadmaps registration.,url_needs_review,,,,,active,,
europol,Europol,Government,1_Authoritative,EMEA,https://www.europol.europa.eu/,EU law-enforcement agency; quantum-safe financial sector guidance (Quantum Safe Financial Forum),Verified,2026-07-12,No,No,No,No,Yes,No,No,No,0,,None,none,,url_authoritative,,,,2026-07-09,active,,
evertrust-sas,EVERTRUST SAS,Vendor,3_Supporting,,https://evertrust.io/,"EVERTRUST SAS — primary vendor website, sourced from the vendors catalog's existing verified record.",Verified,2026-07-07,No,No,No,No,No,No,Yes,No,0,,None,none,"Backfilled 2026-07-16 from pqc_authoritative_sources_reference_07162026.csv (pqc_authoritative_sources_reference) — trust_tier=3_Supporting assigned via Vendor's existing modal precedent in this registry, NOT independently researched; skim before treating as verified. Cited by 1 active migrate row(s), 1 active vendor row(s).",url_needs_review,,,,2026-07-16,active,,
eviden-sas-atos-group,Eviden SAS (Atos Group),Vendor,3_Supporting,,https://eviden.com,"Eviden SAS (Atos Group) — primary vendor website, sourced from the vendors catalog's existing verified record.",Verified,2026-07-07,No,No,No,No,No,No,Yes,No,0,,None,none,"Backfilled 2026-07-16 from pqc_authoritative_sources_reference_07162026.csv (pqc_authoritative_sources_reference) — trust_tier=3_Supporting assigned via Vendor's existing modal precedent in this registry, NOT independently researched; skim before treating as verified. Cited by 1 active migrate row(s), 1 active vendor row(s).",url_needs_review,,,,2026-07-16,active,,
evolutionq-inc,evolutionQ Inc.,Vendor,3_Supporting,,https://evolutionq.com,"evolutionQ Inc. — primary vendor website, sourced from the vendors catalog's existing verified record.",Verified,2026-07-07,No,No,No,No,No,No,Yes,No,0,,None,none,"Backfilled 2026-07-16 from pqc_authoritative_sources_reference_07162026.csv (pqc_authoritative_sources_reference) — trust_tier=3_Supporting assigned via Vendor's existing modal precedent in this registry, NOT independently researched; skim before treating as verified. Cited by 0 active migrate row(s), 1 active vendor row(s).",url_needs_review,,,,2026-07-16,active,,
exequantum,ExeQuantum,Vendor,3_Supporting,,https://exequantum.com,PQC-as-a-Service platform vendor (CipherForge); ML-KEM/ML-DSA implementations.,Verified,2026-07-27,No,No,No,No,No,No,Yes,No,0,,None,none,"Created 2026-07-27 (review-proposals pass) alongside vendor registration — vendor's own primary website, not independently third-party verified beyond the GLEIF/CNPJ check already done for the vendor row.",url_needs_review,,,,,active,,
f5-inc,"F5, Inc.",Industry_Workgroup,3_Supporting,Americas,https://www.f5.com/,"Application delivery / security platform vendor, publishes PQC cipher support for BIG-IP",Verified,2026-07-07,No,No,No,No,No,No,Yes,No,0,,None,none,"Backfilled 2026-07-16 from pqc_authoritative_sources_reference_07162026.csv (pqc_authoritative_sources_reference) — trust_tier=3_Supporting assigned via Industry_Workgroup's existing modal precedent in this registry, NOT independently researched; skim before treating as verified. Cited by 1 active migrate row(s), 0 active vendor row(s).",url_needs_review,,,,2026-07-16,active,,
f5-inc-2,F5 Inc.,Vendor,3_Supporting,,https://f5.com,"F5 Inc. — primary vendor website, sourced from the vendors catalog's existing verified record.",Verified,2026-07-07,No,No,No,No,No,No,Yes,No,0,,None,none,"Backfilled 2026-07-16 from pqc_authoritative_sources_reference_07162026.csv (pqc_authoritative_sources_reference) — trust_tier=3_Supporting assigned via Vendor's existing modal precedent in this registry, NOT independently researched; skim before treating as verified. Cited by 2 active migrate row(s), 1 active vendor row(s).",url_needs_review,,,,2026-07-16,active,,
faa-us,Federal Aviation Administration (FAA),Government,1_Authoritative,Americas,https://www.faa.gov/,US Department of Transportation agency regulating civil aviation and the National Airspace System; issued an RFI on PQC support for FAA IT and NAS/ATC systems.,Verified,2026-08-07,No,No,No,No,Yes,No,No,No,0,,None,none,Added 2026-08-07 (timeline refresh remediation): resolves a trusted_source_id gap for a Phase-2 intake timeline row.,url_authoritative,,,,2026-08-07,active,,
fastly-inc,"Fastly, Inc.",Vendor,3_Supporting,,https://www.fastly.com,"Fastly, Inc. — primary vendor website, sourced from the vendors catalog's existing verified record.",Verified,2026-07-07,No,No,No,No,No,No,Yes,No,0,,None,none,"Backfilled 2026-07-16 from pqc_authoritative_sources_reference_07162026.csv (pqc_authoritative_sources_reference) — trust_tier=3_Supporting assigned via Vendor's existing modal precedent in this registry, NOT independently researched; skim before treating as verified. Cited by 2 active migrate row(s), 1 active vendor row(s).",url_needs_review,,,,2026-07-16,active,,
fbi,Federal Bureau of Investigation,Government,2_Core,Americas,https://www.fbi.gov/,U.S. federal law enforcement; quantum threat intelligence,Verified,2026-03-28,No,No,No,Yes,No,No,No,No,0,,None,none,,url_authoritative,,,,2026-05-06,active,,
fda,U.S. Food and Drug Administration,Government,2_Core,Americas,https://www.fda.gov/,Medical device cybersecurity guidance including PQC requirements,Verified,2026-03-28,No,No,No,Yes,No,Yes,No,No,0,,None,none,,url_authoritative,,,,2026-05-06,active,,
fed-reserve,Federal Reserve Economic Research,Government,2_Core,Americas,https://www.federalreserve.gov/econres/feds/,Economic and security analysis including HNDL threats to financial systems,Verified,2025-12-15,No,No,No,No,No,No,No,No,0,,Active,threats,Fixed tagging: timeline_csv,url_authoritative,,,,2026-05-06,active,,
federal-reserve,Federal Reserve,Government,1_Authoritative,Americas,https://www.federalreserve.gov/,US central banking system; issues financial stability guidance including HNDL (Harvest Now Decrypt Later) threat analysis,Verified,2026-03-28,No,Yes,No,Yes,No,No,No,No,0,,None,none,,url_authoritative,,,,2026-05-06,active,,
fenasbac-federation-of-brazilian-banks,FENASBAC (Federation of Brazilian Banks),Vendor,3_Supporting,,https://fenasbac.com.br,"FENASBAC (Federation of Brazilian Banks) — primary vendor website, sourced from the vendors catalog's existing verified record.",Verified,2026-07-07,No,No,No,No,No,No,Yes,No,0,,None,none,"Backfilled 2026-07-16 from pqc_authoritative_sources_reference_07162026.csv (pqc_authoritative_sources_reference) — trust_tier=3_Supporting assigned via Vendor's existing modal precedent in this registry, NOT independently researched; skim before treating as verified. Cited by 1 active migrate row(s), 1 active vendor row(s).",url_needs_review,,,,2026-07-16,active,,
ferc,FERC (Federal Energy Regulatory Commission),Government,1_Authoritative,Americas,https://www.ferc.gov/,US Federal Energy Regulatory Commission; grid cybersecurity (CIP) oversight,Verified,2026-07-12,No,No,No,Yes,No,No,No,No,0,,None,none,"url responds 403 (bot-blocked, site live)",url_authoritative,,,,2026-07-09,active,,
fido-alliance,FIDO Alliance,Standards_Body,2_Core,Global,https://fidoalliance.org/,Fast Identity Online standards; PQC roadmap for FIDO2/WebAuthn,Verified,2026-03-28,No,No,No,No,No,Yes,No,No,0,,None,none,,url_authoritative,,,,2026-05-06,active,,
finma-swiss-financial-market-s,FINMA — Swiss Financial Market Supervisory Authority (Quantum Computing Guidance),Government,2_Core,EMEA,https://www.finma.ch/en/news/2026/07/20260709-mm-am-05-26/,"FINMA Guidance 05/2026 (2026-07-09) on quantum computing risk, based on a survey of 60 Swiss financial institutions",Verified,2026-07-28,,,,,,,,No,,,,,"Confirmed live via WebFetch: recommends every institution build a PQC migration roadmap and cryptographic inventory, and develop crypto-agility.",url_needs_review,,,,,active,,
fips-repo,FIPS Standards Repository,Government,1_Authoritative,Americas,https://csrc.nist.gov/publications/fips,Official FIPS 203/204/205/206 standards documentation,Verified,2025-12-15,No,Yes,Yes,No,No,Yes,No,No,0,,Active,library,Fixed tagging: library_csv compliance_csv,url_authoritative,,,,2026-05-06,active,,
fireblocks,Fireblocks,Vendor,2_Core,Global,https://www.fireblocks.com/,Digital-asset custody and tokenization platform; publishes quantum-readiness guidance for institutional crypto operations,Verified,2026-07-12,No,Yes,No,No,No,No,No,No,0,,None,none,,url_needs_review,,,,2026-07-09,active,,
fireblocks-inc,Fireblocks Inc.,Vendor,3_Supporting,,https://fireblocks.com,"Fireblocks Inc. — primary vendor website, sourced from the vendors catalog's existing verified record.",Verified,2026-07-07,No,No,No,No,No,No,Yes,No,0,,None,none,"Backfilled 2026-07-16 from pqc_authoritative_sources_reference_07162026.csv (pqc_authoritative_sources_reference) — trust_tier=3_Supporting assigned via Vendor's existing modal precedent in this registry, NOT independently researched; skim before treating as verified. Cited by 0 active migrate row(s), 1 active vendor row(s).",url_needs_review,,,,2026-07-16,active,,
fis,FIS,Vendor,3_Supporting,,https://www.fisglobal.com,"FIS — primary vendor website, sourced from the vendors catalog's existing verified record.",Verified,2026-07-07,No,No,No,No,No,No,Yes,No,0,,None,none,"Backfilled 2026-07-16 from pqc_authoritative_sources_reference_07162026.csv (pqc_authoritative_sources_reference) — trust_tier=3_Supporting assigned via Vendor's existing modal precedent in this registry, NOT independently researched; skim before treating as verified. Cited by 1 active migrate row(s), 1 active vendor row(s).",url_needs_review,,,,2026-07-16,active,,
forcepoint,Forcepoint,Vendor,3_Supporting,,https://www.forcepoint.com,"Forcepoint — primary vendor website, sourced from the vendors catalog's existing verified record.",Verified,2026-07-07,No,No,No,No,No,No,Yes,No,0,,None,none,"Backfilled 2026-07-16 from pqc_authoritative_sources_reference_07162026.csv (pqc_authoritative_sources_reference) — trust_tier=3_Supporting assigned via Vendor's existing modal precedent in this registry, NOT independently researched; skim before treating as verified. Cited by 1 active migrate row(s), 1 active vendor row(s).",url_needs_review,,,,2026-07-16,active,,
forescout,Forescout Technologies,Industry_Analyst,3_Supporting,Americas,https://www.forescout.com/,Cybersecurity company; publishes device risk research including cryptographic exposure analysis in IoT and OT environments,Verified,2026-03-28,No,No,No,Yes,No,No,No,No,0,,None,none,,url_needs_review,,,,2026-05-06,active,,
forrester,Forrester Research,Industry_Analyst,4_Contextual,Americas,https://www.forrester.com,"Technology analyst firm with PQC enterprise adoption research, vendor evaluations, and security investment guidance.",Verified,2026-05-06,No,Yes,No,No,No,No,No,No,0,,None,none,Added 2026-05-06: orphaned ID found in library.,url_needs_review,,,,2026-05-06,active,,
fortanix-inc,Fortanix Inc.,Vendor,3_Supporting,,https://fortanix.com,"Fortanix Inc. — primary vendor website, sourced from the vendors catalog's existing verified record.",Verified,2026-07-07,No,No,No,No,No,No,Yes,No,0,,None,none,"Backfilled 2026-07-16 from pqc_authoritative_sources_reference_07162026.csv (pqc_authoritative_sources_reference) — trust_tier=3_Supporting assigned via Vendor's existing modal precedent in this registry, NOT independently researched; skim before treating as verified. Cited by 1 active migrate row(s), 1 active vendor row(s).",url_needs_review,,,,2026-07-16,active,,
fortifyiq-inc,"FortifyIQ, Inc.",Vendor,3_Supporting,,https://fortifyiq.com,"FortifyIQ, Inc. — primary vendor website, sourced from the vendors catalog's existing verified record.",Verified,2026-07-07,No,No,No,No,No,No,Yes,No,0,,None,none,"Backfilled 2026-07-16 from pqc_authoritative_sources_reference_07162026.csv (pqc_authoritative_sources_reference) — trust_tier=3_Supporting assigned via Vendor's existing modal precedent in this registry, NOT independently researched; skim before treating as verified. Cited by 2 active migrate row(s), 1 active vendor row(s).",url_needs_review,,,,2026-07-16,active,,
fortinet,Fortinet,Industry_Workgroup,3_Supporting,Global,https://www.fortinet.com/,FortiGate next-gen firewall; PQC-ready VPN and network security products,Verified,2026-03-28,No,No,No,No,No,No,Yes,No,0,,None,none,,url_needs_review,,,,2026-05-06,active,,
forward-edge-ai-inc,Forward Edge-AI Inc.,Vendor,3_Supporting,,https://forwardedge-ai.com,"Forward Edge-AI Inc. — primary vendor website, sourced from the vendors catalog's existing verified record.",Verified,2026-07-07,No,No,No,No,No,No,Yes,No,0,,None,none,"Backfilled 2026-07-16 from pqc_authoritative_sources_reference_07162026.csv (pqc_authoritative_sources_reference) — trust_tier=3_Supporting assigned via Vendor's existing modal precedent in this registry, NOT independently researched; skim before treating as verified. Cited by 0 active migrate row(s), 1 active vendor row(s).",url_needs_review,,,,2026-07-16,active,,
forward-networks-inc,"Forward Networks, Inc.",Vendor,3_Supporting,,https://www.forwardnetworks.com,"Forward Networks, Inc. — primary vendor website, sourced from the vendors catalog's existing verified record.",Verified,2026-07-07,No,No,No,No,No,No,Yes,No,0,,None,none,"Backfilled 2026-07-16 from pqc_authoritative_sources_reference_07162026.csv (pqc_authoritative_sources_reference) — trust_tier=3_Supporting assigned via Vendor's existing modal precedent in this registry, NOT independently researched; skim before treating as verified. Cited by 1 active migrate row(s), 1 active vendor row(s).",url_needs_review,,,,2026-07-16,active,,
fpki,Federal PKI Policy Authority,Government,1_Authoritative,Americas,https://www.idmanagement.gov/fpki/,US Federal PKI Policy Authority; policies for federal trust infrastructure,Verified,2026-07-12,No,No,No,Yes,No,No,No,No,0,,None,none,,url_authoritative,,,,2026-07-09,active,,
fra-us,FRA (Federal Railroad Administration),Government,1_Authoritative,Americas,https://railroads.dot.gov/,US Federal Railroad Administration; rail cybersecurity requirements,Verified,2026-07-12,No,No,No,Yes,No,No,No,No,0,,None,none,"url responds 403 (bot-blocked, site live)",url_authoritative,,,,2026-07-09,active,,
fraunhofer-aisec-post-quantum,Fraunhofer AISEC — Post-Quantum Cryptography Competence Center,Academic,2_Core,EMEA,https://www.aisec.fraunhofer.de/en/spotlights/Competence-Center-PQC.html,Fraunhofer AISEC applied-research institute; dedicated PQC migration/crypto-agility competence center,Verified,2026-07-28,,,,,,,,No,,,,,"Confirmed live via WebFetch: vendor-neutral PQC migration consulting, crypto-agility design, pqdb database, active research projects (PARFAIT, AMiQuaSy).",url_needs_review,,,,,active,,
fraunhofer-institute-for-secure-information-technology-dyber-project,Fraunhofer Institute for Secure Information Technology (Dyber Project),Vendor,3_Supporting,,https://www.sit.fraunhofer.de,"Fraunhofer Institute for Secure Information Technology (Dyber Project) — primary vendor website, sourced from the vendors catalog's existing verified record.",Verified,2026-07-07,No,No,No,No,No,No,Yes,No,0,,None,none,"Backfilled 2026-07-16 from pqc_authoritative_sources_reference_07162026.csv (pqc_authoritative_sources_reference) — trust_tier=3_Supporting assigned via Vendor's existing modal precedent in this registry, NOT independently researched; skim before treating as verified. Cited by 1 active migrate row(s), 1 active vendor row(s).",url_needs_review,,,,2026-07-16,active,,
freebsd-foundation,FreeBSD Foundation,Vendor,3_Supporting,,https://freebsdfoundation.org,"FreeBSD Foundation — primary vendor website, sourced from the vendors catalog's existing verified record.",Verified,2026-07-07,No,No,No,No,No,No,Yes,No,0,,None,none,"Backfilled 2026-07-16 from pqc_authoritative_sources_reference_07162026.csv (pqc_authoritative_sources_reference) — trust_tier=3_Supporting assigned via Vendor's existing modal precedent in this registry, NOT independently researched; skim before treating as verified. Cited by 0 active migrate row(s), 1 active vendor row(s).",url_needs_review,,,,2026-07-16,active,,
fs-isac,FS-ISAC Financial Services,Industry_Workgroup,2_Core,Global,https://www.fs-isac.com/,Financial sector threat intelligence and PQC migration guidance,Verified,2025-12-15,No,Yes,No,Yes,No,Yes,No,No,2,2026-01-01,Active,threats,Fixed tagging: threats_csv,url_needs_review,,,,2026-05-06,active,,
fs-isac-financial-services-fsi,FS-ISAC Financial Services (fsisac.com),Industry_Workgroup,2_Core,Global,https://www.fsisac.com/,Financial-services ISAC running a PQC Working Group; published payment-card-industry quantum guidance,Verified,2026-07-28,,,,,,,,No,,,,,"Confirmed live (200) and matches org branding via WebFetch. Existing registry row 'fs-isac' points to https://www.fs-isac.com/ (hyphenated), which does not resolve (DNS failure, confirmed via curl) -- this is the correct live FS-ISAC domain.",url_needs_review,,,,,active,,
ftc,Federal Trade Commission,Government,2_Core,Americas,https://www.ftc.gov/,U.S. consumer protection; data security enforcement,Verified,2026-03-28,No,No,No,No,No,Yes,No,No,0,,None,none,,url_authoritative,,,,2026-05-06,active,,
fujitsu-limited,Fujitsu Limited,Vendor,3_Supporting,,https://www.fujitsu.com,"Fujitsu Limited — primary vendor website, sourced from the vendors catalog's existing verified record.",Verified,2026-07-07,No,No,No,No,No,No,Yes,No,0,,None,none,"Backfilled 2026-07-16 from pqc_authoritative_sources_reference_07162026.csv (pqc_authoritative_sources_reference) — trust_tier=3_Supporting assigned via Vendor's existing modal precedent in this registry, NOT independently researched; skim before treating as verified. Cited by 1 active migrate row(s), 1 active vendor row(s).",url_needs_review,,,,2026-07-16,active,,
fusionauth-inc,FusionAuth Inc.,Vendor,3_Supporting,,https://fusionauth.io,"FusionAuth Inc. — primary vendor website, sourced from the vendors catalog's existing verified record.",Verified,2026-07-07,No,No,No,No,No,No,Yes,No,0,,None,none,"Backfilled 2026-07-16 from pqc_authoritative_sources_reference_07162026.csv (pqc_authoritative_sources_reference) — trust_tier=3_Supporting assigned via Vendor's existing modal precedent in this registry, NOT independently researched; skim before treating as verified. Cited by 0 active migrate row(s), 1 active vendor row(s).",url_needs_review,,,,2026-07-16,active,,
futurex-lp,Futurex LP,Vendor,3_Supporting,,https://futurex.com,"Futurex LP — primary vendor website, sourced from the vendors catalog's existing verified record.",Verified,2026-07-07,No,No,No,No,No,No,Yes,No,0,,None,none,"Backfilled 2026-07-16 from pqc_authoritative_sources_reference_07162026.csv (pqc_authoritative_sources_reference) — trust_tier=3_Supporting assigned via Vendor's existing modal precedent in this registry, NOT independently researched; skim before treating as verified. Cited by 1 active migrate row(s), 1 active vendor row(s).",url_needs_review,,,,2026-07-16,active,,
g7-ceg,G7 Cyber Expert Group,Government,2_Core,Global,https://home.treasury.gov/news/press-releases/sb0355,G7 CEG statement on coordinated PQC roadmap for financial sector (Jan 2026); 2035 migration target; chaired by U.S. Treasury and Bank of England,Verified,2026-02-13,No,Yes,No,Yes,Yes,Yes,No,No,4,2026-05-07,Active,threats,Fixed tagging: compliance_csv,url_authoritative,,,,2026-05-06,active,,
galileo-technologies-inc,Galileo Technologies Inc.,Vendor,3_Supporting,,https://rungalileo.io,"Galileo Technologies Inc. — primary vendor website, sourced from the vendors catalog's existing verified record.",Verified,2026-07-07,No,No,No,No,No,No,Yes,No,0,,None,none,"Backfilled 2026-07-16 from pqc_authoritative_sources_reference_07162026.csv (pqc_authoritative_sources_reference) — trust_tier=3_Supporting assigned via Vendor's existing modal precedent in this registry, NOT independently researched; skim before treating as verified. Cited by 1 active migrate row(s), 1 active vendor row(s).",url_needs_review,,,,2026-07-16,active,,
garantir-inc,Garantir Inc.,Vendor,3_Supporting,,https://garantir.io,"Garantir Inc. — primary vendor website, sourced from the vendors catalog's existing verified record.",Verified,2026-07-07,No,No,No,No,No,No,Yes,No,0,,None,none,"Backfilled 2026-07-16 from pqc_authoritative_sources_reference_07162026.csv (pqc_authoritative_sources_reference) — trust_tier=3_Supporting assigned via Vendor's existing modal precedent in this registry, NOT independently researched; skim before treating as verified. Cited by 0 active migrate row(s), 1 active vendor row(s).",url_needs_review,,,,2026-07-16,active,,
gartner,Gartner,Industry_Analyst,3_Supporting,Global,https://www.gartner.com/en/information-technology/insights/quantum-computing,Global IT research and advisory firm; Hype Cycle and strategic guidance on PQC adoption,Verified,2026-05-10,No,Yes,No,No,No,No,No,No,1,2026-05-10,Active,library,Added 2026-05-10: restored library records require valid trust path,url_needs_review,Gartner,Industry_Analyst,gartner.com,2026-05-10,active,,
general-dynamics-mission-systems,General Dynamics Mission Systems,Vendor,3_Supporting,,https://gdmissionsystems.com,"General Dynamics Mission Systems — primary vendor website, sourced from the vendors catalog's existing verified record.",Verified,2026-07-07,No,No,No,No,No,No,Yes,No,0,,None,none,"Backfilled 2026-07-16 from pqc_authoritative_sources_reference_07162026.csv (pqc_authoritative_sources_reference) — trust_tier=3_Supporting assigned via Vendor's existing modal precedent in this registry, NOT independently researched; skim before treating as verified. Cited by 1 active migrate row(s), 1 active vendor row(s).",url_needs_review,,,,2026-07-16,active,,
geneva-association,The Geneva Association,Industry_Analyst,3_Supporting,Global,https://www.genevaassociation.org/,Global insurance industry think tank; publishes systemic cyber risk research including quantum threat analysis for the insurance sector,Verified,2026-03-28,No,Yes,No,Yes,No,No,No,No,0,,None,none,,url_needs_review,,,,2026-05-06,active,,
genua-gmbh-bundesdruckerei-group,Genua GmbH (Bundesdruckerei Group),Vendor,3_Supporting,,https://www.genua.de,"Genua GmbH (Bundesdruckerei Group) — primary vendor website, sourced from the vendors catalog's existing verified record.",Verified,2026-07-07,No,No,No,No,No,No,Yes,No,0,,None,none,"Backfilled 2026-07-16 from pqc_authoritative_sources_reference_07162026.csv (pqc_authoritative_sources_reference) — trust_tier=3_Supporting assigned via Vendor's existing modal precedent in this registry, NOT independently researched; skim before treating as verified. Cited by 1 active migrate row(s), 1 active vendor row(s).",url_needs_review,,,,2026-07-16,active,,
geomys,Geomys LLC,Vendor,3_Supporting,Americas,https://geomys.org,For-profit US LLC maintaining Go's open-source cryptography packages; CMVP certificate holder for the Go Cryptographic Module,Verified,2026-07-14,No,No,No,No,No,No,Yes,No,0,,None,none,"Backfilled 2026-07-16 from pqc_authoritative_sources_reference_07162026.csv (pqc_authoritative_sources_reference) — trust_tier=3_Supporting assigned via Vendor's existing modal precedent in this registry, NOT independently researched; skim before treating as verified. Cited by 0 active migrate row(s), 1 active vendor row(s).",url_needs_review,,,,2026-07-16,active,,
gfma,GFMA (Global Financial Markets Association),Industry_Workgroup,2_Core,Global,https://www.gfma.org/,"Global industry association of financial markets participants (parent body of SIFMA, AFME and ASIFMA). Publishes cross-market post-quantum migration guidance; its Quantum Migration report maps NIST, FCA, WEF, CMORG and QSFF activity. Tiered 2_Core to match FS-ISAC and Cloud Security Alliance, the closest analogues already in this registry.",verified,2026-07-30,,,,,,,,No,,,,,,url_needs_review,,,,,,,
ghana-cyber-security-authority,Ghana Cyber Security Authority (CSA),Government,3_Supporting,EMEA,https://www.csa.gov.gh/,"Ghana's national cybersecurity regulator, established under the Cybersecurity Act 2020",Verified,2026-07-28,,,,,,,,No,,,,,"Confirmed live via WebFetch. General-purpose national authority, no PQC-specific publication independently verified.",url_authoritative,,,,,active,,
giesecke-devrient-gmbh,Giesecke+Devrient GmbH,Vendor,3_Supporting,,https://gi-de.com,"Giesecke+Devrient GmbH — primary vendor website, sourced from the vendors catalog's existing verified record.",Verified,2026-07-07,No,No,No,No,No,No,Yes,No,0,,None,none,"Backfilled 2026-07-16 from pqc_authoritative_sources_reference_07162026.csv (pqc_authoritative_sources_reference) — trust_tier=3_Supporting assigned via Vendor's existing modal precedent in this registry, NOT independently researched; skim before treating as verified. Cited by 1 active migrate row(s), 1 active vendor row(s).",url_needs_review,,,,2026-07-16,active,,
gigamon-inc,Gigamon Inc.,Vendor,3_Supporting,,https://gigamon.com,US network visibility and observability platform vendor; FIPS 140-3 validated crypto module.,Verified,2026-07-27,No,No,No,No,No,No,Yes,No,0,,None,none,"Created 2026-07-27 (review-proposals pass) alongside vendor registration — vendor's own primary website, not independently third-party verified beyond the GLEIF/CNPJ check already done for the vendor row.",url_needs_review,,,,,active,,
gip-acyma,GIP ACYMA,Government,2_Core,EMEA,https://www.cybermalveillance.gouv.fr/,French national cyber awareness platform (Groupement Intérêt Public); coordinated by ANSSI; Dr. Jérôme Notin is executive director,Verified,2026-03-28,Yes,No,No,No,No,No,No,No,0,,None,none,,url_authoritative,,,,2026-05-06,active,,
github,GitHub,Open_Source_Project,4_Contextual,Global,https://github.com,"Open-source code hosting platform; home to key PQC libraries including PQClean, liboqs forks, and IETF reference implementations",Verified,2026-03-31,No,Yes,No,No,No,No,No,No,0,,None,none,,url_needs_review,,,,2026-05-06,active,,
github-inc-microsoft,GitHub Inc. (Microsoft),Industry_Workgroup,3_Supporting,,https://github.com,"GitHub Inc. (Microsoft) — primary vendor website, sourced from the vendors catalog's existing verified record.",Verified,2026-07-07,No,No,No,No,No,No,Yes,No,0,,None,none,"Backfilled 2026-07-16 from pqc_authoritative_sources_reference_07162026.csv (pqc_authoritative_sources_reference) — trust_tier=3_Supporting assigned via Industry_Workgroup's existing modal precedent in this registry, NOT independently researched; skim before treating as verified. Cited by 1 active migrate row(s), 0 active vendor row(s).",url_needs_review,,,,2026-07-16,active,,
gitlab-inc,GitLab Inc.,Vendor,3_Supporting,,https://gitlab.com,"GitLab Inc. — primary vendor website, sourced from the vendors catalog's existing verified record.",Verified,2026-07-07,No,No,No,No,No,No,Yes,No,0,,None,none,"Backfilled 2026-07-16 from pqc_authoritative_sources_reference_07162026.csv (pqc_authoritative_sources_reference) — trust_tier=3_Supporting assigned via Vendor's existing modal precedent in this registry, NOT independently researched; skim before treating as verified. Cited by 0 active migrate row(s), 1 active vendor row(s).",url_needs_review,,,,2026-07-16,active,,
globalfoundries-u-s-inc,GlobalFoundries U.S. Inc.,Vendor,3_Supporting,,https://gf.com,US semiconductor foundry; PQC/quantum-computing IP partnership with SEALSQ.,Verified,2026-07-27,No,No,No,No,No,No,No,No,0,,None,none,Created 2026-07-27 alongside vendor-roadmaps registration.,url_needs_review,,,,,active,,
globalsign-ltd,GlobalSign Ltd.,Vendor,3_Supporting,,https://globalsign.com,"GlobalSign Ltd. — primary vendor website, sourced from the vendors catalog's existing verified record.",Verified,2026-07-07,No,No,No,No,No,No,Yes,No,0,,None,none,"Backfilled 2026-07-16 from pqc_authoritative_sources_reference_07162026.csv (pqc_authoritative_sources_reference) — trust_tier=3_Supporting assigned via Vendor's existing modal precedent in this registry, NOT independently researched; skim before treating as verified. Cited by 0 active migrate row(s), 1 active vendor row(s).",url_needs_review,,,,2026-07-16,active,,
gmu-crypto,George Mason University Crypto,Academic,4_Contextual,Americas,https://csis.gmu.edu/,Hardware implementation and security analysis of PQC candidates,Verified,2026-02-13,No,No,Yes,No,No,No,No,No,0,,None,none,,url_authoritative,,,,2026-05-06,active,,
gnupg-project,GnuPG Project,Vendor,3_Supporting,,https://gnupg.org,"GnuPG Project — primary vendor website, sourced from the vendors catalog's existing verified record.",Verified,2026-07-07,No,No,No,No,No,No,Yes,No,0,,None,none,"Backfilled 2026-07-16 from pqc_authoritative_sources_reference_07162026.csv (pqc_authoritative_sources_reference) — trust_tier=3_Supporting assigned via Vendor's existing modal precedent in this registry, NOT independently researched; skim before treating as verified. Cited by 1 active migrate row(s), 1 active vendor row(s).",url_needs_review,,,,2026-07-16,active,,
gnutls-project,GnuTLS Project,Vendor,3_Supporting,,https://gnutls.org,"GnuTLS Project — primary vendor website, sourced from the vendors catalog's existing verified record.",Verified,2026-07-07,No,No,No,No,No,No,Yes,No,0,,None,none,"Backfilled 2026-07-16 from pqc_authoritative_sources_reference_07162026.csv (pqc_authoritative_sources_reference) — trust_tier=3_Supporting assigned via Vendor's existing modal precedent in this registry, NOT independently researched; skim before treating as verified. Cited by 0 active migrate row(s), 1 active vendor row(s).",url_needs_review,,,,2026-07-16,active,,
google,Google,Industry_Workgroup,2_Core,Global,https://cloud.google.com/security/encryption-in-transit,Chrome ML-KEM deployment; Cloud KMS PQC; Android PQC; Tink crypto library,Verified,2026-03-28,Yes,No,Yes,No,Yes,No,Yes,No,0,,None,none,,url_needs_review,,,,2026-05-06,active,,
google-patents,Google Patents,Vendor,3_Supporting,Global,https://patents.google.com/,"Aggregator/index the PQC patent harvester actually queries (harvest_google_patents.py drives its internal XHR query API with CPC-anchored searches). NOT the issuing authority — it indexes USPTO/EPO/WIPO records. Retrieval path, not the record of grant.",Verified,2026-08-07,No,No,No,No,No,No,No,Yes,,,,,Retrieval path only — harvest_google_patents.py queries its XHR API. Indexes USPTO/EPO/WIPO records; never the record of grant itself.,url_needs_review,,,,2026-08-07,active,,
google-quantum-ai,Google Quantum AI,Industry_Analyst,2_Core,Americas,https://quantumai.google,"Google's quantum computing research division. Relevant for quantum advantage benchmarks, timeline projections, and PQC implementation research.",Verified,2026-05-06,No,Yes,No,No,No,No,No,No,0,,None,none,Added 2026-05-06: orphaned ID found in library.,url_needs_review,,,,2026-05-06,active,,
gopher-security,Gopher Security,Vendor,4_Contextual,Americas,https://www.gopher.security/,Post-quantum security vendor; writing on PQC agility in AI/MCP transport layers,Verified,2026-07-27,No,Yes,No,No,No,No,No,No,0,,None,none,"Merged 2026-07-28: a duplicate row (VND vendor-roadmaps registration, tier 3_Supporting, url without www) was created for the same real vendor on 2026-07-27 -- register_vendor.py's slug-collision check only looked at vendors.csv, not trusted_sources.csv itself, so it missed this already-existing row. Kept this one (has library_csv=Yes, real linkage); duplicate removed.",url_needs_review,,,,2026-07-09,active,,
government-of-chile,Government of Chile,Vendor,3_Supporting,,https://www.gob.cl,"Government of Chile — primary vendor website, sourced from the vendors catalog's existing verified record.",Verified,2026-07-07,No,No,No,No,No,No,Yes,No,0,,None,none,"Backfilled 2026-07-16 from pqc_authoritative_sources_reference_07162026.csv (pqc_authoritative_sources_reference) — trust_tier=3_Supporting assigned via Vendor's existing modal precedent in this registry, NOT independently researched; skim before treating as verified. Cited by 0 active migrate row(s), 1 active vendor row(s).",url_needs_review,,,,2026-07-16,active,,
government-of-spain,Government of Spain,Vendor,3_Supporting,,https://www.lamoncloa.gob.es,"Government of Spain — primary vendor website, sourced from the vendors catalog's existing verified record.",Verified,2026-07-07,No,No,No,No,No,No,Yes,No,0,,None,none,"Backfilled 2026-07-16 from pqc_authoritative_sources_reference_07162026.csv (pqc_authoritative_sources_reference) — trust_tier=3_Supporting assigned via Vendor's existing modal precedent in this registry, NOT independently researched; skim before treating as verified. Cited by 0 active migrate row(s), 1 active vendor row(s).",url_needs_review,,,,2026-07-16,active,,
gravitational-inc,Gravitational Inc.,Vendor,3_Supporting,,https://goteleport.com,"Gravitational Inc. — primary vendor website, sourced from the vendors catalog's existing verified record.",Verified,2026-07-07,No,No,No,No,No,No,Yes,No,0,,None,none,"Backfilled 2026-07-16 from pqc_authoritative_sources_reference_07162026.csv (pqc_authoritative_sources_reference) — trust_tier=3_Supporting assigned via Vendor's existing modal precedent in this registry, NOT independently researched; skim before treating as verified. Cited by 0 active migrate row(s), 1 active vendor row(s).",url_needs_review,,,,2026-07-16,active,,
gri,Global Risk Institute,Academic,3_Supporting,Global,https://globalriskinstitute.org/,Global Risk Institute Quantum Threat Timeline; annual CRQC probability assessment,Verified,2026-03-28,No,No,No,Yes,No,No,No,No,0,,None,none,,url_authoritative,,,,2026-05-06,active,,
gs1,GS1 (Global Standards One),Standards_Body,2_Core,Global,https://www.gs1.org/,"GS1 Global Standards for retail, supply chain, and healthcare barcoding",Verified,2026-03-28,No,No,No,Yes,No,No,No,No,0,,None,none,,url_authoritative,,,,2026-05-06,active,,
gsa-us,GSA Federal Acquisition Service,Government,1_Authoritative,Americas,https://www.gsa.gov/,US General Services Administration; federal acquisition vehicles including quantum-safe procurement,Verified,2026-07-12,No,Yes,No,No,No,No,No,No,0,,None,none,,url_authoritative,,,,2026-07-09,active,,
gsma,GSMA,Standards_Body,2_Core,Global,https://www.gsma.com/,GSM Association; Post-Quantum Telco Network Taskforce and eSIM PQC specification,Verified,2026-03-28,No,No,No,Yes,No,Yes,No,No,0,,None,none,,url_authoritative,,,,2026-05-06,active,,
hamad-bin-khalifa-university-hbku,Hamad Bin Khalifa University (HBKU),Vendor,3_Supporting,,https://www.hbku.edu.qa,"Hamad Bin Khalifa University (HBKU) — primary vendor website, sourced from the vendors catalog's existing verified record.",Verified,2026-07-07,No,No,No,No,No,No,Yes,No,0,,None,none,"Backfilled 2026-07-16 from pqc_authoritative_sources_reference_07162026.csv (pqc_authoritative_sources_reference) — trust_tier=3_Supporting assigned via Vendor's existing modal precedent in this registry, NOT independently researched; skim before treating as verified. Cited by 1 active migrate row(s), 1 active vendor row(s).",url_needs_review,,,,2026-07-16,active,,
haproxy-technologies,HAProxy Technologies,Vendor,3_Supporting,,https://haproxy.org,"HAProxy Technologies — primary vendor website, sourced from the vendors catalog's existing verified record.",Verified,2026-07-07,No,No,No,No,No,No,Yes,No,0,,None,none,"Backfilled 2026-07-16 from pqc_authoritative_sources_reference_07162026.csv (pqc_authoritative_sources_reference) — trust_tier=3_Supporting assigned via Vendor's existing modal precedent in this registry, NOT independently researched; skim before treating as verified. Cited by 0 active migrate row(s), 1 active vendor row(s).",url_needs_review,,,,2026-07-16,active,,
hashicorp-inc,HashiCorp Inc.,Vendor,3_Supporting,,https://hashicorp.com,"HashiCorp Inc. — primary vendor website, sourced from the vendors catalog's existing verified record.",Verified,2026-07-07,No,No,No,No,No,No,Yes,No,0,,None,none,"Backfilled 2026-07-16 from pqc_authoritative_sources_reference_07162026.csv (pqc_authoritative_sources_reference) — trust_tier=3_Supporting assigned via Vendor's existing modal precedent in this registry, NOT independently researched; skim before treating as verified. Cited by 0 active migrate row(s), 1 active vendor row(s).",url_needs_review,,,,2026-07-16,active,,
health-sector-coordinating-cou,Health Sector Coordinating Council (HSCC) Cybersecurity Working Group,Industry_Workgroup,2_Core,Americas,https://healthsectorcouncil.org/wp-content/uploads/2026/04/HSCC-Cyber-Working-Group-Q1-2026-Progress-Report.pdf,Healthcare-sector industry coordinating body (400+ member orgs); Q1 2026 progress report on cryptographic-asset-inventory framework and PQC migration roadmap,Verified,2026-07-28,,,,,,,,No,,,,,Confirmed live via WebFetch. Distinct Industry_Workgroup entity from the companion HHS-run Government program at 405d.hhs.gov (added separately below).,url_needs_review,,,,,active,,
hewlett-packard-enterprise,Hewlett Packard Enterprise,Vendor,3_Supporting,,https://www.hpe.com,"Hewlett Packard Enterprise — primary vendor website, sourced from the vendors catalog's existing verified record.",Verified,2026-07-07,No,No,No,No,No,No,Yes,No,0,,None,none,"Backfilled 2026-07-16 from pqc_authoritative_sources_reference_07162026.csv (pqc_authoritative_sources_reference) — trust_tier=3_Supporting assigned via Vendor's existing modal precedent in this registry, NOT independently researched; skim before treating as verified. Cited by 2 active migrate row(s), 1 active vendor row(s).",url_needs_review,,,,2026-07-16,active,,
hex-trust-ltd,Hex Trust Ltd.,Vendor,3_Supporting,,https://hextrust.com,"Hex Trust Ltd. — primary vendor website, sourced from the vendors catalog's existing verified record.",Verified,2026-07-07,No,No,No,No,No,No,Yes,No,0,,None,none,"Backfilled 2026-07-16 from pqc_authoritative_sources_reference_07162026.csv (pqc_authoritative_sources_reference) — trust_tier=3_Supporting assigned via Vendor's existing modal precedent in this registry, NOT independently researched; skim before treating as verified. Cited by 1 active migrate row(s), 1 active vendor row(s).",url_needs_review,,,,2026-07-16,active,,
hhs,U.S. Dept of Health and Human Services (OCR),Government,1_Authoritative,North_America,https://www.hhs.gov/hipaa,HIPAA Security Rule enforcement; ePHI cryptographic controls,Verified,2026-03-28,No,No,No,Yes,No,Yes,No,No,0,,None,none,,url_authoritative,,,,2026-05-06,active,,
hhs-ocr,HHS / OCR,Vendor,3_Supporting,,https://www.hhs.gov/hipaa,"HHS / OCR — primary vendor website, sourced from the vendors catalog's existing verified record.",Verified,2026-07-07,No,No,No,No,No,No,Yes,No,0,,None,none,"Backfilled 2026-07-16 from pqc_authoritative_sources_reference_07162026.csv (pqc_authoritative_sources_reference) — trust_tier=3_Supporting assigned via Vendor's existing modal precedent in this registry, NOT independently researched; skim before treating as verified. Cited by 0 active migrate row(s), 1 active vendor row(s).",url_needs_review,,,,2026-07-16,active,,
hid-global-corporation,HID Global Corporation,Vendor,3_Supporting,,https://www.hidglobal.com,"HID Global Corporation — primary vendor website, sourced from the vendors catalog's existing verified record.",Verified,2026-07-07,No,No,No,No,No,No,Yes,No,0,,None,none,"Backfilled 2026-07-16 from pqc_authoritative_sources_reference_07162026.csv (pqc_authoritative_sources_reference) — trust_tier=3_Supporting assigned via Vendor's existing modal precedent in this registry, NOT independently researched; skim before treating as verified. Cited by 1 active migrate row(s), 1 active vendor row(s).",url_needs_review,,,,2026-07-16,active,,
hiddenlayer-inc,HiddenLayer Inc.,Vendor,3_Supporting,,https://hiddenlayer.ai,"HiddenLayer Inc. — primary vendor website, sourced from the vendors catalog's existing verified record.",Verified,2026-07-07,No,No,No,No,No,No,Yes,No,0,,None,none,"Backfilled 2026-07-16 from pqc_authoritative_sources_reference_07162026.csv (pqc_authoritative_sources_reference) — trust_tier=3_Supporting assigned via Vendor's existing modal precedent in this registry, NOT independently researched; skim before treating as verified. Cited by 0 active migrate row(s), 1 active vendor row(s).",url_needs_review,,,,2026-07-16,active,,
higher-ground-llc,Higher Ground LLC,Vendor,3_Supporting,,https://highergroundcomms.com,US secure communications vendor (CipherLinq); FIPS 140-3 validated crypto module.,Verified,2026-07-27,No,No,No,No,No,No,Yes,No,0,,None,none,"Created 2026-07-27 (review-proposals pass) alongside vendor registration — vendor's own primary website, not independently third-party verified beyond the GLEIF/CNPJ check already done for the vendor row.",url_needs_review,,,,,active,,
hikvision,"Hangzhou Hikvision Digital Technology Co., Ltd.",Vendor,3_Supporting,APAC,https://www.hikvision.com/en/,Chinese video surveillance vendor; ACVP-validated Hikvision FIPS Provider,Verified,2026-07-14,No,No,No,No,No,No,Yes,No,0,,None,none,"Backfilled 2026-07-16 from pqc_authoritative_sources_reference_07162026.csv (pqc_authoritative_sources_reference) — trust_tier=3_Supporting assigned via Vendor's existing modal precedent in this registry, NOT independently researched; skim before treating as verified. Cited by 0 active migrate row(s), 1 active vendor row(s).",url_needs_review,,,,2026-07-16,active,,
hitachi-ltd,Hitachi Ltd.,Vendor,3_Supporting,,https://www.hitachi.com/,"Hitachi Ltd. — primary vendor website, sourced from the vendors catalog's existing verified record.",Verified,2026-07-07,No,No,No,No,No,No,Yes,No,0,,None,none,"Backfilled 2026-07-16 from pqc_authoritative_sources_reference_07162026.csv (pqc_authoritative_sources_reference) — trust_tier=3_Supporting assigned via Vendor's existing modal precedent in this registry, NOT independently researched; skim before treating as verified. Cited by 0 active migrate row(s), 1 active vendor row(s).",url_needs_review,,,,2026-07-16,active,,
hk-legco,Hong Kong Legislative Council (LegCo),Government,2_Core,APAC,https://www.legco.gov.hk/,Hong Kong legislature; enacted Critical Infrastructure Cybersecurity Ordinance establishing cybersecurity requirements for essential services,Verified,2026-03-28,No,No,No,No,Yes,No,No,No,0,,None,none,,url_authoritative,,,,2026-05-06,active,,
hkma,Hong Kong Monetary Authority,Government,2_Core,APAC,https://www.hkma.gov.hk/,Hong Kong central banking; financial sector PQC readiness guidance,Verified,2026-03-28,No,No,No,Yes,Yes,Yes,No,No,0,,None,none,,url_authoritative,,,,2026-05-06,active,,
hoye-technology-co-ltd,"HOYE Technology CO., LTD.",Vendor,3_Supporting,,https://www.hoyetec.com,"HOYE Technology CO., LTD. — primary vendor website, sourced from the vendors catalog's existing verified record.",Verified,2026-07-07,No,No,No,No,No,No,Yes,No,0,,None,none,"Backfilled 2026-07-16 from pqc_authoritative_sources_reference_07162026.csv (pqc_authoritative_sources_reference) — trust_tier=3_Supporting assigned via Vendor's existing modal precedent in this registry, NOT independently researched; skim before treating as verified. Cited by 1 active migrate row(s), 1 active vendor row(s).",url_needs_review,,,,2026-07-16,active,,
hp-inc,HP Inc.,Vendor,3_Supporting,,https://www.hp.com,"HP Inc. — primary vendor website, sourced from the vendors catalog's existing verified record.",Verified,2026-07-07,No,No,No,No,No,No,Yes,No,0,,None,none,"Backfilled 2026-07-16 from pqc_authoritative_sources_reference_07162026.csv (pqc_authoritative_sources_reference) — trust_tier=3_Supporting assigned via Vendor's existing modal precedent in this registry, NOT independently researched; skim before treating as verified. Cited by 2 active migrate row(s), 1 active vendor row(s).",url_needs_review,,,,2026-07-16,active,,
huawei-technologies-co-ltd,Huawei Technologies Co. Ltd.,Vendor,3_Supporting,,https://www.huawei.com,"Huawei Technologies Co. Ltd. — primary vendor website, sourced from the vendors catalog's existing verified record.",Verified,2026-07-07,No,No,No,No,No,No,Yes,No,0,,None,none,"Backfilled 2026-07-16 from pqc_authoritative_sources_reference_07162026.csv (pqc_authoritative_sources_reference) — trust_tier=3_Supporting assigned via Vendor's existing modal precedent in this registry, NOT independently researched; skim before treating as verified. Cited by 1 active migrate row(s), 1 active vendor row(s).",url_needs_review,,,,2026-07-16,active,,
hycu-inc,"HYCU, Inc.",Vendor,3_Supporting,,https://hycu.com,US backup/disaster-recovery SaaS vendor; FIPS 140-3 validated cryptographic library module.,Verified,2026-07-27,No,No,No,No,No,No,Yes,No,0,,None,none,"Created 2026-07-27 (review-proposals pass) alongside vendor registration — vendor's own primary website, not independently third-party verified beyond the GLEIF/CNPJ check already done for the vendor row.",url_needs_review,,,,,active,,
hyland,Hyland,Vendor,3_Supporting,,https://www.hyland.com,"Hyland — primary vendor website, sourced from the vendors catalog's existing verified record.",Verified,2026-07-07,No,No,No,No,No,No,Yes,No,0,,None,none,"Backfilled 2026-07-16 from pqc_authoritative_sources_reference_07162026.csv (pqc_authoritative_sources_reference) — trust_tier=3_Supporting assigned via Vendor's existing modal precedent in this registry, NOT independently researched; skim before treating as verified. Cited by 1 active migrate row(s), 1 active vendor row(s).",url_needs_review,,,,2026-07-16,active,,
hyperledger,Hyperledger Foundation,Open_Source_Project,2_Core,Global,https://www.hyperledger.org/,Linux Foundation open-source enterprise blockchain projects (now LF Decentralized Trust) tracking PQC readiness,Verified,2026-07-12,No,Yes,No,No,No,No,No,No,0,,None,none,,url_needs_review,,,,2026-07-09,active,,
hyperledger-foundation,Hyperledger Foundation,Vendor,3_Supporting,,https://hyperledger.org,"Hyperledger Foundation — primary vendor website, sourced from the vendors catalog's existing verified record.",Verified,2026-07-07,No,No,No,No,No,No,Yes,No,0,,None,none,"Backfilled 2026-07-16 from pqc_authoritative_sources_reference_07162026.csv (pqc_authoritative_sources_reference) — trust_tier=3_Supporting assigned via Vendor's existing modal precedent in this registry, NOT independently researched; skim before treating as verified. Cited by 1 active migrate row(s), 1 active vendor row(s).",url_needs_review,,,,2026-07-16,active,,
i4p-informatikai,I4P-informatikai Kft. (I4P Informatics Ltd.),Vendor,3_Supporting,EMEA,https://www.i4p.com,Hungarian HSM vendor (Trident product line),Verified,2026-07-14,No,No,No,No,No,No,Yes,No,0,,None,none,"Backfilled 2026-07-16 from pqc_authoritative_sources_reference_07162026.csv (pqc_authoritative_sources_reference) — trust_tier=3_Supporting assigned via Vendor's existing modal precedent in this registry, NOT independently researched; skim before treating as verified. Cited by 0 active migrate row(s), 1 active vendor row(s).",url_needs_review,,,,2026-07-16,active,,
iacr-eprint,IACR Cryptology ePrint,Academic,2_Core,Global,https://eprint.iacr.org/,International Association for Cryptologic Research preprint archive,Verified,2025-12-15,No,Yes,Yes,No,No,No,No,No,0,,None,none,,url_authoritative,,,,2026-05-06,active,,
ibm-ibv,IBM Institute for Business Value,Industry_Analyst,3_Supporting,Americas,https://www.ibm.com/thought-leadership/institute-business-value,"IBM research arm publishing enterprise quantum readiness surveys, PQC adoption benchmarks, and CxO quantum threat perspectives.",Verified,2026-05-06,No,Yes,No,No,No,No,No,No,0,,None,none,Added 2026-05-06: orphaned ID found in library.,url_needs_review,,,,2026-05-06,active,,
ibm-research,IBM Research Quantum-Safe,Industry_Workgroup,3_Supporting,Global,https://www.ibm.com/quantum/quantum-safe,Leading contributor to NIST PQC standards (ML-KEM ML-DSA SLH-DSA); crypto-agility solutions,Verified,2026-02-13,No,No,Yes,No,Yes,No,Yes,No,3,2026-05-07,Active,none,,url_needs_review,,,,2026-05-06,active,,
ibm-research-cbomkit,IBM Research (CBOMkit),Vendor,3_Supporting,,https://github.com/IBM/cbomkit,"IBM Research (CBOMkit) — primary vendor website, sourced from the vendors catalog's existing verified record.",Verified,2026-07-07,No,No,No,No,No,No,Yes,No,0,,None,none,"Backfilled 2026-07-16 from pqc_authoritative_sources_reference_07162026.csv (pqc_authoritative_sources_reference) — trust_tier=3_Supporting assigned via Vendor's existing modal precedent in this registry, NOT independently researched; skim before treating as verified. Cited by 0 active migrate row(s), 1 active vendor row(s).",url_needs_review,,,,2026-07-16,active,,
ic3s,IC3S (Indian Common Criteria Certification Scheme),Government,1_Authoritative,APAC,https://commoncriteria-india.gov.in/indian-common-criteria-certification-scheme-ic3s-overview,"India national Common Criteria IT Security Evaluation and Certification Scheme, operated by STQC.",Verified,2026-07-31,No,No,No,No,No,Yes,No,No,0,,None,none,"Added 2026-07-31 (WP-3.3, remediation plan) -- cross-links the compliance-landscape certification-body row added in the same batch (Phase 5 B1). URL and description sourced from the same real document fetched for that row.",url_authoritative,,,,2026-07-31,active,,
icao,International Civil Aviation Organization,Standards_Body,1_Authoritative,Global,https://www.icao.int/,ICAO Assembly Resolution A41-19; quantum-safe aviation cryptography,Verified,2026-03-28,No,No,No,Yes,No,No,No,No,0,,None,none,,url_authoritative,,,,2026-05-06,active,,
iccs-china,ICCS China,Standards_Body,2_Core,APAC,https://www.gmbz.org.cn/,Institute of Commercial Cryptography Standards; sector-specific body for commercial cryptography standardization in China (GMBZ standards),Verified,2026-03-28,No,Yes,No,No,No,No,No,No,0,,None,none,,url_authoritative,,,,2026-05-06,active,,
iccs-china-national-standards,ICCS China National Standards,Vendor,3_Supporting,,https://www.sac.gov.cn,"ICCS China National Standards — primary vendor website, sourced from the vendors catalog's existing verified record.",Verified,2026-07-07,No,No,No,No,No,No,Yes,No,0,,None,none,"Backfilled 2026-07-16 from pqc_authoritative_sources_reference_07162026.csv (pqc_authoritative_sources_reference) — trust_tier=3_Supporting assigned via Vendor's existing modal precedent in this registry, NOT independently researched; skim before treating as verified. Cited by 0 active migrate row(s), 1 active vendor row(s).",url_needs_review,,,,2026-07-16,active,,
ico-uk,UK Information Commissioner's Office,Government,1_Authoritative,EMEA,https://ico.org.uk/,UK data-protection regulator. UK GDPR Article 32 encryption guidance codifies current cryptographic-adequacy expectations for data-at-rest and data-in-transit; does not speak to PQC migration but is the citable source for crypto control adequacy.,Verified,2026-05-16,No,No,No,No,Yes,Yes,No,No,0,,None,none,Added 2026-05-16 for geographic depth P1 #14.,url_authoritative,,,,2026-05-16,active,,
ics-holding-kryptonite-russia,ICS Holding / Kryptonite (Russia),Vendor,3_Supporting,,https://postquantum.com,"ICS Holding / Kryptonite (Russia) — primary vendor website, sourced from the vendors catalog's existing verified record.",Verified,2026-07-07,No,No,No,No,No,No,Yes,No,0,,None,none,"Backfilled 2026-07-16 from pqc_authoritative_sources_reference_07162026.csv (pqc_authoritative_sources_reference) — trust_tier=3_Supporting assigned via Vendor's existing modal precedent in this registry, NOT independently researched; skim before treating as verified. Cited by 1 active migrate row(s), 1 active vendor row(s).",url_needs_review,,,,2026-07-16,active,,
id-bsn-bssn,BSN/BSSN (Indonesia National Standardization Agency / National Cyber and Crypto Agency),Government,1_Authoritative,Asia,https://bsn.go.id/,"Indonesia's national standards body (BSN) and cyber/crypto agency (BSSN) -- jointly coordinate PQC migration roadmap and SNI standardization work. Verified 2026-07-16 via web-search corroboration (direct fetch of the cited article was network-blocked in this environment, not confirmed dead) -- a human should confirm the page resolves and download real evidence via the standard fetch_resilient.py pipeline before this is treated as fully proof-gated.",Pending,2026-07-16,No,No,No,No,Yes,No,No,No,0,,None,none,"Added 2026-07-16 during timeline maintainer-process remediation (Phase 1.2). trust_tier=1_Authoritative assigned by precedent-match against this registry's existing Government-type curation (national/supranational official portal, same profile as ccn-spain/ncsc-nl/ec/ndpc-nigeria/msit-korea) -- not guessed, but flag for a human spot-check via review-trusted-sources.",url_needs_review,,,,2026-07-16,active,,
id-quantique-sa,ID Quantique SA,Vendor,3_Supporting,,https://idquantique.com,"ID Quantique SA — primary vendor website, sourced from the vendors catalog's existing verified record.",Verified,2026-07-07,No,No,No,No,No,No,Yes,No,0,,None,none,"Backfilled 2026-07-16 from pqc_authoritative_sources_reference_07162026.csv (pqc_authoritative_sources_reference) — trust_tier=3_Supporting assigned via Vendor's existing modal precedent in this registry, NOT independently researched; skim before treating as verified. Cited by 0 active migrate row(s), 1 active vendor row(s).",url_needs_review,,,,2026-07-16,active,,
idemia,IDEMIA,Vendor,3_Supporting,EMEA,https://www.idemia.com,"Identity and security technology provider; develops PQC-ready identity documents, smart cards, and authentication hardware with government and banking deployments",Verified,2026-03-31,No,Yes,No,No,No,No,No,No,0,,None,none,,url_needs_review,,,,2026-05-06,active,,
iea,International Energy Agency,Government,1_Authoritative,Global,https://www.iea.org/,Intergovernmental energy organization; World Energy Investment report — official market-size grounding for the industry-landscape source,Verified,2026-07-29,No,No,No,No,No,No,No,No,0,,None,none,,url_needs_review,,,,2026-07-29,active,,
iec,International Electrotechnical Commission,Standards_Body,2_Core,Global,https://www.iec.ch/,IEC standards including IEC 62443 industrial automation and IEC 62351 power systems,Verified,2026-03-28,No,No,No,Yes,No,Yes,No,No,0,,None,none,,url_authoritative,,,,2026-05-06,active,,
ieee-802-11-post-quantum-crypt,IEEE 802.11 Post-Quantum Cryptography Study Group,Standards_Body,2_Core,Global,https://www.ieee802.org/11/Reports/pqc_update.htm,IEEE 802.11 (WiFi) working-group status page tracking the 802.11bt PQC amendment's draft/ballot progress,Verified,2026-07-28,,,,,,,,No,,,,,Confirmed live (200 via curl). Distinct SDO working-group domain (ieee802.org) from the already-tracked IEEE-SA (standards.ieee.org); directly relevant to protocol-matrix tracking of the 802.11bt amendment.,url_authoritative,,,,,active,,
ieee-sa,IEEE Standards Association,Standards_Body,1_Authoritative,Global,https://standards.ieee.org/,Technical standards for quantum-safe implementations,Verified,2025-12-15,No,Yes,Yes,No,No,Yes,No,No,5,2025-01-01,Active,library,Fixed tagging: library_csv; some standards paywalled,url_authoritative,,,,2026-05-06,active,,
ietf,IETF Datatracker,Standards_Body,1_Authoritative,Global,https://datatracker.ietf.org/,Internet protocol standards including TLS and PKI PQC specifications,Verified,2026-02-13,No,Yes,Yes,No,Yes,Yes,No,No,229,2026-05-07,Active,library,Fixed tagging: library_csv; primary source for PQC RFCs,url_authoritative,,,,2026-05-06,active,,
ietf-2,IETF,Vendor,3_Supporting,,https://ietf.org,"IETF — primary vendor website, sourced from the vendors catalog's existing verified record.",Verified,2026-07-07,No,No,No,No,No,No,Yes,No,0,,None,none,"Backfilled 2026-07-16 from pqc_authoritative_sources_reference_07162026.csv (pqc_authoritative_sources_reference) — trust_tier=3_Supporting assigned via Vendor's existing modal precedent in this registry, NOT independently researched; skim before treating as verified. Cited by 0 active migrate row(s), 1 active vendor row(s).",url_needs_review,,,,2026-07-16,active,,
ietf-internet-drafts,IETF Internet-Drafts (Datatracker),Standards_Body,2_Core,Global,https://datatracker.ietf.org/,IETF work-in-progress Internet-Drafts; pre-standard PQC protocol specifications (lower standing than published RFCs),Verified,2026-07-12,No,Yes,No,No,No,No,No,No,0,,None,none,,url_authoritative,,,,2026-07-09,active,,
ietf-rfc-series,RFC Editor (IETF RFC Series),Standards_Body,1_Authoritative,Global,https://www.rfc-editor.org/,Canonical publisher of the RFC series; final normative text of IETF protocol standards including PQC RFCs,Verified,2026-07-12,No,Yes,No,No,No,No,No,No,0,,None,none,,url_authoritative,,,,2026-07-09,active,,
iiit-kurnool,Indian Institute of Information Technology Kurnool,Academic,4_Contextual,APAC,https://www.iiitk.ac.in/,MeitY-sponsored PQC research projects (2025-2026),Verified,2026-02-13,No,No,Yes,No,No,No,No,No,0,,None,none,,url_authoritative,,,,2026-05-06,active,,
imda-singapore,IMDA Singapore,Government,2_Core,APAC,https://www.imda.gov.sg/,Singapore Infocomm Media Development Authority; digital infrastructure PQC,Verified,2026-03-28,No,No,No,No,Yes,No,No,No,0,,None,none,,url_authoritative,,,,2026-05-06,active,,
imdea-networks-institute,IMDEA Networks Institute,Vendor,3_Supporting,,https://networks.imdea.org,"IMDEA Networks Institute — primary vendor website, sourced from the vendors catalog's existing verified record.",Verified,2026-07-07,No,No,No,No,No,No,Yes,No,0,,None,none,"Backfilled 2026-07-16 from pqc_authoritative_sources_reference_07162026.csv (pqc_authoritative_sources_reference) — trust_tier=3_Supporting assigned via Vendor's existing modal precedent in this registry, NOT independently researched; skim before treating as verified. Cited by 1 active migrate row(s), 1 active vendor row(s).",url_needs_review,,,,2026-07-16,active,,
imf,International Monetary Fund,Government,1_Authoritative,Global,https://www.imf.org/,Intergovernmental financial institution; Crypto Assets Monitor and global financial statistics — official market-size grounding for the industry-landscape source,Verified,2026-07-29,No,No,No,No,No,No,No,No,0,,None,none,,url_needs_review,,,,2026-07-29,active,,
imo,International Maritime Organization,Standards_Body,1_Authoritative,Global,https://www.imo.org/,Maritime cyber risk management guidelines; quantum threat to shipping,Verified,2026-03-28,No,Yes,No,Yes,No,No,No,No,0,,None,none,,url_authoritative,,,,2026-05-06,active,,
imperva-inc,Imperva Inc.,Vendor,3_Supporting,,https://imperva.com,"Imperva Inc. — primary vendor website, sourced from the vendors catalog's existing verified record.",Verified,2026-07-07,No,No,No,No,No,No,Yes,No,0,,None,none,"Backfilled 2026-07-16 from pqc_authoritative_sources_reference_07162026.csv (pqc_authoritative_sources_reference) — trust_tier=3_Supporting assigned via Vendor's existing modal precedent in this registry, NOT independently researched; skim before treating as verified. Cited by 0 active migrate row(s), 1 active vendor row(s).",url_needs_review,,,,2026-07-16,active,,
incd-israel,Israel National Cyber Directorate,Government,2_Core,EMEA,https://www.gov.il/en/departments/israel_national_cyber_directorate/,Israel INCD; national PQC strategy and critical infrastructure protection,Verified,2026-03-28,No,No,No,No,Yes,No,No,No,0,,None,none,,url_authoritative,,,,2026-05-06,active,,
infineon,Infineon Technologies,Vendor,3_Supporting,EMEA,https://www.infineon.com/cms/en/discoveries/post-quantum-cryptography/,"Semiconductor manufacturer; produces PQC-capable security chips (OPTIGA™, SLx 9670) and contributes to NIST PQC standardization hardware validation",Verified,2026-03-31,No,Yes,No,No,No,No,No,No,0,,None,none,,url_needs_review,,,,2026-05-06,active,,
infosec-global,InfoSec Global,Vendor,3_Supporting,Americas,https://www.infosecglobal.com,"Cryptographic discovery and agility vendor. Source for cryptographic inventory tooling, algorithm deprecation planning, and enterprise PQC migration methodology.",Verified,2026-05-06,No,Yes,No,No,No,No,Yes,No,0,,None,none,Added 2026-05-06: orphaned ID found in library.,url_needs_review,,,,2026-05-06,active,,
inria-crypto,INRIA France Cryptography,Academic,3_Supporting,EMEA,https://www.inria.fr/en,French national research institute for PQC algorithms,Verified,2025-12-15,Yes,Yes,Yes,No,No,No,No,No,0,,None,none,,url_authoritative,,,,2026-05-06,active,,
inria-hqc-consortium,INRIA / HQC Consortium,Vendor,3_Supporting,,https://pqc-hqc.org,"INRIA / HQC Consortium — primary vendor website, sourced from the vendors catalog's existing verified record.",Verified,2026-07-07,No,No,No,No,No,No,Yes,No,0,,None,none,"Backfilled 2026-07-16 from pqc_authoritative_sources_reference_07162026.csv (pqc_authoritative_sources_reference) — trust_tier=3_Supporting assigned via Vendor's existing modal precedent in this registry, NOT independently researched; skim before treating as verified. Cited by 0 active migrate row(s), 1 active vendor row(s).",url_needs_review,,,,2026-07-16,active,,
intel,Intel Corporation,Vendor,3_Supporting,Americas,https://www.intel.com/content/www/us/en/research/quantum-computing.html,Intel Labs quantum computing and post-quantum cryptography research; contributor to NIST PQC standardization and hardware acceleration,Verified,2026-03-31,No,Yes,No,No,No,No,No,No,0,,None,none,,url_needs_review,,,,2026-05-06,active,,
intellect-eu,IntellectEU,Industry_Workgroup,4_Contextual,EMEA,https://www.intellecteu.com/,Enterprise blockchain and quantum-safe solutions; PQCA founding member,Verified,2026-02-13,No,No,No,No,No,No,Yes,No,0,,None,none,,url_needs_review,,,,2026-05-06,active,,
interchain-foundation,Interchain Foundation,Vendor,3_Supporting,,https://interchain.io,"Interchain Foundation — primary vendor website, sourced from the vendors catalog's existing verified record.",Verified,2026-07-07,No,No,No,No,No,No,Yes,No,0,,None,none,"Backfilled 2026-07-16 from pqc_authoritative_sources_reference_07162026.csv (pqc_authoritative_sources_reference) — trust_tier=3_Supporting assigned via Vendor's existing modal precedent in this registry, NOT independently researched; skim before treating as verified. Cited by 0 active migrate row(s), 1 active vendor row(s).",url_needs_review,,,,2026-07-16,active,,
internet-security-research-group,Internet Security Research Group,Vendor,3_Supporting,,https://www.abetterinternet.org,"Internet Security Research Group — primary vendor website, sourced from the vendors catalog's existing verified record.",Verified,2026-07-07,No,No,No,No,No,No,Yes,No,0,,None,none,"Backfilled 2026-07-16 from pqc_authoritative_sources_reference_07162026.csv (pqc_authoritative_sources_reference) — trust_tier=3_Supporting assigned via Vendor's existing modal precedent in this registry, NOT independently researched; skim before treating as verified. Cited by 0 active migrate row(s), 1 active vendor row(s).",url_needs_review,,,,2026-07-16,active,,
internet-systems-consortium,Internet Systems Consortium,Vendor,3_Supporting,,https://www.isc.org,"Internet Systems Consortium — primary vendor website, sourced from the vendors catalog's existing verified record.",Verified,2026-07-07,No,No,No,No,No,No,Yes,No,0,,None,none,"Backfilled 2026-07-16 from pqc_authoritative_sources_reference_07162026.csv (pqc_authoritative_sources_reference) — trust_tier=3_Supporting assigned via Vendor's existing modal precedent in this registry, NOT independently researched; skim before treating as verified. Cited by 0 active migrate row(s), 1 active vendor row(s).",url_needs_review,,,,2026-07-16,active,,
internet2,Internet2,Academic,2_Core,Americas,https://internet2.edu/,US research and education network consortium (InCommon federation); PQC readiness for R&E infrastructure,Verified,2026-07-12,No,No,No,Yes,No,No,No,No,0,,None,none,,url_authoritative,,,,2026-07-09,active,,
internxt-sl,Internxt SL,Vendor,3_Supporting,,https://internxt.com,"Internxt SL — primary vendor website, sourced from the vendors catalog's existing verified record.",Verified,2026-07-07,No,No,No,No,No,No,Yes,No,0,,None,none,"Backfilled 2026-07-16 from pqc_authoritative_sources_reference_07162026.csv (pqc_authoritative_sources_reference) — trust_tier=3_Supporting assigned via Vendor's existing modal precedent in this registry, NOT independently researched; skim before treating as verified. Cited by 1 active migrate row(s), 1 active vendor row(s).",url_needs_review,,,,2026-07-16,active,,
inturai,Inturai,Vendor,3_Supporting,,https://inturai.com,"Inturai — primary vendor website, sourced from the vendors catalog's existing verified record.",Verified,2026-07-07,No,No,No,No,No,No,Yes,No,0,,None,none,"Backfilled 2026-07-16 from pqc_authoritative_sources_reference_07162026.csv (pqc_authoritative_sources_reference) — trust_tier=3_Supporting assigned via Vendor's existing modal precedent in this registry, NOT independently researched; skim before treating as verified. Cited by 1 active migrate row(s), 1 active vendor row(s).",url_needs_review,,,,2026-07-16,active,,
iota-foundation,IOTA Foundation,Vendor,3_Supporting,Global,https://www.iota.org/,IOTA Foundation; early adopter of hash-based (quantum-resistant) signature research in DLT,Verified,2026-07-12,No,Yes,No,No,No,No,Yes,No,0,,None,none,,url_needs_review,,,,2026-07-09,active,,
ironcore-labs-inc,"IronCore Labs, Inc.",Vendor,3_Supporting,,https://ironcorelabs.com,"IronCore Labs, Inc. — primary vendor website, sourced from the vendors catalog's existing verified record.",Verified,2026-07-07,No,No,No,No,No,No,Yes,No,0,,None,none,"Backfilled 2026-07-16 from pqc_authoritative_sources_reference_07162026.csv (pqc_authoritative_sources_reference) — trust_tier=3_Supporting assigned via Vendor's existing modal precedent in this registry, NOT independently researched; skim before treating as verified. Cited by 1 active migrate row(s), 1 active vendor row(s).",url_needs_review,,,,2026-07-16,active,,
isara-corporation,ISARA Corporation,Vendor,3_Supporting,,https://isara.com,"ISARA Corporation — primary vendor website, sourced from the vendors catalog's existing verified record.",Verified,2026-07-07,No,No,No,No,No,No,Yes,No,0,,None,none,"Backfilled 2026-07-16 from pqc_authoritative_sources_reference_07162026.csv (pqc_authoritative_sources_reference) — trust_tier=3_Supporting assigned via Vendor's existing modal precedent in this registry, NOT independently researched; skim before treating as verified. Cited by 0 active migrate row(s), 1 active vendor row(s).",url_needs_review,,,,2026-07-16,active,,
ised-canada,"ISED (Innovation, Science and Economic Development Canada)",Government,1_Authoritative,Americas,https://ised-isde.canada.ca/,"Innovation, Science and Economic Development Canada; national quantum strategy and PQC migration roadmap",Verified,2026-07-12,No,No,No,No,Yes,Yes,No,No,0,,None,none,,url_authoritative,,,,2026-07-09,active,,
iso-iec-sc27,ISO/IEC JTC 1 SC 27,Standards_Body,1_Authoritative,Global,https://www.iso.org/committee/45306.html,International cryptography standards development,Verified,2025-12-15,No,Yes,Yes,No,No,Yes,No,No,3,2024-01-01,Blocked,none,Fixed tagging: library_csv; most standards paywalled,url_authoritative,,,,2026-05-06,active,,
iso-tc210,ISO/TC 210 — Quality management for products with a health purpose incl. medical devices,Standards_Body,2_Core,Global,https://www.iso.org/committee/54892.html,ISO technical committee responsible for quality management and general aspects for health-purpose products including medical devices; publisher of ISO 14971 (risk management for medical devices).,Pending,2026-07-31,No,Yes,No,No,No,No,No,No,0,,None,none,"Added 2026-07-31 (WP-6.4): library row ISO-14971-2000 cited trusted_source_id=iso-tc210 with no registry row. iso.org returned HTTP 403 to an automated fetch (bot-block, not a dead link) so verification_status stays Pending until a human confirms the committee page renders; committee identity is corroborated by the library row own citation.",url_needs_review,,,,2026-07-31,active,,
ite-tech-inc,ITE Tech. Inc.,Vendor,3_Supporting,APAC,https://ite.com.tw,Taiwanese semiconductor/IC design vendor; FIPS 140-3 validated crypto sub-chip.,Verified,2026-07-27,No,No,No,No,No,No,Yes,No,0,,None,none,"Created 2026-07-27 (review-proposals pass) alongside vendor registration — vendor's own primary website, not independently third-party verified beyond the GLEIF/CNPJ check already done for the vendor row.",url_needs_review,,,,,active,,
iti-dc,Information Technology Industry Council,Industry_Workgroup,2_Core,Americas,https://www.itic.org/,Information Technology Industry Council; global tech trade association engaging on PQC policy,Verified,2026-07-12,No,No,No,No,Yes,No,No,No,0,,None,none,,url_needs_review,,,,2026-07-09,active,,
itri,Industrial Technology Research Institute (ITRI),Academic,3_Supporting,APAC,https://www.itri.org.tw/english/,Taiwan government-funded non-profit R&D foundation (MOEA); ACVP-validated ML-KEM/ML-DSA/SLH-DSA FPGA implementations,Verified,2026-07-14,No,No,No,No,No,No,Yes,No,0,,None,none,"Backfilled 2026-07-16 from pqc_authoritative_sources_reference_07162026.csv (pqc_authoritative_sources_reference) — trust_tier=3_Supporting assigned via Academic's existing modal precedent in this registry, NOT independently researched; skim before treating as verified. Cited by 0 active migrate row(s), 1 active vendor row(s).",url_needs_review,,,,2026-07-16,active,,
itscc,"ITSCC (IT Security Certification Center, Korea)",Government,1_Authoritative,APAC,https://www.itscc.kr/main.do,Korea Common Criteria certification body for information security products.,Verified,2026-07-31,No,No,No,No,No,Yes,No,No,0,,None,none,"Added 2026-07-31 (WP-3.3, remediation plan) -- cross-links the compliance-landscape certification-body row added in the same batch (Phase 5 B1). URL and description sourced from the same real document fetched for that row.",url_needs_review,,,,2026-07-31,active,,
itu,ITU-T,Standards_Body,2_Core,Global,https://www.itu.int/en/ITU-T/,International Telecommunication Union – Telecommunication Standardization Sector; develops X.1811 and related quantum-safe communication standards,Verified,2026-03-31,No,Yes,No,No,No,No,No,No,0,,None,none,,url_authoritative,,,,2026-05-06,active,,
ivanti,Ivanti,Vendor,3_Supporting,,https://www.ivanti.com,"Ivanti — primary vendor website, sourced from the vendors catalog's existing verified record.",Verified,2026-07-07,No,No,No,No,No,No,Yes,No,0,,None,none,"Backfilled 2026-07-16 from pqc_authoritative_sources_reference_07162026.csv (pqc_authoritative_sources_reference) — trust_tier=3_Supporting assigned via Vendor's existing modal precedent in this registry, NOT independently researched; skim before treating as verified. Cited by 1 active migrate row(s), 1 active vendor row(s).",url_needs_review,,,,2026-07-16,active,,
ivpn,IVPN,Vendor,3_Supporting,,https://www.ivpn.net,"IVPN — primary vendor website, sourced from the vendors catalog's existing verified record.",Verified,2026-07-07,No,No,No,No,No,No,Yes,No,0,,None,none,"Backfilled 2026-07-16 from pqc_authoritative_sources_reference_07162026.csv (pqc_authoritative_sources_reference) — trust_tier=3_Supporting assigned via Vendor's existing modal precedent in this registry, NOT independently researched; skim before treating as verified. Cited by 1 active migrate row(s), 1 active vendor row(s).",url_needs_review,,,,2026-07-16,active,,
jamf,Jamf,Vendor,3_Supporting,,https://www.jamf.com,"Jamf — primary vendor website, sourced from the vendors catalog's existing verified record.",Verified,2026-07-07,No,No,No,No,No,No,Yes,No,0,,None,none,"Backfilled 2026-07-16 from pqc_authoritative_sources_reference_07162026.csv (pqc_authoritative_sources_reference) — trust_tier=3_Supporting assigned via Vendor's existing modal precedent in this registry, NOT independently researched; skim before treating as verified. Cited by 1 active migrate row(s), 1 active vendor row(s).",url_needs_review,,,,2026-07-16,active,,
japan-financial-services-agenc,Japan Financial Services Agency — PQC Readiness Study Group Report,Government,2_Core,APAC,https://www.fsa.go.jp/news/r6/singi/20241126.html,Japan FSA (金融庁) study-group report on deposit-taking institutions' PQC migration readiness,Verified,2026-07-28,,,,,,,,No,,,,,Confirmed live via WebFetch. Financial-sector regulator distinct from the already-tracked government-wide CRYPTREC entry.,url_authoritative,,,,,active,,
japan-national-cybersecurity-o,Japan National Cybersecurity Office (cyber.go.jp),Government,3_Supporting,APAC,https://www.nisc.go.jp/eng/,"Japan's national cybersecurity strategy secretariat, reorganized from NISC into the National Cybersecurity Office",Verified,2026-07-28,,,,,,,,No,,,,,Confirmed live via a genuine 301 redirect to cyber.go.jp (2025 reorganization). Distinct top-level strategy body from the already-tracked CRYPTREC entry; no PQC-specific content independently verified on the page itself.,url_authoritative,,,,,active,,
jenkins-cloudbees,Jenkins / CloudBees,Vendor,3_Supporting,,https://jenkins.io,"Jenkins / CloudBees — primary vendor website, sourced from the vendors catalog's existing verified record.",Verified,2026-07-07,No,No,No,No,No,No,Yes,No,0,,None,none,"Backfilled 2026-07-16 from pqc_authoritative_sources_reference_07162026.csv (pqc_authoritative_sources_reference) — trust_tier=3_Supporting assigned via Vendor's existing modal precedent in this registry, NOT independently researched; skim before treating as verified. Cited by 0 active migrate row(s), 1 active vendor row(s).",url_needs_review,,,,2026-07-16,active,,
jetbrains,JetBrains,Vendor,3_Supporting,,https://www.jetbrains.com,"JetBrains — primary vendor website, sourced from the vendors catalog's existing verified record.",Verified,2026-07-07,No,No,No,No,No,No,Yes,No,0,,None,none,"Backfilled 2026-07-16 from pqc_authoritative_sources_reference_07162026.csv (pqc_authoritative_sources_reference) — trust_tier=3_Supporting assigned via Vendor's existing modal precedent in this registry, NOT independently researched; skim before treating as verified. Cited by 1 active migrate row(s), 1 active vendor row(s).",url_needs_review,,,,2026-07-16,active,,
jfrog-ltd,JFrog Ltd.,Vendor,3_Supporting,,https://jfrog.com,"JFrog Ltd. — primary vendor website, sourced from the vendors catalog's existing verified record.",Verified,2026-07-07,No,No,No,No,No,No,Yes,No,0,,None,none,"Backfilled 2026-07-16 from pqc_authoritative_sources_reference_07162026.csv (pqc_authoritative_sources_reference) — trust_tier=3_Supporting assigned via Vendor's existing modal precedent in this registry, NOT independently researched; skim before treating as verified. Cited by 0 active migrate row(s), 1 active vendor row(s).",url_needs_review,,,,2026-07-16,active,,
jisa-softech-private-limited,JISA Softech Private Limited,Vendor,3_Supporting,APAC,https://jisasoftech.com,India-based HSM and cryptographic hardware vendor; FIPS 140-3 validated LS2 HSM family.,Verified,2026-07-27,No,No,No,No,No,No,Yes,No,0,,None,none,"Created 2026-07-27 (review-proposals pass) alongside vendor registration — vendor's own primary website, not independently third-party verified beyond the GLEIF/CNPJ check already done for the vendor row.",url_needs_review,,,,,active,,
jisec,JISEC (Japan IT Security Evaluation and Certification Scheme),Government,1_Authoritative,APAC,https://www.ipa.go.jp/en/security/jisec/index.html,"Japan Common Criteria-based IT Security Evaluation and Certification Scheme, operated by IPA.",Verified,2026-07-31,No,No,No,No,No,Yes,No,No,0,,None,none,"Added 2026-07-31 (WP-3.3, remediation plan) -- cross-links the compliance-landscape certification-body row added in the same batch (Phase 5 B1). URL and description sourced from the same real document fetched for that row.",url_authoritative,,,,2026-07-31,active,,
jmem-technology,Jmem Technology,Vendor,3_Supporting,APAC,https://jmemtech.com,PUF-embedded quantum-safe cryptographic engine vendor; ACVP validated ML-DSA/ML-KEM.,Verified,2026-07-27,No,No,No,No,No,No,Yes,No,0,,None,none,"Created 2026-07-27 (review-proposals pass) alongside vendor registration — vendor's own primary website, not independently third-party verified beyond the GLEIF/CNPJ check already done for the vendor row.",url_needs_review,,,,,active,,
jpmorganchase,JPMorgan Chase,Vendor,2_Core,Americas,https://www.jpmorgan.com/,"Global bank with active quantum-security research (QKD trials, PQC migration in payments infrastructure)",Verified,2026-07-12,No,Yes,No,No,No,No,No,No,0,,None,none,,url_needs_review,,,,2026-07-09,active,,
jumpcloud-inc,JumpCloud Inc.,Vendor,3_Supporting,,https://jumpcloud.com,"JumpCloud Inc. — primary vendor website, sourced from the vendors catalog's existing verified record.",Verified,2026-07-07,No,No,No,No,No,No,Yes,No,0,,None,none,"Backfilled 2026-07-16 from pqc_authoritative_sources_reference_07162026.csv (pqc_authoritative_sources_reference) — trust_tier=3_Supporting assigned via Vendor's existing modal precedent in this registry, NOT independently researched; skim before treating as verified. Cited by 0 active migrate row(s), 1 active vendor row(s).",url_needs_review,,,,2026-07-16,active,,
juniper-networks,Juniper Networks,Industry_Workgroup,3_Supporting,Global,https://www.juniper.net/,Enterprise routing and security; SRX series with post-quantum encryption roadmap,Verified,2026-03-28,No,No,No,No,No,No,Yes,No,0,,None,none,,url_needs_review,,,,2026-05-06,active,,
kape-technologies-expressvpn,Kape Technologies / ExpressVPN,Vendor,3_Supporting,,https://expressvpn.com,"Kape Technologies / ExpressVPN — primary vendor website, sourced from the vendors catalog's existing verified record.",Verified,2026-07-07,No,No,No,No,No,No,Yes,No,0,,None,none,"Backfilled 2026-07-16 from pqc_authoritative_sources_reference_07162026.csv (pqc_authoritative_sources_reference) — trust_tier=3_Supporting assigned via Vendor's existing modal precedent in this registry, NOT independently researched; skim before treating as verified. Cited by 0 active migrate row(s), 1 active vendor row(s).",url_needs_review,,,,2026-07-16,active,,
kaseya-us-llc,Kaseya US LLC,Vendor,3_Supporting,,https://kaseya.com,US MSP/IT management software vendor; FIPS 140-3 validated Java cryptographic module.,Verified,2026-07-27,No,No,No,No,No,No,Yes,No,0,,None,none,"Created 2026-07-27 (review-proposals pass) alongside vendor registration — vendor's own primary website, not independently third-party verified beyond the GLEIF/CNPJ check already done for the vendor row.",url_needs_review,,,,,active,,
keeper-security,Keeper Security,Vendor,3_Supporting,,https://www.keepersecurity.com,"Keeper Security — primary vendor website, sourced from the vendors catalog's existing verified record.",Verified,2026-07-07,No,No,No,No,No,No,Yes,No,0,,None,none,"Backfilled 2026-07-16 from pqc_authoritative_sources_reference_07162026.csv (pqc_authoritative_sources_reference) — trust_tier=3_Supporting assigned via Vendor's existing modal precedent in this registry, NOT independently researched; skim before treating as verified. Cited by 1 active migrate row(s), 1 active vendor row(s).",url_needs_review,,,,2026-07-16,active,,
kenya-ke-cirt-cc-communication,Kenya KE-CIRT/CC — Communications Authority of Kenya,Government,3_Supporting,EMEA,https://ke-cirt.go.ke/,"Kenya's national CERT, operated under the Communications Authority of Kenya",Verified,2026-07-28,,,,,,,,No,,,,,Confirmed live (200 via curl; automated content fetch blocked by a certificate issue). Distinct from the already-tracked Kenya data-protection authority (odpc-kenya); no PQC-specific content independently verified.,url_authoritative,,,,,active,,
keyfactor,Keyfactor,Industry_Workgroup,3_Supporting,Global,https://www.keyfactor.com/,PKI certificate lifecycle management; AgileSec crypto discovery and PQC tools,Verified,2026-03-28,Yes,No,No,No,No,No,Yes,No,0,,None,none,,url_needs_review,,,,2026-05-06,active,,
keysight-technologies-inc,Keysight Technologies Inc.,Vendor,3_Supporting,,https://keysight.com,"Keysight Technologies Inc. — primary vendor website, sourced from the vendors catalog's existing verified record.",Verified,2026-07-07,No,No,No,No,No,No,Yes,No,0,,None,none,"Backfilled 2026-07-16 from pqc_authoritative_sources_reference_07162026.csv (pqc_authoritative_sources_reference) — trust_tier=3_Supporting assigned via Vendor's existing modal precedent in this registry, NOT independently researched; skim before treating as verified. Cited by 0 active migrate row(s), 1 active vendor row(s).",url_needs_review,,,,2026-07-16,active,,
kioxia-corporation,KIOXIA Corporation,Vendor,3_Supporting,APAC,https://kioxia.com,Japanese semiconductor/flash memory manufacturer; FIPS 140-3 validated crypto sub-chip.,Verified,2026-07-27,No,No,No,No,No,No,Yes,No,0,,None,none,"Created 2026-07-27 (review-proposals pass) alongside vendor registration — vendor's own primary website, not independently third-party verified beyond the GLEIF/CNPJ check already done for the vendor row.",url_needs_review,,,,,active,,
kisa,Korea KISA,Government,1_Authoritative,APAC,https://www.kisa.or.kr/eng/,Korean Internet & Security Agency PQC initiatives,Verified,2025-12-15,No,Yes,No,No,Yes,Yes,No,No,5,2025-01-31,Active,timeline,Fixed tagging: timeline_csv compliance_csv,url_authoritative,,,,2026-05-06,active,,
kiteworks-inc,Kiteworks Inc.,Vendor,3_Supporting,,https://kiteworks.com,"Kiteworks Inc. — primary vendor website, sourced from the vendors catalog's existing verified record.",Verified,2026-07-07,No,No,No,No,No,No,Yes,No,0,,None,none,"Backfilled 2026-07-16 from pqc_authoritative_sources_reference_07162026.csv (pqc_authoritative_sources_reference) — trust_tier=3_Supporting assigned via Vendor's existing modal precedent in this registry, NOT independently researched; skim before treating as verified. Cited by 1 active migrate row(s), 1 active vendor row(s).",url_needs_review,,,,2026-07-16,active,,
kivicore-oy,KiviCore Oy,Vendor,3_Supporting,,https://kivicore.com,"KiviCore Oy — primary vendor website, sourced from the vendors catalog's existing verified record.",Verified,2026-07-07,No,No,No,No,No,No,Yes,No,0,,None,none,"Backfilled 2026-07-16 from pqc_authoritative_sources_reference_07162026.csv (pqc_authoritative_sources_reference) — trust_tier=3_Supporting assigned via Vendor's existing modal precedent in this registry, NOT independently researched; skim before treating as verified. Cited by 1 active migrate row(s), 1 active vendor row(s).",url_needs_review,,,,2026-07-16,active,,
kloudfuse-inc,Kloudfuse Inc,Vendor,3_Supporting,,https://kloudfuse.com,US observability platform vendor; FIPS 140-3 validated crypto module.,Verified,2026-07-27,No,No,No,No,No,No,Yes,No,0,,None,none,"Created 2026-07-27 (review-proposals pass) alongside vendor registration — vendor's own primary website, not independently third-party verified beyond the GLEIF/CNPJ check already done for the vendor row.",url_needs_review,,,,,active,,
komainu,Komainu,Vendor,3_Supporting,Global,https://www.komainu.com/,"Regulated digital-asset custody joint venture (Nomura, Ledger, CoinShares)",Verified,2026-07-12,No,Yes,No,No,No,No,No,No,0,,None,none,,url_needs_review,,,,2026-07-09,active,,
komainu-ltd,Komainu Ltd.,Vendor,3_Supporting,,https://komainu.com,"Komainu Ltd. — primary vendor website, sourced from the vendors catalog's existing verified record.",Verified,2026-07-07,No,No,No,No,No,No,Yes,No,0,,None,none,"Backfilled 2026-07-16 from pqc_authoritative_sources_reference_07162026.csv (pqc_authoritative_sources_reference) — trust_tier=3_Supporting assigned via Vendor's existing modal precedent in this registry, NOT independently researched; skim before treating as verified. Cited by 1 active migrate row(s), 1 active vendor row(s).",url_needs_review,,,,2026-07-16,active,,
kong-inc,Kong Inc.,Vendor,3_Supporting,,https://konghq.com,"Kong Inc. — primary vendor website, sourced from the vendors catalog's existing verified record.",Verified,2026-07-07,No,No,No,No,No,No,Yes,No,0,,None,none,"Backfilled 2026-07-16 from pqc_authoritative_sources_reference_07162026.csv (pqc_authoritative_sources_reference) — trust_tier=3_Supporting assigned via Vendor's existing modal precedent in this registry, NOT independently researched; skim before treating as verified. Cited by 0 active migrate row(s), 1 active vendor row(s).",url_needs_review,,,,2026-07-16,active,,
korea-telecom-corporation,Korea Telecom Corporation,Vendor,3_Supporting,APAC,https://kt.com,South Korean telecom operator; PQC and QKD technology at Quantum Korea 2026.,Verified,2026-07-27,No,No,No,No,No,No,No,No,0,,None,none,Created 2026-07-27 alongside vendor-roadmaps registration.,url_needs_review,,,,,active,,
kpqc-korea-post-quantum-crypto,KpqC — Korea Post-Quantum Cryptography Research Group,Government,2_Core,APAC,https://www.kpqc.or.kr/,"South Korea's national PQC competition/standards body; selected HAETAE, AIMer, SMAUG-T, NTRU+; APAC gap",Verified,2026-07-28,,,,,,,,No,,,,,"South Korea's national PQC competition/standards body (selected HAETAE, AIMer, SMAUG-T, NTRU+); confirmed live via WebFetch, run under initiative 'KpqC-X' with industry/academia/government collaboration; fills an APAC gap.",url_needs_review,,,,,active,,
kryotech-software,Kryotech Software,Vendor,3_Supporting,,https://vox-messenger.app,"Kryotech Software — primary vendor website, sourced from the vendors catalog's existing verified record.",Verified,2026-07-07,No,No,No,No,No,No,Yes,No,0,,None,none,"Backfilled 2026-07-16 from pqc_authoritative_sources_reference_07162026.csv (pqc_authoritative_sources_reference) — trust_tier=3_Supporting assigned via Vendor's existing modal precedent in this registry, NOT independently researched; skim before treating as verified. Cited by 1 active migrate row(s), 1 active vendor row(s).",url_needs_review,,,,2026-07-16,active,,
kryptus-solu-es-em-ti-ltda,Kryptus Soluções em TI Ltda.,Vendor,3_Supporting,,https://kryptus.com,"Kryptus Soluções em TI Ltda. — primary vendor website, sourced from the vendors catalog's existing verified record.",Verified,2026-07-07,No,No,No,No,No,No,Yes,No,0,,None,none,"Backfilled 2026-07-16 from pqc_authoritative_sources_reference_07162026.csv (pqc_authoritative_sources_reference) — trust_tier=3_Supporting assigned via Vendor's existing modal precedent in this registry, NOT independently researched; skim before treating as verified. Cited by 1 active migrate row(s), 1 active vendor row(s).",url_needs_review,,,,2026-07-16,active,,
ku-leuven-cosic,KU Leuven COSIC,Academic,3_Supporting,EMEA,https://www.esat.kuleuven.be/cosic/,Belgian cryptography and security research center,Verified,2025-12-15,Yes,Yes,Yes,No,No,No,No,No,0,,None,none,,url_authoritative,,,,2026-05-06,active,,
kudelski-group,Kudelski Group,Vendor,3_Supporting,,https://www.nagra.com,"Kudelski Group — primary vendor website, sourced from the vendors catalog's existing verified record.",Verified,2026-07-07,No,No,No,No,No,No,Yes,No,0,,None,none,"Backfilled 2026-07-16 from pqc_authoritative_sources_reference_07162026.csv (pqc_authoritative_sources_reference) — trust_tier=3_Supporting assigned via Vendor's existing modal precedent in this registry, NOT independently researched; skim before treating as verified. Cited by 0 active migrate row(s), 1 active vendor row(s).",url_needs_review,,,,2026-07-16,active,,
kudelski-iot,Kudelski IoT,Industry_Workgroup,4_Contextual,EMEA,https://www.kudelski-iot.com/,IoT security with PQC implementation; PQCA founding member,Verified,2026-02-13,No,No,Yes,No,No,No,No,No,0,,None,none,,url_needs_review,,,,2026-05-06,active,,
labour-tech,Labour Tech (UK),Industry_Workgroup,4_Contextual,EMEA,https://labour-tech.org.uk/,UK Labour-aligned technology policy network; defence and technology sovereignty policy papers,Verified,2026-07-12,No,Yes,No,No,No,No,No,No,0,,None,none,,url_needs_review,,,,2026-07-09,active,,
lakera-ag,Lakera AG,Vendor,3_Supporting,,https://lakera.ai,"Lakera AG — primary vendor website, sourced from the vendors catalog's existing verified record.",Verified,2026-07-07,No,No,No,No,No,No,Yes,No,0,,None,none,"Backfilled 2026-07-16 from pqc_authoritative_sources_reference_07162026.csv (pqc_authoritative_sources_reference) — trust_tier=3_Supporting assigned via Vendor's existing modal precedent in this registry, NOT independently researched; skim before treating as verified. Cited by 0 active migrate row(s), 1 active vendor row(s).",url_needs_review,,,,2026-07-16,active,,
landis-gyr-group-ag,Landis+Gyr Group AG,Vendor,3_Supporting,,https://www.landisgyr.com,"Landis+Gyr Group AG — primary vendor website, sourced from the vendors catalog's existing verified record.",Verified,2026-07-07,No,No,No,No,No,No,Yes,No,0,,None,none,"Backfilled 2026-07-16 from pqc_authoritative_sources_reference_07162026.csv (pqc_authoritative_sources_reference) — trust_tier=3_Supporting assigned via Vendor's existing modal precedent in this registry, NOT independently researched; skim before treating as verified. Cited by 1 active migrate row(s), 1 active vendor row(s).",url_needs_review,,,,2026-07-16,active,,
lattice-semiconductor,Lattice Semiconductor,Vendor,3_Supporting,,https://www.latticesemi.com,"Lattice Semiconductor — primary vendor website, sourced from the vendors catalog's existing verified record.",Verified,2026-07-07,No,No,No,No,No,No,Yes,No,0,,None,none,"Backfilled 2026-07-16 from pqc_authoritative_sources_reference_07162026.csv (pqc_authoritative_sources_reference) — trust_tier=3_Supporting assigned via Vendor's existing modal precedent in this registry, NOT independently researched; skim before treating as verified. Cited by 1 active migrate row(s), 1 active vendor row(s).",url_needs_review,,,,2026-07-16,active,,
ledger-sas,Ledger SAS,Vendor,3_Supporting,,https://ledger.com,"Ledger SAS — primary vendor website, sourced from the vendors catalog's existing verified record.",Verified,2026-07-07,No,No,No,No,No,No,Yes,No,0,,None,none,"Backfilled 2026-07-16 from pqc_authoritative_sources_reference_07162026.csv (pqc_authoritative_sources_reference) — trust_tier=3_Supporting assigned via Vendor's existing modal precedent in this registry, NOT independently researched; skim before treating as verified. Cited by 0 active migrate row(s), 1 active vendor row(s).",url_needs_review,,,,2026-07-16,active,,
ledger-wallet,Ledger,Vendor,2_Core,EMEA,https://www.ledger.com/,Hardware wallet vendor; publishes analyses of quantum threats to crypto key storage,Verified,2026-07-12,No,Yes,No,No,No,No,No,No,0,,None,none,,url_needs_review,,,,2026-07-09,active,,
lf-qsc,Linux Foundation QSC,Industry_Workgroup,3_Supporting,Global,https://www.linuxfoundation.org/,Open source quantum-safe cryptography implementations,Verified,2025-12-15,No,No,Yes,No,No,No,Yes,No,0,,None,none,,url_needs_review,,,,2026-05-06,active,,
libbitcoinpqc-project,libbitcoinpqc Project,Vendor,3_Supporting,,https://github.com/cryptoquick/libbitcoinpqc,,Verified,2026-07-31,No,No,No,No,No,No,No,No,0,,None,none,"Auto-created 2026-07-31 by register_vendor.py alongside vendor registration VND-532 — vendor's own primary website, not independently third-party verified.",url_needs_review,,,,,active,,
libreswan-project,Libreswan Project,Vendor,3_Supporting,,https://libreswan.org,"Libreswan Project — primary vendor website, sourced from the vendors catalog's existing verified record.",Verified,2026-07-07,No,No,No,No,No,No,Yes,No,0,,None,none,"Backfilled 2026-07-16 from pqc_authoritative_sources_reference_07162026.csv (pqc_authoritative_sources_reference) — trust_tier=3_Supporting assigned via Vendor's existing modal precedent in this registry, NOT independently researched; skim before treating as verified. Cited by 0 active migrate row(s), 1 active vendor row(s).",url_needs_review,,,,2026-07-16,active,,
libssh-project,libssh Project,Vendor,3_Supporting,,https://libssh.org,"libssh Project — primary vendor website, sourced from the vendors catalog's existing verified record.",Verified,2026-07-07,No,No,No,No,No,No,Yes,No,0,,None,none,"Backfilled 2026-07-16 from pqc_authoritative_sources_reference_07162026.csv (pqc_authoritative_sources_reference) — trust_tier=3_Supporting assigned via Vendor's existing modal precedent in this registry, NOT independently researched; skim before treating as verified. Cited by 0 active migrate row(s), 1 active vendor row(s).",url_needs_review,,,,2026-07-16,active,,
libtpms-project,libtpms Project,Vendor,3_Supporting,,https://github.com/stefanberger/libtpms,"libtpms Project — primary vendor website, sourced from the vendors catalog's existing verified record.",Verified,2026-07-07,No,No,No,No,No,No,Yes,No,0,,None,none,"Backfilled 2026-07-16 from pqc_authoritative_sources_reference_07162026.csv (pqc_authoritative_sources_reference) — trust_tier=3_Supporting assigned via Vendor's existing modal precedent in this registry, NOT independently researched; skim before treating as verified. Cited by 3 active migrate row(s), 1 active vendor row(s).",url_needs_review,,,,2026-07-16,active,,
mariadb-foundation,MariaDB Foundation,Vendor,3_Supporting,,https://mariadb.org,"MariaDB Foundation — primary vendor website, sourced from the vendors catalog's existing verified record.",Verified,2026-07-07,No,No,No,No,No,No,Yes,No,0,,None,none,"Backfilled 2026-07-16 from pqc_authoritative_sources_reference_07162026.csv (pqc_authoritative_sources_reference) — trust_tier=3_Supporting assigned via Vendor's existing modal precedent in this registry, NOT independently researched; skim before treating as verified. Cited by 0 active migrate row(s), 1 active vendor row(s).",url_needs_review,,,,2026-07-16,active,,
marvell-technology-inc,Marvell Technology Inc.,Vendor,3_Supporting,,https://marvell.com,"Marvell Technology Inc. — primary vendor website, sourced from the vendors catalog's existing verified record.",Verified,2026-07-07,No,No,No,No,No,No,Yes,No,0,,None,none,"Backfilled 2026-07-16 from pqc_authoritative_sources_reference_07162026.csv (pqc_authoritative_sources_reference) — trust_tier=3_Supporting assigned via Vendor's existing modal precedent in this registry, NOT independently researched; skim before treating as verified. Cited by 0 active migrate row(s), 1 active vendor row(s).",url_needs_review,,,,2026-07-16,active,,
mas-singapore,MAS (Monetary Authority of Singapore),Government,1_Authoritative,APAC,https://www.mas.gov.sg/,Monetary Authority of Singapore; financial-sector quantum-risk advisories (incl. MAS Circular on quantum transition),Verified,2026-07-12,No,Yes,No,No,Yes,Yes,No,No,0,,None,none,,url_authoritative,,,,2026-07-09,active,,
mastercard-incorporated,Mastercard Incorporated,Vendor,3_Supporting,,https://www.mastercard.com,"Mastercard Incorporated — primary vendor website, sourced from the vendors catalog's existing verified record.",Verified,2026-07-07,No,No,No,No,No,No,Yes,No,0,,None,none,"Backfilled 2026-07-16 from pqc_authoritative_sources_reference_07162026.csv (pqc_authoritative_sources_reference) — trust_tier=3_Supporting assigned via Vendor's existing modal precedent in this registry, NOT independently researched; skim before treating as verified. Cited by 1 active migrate row(s), 1 active vendor row(s).",url_needs_review,,,,2026-07-16,active,,
mavenir-systems-inc,Mavenir Systems Inc.,Vendor,3_Supporting,,https://mavenir.com,"Mavenir Systems Inc. — primary vendor website, sourced from the vendors catalog's existing verified record.",Verified,2026-07-07,No,No,No,No,No,No,Yes,No,0,,None,none,"Backfilled 2026-07-16 from pqc_authoritative_sources_reference_07162026.csv (pqc_authoritative_sources_reference) — trust_tier=3_Supporting assigned via Vendor's existing modal precedent in this registry, NOT independently researched; skim before treating as verified. Cited by 0 active migrate row(s), 1 active vendor row(s).",url_needs_review,,,,2026-07-16,active,,
mcgill-crypto,McGill University Cryptography,Academic,3_Supporting,Americas,https://crypto.cs.mcgill.ca/,PQCrypto steering committee member; advanced cryptographic research,Verified,2026-02-13,No,No,Yes,No,No,No,No,No,0,,None,none,,url_authoritative,,,,2026-05-06,active,,
mcit,Saudi Ministry of Communications and Information Technology (MCIT),Government,1_Authoritative,EMEA,https://www.mcit.gov.sa/,Saudi Ministry of Communications and Information Technology; national digital/crypto policy,Verified,2026-07-12,No,No,No,No,Yes,No,No,No,0,,None,none,,url_authoritative,,,,2026-07-09,active,,
mckinsey,McKinsey & Company,Industry_Analyst,3_Supporting,Global,https://www.mckinsey.com/capabilities/quantumblack/our-insights,Global management consulting firm; publishes PQC and quantum readiness research and strategic guidance,Verified,2026-05-10,No,Yes,No,No,No,No,No,No,1,2026-05-10,Active,library,Added 2026-05-10: restored library records require valid trust path,url_needs_review,McKinsey & Company,Industry_Analyst,mckinsey.com,2026-05-10,active,,
meta-engineering,Meta Engineering,Industry_Analyst,3_Supporting,Americas,https://engineering.fb.com,Meta's engineering blog and research publications including open-source PQC integration work in Fizz (TLS library) and Folly.,Verified,2026-05-06,No,Yes,No,No,No,No,No,No,0,,None,none,Added 2026-05-06: orphaned ID found in library.,url_needs_review,,,,2026-05-06,active,,
meta-platforms-inc,Meta Platforms Inc.,Vendor,3_Supporting,,https://meta.com,"Meta Platforms Inc. — primary vendor website, sourced from the vendors catalog's existing verified record.",Verified,2026-07-07,No,No,No,No,No,No,Yes,No,0,,None,none,"Backfilled 2026-07-16 from pqc_authoritative_sources_reference_07162026.csv (pqc_authoritative_sources_reference) — trust_tier=3_Supporting assigned via Vendor's existing modal precedent in this registry, NOT independently researched; skim before treating as verified. Cited by 0 active migrate row(s), 1 active vendor row(s).",url_needs_review,,,,2026-07-16,active,,
microchip,Microchip Technology,Vendor,3_Supporting,Americas,https://www.microchip.com/,Semiconductor vendor shipping post-quantum-ready root-of-trust controllers,Verified,2026-07-12,No,Yes,No,No,No,No,No,No,0,,None,none,"url responds 403 (bot-blocked, site live)",url_needs_review,,,,2026-07-09,active,,
microchip-technology-inc,Microchip Technology Inc.,Vendor,3_Supporting,,https://microchip.com,"Microchip Technology Inc. — primary vendor website, sourced from the vendors catalog's existing verified record.",Verified,2026-07-07,No,No,No,No,No,No,Yes,No,0,,None,none,"Backfilled 2026-07-16 from pqc_authoritative_sources_reference_07162026.csv (pqc_authoritative_sources_reference) — trust_tier=3_Supporting assigned via Vendor's existing modal precedent in this registry, NOT independently researched; skim before treating as verified. Cited by 3 active migrate row(s), 1 active vendor row(s).",url_needs_review,,,,2026-07-16,active,,
microsoft,Microsoft,Industry_Workgroup,2_Core,Global,https://www.microsoft.com/en-us/security/,SymCrypt PQC; Windows Server PQC; Azure Key Vault; CNSA 2.0 target 2029,Verified,2026-03-28,Yes,No,Yes,No,Yes,No,Yes,No,0,,None,none,,url_needs_review,,,,2026-05-06,active,,
microsoft-security,Microsoft Security,Industry_Analyst,2_Core,Americas,https://www.microsoft.com/en-us/security,"Microsoft Security research and product announcements including Azure PQC readiness, SymCrypt PQC integration, and Windows PQC migration.",Verified,2026-05-06,No,Yes,No,No,No,No,No,No,0,,None,none,Added 2026-05-06: orphaned ID found in library.,url_needs_review,,,,2026-05-06,active,,
mikrotik-sia,MikroTik SIA,Vendor,3_Supporting,,https://mikrotik.com,"MikroTik SIA — primary vendor website, sourced from the vendors catalog's existing verified record.",Verified,2026-07-07,No,No,No,No,No,No,Yes,No,0,,None,none,"Backfilled 2026-07-16 from pqc_authoritative_sources_reference_07162026.csv (pqc_authoritative_sources_reference) — trust_tier=3_Supporting assigned via Vendor's existing modal precedent in this registry, NOT independently researched; skim before treating as verified. Cited by 0 active migrate row(s), 1 active vendor row(s).",url_needs_review,,,,2026-07-16,active,,
mimecast,Mimecast,Vendor,3_Supporting,,https://www.mimecast.com,"Mimecast — primary vendor website, sourced from the vendors catalog's existing verified record.",Verified,2026-07-07,No,No,No,No,No,No,Yes,No,0,,None,none,"Backfilled 2026-07-16 from pqc_authoritative_sources_reference_07162026.csv (pqc_authoritative_sources_reference) — trust_tier=3_Supporting assigned via Vendor's existing modal precedent in this registry, NOT independently researched; skim before treating as verified. Cited by 1 active migrate row(s), 1 active vendor row(s).",url_needs_review,,,,2026-07-16,active,,
minimus,Minimus,Vendor,3_Supporting,,https://minimus.io,US cybersecurity vendor providing hardened minimal container/VM images.,Verified,2026-07-27,No,No,No,No,No,No,Yes,No,0,,None,none,"Created 2026-07-27 (review-proposals pass) alongside vendor registration — vendor's own primary website, not independently third-party verified beyond the GLEIF/CNPJ check already done for the vendor row.",url_needs_review,,,,,active,,
minio,MinIO,Vendor,3_Supporting,,https://min.io,"MinIO — primary vendor website, sourced from the vendors catalog's existing verified record.",Verified,2026-07-07,No,No,No,No,No,No,Yes,No,0,,None,none,"Backfilled 2026-07-16 from pqc_authoritative_sources_reference_07162026.csv (pqc_authoritative_sources_reference) — trust_tier=3_Supporting assigned via Vendor's existing modal precedent in this registry, NOT independently researched; skim before treating as verified. Cited by 1 active migrate row(s), 1 active vendor row(s).",url_needs_review,,,,2026-07-16,active,,
mit-csail,MIT CSAIL Cryptography Group,Academic,3_Supporting,Americas,https://dci.mit.edu/,Post-quantum algorithm research and cryptanalysis,Verified,2025-12-15,No,Yes,Yes,No,No,No,No,No,0,,None,none,,url_authoritative,,,,2026-05-06,active,,
mitre,MITRE Corporation,Industry_Workgroup,2_Core,Americas,https://pqc-coalition.org,"MITRE Corporation; leads the PQC Coalition — a multi-sector cooperative advancing quantum-safe migration guidance, interoperability testing, and sector-specific transition plans for critical infrastructure",Verified,2026-03-31,No,Yes,No,No,No,No,No,No,0,,None,none,,url_needs_review,,,,2026-05-06,active,,
moda-uae,Taiwan Ministry of Digital Affairs (MODA),Government,1_Authoritative,APAC,https://moda.gov.tw,"Taiwan's Ministry of Digital Affairs (MODA), via its Administration for Digital Industries (ADI), drives the national five-year PQC promotion programme referenced by timeline rows 'Five-Year PQC Plan' and 'Interim Quantum-Safe Milestone'.",Verified,2026-07-13,No,No,No,No,Yes,No,No,No,0,,None,none,"Corrected 2026-07-13: source_id retained (sacred per CSVmaintenance.md) but every other field was wrong — this row previously described a nonexistent ""UAE Digital Government Authority (MODA)"" with an empty primary_url. Both timeline rows citing this trusted_source_id are actually about Taiwan's real Ministry of Digital Affairs (moda.gov.tw); confirmed live 2026-07-13 (HTTP 200 on both the homepage and the exact SourceUrl one timeline row cites).",url_authoritative,,,,2026-07-09,active,,
mongodb-inc,MongoDB Inc.,Vendor,3_Supporting,,https://mongodb.com,"MongoDB Inc. — primary vendor website, sourced from the vendors catalog's existing verified record.",Verified,2026-07-07,No,No,No,No,No,No,Yes,No,0,,None,none,"Backfilled 2026-07-16 from pqc_authoritative_sources_reference_07162026.csv (pqc_authoritative_sources_reference) — trust_tier=3_Supporting assigned via Vendor's existing modal precedent in this registry, NOT independently researched; skim before treating as verified. Cited by 0 active migrate row(s), 1 active vendor row(s).",url_needs_review,,,,2026-07-16,active,,
mozilla,Mozilla Foundation,Vendor,2_Core,Americas,https://www.mozilla.org/,"Developer of Firefox, Thunderbird, and NSS (Network Security Services). Firefox 124+ implements ML-KEM-768 hybrid TLS 1.3 PQC by default. NSS library underpins all Mozilla products and is the authoritative PQC TLS implementation for the Mozilla ecosystem.",Verified,2026-03-28,No,No,No,No,No,No,Yes,No,0,,Partial,products,Firefox and NSS in migrate catalog. QUBIP project deliverable and KhanNoumanAli PQC paper on file.,url_needs_review,,,,2026-05-06,active,,
mozilla-corporation,Mozilla Corporation,Industry_Workgroup,3_Supporting,,https://www.mozilla.org,"Mozilla Corporation — primary vendor website, sourced from the vendors catalog's existing verified record.",Verified,2026-07-07,No,No,No,No,No,No,Yes,No,0,,None,none,"Backfilled 2026-07-16 from pqc_authoritative_sources_reference_07162026.csv (pqc_authoritative_sources_reference) — trust_tier=3_Supporting assigned via Industry_Workgroup's existing modal precedent in this registry, NOT independently researched; skim before treating as verified. Cited by 1 active migrate row(s), 0 active vendor row(s).",url_needs_review,,,,2026-07-16,active,,
mpi-sp,Max Planck Institute Security and Privacy,Academic,3_Supporting,EMEA,https://www.mpi-sp.org/,German research institute contributing to NIST PQC standardization efforts,Verified,2026-02-13,No,No,Yes,No,No,No,No,No,0,,None,none,,url_authoritative,,,,2026-05-06,active,,
msb-sweden,"Myndigheten för samhällsskydd och beredskap (MSB, Sweden)",Government,1_Authoritative,EMEA,https://www.msb.se/en,Swedish Civil Contingencies Agency — civil-contingency umbrella covering cybersecurity. Algorithm-level guidance lives in MSB Metodstöd documents and via NCSC-SE which sits across SÄPO/MSB depending on topic.,Verified,2026-05-16,No,No,No,No,No,Yes,No,No,0,,None,none,Added 2026-05-16 for geographic depth P1 #14.,url_authoritative,,,,2026-05-16,active,,
msit-korea,"MSIT (Ministry of Science and ICT, Korea)",Government,1_Authoritative,APAC,https://www.msit.go.kr/,Korean Ministry of Science and ICT; national PQC master plan and K-PQC standardization,Verified,2026-07-12,No,No,No,No,Yes,No,No,No,0,,None,none,,url_authoritative,,,,2026-07-09,active,,
mtg-ag,MTG AG,Vendor,3_Supporting,,https://www.mtg.de,"MTG AG — primary vendor website, sourced from the vendors catalog's existing verified record.",Verified,2026-07-07,No,No,No,No,No,No,Yes,No,0,,None,none,"Backfilled 2026-07-16 from pqc_authoritative_sources_reference_07162026.csv (pqc_authoritative_sources_reference) — trust_tier=3_Supporting assigned via Vendor's existing modal precedent in this registry, NOT independently researched; skim before treating as verified. Cited by 0 active migrate row(s), 1 active vendor row(s).",url_needs_review,,,,2026-07-16,active,,
mullvad-vpn-ab,Mullvad VPN AB,Vendor,3_Supporting,,https://mullvad.net,"Mullvad VPN AB — primary vendor website, sourced from the vendors catalog's existing verified record.",Verified,2026-07-07,No,No,No,No,No,No,Yes,No,0,,None,none,"Backfilled 2026-07-16 from pqc_authoritative_sources_reference_07162026.csv (pqc_authoritative_sources_reference) — trust_tier=3_Supporting assigned via Vendor's existing modal precedent in this registry, NOT independently researched; skim before treating as verified. Cited by 0 active migrate row(s), 1 active vendor row(s).",url_needs_review,,,,2026-07-16,active,,
munich-re,Munich Re,Industry_Analyst,2_Core,Global,https://www.munichre.com/,Major reinsurer research arm; annual Cyber Insurance: Risks and Trends report with a dedicated quantum/PQC section — insurance-sector grounding for the industry-landscape source (Geneva Association/IAIS/EIOPA verified 2026-07-29 to have no quantum publication),Verified,2026-07-29,No,No,No,Yes,No,No,No,No,0,,None,none,,url_needs_review,,,,2026-07-29,active,,
mycc,MyCC (Malaysian Common Criteria Evaluation and Certification Scheme),Government,1_Authoritative,APAC,https://www.cybersecurity.my/portal-main/services/malaysian-common-criteria-scheme-overview,"Malaysia Common Criteria scheme, operated by CyberSecurity Malaysia (MyCB).",Verified,2026-07-31,No,No,No,No,No,Yes,No,No,0,,None,none,"Added 2026-07-31 (WP-3.3, remediation plan) -- cross-links the compliance-landscape certification-body row added in the same batch (Phase 5 B1). URL and description sourced from the same real document fetched for that row.",url_needs_review,,,,2026-07-31,active,,
n-able-technologies-inc,N-able Technologies Inc.,Vendor,3_Supporting,,https://n-able.com,US IT/RMM management software vendor (NYSE: NABL); FIPS 140-3 validated crypto module.,Verified,2026-07-27,No,No,No,No,No,No,Yes,No,0,,None,none,"Created 2026-07-27 (review-proposals pass) alongside vendor registration — vendor's own primary website, not independently third-party verified beyond the GLEIF/CNPJ check already done for the vendor row.",url_needs_review,,,,,active,,
nacsa-malaysia,NACSA Malaysia,Government,2_Core,APAC,https://www.nacsa.gov.my/,Malaysia National Cyber Security Agency; regional PQC coordination,Verified,2026-03-28,No,No,No,No,Yes,No,No,No,0,,None,none,,url_authoritative,,,,2026-05-06,active,,
nacsa-national-cyber-security-agency-malaysia,"NACSA (National Cyber Security Agency, Malaysia)",Vendor,3_Supporting,,https://www.cybersecurity.my,"NACSA (National Cyber Security Agency, Malaysia) — primary vendor website, sourced from the vendors catalog's existing verified record.",Verified,2026-07-07,No,No,No,No,No,No,Yes,No,0,,None,none,"Backfilled 2026-07-16 from pqc_authoritative_sources_reference_07162026.csv (pqc_authoritative_sources_reference) — trust_tier=3_Supporting assigned via Vendor's existing modal precedent in this registry, NOT independently researched; skim before treating as verified. Cited by 0 active migrate row(s), 1 active vendor row(s).",url_needs_review,,,,2026-07-16,active,,
naic,National Association of Insurance Commissioners,Standards_Body,2_Core,North_America,https://www.naic.org/,NAIC Model Law MDL-668; insurance data security requirements,Verified,2026-03-28,No,Yes,No,Yes,No,No,No,No,0,,None,none,,url_authoritative,,,,2026-05-06,active,,
nask-cc,NASK Common Criteria Certification (Poland),Government,1_Authoritative,EMEA,https://certyfikacja.nask.pl/en/en-common-criteria/,"Poland Common Criteria certification scheme, operated by the NASK Certification Body.",Verified,2026-07-31,No,No,No,No,No,Yes,No,No,0,,None,none,"Added 2026-07-31 (WP-3.3, remediation plan) -- cross-links the compliance-landscape certification-body row added in the same batch (Phase 5 B1). URL and description sourced from the same real document fetched for that row.",url_needs_review,,,,2026-07-31,active,,
national-institute-of-information-and-communications-technology,National Institute of Information and Communications Technology,Vendor,3_Supporting,,https://www.nict.go.jp,"National Institute of Information and Communications Technology — primary vendor website, sourced from the vendors catalog's existing verified record.",Verified,2026-07-07,No,No,No,No,No,No,Yes,No,0,,None,none,"Backfilled 2026-07-16 from pqc_authoritative_sources_reference_07162026.csv (pqc_authoritative_sources_reference) — trust_tier=3_Supporting assigned via Vendor's existing modal precedent in this registry, NOT independently researched; skim before treating as verified. Cited by 0 active migrate row(s), 1 active vendor row(s).",url_needs_review,,,,2026-07-16,active,,
national-security-research-institute-nsri-nis,National Security Research Institute (NSRI / NIS),Vendor,3_Supporting,,https://www.nsr.re.kr,"National Security Research Institute (NSRI / NIS) — primary vendor website, sourced from the vendors catalog's existing verified record.",Verified,2026-07-07,No,No,No,No,No,No,Yes,No,0,,None,none,"Backfilled 2026-07-16 from pqc_authoritative_sources_reference_07162026.csv (pqc_authoritative_sources_reference) — trust_tier=3_Supporting assigned via Vendor's existing modal precedent in this registry, NOT independently researched; skim before treating as verified. Cited by 0 active migrate row(s), 1 active vendor row(s).",url_needs_review,,,,2026-07-16,active,,
nato,NATO,Government,2_Core,Global,https://www.nato.int/,North Atlantic Treaty Organization; quantum-readiness strategy for allied defense,Verified,2026-03-28,No,No,No,Yes,Yes,No,No,No,0,,None,none,,url_authoritative,,,,2026-05-06,active,,
ncsa-qa-qccs,NCSA Qatar Common Criteria Scheme (QCCS),Government,1_Authoritative,EMEA,https://assurance.ncsa.gov.qa/en/certification/qccs,Qatar Common Criteria Scheme; National Cyber Security Agency became a CCRA certification-issuing member in 2023 -- first in MENA.,Verified,2026-07-31,No,No,No,No,No,Yes,No,No,0,,None,none,"Added 2026-07-31 -- completes the B3 cross-link set; evidence for the compliance row was user-provided (manual save), every automated fetch tier returned a JS shell.",url_authoritative,,,,2026-07-31,active,,
ncsa-thailand,NCSA Thailand (National Cyber Security Agency),Government,2_Core,APAC,https://ncsa.or.th/,Thailand's National Cyber Security Agency; publishes the Quantum-Ready 2030 national PQC transition roadmap. Distinct from Malaysia's NACSA (nacsa-malaysia) and Qatar's NCSA (qatar-national-cyber-security).,Verified,2026-08-07,No,No,No,No,Yes,No,No,No,0,,None,none,Added 2026-08-07 (timeline refresh remediation): resolves a trusted_source_id gap for a Phase-2 intake timeline row.,url_needs_review,,,,2026-08-07,active,,
ncsc-fi,NCSC-FI / Traficom Finland Cyber Security Centre,Government,1_Authoritative,EMEA,https://www.kyberturvallisuuskeskus.fi/en,Finnish National Cyber Security Centre (under Traficom). 'Kyberturvallisuuden tilannekuva' and associated technical bulletins are the citable channel; guidance is technically precise and often underrated regionally.,Verified,2026-05-16,No,No,No,No,Yes,Yes,No,No,0,,None,none,Added 2026-05-16 for geographic depth P1 #14.,url_authoritative,,,,2026-05-16,active,,
ncsc-nl,NCSC Netherlands Post-Quantum,Government,1_Authoritative,EMEA,https://www.ncsc.nl/,Dutch cybersecurity center quantum transition guidance,Verified,2025-12-15,No,Yes,No,No,Yes,Yes,No,No,1,2024-11-01,Active,library,Fixed tagging: library_csv timeline_csv compliance_csv,url_authoritative,,,,2026-05-06,active,,
ncsc-sweden,NCSC Sweden (Nationellt Cybersäkerhetscenter),Government,2_Core,EMEA,https://www.ncsc.se/,"Sweden's National Cybersecurity Center, hosted by FRA (Swedish National Defence Radio Establishment); publishes national PQC transition recommendations. Distinct from the pre-existing sncsa-sweden entry (MSB, Swedish Civil Contingencies Agency) — different agency, different domain.",Verified,2026-08-07,No,No,No,No,Yes,No,No,No,0,,None,none,Added 2026-08-07 (timeline refresh remediation): resolves a trusted_source_id gap for a Phase-2 intake timeline row.,url_needs_review,,,,2026-08-07,active,,
ncsc-switzerland,NCSC Switzerland (National Cyber Security Centre),Government,2_Core,EMEA,https://www.ncsc.admin.ch/,Switzerland's federal National Cyber Security Centre; publishes PQC technology briefs and guidance.,Verified,2026-08-07,No,No,No,No,Yes,No,No,No,0,,None,none,Added 2026-08-07 (timeline refresh remediation): resolves a trusted_source_id gap for a Phase-2 intake timeline row.,url_needs_review,,,,2026-08-07,active,,
ncsc-uk,NCSC UK Quantum Security,Government,1_Authoritative,EMEA,https://www.ncsc.gov.uk/whitepaper/quantum-safe-cryptography,UK National Cyber Security Centre quantum threat guidance,Verified,2026-02-13,No,Yes,No,No,Yes,No,No,No,3,2025-05-01,Blocked,library,Fixed tagging: library_csv timeline_csv compliance_csv; site requires JS rendering,url_authoritative,,,,2026-05-06,active,,
ndpc-nigeria,Nigeria Data Protection Commission,Government,1_Authoritative,EMEA,https://ndpc.gov.ng/,Nigeria Data Protection Commission; national data-protection regulation,Verified,2026-07-12,No,No,No,No,Yes,No,No,No,0,,None,none,,url_authoritative,,,,2026-07-09,active,,
nec-corporation,NEC Corporation,Vendor,3_Supporting,,https://nec.com,"NEC Corporation — primary vendor website, sourced from the vendors catalog's existing verified record.",Verified,2026-07-07,No,No,No,No,No,No,Yes,No,0,,None,none,"Backfilled 2026-07-16 from pqc_authoritative_sources_reference_07162026.csv (pqc_authoritative_sources_reference) — trust_tier=3_Supporting assigned via Vendor's existing modal precedent in this registry, NOT independently researched; skim before treating as verified. Cited by 0 active migrate row(s), 1 active vendor row(s).",url_needs_review,,,,2026-07-16,active,,
nedo-japan,NEDO (New Energy & Industrial Technology Dev. Org.),Government,1_Authoritative,APAC,https://www.nedo.go.jp/,Japanese New Energy and Industrial Technology Development Organization; funds quantum/PQC R&D programs,Verified,2026-07-12,No,No,No,No,Yes,No,No,No,0,,None,none,,url_authoritative,,,,2026-07-09,active,,
nedo-new-energy-and-industrial-technology-development-organization,NEDO (New Energy and Industrial Technology Development Organization),Vendor,3_Supporting,,https://www.nedo.go.jp,"NEDO (New Energy and Industrial Technology Development Organization) — primary vendor website, sourced from the vendors catalog's existing verified record.",Verified,2026-07-07,No,No,No,No,No,No,Yes,No,0,,None,none,"Backfilled 2026-07-16 from pqc_authoritative_sources_reference_07162026.csv (pqc_authoritative_sources_reference) — trust_tier=3_Supporting assigned via Vendor's existing modal precedent in this registry, NOT independently researched; skim before treating as verified. Cited by 0 active migrate row(s), 1 active vendor row(s).",url_needs_review,,,,2026-07-16,active,,
nerc,North American Electric Reliability Corporation,Standards_Body,2_Core,North_America,https://www.nerc.com/,NERC CIP critical infrastructure protection standards for bulk power,Verified,2026-03-28,No,No,No,No,No,Yes,No,No,0,,None,none,,url_authoritative,,,,2026-05-06,active,,
netapp,NetApp,Vendor,3_Supporting,,https://www.netapp.com,"NetApp — primary vendor website, sourced from the vendors catalog's existing verified record.",Verified,2026-07-07,No,No,No,No,No,No,Yes,No,0,,None,none,"Backfilled 2026-07-16 from pqc_authoritative_sources_reference_07162026.csv (pqc_authoritative_sources_reference) — trust_tier=3_Supporting assigned via Vendor's existing modal precedent in this registry, NOT independently researched; skim before treating as verified. Cited by 1 active migrate row(s), 1 active vendor row(s).",url_needs_review,,,,2026-07-16,active,,
netgate-inc,Netgate Inc.,Vendor,3_Supporting,,https://netgate.com,"Netgate Inc. — primary vendor website, sourced from the vendors catalog's existing verified record.",Verified,2026-07-07,No,No,No,No,No,No,Yes,No,0,,None,none,"Backfilled 2026-07-16 from pqc_authoritative_sources_reference_07162026.csv (pqc_authoritative_sources_reference) — trust_tier=3_Supporting assigned via Vendor's existing modal precedent in this registry, NOT independently researched; skim before treating as verified. Cited by 0 active migrate row(s), 1 active vendor row(s).",url_needs_review,,,,2026-07-16,active,,
netsfere-infinite-convergence-solutions,NetSfere (Infinite Convergence Solutions),Vendor,3_Supporting,,https://netsfere.com,"NetSfere (Infinite Convergence Solutions) — primary vendor website, sourced from the vendors catalog's existing verified record.",Verified,2026-07-07,No,No,No,No,No,No,Yes,No,0,,None,none,"Backfilled 2026-07-16 from pqc_authoritative_sources_reference_07162026.csv (pqc_authoritative_sources_reference) — trust_tier=3_Supporting assigned via Vendor's existing modal precedent in this registry, NOT independently researched; skim before treating as verified. Cited by 1 active migrate row(s), 1 active vendor row(s).",url_needs_review,,,,2026-07-16,active,,
netskope-inc,"Netskope, Inc.",Vendor,3_Supporting,,https://www.netskope.com,"Netskope, Inc. — primary vendor website, sourced from the vendors catalog's existing verified record.",Verified,2026-07-07,No,No,No,No,No,No,Yes,No,0,,None,none,"Backfilled 2026-07-16 from pqc_authoritative_sources_reference_07162026.csv (pqc_authoritative_sources_reference) — trust_tier=3_Supporting assigned via Vendor's existing modal precedent in this registry, NOT independently researched; skim before treating as verified. Cited by 2 active migrate row(s), 1 active vendor row(s).",url_needs_review,,,,2026-07-16,active,,
niap,NIAP (National Information Assurance Partnership),Government,1_Authoritative,Americas,https://www.niap-ccevs.org/,US National Information Assurance Partnership; Common Criteria evaluation and validation scheme with CNSA 2.0 protection profiles,Verified,2026-07-12,No,Yes,No,No,No,Yes,No,No,0,,None,none,,url_authoritative,,,,2026-07-09,active,,
nist,National Institute of Standards and Technology,Government,1_Authoritative,Americas,https://www.nist.gov/,"US national metrology and standards institute. General entry for NIST publications outside the CSRC, Internal Report and news collections — e.g. Special Publications served from nvlpubs.nist.gov.",Verified,2026-08-09,No,Yes,Yes,No,No,Yes,No,No,,,,,"Registered 2026-08-09. NIST-SP-800-171Ar3 cited trusted_source_id=nist, which resolved to nothing. Added as a general entry rather than repointing the row at nist-csrc: SPs are served from nvlpubs.nist.gov and are not CSRC-project or IR documents, so a catch-all is the honest mapping. URL verified live 2026-08-09 via the resilient fetcher (200, 95,135b).",url_authoritative,National Institute of Standards and Technology,Government,nist.gov,2026-08-09,active,,
nist-csrc,NIST Computer Security Resource Center,Government,1_Authoritative,Americas,https://csrc.nist.gov/projects/post-quantum-cryptography,Primary PQC standardization authority; FIPS standards and technical specifications,Verified,2026-02-13,Yes,Yes,Yes,No,Yes,Yes,Yes,No,86,2026-05-07,Active,library,Fixed tagging: library_csv timeline_csv compliance_csv,url_authoritative,,,,2026-05-06,active,,
nist-ir,NIST IR Publications,Government,1_Authoritative,Americas,https://csrc.nist.gov/publications/search,"Implementation guidance and technical reports (IR 8413, IR 8547)",Verified,2025-12-15,No,Yes,Yes,No,No,No,No,No,0,,Active,library,Fixed tagging: library_csv timeline_csv,url_authoritative,,,,2026-05-06,active,,
nist-nccoe-migration-to-post-q,NIST NCCoE — Migration to Post-Quantum Cryptography,Government,1_Authoritative,Americas,https://www.nccoe.nist.gov/applied-cryptography/migration-to-pqc,NIST National Cybersecurity Center of Excellence project on practical PQC migration guidance,Verified,2026-07-28,,,,,,,,No,,,,,"Distinct subdomain from already-tracked NIST CSRC/nist.gov entries; runs NIST's applied PQC migration practice-guide project (SP 1800-38 series). Automated fetch returned 403 (bot-block, not a dead link) -- domain and project are well-established.",url_authoritative,,,,,active,,
nist-news,NIST News & Events,Government,1_Authoritative,Americas,https://www.nist.gov/news-events,Official NIST announcements for PQC milestones and algorithm selections,Verified,2026-02-13,No,No,Yes,No,Yes,No,No,No,0,,Active,timeline,Fixed tagging: timeline_csv,url_authoritative,,,,2026-05-06,active,,
nitda-nigeria-national-informa,NITDA — Nigeria National Information Technology Development Agency,Government,3_Supporting,EMEA,https://nitda.gov.ng/,Nigeria's national IT regulator; oversees IT standardization and cybersecurity coordination,Verified,2026-07-28,,,,,,,,No,,,,,"Confirmed live via WebFetch. Distinct from already-tracked Nigeria Data Protection Commission (ndpc-nigeria); general-purpose IT regulator, no PQC-specific pub verified.",url_authoritative,,,,,active,,
nixos-foundation,NixOS Foundation,Vendor,3_Supporting,,https://nixos.org,"NixOS Foundation — primary vendor website, sourced from the vendors catalog's existing verified record.",Verified,2026-07-07,No,No,No,No,No,No,Yes,No,0,,None,none,"Backfilled 2026-07-16 from pqc_authoritative_sources_reference_07162026.csv (pqc_authoritative_sources_reference) — trust_tier=3_Supporting assigned via Vendor's existing modal precedent in this registry, NOT independently researched; skim before treating as verified. Cited by 0 active migrate row(s), 1 active vendor row(s).",url_needs_review,,,,2026-07-16,active,,
nl-aivd,AIVD (Dutch General Intelligence and Security Service),Government,1_Authoritative,Europe,https://english.aivd.nl/,Netherlands' General Intelligence and Security Service -- publishes national cybersecurity guidance including PQC migration handbooks.,Pending,2026-07-16,No,No,No,No,Yes,No,No,No,0,,None,none,"Added 2026-07-16 during timeline maintainer-process remediation (Phase 1.2). trust_tier=1_Authoritative assigned by precedent-match against this registry's existing Government-type curation (national/supranational official portal, same profile as ccn-spain/ncsc-nl/ec/ndpc-nigeria/msit-korea) -- not guessed, but flag for a human spot-check via review-trusted-sources.",url_needs_review,,,,2026-07-16,active,,
nlncsa,NLNCSA Netherlands,Government,2_Core,EMEA,https://www.ncsc.nl/,Netherlands National Communication Security Agency; PQC transition,Verified,2026-03-28,No,No,No,No,Yes,No,No,No,0,,None,none,,url_authoritative,,,,2026-05-06,active,,
nokia,Nokia,Industry_Workgroup,3_Supporting,Global,https://www.nokia.com/,5G network security and PQC readiness; quantum-safe transport networks,Verified,2026-03-28,No,No,No,No,No,No,Yes,No,0,,None,none,,url_needs_review,,,,2026-05-06,active,,
nord-security,Nord Security,Vendor,3_Supporting,,https://nordvpn.com,"Nord Security — primary vendor website, sourced from the vendors catalog's existing verified record.",Verified,2026-07-07,No,No,No,No,No,No,Yes,No,0,,None,none,"Backfilled 2026-07-16 from pqc_authoritative_sources_reference_07162026.csv (pqc_authoritative_sources_reference) — trust_tier=3_Supporting assigned via Vendor's existing modal precedent in this registry, NOT independently researched; skim before treating as verified. Cited by 1 active migrate row(s), 1 active vendor row(s).",url_needs_review,,,,2026-07-16,active,,
novachips-co-ltd,"Novachips Co., Ltd.",Vendor,3_Supporting,,https://www.novachips.com,"Novachips Co., Ltd. — primary vendor website, sourced from the vendors catalog's existing verified record.",Verified,2026-07-07,No,No,No,No,No,No,Yes,No,0,,None,none,"Backfilled 2026-07-16 from pqc_authoritative_sources_reference_07162026.csv (pqc_authoritative_sources_reference) — trust_tier=3_Supporting assigned via Vendor's existing modal precedent in this registry, NOT independently researched; skim before treating as verified. Cited by 1 active migrate row(s), 1 active vendor row(s).",url_needs_review,,,,2026-07-16,active,,
nozomi-networks-inc,Nozomi Networks Inc.,Vendor,3_Supporting,,https://nozomi.com,"Nozomi Networks Inc. — primary vendor website, sourced from the vendors catalog's existing verified record.",Verified,2026-07-07,No,No,No,No,No,No,Yes,No,0,,None,none,"Backfilled 2026-07-16 from pqc_authoritative_sources_reference_07162026.csv (pqc_authoritative_sources_reference) — trust_tier=3_Supporting assigned via Vendor's existing modal precedent in this registry, NOT independently researched; skim before treating as verified. Cited by 0 active migrate row(s), 1 active vendor row(s).",url_needs_review,,,,2026-07-16,active,,
nrc,U.S. Nuclear Regulatory Commission,Government,1_Authoritative,North_America,https://www.nrc.gov/,10 CFR 73.54 cybersecurity requirements for nuclear facilities,Verified,2026-03-28,No,No,No,Yes,No,No,No,No,0,,None,none,,url_authoritative,,,,2026-05-06,active,,
ns-3-project,ns-3 Project,Vendor,3_Supporting,,https://www.nsnam.org,"ns-3 Project — primary vendor website, sourced from the vendors catalog's existing verified record.",Verified,2026-07-07,No,No,No,No,No,No,Yes,No,0,,None,none,"Backfilled 2026-07-16 from pqc_authoritative_sources_reference_07162026.csv (pqc_authoritative_sources_reference) — trust_tier=3_Supporting assigned via Vendor's existing modal precedent in this registry, NOT independently researched; skim before treating as verified. Cited by 1 active migrate row(s), 1 active vendor row(s).",url_needs_review,,,,2026-07-16,active,,
nsa-advisory,NSA Cybersecurity Advisory,Government,1_Authoritative,Americas,https://www.nsa.gov/Press-Room/Cybersecurity-Advisories-Guidance/,CNSA 2.0 guidance and National Security System requirements,Verified,2025-12-15,No,Yes,No,No,Yes,Yes,No,No,9,2026-05-07,Blocked,library,Fixed tagging: library_csv timeline_csv compliance_csv; media.defense.gov blocks automated access,url_authoritative,,,,2026-05-06,active,,
nsa-media,NSA Media Defense Portal,Government,1_Authoritative,Americas,https://media.defense.gov/,Official NSA/DoD technical documentation and FAQ releases,Verified,2025-12-15,No,Yes,No,No,No,No,No,No,0,,Blocked,library,media.defense.gov returns 403 for automated download,url_authoritative,,,,2026-05-06,active,,
nscib,NSCIB (Netherlands Scheme for Certification in the Area of IT Security),Government,1_Authoritative,EMEA,https://trustcb.com/common-criteria/nscib/,"Netherlands Common Criteria certification scheme, operated by TrustCB.",Verified,2026-07-31,No,No,No,No,No,Yes,No,No,0,,None,none,"Added 2026-07-31 (WP-3.3, remediation plan) -- cross-links the compliance-landscape certification-body row added in the same batch (Phase 5 B1). URL and description sourced from the same real document fetched for that row.",url_needs_review,,,,2026-07-31,active,,
nsm-norway,Nasjonal sikkerhetsmyndighet (Norway),Government,1_Authoritative,EMEA,https://nsm.no/,Norwegian National Security Authority. 'Grunnprinsipper for IKT-sikkerhet' is the closest Nordic equivalent to NIST CSF; NSM has published explicit PQC positioning and is the unambiguous primary Nordic authority for crypto guidance.,Verified,2026-05-16,No,No,No,No,Yes,Yes,No,No,0,,None,none,Added 2026-05-16 for geographic depth P1 #14.,url_authoritative,,,,2026-05-16,active,,
ntia,NTIA (National Telecommunications and Information Administration),Government,1_Authoritative,Americas,https://www.ntia.gov/,US Commerce Department agency; SBOM minimum-elements guidance and telecom policy,Verified,2026-07-12,No,Yes,No,No,No,No,No,No,0,,None,none,,url_authoritative,,,,2026-07-09,active,,
ntnu-crypto,Norwegian University of Science and Technology,Academic,4_Contextual,EMEA,https://www.ntnu.edu/,PQCrypto steering committee member; Nordic PQC research leadership,Verified,2026-02-13,No,No,Yes,No,No,No,No,No,0,,None,none,,url_authoritative,,,,2026-05-06,active,,
ntt-corporation,NTT Corporation,Vendor,3_Supporting,,https://www.ntt.com,"NTT Corporation — primary vendor website, sourced from the vendors catalog's existing verified record.",Verified,2026-07-07,No,No,No,No,No,No,Yes,No,0,,None,none,"Backfilled 2026-07-16 from pqc_authoritative_sources_reference_07162026.csv (pqc_authoritative_sources_reference) — trust_tier=3_Supporting assigned via Vendor's existing modal precedent in this registry, NOT independently researched; skim before treating as verified. Cited by 1 active migrate row(s), 1 active vendor row(s).",url_needs_review,,,,2026-07-16,active,,
ntt-research,NTT Research,Academic,3_Supporting,APAC,https://ntt-research.com/,Japanese research lab; cryptographic protocol research and PQC studies,Verified,2026-03-28,No,No,Yes,No,No,No,No,No,0,,None,none,,url_authoritative,,,,2026-05-06,active,,
nukib,NUKIB Czech Republic,Government,2_Core,EMEA,https://www.nukib.cz/,Czech National Cyber and Information Security Agency; PQC migration guidance,Verified,2026-03-28,No,No,No,No,Yes,Yes,No,No,0,,None,none,,url_authoritative,,,,2026-05-06,active,,
nus-cqt,National University of Singapore CQT,Academic,3_Supporting,APAC,https://www.quantumlah.org/,Centre for Quantum Technologies PQC research,Verified,2025-12-15,No,No,Yes,No,No,No,No,No,0,,None,none,,url_authoritative,,,,2026-05-06,active,,
nutanix,Nutanix,Vendor,3_Supporting,,https://www.nutanix.com,"Nutanix — primary vendor website, sourced from the vendors catalog's existing verified record.",Verified,2026-07-07,No,No,No,No,No,No,Yes,No,0,,None,none,"Backfilled 2026-07-16 from pqc_authoritative_sources_reference_07162026.csv (pqc_authoritative_sources_reference) — trust_tier=3_Supporting assigned via Vendor's existing modal precedent in this registry, NOT independently researched; skim before treating as verified. Cited by 1 active migrate row(s), 1 active vendor row(s).",url_needs_review,,,,2026-07-16,active,,
nuvoton-technology-corporation,Nuvoton Technology Corporation,Vendor,3_Supporting,,https://www.nuvoton.com,"Nuvoton Technology Corporation — primary vendor website, sourced from the vendors catalog's existing verified record.",Verified,2026-07-07,No,No,No,No,No,No,Yes,No,0,,None,none,"Backfilled 2026-07-16 from pqc_authoritative_sources_reference_07162026.csv (pqc_authoritative_sources_reference) — trust_tier=3_Supporting assigned via Vendor's existing modal precedent in this registry, NOT independently researched; skim before treating as verified. Cited by 1 active migrate row(s), 1 active vendor row(s).",url_needs_review,,,,2026-07-16,active,,
nvidia-corporation,Nvidia Corporation,Vendor,3_Supporting,,https://nvidia.com,"Nvidia Corporation — primary vendor website, sourced from the vendors catalog's existing verified record.",Verified,2026-07-07,No,No,No,No,No,No,Yes,No,0,,None,none,"Backfilled 2026-07-16 from pqc_authoritative_sources_reference_07162026.csv (pqc_authoritative_sources_reference) — trust_tier=3_Supporting assigned via Vendor's existing modal precedent in this registry, NOT independently researched; skim before treating as verified. Cited by 1 active migrate row(s), 1 active vendor row(s).",url_needs_review,,,,2026-07-16,active,,
nxp-semiconductors-nv,NXP Semiconductors N.V.,Vendor,3_Supporting,,https://nxp.com,"NXP Semiconductors N.V. — primary vendor website, sourced from the vendors catalog's existing verified record.",Verified,2026-07-07,No,No,No,No,No,No,Yes,No,0,,None,none,"Backfilled 2026-07-16 from pqc_authoritative_sources_reference_07162026.csv (pqc_authoritative_sources_reference) — trust_tier=3_Supporting assigned via Vendor's existing modal precedent in this registry, NOT independently researched; skim before treating as verified. Cited by 5 active migrate row(s), 1 active vendor row(s).",url_needs_review,,,,2026-07-16,active,,
nydfs,New York Dept of Financial Services,Government,2_Core,North_America,https://www.dfs.ny.gov/,23 NYCRR 500 cybersecurity regulation for financial services,Verified,2026-03-28,No,No,No,Yes,No,No,No,No,0,,None,none,,url_authoritative,,,,2026-05-06,active,,
nzism,New Zealand Information Security Manual (NZISM),Government,1_Authoritative,Asia-Pacific,https://www.nzism.gcsb.govt.nz,New Zealand government information security manual published by GCSB. Covers PQC migration guidance for NZ government agencies.,Verified,2026-05-06,No,Yes,No,No,Yes,No,No,No,0,,None,none,"Added 2026-05-06: orphaned ID found in library, timeline files.",url_authoritative,,,,2026-05-06,active,,
oaic,Office of the Australian Information Commissioner,Government,1_Authoritative,APAC,https://www.oaic.gov.au/,"Australian privacy regulator. Enforces the Privacy Act 1988 / Australian Privacy Principles, including reasonable-steps cryptographic protection of personal information.",Verified,2026-05-16,No,No,No,No,No,Yes,No,No,0,,None,none,Added 2026-05-16 to resolve compliance.AU-PRIVACY-ACT trusted_source_id orphan.,url_authoritative,,,,2026-05-16,active,,
oas-cybersecurity-program-cict,OAS Cybersecurity Program (CICTE),Government,3_Supporting,Americas,https://www.oas.org/ext/en/security/prog-cyber,Organization of American States Cybersecurity Program; coordinates cybersecurity capacity and the CSIRTAmericas network across 20+ LatAm/Caribbean states,Verified,2026-07-28,,,,,,,,No,,,,,Confirmed live (200 via curl; automated content fetch blocked with 403). Fills a pan-Latin-American regional-coordination gap; no PQC-specific content verified.,url_needs_review,,,,,active,,
oasis,OASIS,Standards_Body,2_Core,Global,https://www.oasis-open.org/,Organization for Structured Information Standards; PKCS#11 v3.2 and KMIP PQC,Verified,2026-03-28,No,Yes,No,No,No,Yes,No,No,0,,None,none,,url_authoritative,,,,2026-05-06,active,,
oasis-csaf,OASIS CSAF Technical Committee,Standards_Body,2_Core,Global,https://www.oasis-open.org/committees/csaf/,OASIS Common Security Advisory Framework; machine-readable security advisory standard,Verified,2026-07-12,No,Yes,No,No,No,No,No,No,0,,None,none,,url_authoritative,,,,2026-07-09,active,,
oasis-open,OASIS Open,Standards_Body,2_Core,Global,https://www.oasis-open.org,"Open standards consortium responsible for SAML, OpenDocument, and emerging PQC-related identity and messaging standards.",Verified,2026-05-06,No,Yes,No,No,No,No,No,No,0,,None,none,Added 2026-05-06: orphaned ID found in library.,url_authoritative,,,,2026-05-06,active,,
oc-ccn,"OC-CCN (Organismo de Certificacion, Spain)",Government,1_Authoritative,EMEA,https://oc.ccn.cni.es/en/,"Spain national Common Criteria and EUCC certification body, operated within the Centro Criptologico Nacional.",Verified,2026-07-31,No,No,No,No,No,Yes,No,No,0,,None,none,"Added 2026-07-31 (WP-3.3, remediation plan) -- cross-links the compliance-landscape certification-body row added in the same batch (Phase 5 B1). URL and description sourced from the same real document fetched for that row.",url_needs_review,,,,2026-07-31,active,,
ocsi,"OCSI (Organismo di Certificazione della Sicurezza Informatica, Italy)",Government,1_Authoritative,EMEA,https://www.ocsi.gov.it/index.php/organismo/lo-schema.html,Italy national Common Criteria certification scheme (2004-2026); now operates only under the European EUCC system per its own 2026-02-27 transition notice.,Verified,2026-07-31,No,No,No,No,No,Yes,No,No,0,,None,none,"Added 2026-07-31 (WP-3.3, remediation plan) -- cross-links the compliance-landscape certification-body row added in the same batch (Phase 5 B1). URL and description sourced from the same real document fetched for that row.",url_authoritative,,,,2026-07-31,active,,
odpc-kenya,Office of Data Protection Commissioner (Kenya),Government,1_Authoritative,EMEA,https://www.odpc.go.ke/,"Office of the Data Protection Commissioner, Kenya; national data-protection regulation",Verified,2026-07-12,No,Yes,No,No,Yes,No,No,No,0,,None,none,,url_authoritative,,,,2026-07-09,active,,
okta-inc,Okta Inc.,Vendor,3_Supporting,,https://okta.com,"Okta Inc. — primary vendor website, sourced from the vendors catalog's existing verified record.",Verified,2026-07-07,No,No,No,No,No,No,Yes,No,0,,None,none,"Backfilled 2026-07-16 from pqc_authoritative_sources_reference_07162026.csv (pqc_authoritative_sources_reference) — trust_tier=3_Supporting assigned via Vendor's existing modal precedent in this registry, NOT independently researched; skim before treating as verified. Cited by 0 active migrate row(s), 1 active vendor row(s).",url_needs_review,,,,2026-07-16,active,,
oman-national-center-for-infor,Oman National Center for Information Security (NCIS),Government,3_Supporting,EMEA,https://cert.gov.om,Oman's central cybersecurity authority under the Supreme Defence Council,Verified,2026-07-28,,,,,,,,No,,,,,"Confirmed live (200 via curl). General-purpose national authority, no PQC-specific publication independently verified; fills a Middle East gap.",url_authoritative,,,,,active,,
omb,Office of Management and Budget,Government,1_Authoritative,Americas,https://www.whitehouse.gov/omb/,U.S. executive office; NSM-8 and NSM-10 mandating federal agency PQC migration,Verified,2026-03-28,No,No,No,No,Yes,Yes,No,No,0,,None,none,,url_authoritative,,,,2026-05-06,active,,
onc,Office of the National Coordinator for Health IT (ONC),Government,1_Authoritative,North_America,https://www.healthit.gov/,"U.S. HHS sub-agency; issues Health IT Certification Program criteria (45 CFR 170.315) and Certification Companion Guides — distinct from the existing 'hhs' entry (HHS Office for Civil Rights, HIPAA enforcement)",Verified,2026-07-30,No,Yes,No,No,No,No,No,No,0,,None,none,Added 2026-07-30: found via complete-library-row on the 3 ONC-Health-IT-Certification-Criterion-170-315-d-7/8/9 rows.,url_authoritative,,,,2026-07-30,active,,
onespan-inc,OneSpan Inc.,Vendor,3_Supporting,,https://onespan.com,Authentication/digital-agreement security vendor; quantum-resistant Authentication Suite Server SDK.,Verified,2026-07-27,No,No,No,No,No,No,No,No,0,,None,none,Created 2026-07-27 alongside vendor-roadmaps registration.,url_needs_review,,,,,active,,
onti-argentina,"Oficina Nacional de Tecnologías de Información (ONTI, Argentina)",Government,1_Authoritative,Americas,https://www.argentina.gob.ar/jefatura/innovacion-publica,Argentina government cyber authority under the Secretaría de Innovación Pública. Sets baseline cryptographic standards for federal agencies. (AFIP is the tax authority; BCRA covers FS — both are separate from ONTI.),Verified,2026-05-16,No,No,No,No,No,Yes,No,No,0,,None,none,Added 2026-05-16 for geographic depth P1 #14.,url_authoritative,,,,2026-05-16,active,,
opa-project,OPA Project,Vendor,3_Supporting,,https://www.openpolicyagent.org,"OPA Project — primary vendor website, sourced from the vendors catalog's existing verified record.",Verified,2026-07-07,No,No,No,No,No,No,Yes,No,0,,None,none,"Backfilled 2026-07-16 from pqc_authoritative_sources_reference_07162026.csv (pqc_authoritative_sources_reference) — trust_tier=3_Supporting assigned via Vendor's existing modal precedent in this registry, NOT independently researched; skim before treating as verified. Cited by 1 active migrate row(s), 1 active vendor row(s).",url_needs_review,,,,2026-07-16,active,,
open-information-security-foundation,Open Information Security Foundation,Vendor,3_Supporting,,https://oisf.net,"Open Information Security Foundation — primary vendor website, sourced from the vendors catalog's existing verified record.",Verified,2026-07-07,No,No,No,No,No,No,Yes,No,0,,None,none,"Backfilled 2026-07-16 from pqc_authoritative_sources_reference_07162026.csv (pqc_authoritative_sources_reference) — trust_tier=3_Supporting assigned via Vendor's existing modal precedent in this registry, NOT independently researched; skim before treating as verified. Cited by 0 active migrate row(s), 1 active vendor row(s).",url_needs_review,,,,2026-07-16,active,,
open-security-research-inc,Open Security Research Inc.,Vendor,3_Supporting,,https://www.osr-tech.com/,"Open Security Research Inc. — primary vendor website, sourced from the vendors catalog's existing verified record.",Verified,2026-07-07,No,No,No,No,No,No,Yes,No,0,,None,none,"Backfilled 2026-07-16 from pqc_authoritative_sources_reference_07162026.csv (pqc_authoritative_sources_reference) — trust_tier=3_Supporting assigned via Vendor's existing modal precedent in this registry, NOT independently researched; skim before treating as verified. Cited by 1 active migrate row(s), 1 active vendor row(s).",url_needs_review,,,,2026-07-16,active,,
openbao-lf-edge,OpenBao (LF Edge),Vendor,3_Supporting,,https://openbao.org,"OpenBao (LF Edge) — primary vendor website, sourced from the vendors catalog's existing verified record.",Verified,2026-07-07,No,No,No,No,No,No,Yes,No,0,,None,none,"Backfilled 2026-07-16 from pqc_authoritative_sources_reference_07162026.csv (pqc_authoritative_sources_reference) — trust_tier=3_Supporting assigned via Vendor's existing modal precedent in this registry, NOT independently researched; skim before treating as verified. Cited by 1 active migrate row(s), 1 active vendor row(s).",url_needs_review,,,,2026-07-16,active,,
openbsd-foundation,OpenBSD Foundation,Vendor,3_Supporting,,https://openbsdfoundation.org,"OpenBSD Foundation — primary vendor website, sourced from the vendors catalog's existing verified record.",Verified,2026-07-07,No,No,No,No,No,No,Yes,No,0,,None,none,"Backfilled 2026-07-16 from pqc_authoritative_sources_reference_07162026.csv (pqc_authoritative_sources_reference) — trust_tier=3_Supporting assigned via Vendor's existing modal precedent in this registry, NOT independently researched; skim before treating as verified. Cited by 0 active migrate row(s), 1 active vendor row(s).",url_needs_review,,,,2026-07-16,active,,
openid-foundation,OpenID Foundation,Standards_Body,2_Core,Global,https://openid.net/,Standards body for OpenID Connect and related identity protocols; evaluating post-quantum impacts on federated identity,Verified,2026-07-12,No,Yes,No,No,No,No,No,No,0,,None,none,,url_authoritative,,,,2026-07-09,active,,
openjdk,OpenJDK,Open_Source_Project,2_Core,,https://openjdk.org,"The open-source reference implementation of the Java Platform, Standard Edition; JEP process for JDK feature specs.",Verified,2026-07-27,No,No,No,No,No,No,Yes,No,0,,None,none,Created 2026-07-27 alongside VND-518 vendor registration and the JEP-527 migrate-catalog stub row.,url_needs_review,,,,,active,,
openjs-foundation,OpenJS Foundation,Vendor,3_Supporting,,https://openjsf.org,"OpenJS Foundation — primary vendor website, sourced from the vendors catalog's existing verified record.",Verified,2026-07-07,No,No,No,No,No,No,Yes,No,0,,None,none,"Backfilled 2026-07-16 from pqc_authoritative_sources_reference_07162026.csv (pqc_authoritative_sources_reference) — trust_tier=3_Supporting assigned via Vendor's existing modal precedent in this registry, NOT independently researched; skim before treating as verified. Cited by 0 active migrate row(s), 1 active vendor row(s).",url_needs_review,,,,2026-07-16,active,,
openmls-project,OpenMLS Project,Vendor,3_Supporting,,https://openmls.tech,"OpenMLS Project — primary vendor website, sourced from the vendors catalog's existing verified record.",Verified,2026-07-07,No,No,No,No,No,No,Yes,No,0,,None,none,"Backfilled 2026-07-16 from pqc_authoritative_sources_reference_07162026.csv (pqc_authoritative_sources_reference) — trust_tier=3_Supporting assigned via Vendor's existing modal precedent in this registry, NOT independently researched; skim before treating as verified. Cited by 1 active migrate row(s), 1 active vendor row(s).",url_needs_review,,,,2026-07-16,active,,
openpgpjs-project,OpenPGP.js Project,Vendor,3_Supporting,,https://openpgpjs.org,"OpenPGP.js Project — primary vendor website, sourced from the vendors catalog's existing verified record.",Verified,2026-07-07,No,No,No,No,No,No,Yes,No,0,,None,none,"Backfilled 2026-07-16 from pqc_authoritative_sources_reference_07162026.csv (pqc_authoritative_sources_reference) — trust_tier=3_Supporting assigned via Vendor's existing modal precedent in this registry, NOT independently researched; skim before treating as verified. Cited by 1 active migrate row(s), 1 active vendor row(s).",url_needs_review,,,,2026-07-16,active,,
openqkd-project,OpenQKD Project,Vendor,3_Supporting,,https://openqkd.eu,"OpenQKD Project — primary vendor website, sourced from the vendors catalog's existing verified record.",Verified,2026-07-07,No,No,No,No,No,No,Yes,No,0,,None,none,"Backfilled 2026-07-16 from pqc_authoritative_sources_reference_07162026.csv (pqc_authoritative_sources_reference) — trust_tier=3_Supporting assigned via Vendor's existing modal precedent in this registry, NOT independently researched; skim before treating as verified. Cited by 1 active migrate row(s), 1 active vendor row(s).",url_needs_review,,,,2026-07-16,active,,
openssf,OpenSSF,Standards_Body,3_Supporting,Global,https://openssf.org/,Open Source Security Foundation; SLSA supply chain security framework,Verified,2026-03-28,No,No,No,No,No,Yes,No,No,0,,None,none,,url_authoritative,,,,2026-05-06,active,,
openssh,OpenSSH Project,Open_Source_Project,2_Core,Global,https://openssh.com/,Reference SSH implementation maintained by the OpenBSD project. OpenSSH 9.0+ defaults to hybrid PQC key exchange (sntrup761x25519-sha512); 9.9 adds ML-KEM-768 hybrid (mlkem768x25519-sha256). Most widely deployed SSH implementation globally.,Verified,2026-03-28,No,No,No,No,No,No,Yes,No,0,,Partial,products,"OpenSSH in migrate catalog. openssh-pqc-2025-684.pdf, stebila paper, and OpenSSH PQC page on file.",url_needs_review,,,,2026-05-06,active,,
openssl-project,OpenSSL Project,Industry_Workgroup,2_Core,Global,https://www.openssl.org/,"OpenSSL 3.x PQC integration; OQS Provider for ML-KEM, ML-DSA, SLH-DSA support",Verified,2026-03-28,No,No,No,Yes,No,No,Yes,No,0,,None,none,,url_needs_review,,,,2026-05-06,active,,
opentext,OpenText,Vendor,3_Supporting,,https://www.opentext.com,"OpenText — primary vendor website, sourced from the vendors catalog's existing verified record.",Verified,2026-07-07,No,No,No,No,No,No,Yes,No,0,,None,none,"Backfilled 2026-07-16 from pqc_authoritative_sources_reference_07162026.csv (pqc_authoritative_sources_reference) — trust_tier=3_Supporting assigned via Vendor's existing modal precedent in this registry, NOT independently researched; skim before treating as verified. Cited by 1 active migrate row(s), 1 active vendor row(s).",url_needs_review,,,,2026-07-16,active,,
openvpn-inc,OpenVPN Inc.,Vendor,3_Supporting,,https://openvpn.net,"OpenVPN Inc. — primary vendor website, sourced from the vendors catalog's existing verified record.",Verified,2026-07-07,No,No,No,No,No,No,Yes,No,0,,None,none,"Backfilled 2026-07-16 from pqc_authoritative_sources_reference_07162026.csv (pqc_authoritative_sources_reference) — trust_tier=3_Supporting assigned via Vendor's existing modal precedent in this registry, NOT independently researched; skim before treating as verified. Cited by 0 active migrate row(s), 1 active vendor row(s).",url_needs_review,,,,2026-07-16,active,,
openwrt-project,OpenWrt Project,Vendor,3_Supporting,,https://openwrt.org,"OpenWrt Project — primary vendor website, sourced from the vendors catalog's existing verified record.",Verified,2026-07-07,No,No,No,No,No,No,Yes,No,0,,None,none,"Backfilled 2026-07-16 from pqc_authoritative_sources_reference_07162026.csv (pqc_authoritative_sources_reference) — trust_tier=3_Supporting assigned via Vendor's existing modal precedent in this registry, NOT independently researched; skim before treating as verified. Cited by 0 active migrate row(s), 1 active vendor row(s).",url_needs_review,,,,2026-07-16,active,,
opera-limited,Opera Limited,Vendor,3_Supporting,,https://www.opera.com,"Opera Limited — primary vendor website, sourced from the vendors catalog's existing verified record.",Verified,2026-07-07,No,No,No,No,No,No,Yes,No,0,,None,none,"Backfilled 2026-07-16 from pqc_authoritative_sources_reference_07162026.csv (pqc_authoritative_sources_reference) — trust_tier=3_Supporting assigned via Vendor's existing modal precedent in this registry, NOT independently researched; skim before treating as verified. Cited by 1 active migrate row(s), 1 active vendor row(s).",url_needs_review,,,,2026-07-16,active,,
oqs-project,Open Quantum Safe Project,Academic,2_Core,Global,https://openquantumsafe.org/,Open-source PQC library development and testing,Verified,2025-12-15,No,Yes,Yes,No,No,No,Yes,No,4,2026-01-01,Active,library,,url_authoritative,,,,2026-05-06,active,,
oracle,Oracle Corporation,Industry_Workgroup,3_Supporting,Global,https://www.oracle.com/,Oracle Database 26ai PQC encryption; Oracle Key Vault; Java 24+ PQC APIs,Verified,2026-03-28,No,No,No,No,No,No,Yes,No,0,,None,none,,url_needs_review,,,,2026-05-06,active,,
orange-sa,Orange S.A.,Vendor,3_Supporting,,https://www.orange-business.com,"Orange S.A. — primary vendor website, sourced from the vendors catalog's existing verified record.",Verified,2026-07-07,No,No,No,No,No,No,Yes,No,0,,None,none,"Backfilled 2026-07-16 from pqc_authoritative_sources_reference_07162026.csv (pqc_authoritative_sources_reference) — trust_tier=3_Supporting assigned via Vendor's existing modal precedent in this registry, NOT independently researched; skim before treating as verified. Cited by 1 active migrate row(s), 1 active vendor row(s).",url_needs_review,,,,2026-07-16,active,,
osfi,Office of the Superintendent of Financial Institutions (Canada),Government,1_Authoritative,Americas,https://www.osfi-bsif.gc.ca/,"Canadian federal regulator for banks, insurers, and federally regulated pension plans. Guideline B-13 sets technology and cyber-risk-management expectations relevant to PQC migration.",Verified,2026-05-16,No,No,No,No,Yes,Yes,No,No,0,,None,none,Added 2026-05-16 to resolve compliance.OSFI-B13-PQC trusted_source_id orphan.,url_authoritative,,,,2026-05-16,active,,
osslsigncode-project,osslsigncode Project,Vendor,3_Supporting,,https://github.com/mtrojnar/osslsigncode,"osslsigncode Project — primary vendor website, sourced from the vendors catalog's existing verified record.",Verified,2026-07-07,No,No,No,No,No,No,Yes,No,0,,None,none,"Backfilled 2026-07-16 from pqc_authoritative_sources_reference_07162026.csv (pqc_authoritative_sources_reference) — trust_tier=3_Supporting assigned via Vendor's existing modal precedent in this registry, NOT independently researched; skim before treating as verified. Cited by 1 active migrate row(s), 1 active vendor row(s).",url_needs_review,,,,2026-07-16,active,,
ovh-groupe-sa,OVH Groupe SA,Vendor,3_Supporting,,https://www.ovhcloud.com,"OVH Groupe SA — primary vendor website, sourced from the vendors catalog's existing verified record.",Verified,2026-07-07,No,No,No,No,No,No,Yes,No,0,,None,none,"Backfilled 2026-07-16 from pqc_authoritative_sources_reference_07162026.csv (pqc_authoritative_sources_reference) — trust_tier=3_Supporting assigned via Vendor's existing modal precedent in this registry, NOT independently researched; skim before treating as verified. Cited by 1 active migrate row(s), 1 active vendor row(s).",url_needs_review,,,,2026-07-16,active,,
owasp,OWASP Quantum,Industry_Workgroup,2_Core,Global,https://owasp.org/,Application security guidance for quantum-safe development,Verified,2025-12-15,No,No,No,No,No,No,Yes,No,0,,None,none,,url_needs_review,,,,2026-05-06,active,,
owasp-cyclonedx,OWASP CycloneDX,Standards_Body,2_Core,Global,https://cyclonedx.org/,OWASP/Ecma BOM standard defining CBOM (Cryptography Bill of Materials) for crypto-asset inventories,Verified,2026-07-12,No,Yes,No,No,No,No,No,No,0,,None,none,,url_authoritative,,,,2026-07-09,active,,
p11-glue-project,p11-glue Project,Vendor,3_Supporting,,https://p11-glue.github.io,"p11-glue Project — primary vendor website, sourced from the vendors catalog's existing verified record.",Verified,2026-07-07,No,No,No,No,No,No,Yes,No,0,,None,none,"Backfilled 2026-07-16 from pqc_authoritative_sources_reference_07162026.csv (pqc_authoritative_sources_reference) — trust_tier=3_Supporting assigned via Vendor's existing modal precedent in this registry, NOT independently researched; skim before treating as verified. Cited by 0 active migrate row(s), 1 active vendor row(s).",url_needs_review,,,,2026-07-16,active,,
packetlight-networks-ltd,PacketLight Networks Ltd.,Vendor,3_Supporting,,https://www.packetlight.com,"PacketLight Networks Ltd. — primary vendor website, sourced from the vendors catalog's existing verified record.",Verified,2026-07-07,No,No,No,No,No,No,Yes,No,0,,None,none,"Backfilled 2026-07-16 from pqc_authoritative_sources_reference_07162026.csv (pqc_authoritative_sources_reference) — trust_tier=3_Supporting assigned via Vendor's existing modal precedent in this registry, NOT independently researched; skim before treating as verified. Cited by 1 active migrate row(s), 1 active vendor row(s).",url_needs_review,,,,2026-07-16,active,,
palo-alto,Palo Alto Networks,Industry_Workgroup,3_Supporting,Global,https://www.paloaltonetworks.com/,SASE and NGFW with PQC-ready encryption; GlobalProtect VPN and Prisma SASE,Verified,2026-03-28,No,No,No,No,No,No,Yes,No,0,,None,none,,url_needs_review,,,,2026-05-06,active,,
pasqal,Pasqal,Industry_Workgroup,3_Supporting,EMEA,https://www.pasqal.com/,French quantum computing company building neutral-atom quantum processors; partnered with Aramco to deploy first quantum computer in Saudi Arabia,Verified,2026-03-28,No,No,No,No,Yes,No,No,No,0,,None,none,,url_needs_review,,,,2026-05-06,active,,
payara-foundation,Payara Foundation,Vendor,3_Supporting,,https://payara.fish,"Payara Foundation — primary vendor website, sourced from the vendors catalog's existing verified record.",Verified,2026-07-07,No,No,No,No,No,No,Yes,No,0,,None,none,"Backfilled 2026-07-16 from pqc_authoritative_sources_reference_07162026.csv (pqc_authoritative_sources_reference) — trust_tier=3_Supporting assigned via Vendor's existing modal precedent in this registry, NOT independently researched; skim before treating as verified. Cited by 0 active migrate row(s), 1 active vendor row(s).",url_needs_review,,,,2026-07-16,active,,
pci-ssc,PCI Security Standards Council,Standards_Body,2_Core,Global,https://www.pcisecuritystandards.org/,Payment Card Industry security standards; PCI DSS v4.0.1 crypto requirements,Verified,2026-03-28,No,No,No,Yes,No,Yes,No,No,0,,None,none,,url_authoritative,,,,2026-05-06,active,,
ping-identity-holdings-corp,Ping Identity Holdings Corp.,Vendor,3_Supporting,,https://pingidentity.com,"Ping Identity Holdings Corp. — primary vendor website, sourced from the vendors catalog's existing verified record.",Verified,2026-07-07,No,No,No,No,No,No,Yes,No,0,,None,none,"Backfilled 2026-07-16 from pqc_authoritative_sources_reference_07162026.csv (pqc_authoritative_sources_reference) — trust_tier=3_Supporting assigned via Vendor's existing modal precedent in this registry, NOT independently researched; skim before treating as verified. Cited by 0 active migrate row(s), 1 active vendor row(s).",url_needs_review,,,,2026-07-16,active,,
pki-consortium,PKI Consortium,Standards_Body,2_Core,Global,https://pkic.org/,Public key infrastructure industry coordination and PQC conferences,Verified,2025-12-15,Yes,Yes,No,No,Yes,No,No,No,2,2026-05-07,Active,library,,url_authoritative,,,,2026-05-06,active,,
polkadot,Web3 Foundation (Polkadot),Vendor,3_Supporting,Global,https://web3.foundation/,Web3 Foundation stewarding Polkadot; funds research on post-quantum secure protocols,Verified,2026-07-12,No,Yes,No,No,No,No,No,No,0,,None,none,,url_needs_review,,,,2026-07-09,active,,
ponemon,Ponemon Institute,Industry_Analyst,3_Supporting,Americas,https://www.ponemon.org/,Independent IT security research institute; publishes PKI and cryptography trends surveys,Verified,2026-05-10,No,Yes,No,No,No,No,No,No,2,2026-05-10,Active,library,Added 2026-05-10: restored library records require valid trust path,url_needs_review,Ponemon Institute,Industry_Analyst,ponemon.org,2026-05-10,active,,
post-quantum-cryptography-alliance,Post-Quantum Cryptography Alliance,Vendor,3_Supporting,,https://pqca.org,"Linux Foundation-hosted PQCA; publishes open-source PQC reference implementations (mldsa-native, cuPQC SDK, etc.).",Verified,2026-07-27,No,No,No,No,No,No,Yes,No,0,,None,none,Created 2026-07-27 alongside vendor registration.,url_needs_review,,,,,active,,
post-quantum-ltd,Post-Quantum Ltd,Vendor,3_Supporting,,https://www.post-quantum.com,"Post-Quantum Ltd — primary vendor website, sourced from the vendors catalog's existing verified record.",Verified,2026-07-07,No,No,No,No,No,No,Yes,No,0,,None,none,"Backfilled 2026-07-16 from pqc_authoritative_sources_reference_07162026.csv (pqc_authoritative_sources_reference) — trust_tier=3_Supporting assigned via Vendor's existing modal precedent in this registry, NOT independently researched; skim before treating as verified. Cited by 0 active migrate row(s), 1 active vendor row(s).",url_needs_review,,,,2026-07-16,active,,
postfix-project,Postfix Project,Vendor,3_Supporting,,https://www.postfix.org,"Postfix Project — primary vendor website, sourced from the vendors catalog's existing verified record.",Verified,2026-07-07,No,No,No,No,No,No,Yes,No,0,,None,none,"Backfilled 2026-07-16 from pqc_authoritative_sources_reference_07162026.csv (pqc_authoritative_sources_reference) — trust_tier=3_Supporting assigned via Vendor's existing modal precedent in this registry, NOT independently researched; skim before treating as verified. Cited by 1 active migrate row(s), 1 active vendor row(s).",url_needs_review,,,,2026-07-16,active,,
postgresql-global-development-group,PostgreSQL Global Development Group,Vendor,3_Supporting,,https://postgresql.org,"PostgreSQL Global Development Group — primary vendor website, sourced from the vendors catalog's existing verified record.",Verified,2026-07-07,No,No,No,No,No,No,Yes,No,0,,None,none,"Backfilled 2026-07-16 from pqc_authoritative_sources_reference_07162026.csv (pqc_authoritative_sources_reference) — trust_tier=3_Supporting assigned via Vendor's existing modal precedent in this registry, NOT independently researched; skim before treating as verified. Cited by 0 active migrate row(s), 1 active vendor row(s).",url_needs_review,,,,2026-07-16,active,,
powerdns-bv-desec-ev,PowerDNS BV / deSEC e.V.,Vendor,3_Supporting,,https://www.powerdns.com,"PowerDNS BV / deSEC e.V. — primary vendor website, sourced from the vendors catalog's existing verified record.",Verified,2026-07-07,No,No,No,No,No,No,Yes,No,0,,None,none,"Backfilled 2026-07-16 from pqc_authoritative_sources_reference_07162026.csv (pqc_authoritative_sources_reference) — trust_tier=3_Supporting assigned via Vendor's existing modal precedent in this registry, NOT independently researched; skim before treating as verified. Cited by 1 active migrate row(s), 1 active vendor row(s).",url_needs_review,,,,2026-07-16,active,,
pqca,PQCA (Post-Quantum Cryptography Alliance),Standards_Body,2_Core,Americas,https://www.pqca.org/,Industry alliance for PQC adoption and standards harmonization,Verified,2025-12-15,No,No,Yes,No,No,No,No,No,0,,None,none,Fixed tagging: leaders_csv algorithm_csv,url_authoritative,,,,2026-05-06,active,,
pqcee-inc,pQCee Inc.,Vendor,3_Supporting,,https://www.pqcee.com/,"pQCee Inc. — primary vendor website, sourced from the vendors catalog's existing verified record.",Verified,2026-07-07,No,No,No,No,No,No,Yes,No,0,,None,none,"Backfilled 2026-07-16 from pqc_authoritative_sources_reference_07162026.csv (pqc_authoritative_sources_reference) — trust_tier=3_Supporting assigned via Vendor's existing modal precedent in this registry, NOT independently researched; skim before treating as verified. Cited by 1 active migrate row(s), 1 active vendor row(s).",url_needs_review,,,,2026-07-16,active,,
pqcrypto-alliance,Post-Quantum Cryptography Alliance,Standards_Body,2_Core,Global,https://pqcrypto.org/,Research consortium coordinating PQC development and analysis,Verified,2025-12-15,No,No,Yes,No,No,No,No,No,0,,None,none,,url_authoritative,,,,2026-05-06,active,,
pqctoday-project,pqctoday Project,Vendor,3_Supporting,,https://github.com/pqctoday-org/pqctoday-tpm,"pqctoday Project — primary vendor website, sourced from the vendors catalog's existing verified record.",Verified,2026-07-07,No,No,No,No,No,No,Yes,No,0,,None,none,"Backfilled 2026-07-16 from pqc_authoritative_sources_reference_07162026.csv (pqc_authoritative_sources_reference) — trust_tier=3_Supporting assigned via Vendor's existing modal precedent in this registry, NOT independently researched; skim before treating as verified. Cited by 3 active migrate row(s), 1 active vendor row(s).",url_needs_review,,,,2026-07-16,active,,
pqnet-project,PQnet Project,Vendor,3_Supporting,,https://github.com/pdb0102/PQnet,,Verified,2026-07-31,No,No,No,No,No,No,No,No,0,,None,none,"Auto-created 2026-07-31 by register_vendor.py alongside vendor registration VND-529 — vendor's own primary website, not independently third-party verified.",url_needs_review,,,,,active,,
pqsecure-technologies-inc,"PQSecure Technologies, Inc.",Vendor,3_Supporting,,https://pqsecurity.com,"PQSecure Technologies, Inc. — primary vendor website, sourced from the vendors catalog's existing verified record.",Verified,2026-07-07,No,No,No,No,No,No,Yes,No,0,,None,none,"Backfilled 2026-07-16 from pqc_authoritative_sources_reference_07162026.csv (pqc_authoritative_sources_reference) — trust_tier=3_Supporting assigned via Vendor's existing modal precedent in this registry, NOT independently researched; skim before treating as verified. Cited by 2 active migrate row(s), 1 active vendor row(s).",url_needs_review,,,,2026-07-16,active,,
pqshield,PQShield,Industry_Workgroup,3_Supporting,Global,https://pqshield.com/,Commercial PQC solutions provider; quantum-resistant semiconductor IP and cryptography,Verified,2026-02-13,Yes,No,Yes,No,Yes,No,Yes,No,3,2026-05-07,Active,none,,url_needs_review,,,,2026-05-06,active,,
pqstation,PQStation,Industry_Workgroup,4_Contextual,Global,https://pqstation.com/,Early-stage PQC startup providing post-quantum cryptography solutions,Verified,2026-05-06,Yes,No,No,No,No,No,No,No,0,,None,none,[Resolved 2026-05-06: verification_status updated from Pending to Verified],url_needs_review,,,,2026-05-06,active,,
pra-uk,Bank of England — Prudential Regulation Authority,Government,1_Authoritative,EMEA,https://www.bankofengland.co.uk/prudential-regulation,"UK prudential regulator for banks, insurers, and major investment firms. SS1/21 'Operational resilience' and successor cyber-resilience supervisory statements drive cryptographic-control expectations for Tier 1/2 financial firms; PRA has been the most specific UK body on quantum-risk timelines for FS.",Verified,2026-05-16,No,No,No,No,No,Yes,No,No,0,,None,none,Added 2026-05-16 for geographic depth P1 #14.,url_authoritative,,,,2026-05-16,active,,
prestige-systems,Prestige Systems,Vendor,3_Supporting,,https://prestigesystems.com,"Prestige Systems — primary vendor website, sourced from the vendors catalog's existing verified record.",Verified,2026-07-07,No,No,No,No,No,No,Yes,No,0,,None,none,"Backfilled 2026-07-16 from pqc_authoritative_sources_reference_07162026.csv (pqc_authoritative_sources_reference) — trust_tier=3_Supporting assigned via Vendor's existing modal precedent in this registry, NOT independently researched; skim before treating as verified. Cited by 1 active migrate row(s), 1 active vendor row(s).",url_needs_review,,,,2026-07-16,active,,
procivis-ag,Procivis AG,Vendor,3_Supporting,,https://procivis.ch,"Procivis AG — primary vendor website, sourced from the vendors catalog's existing verified record.",Verified,2026-07-07,No,No,No,No,No,No,Yes,No,0,,None,none,"Backfilled 2026-07-16 from pqc_authoritative_sources_reference_07162026.csv (pqc_authoritative_sources_reference) — trust_tier=3_Supporting assigned via Vendor's existing modal precedent in this registry, NOT independently researched; skim before treating as verified. Cited by 0 active migrate row(s), 1 active vendor row(s).",url_needs_review,,,,2026-07-16,active,,
project-eleven,Project Eleven,Vendor,4_Contextual,Americas,https://www.projecteleven.com/,Quantum-risk research startup; publishes reports on the quantum threat to blockchains,Verified,2026-07-12,No,Yes,No,No,No,No,No,No,0,,None,none,"url responds 403 (bot-blocked, site live)",url_needs_review,,,,2026-07-09,active,,
prometheus-authors-cncf,Prometheus Authors (CNCF),Vendor,3_Supporting,,https://prometheus.io/,"Prometheus Authors (CNCF) — primary vendor website, sourced from the vendors catalog's existing verified record.",Verified,2026-07-07,No,No,No,No,No,No,Yes,No,0,,None,none,"Backfilled 2026-07-16 from pqc_authoritative_sources_reference_07162026.csv (pqc_authoritative_sources_reference) — trust_tier=3_Supporting assigned via Vendor's existing modal precedent in this registry, NOT independently researched; skim before treating as verified. Cited by 1 active migrate row(s), 1 active vendor row(s).",url_needs_review,,,,2026-07-16,active,,
proofpoint,Proofpoint,Vendor,3_Supporting,,https://www.proofpoint.com,"Proofpoint — primary vendor website, sourced from the vendors catalog's existing verified record.",Verified,2026-07-07,No,No,No,No,No,No,Yes,No,0,,None,none,"Backfilled 2026-07-16 from pqc_authoritative_sources_reference_07162026.csv (pqc_authoritative_sources_reference) — trust_tier=3_Supporting assigned via Vendor's existing modal precedent in this registry, NOT independently researched; skim before treating as verified. Cited by 1 active migrate row(s), 1 active vendor row(s).",url_needs_review,,,,2026-07-16,active,,
protect-ai-inc,Protect AI Inc.,Vendor,3_Supporting,,https://protectai.com,"Protect AI Inc. — primary vendor website, sourced from the vendors catalog's existing verified record.",Verified,2026-07-07,No,No,No,No,No,No,Yes,No,0,,None,none,"Backfilled 2026-07-16 from pqc_authoritative_sources_reference_07162026.csv (pqc_authoritative_sources_reference) — trust_tier=3_Supporting assigned via Vendor's existing modal precedent in this registry, NOT independently researched; skim before treating as verified. Cited by 0 active migrate row(s), 1 active vendor row(s).",url_needs_review,,,,2026-07-16,active,,
proton-ag,Proton AG,Vendor,3_Supporting,,https://proton.me,"Proton AG — primary vendor website, sourced from the vendors catalog's existing verified record.",Verified,2026-07-07,No,No,No,No,No,No,Yes,No,0,,None,none,"Backfilled 2026-07-16 from pqc_authoritative_sources_reference_07162026.csv (pqc_authoritative_sources_reference) — trust_tier=3_Supporting assigned via Vendor's existing modal precedent in this registry, NOT independently researched; skim before treating as verified. Cited by 2 active migrate row(s), 1 active vendor row(s).",url_needs_review,,,,2026-07-16,active,,
psnc-poland,PSNC (Poznan Supercomputing and Networking Center),Academic,2_Core,Europe,https://www.psnc.pl/,Poland's national research and networking infrastructure operator -- officially represents Poland in EuroQCI (the EU's quantum communication infrastructure initiative) and coordinates the PIONIER-Q national quantum key-distribution network. Verified 2026-07-16: won the EU EuroQCI competition as Poland's official representative (confirmed via multiple independent sources).,Verified,2026-07-16,No,No,No,No,Yes,No,No,No,0,,None,none,"Added 2026-07-16 during timeline maintainer-process remediation (Phase 1.2 follow-up after deprecation-sweep research confirmed both are legitimate government-linked bodies) -- tier assigned by precedent-match against this registry's existing Academic/2_Core national-research-institute curation (tno-nl, cwi-amsterdam).",url_needs_review,,,,2026-07-16,active,,
psnc-poznan-supercomputing-and-networking-center,PSNC (Poznan Supercomputing and Networking Center),Vendor,3_Supporting,,https://www.psnc.pl,"PSNC (Poznan Supercomputing and Networking Center) — primary vendor website, sourced from the vendors catalog's existing verified record.",Verified,2026-07-07,No,No,No,No,No,No,Yes,No,0,,None,none,"Backfilled 2026-07-16 from pqc_authoritative_sources_reference_07162026.csv (pqc_authoritative_sources_reference) — trust_tier=3_Supporting assigned via Vendor's existing modal precedent in this registry, NOT independently researched; skim before treating as verified. Cited by 0 active migrate row(s), 1 active vendor row(s).",url_needs_review,,,,2026-07-16,active,,
psu-crypto,Pennsylvania State University Crypto,Academic,4_Contextual,Americas,https://www.cse.psu.edu/,PQCrypto steering committee; code-based cryptography research,Verified,2026-02-13,No,No,Yes,No,No,No,No,No,0,,None,none,,url_authoritative,,,,2026-05-06,active,,
pufsecurity-corporation,PUFsecurity Corporation,Vendor,3_Supporting,,https://www.pufsecurity.com/,"PUFsecurity Corporation — primary vendor website, sourced from the vendors catalog's existing verified record.",Verified,2026-07-07,No,No,No,No,No,No,Yes,No,0,,None,none,"Backfilled 2026-07-16 from pqc_authoritative_sources_reference_07162026.csv (pqc_authoritative_sources_reference) — trust_tier=3_Supporting assigned via Vendor's existing modal precedent in this registry, NOT independently researched; skim before treating as verified. Cited by 1 active migrate row(s), 1 active vendor row(s).",url_needs_review,,,,2026-07-16,active,,
pure-storage,Pure Storage,Vendor,3_Supporting,,https://www.purestorage.com,"Pure Storage — primary vendor website, sourced from the vendors catalog's existing verified record.",Verified,2026-07-07,No,No,No,No,No,No,Yes,No,0,,None,none,"Backfilled 2026-07-16 from pqc_authoritative_sources_reference_07162026.csv (pqc_authoritative_sources_reference) — trust_tier=3_Supporting assigned via Vendor's existing modal precedent in this registry, NOT independently researched; skim before treating as verified. Cited by 1 active migrate row(s), 1 active vendor row(s).",url_needs_review,,,,2026-07-16,active,,
pycryptodome-team,PyCryptodome Team,Vendor,3_Supporting,,https://www.pycryptodome.org/,"PyCryptodome Team — primary vendor website, sourced from the vendors catalog's existing verified record.",Verified,2026-07-07,No,No,No,No,No,No,Yes,No,0,,None,none,"Backfilled 2026-07-16 from pqc_authoritative_sources_reference_07162026.csv (pqc_authoritative_sources_reference) — trust_tier=3_Supporting assigned via Vendor's existing modal precedent in this registry, NOT independently researched; skim before treating as verified. Cited by 0 active migrate row(s), 1 active vendor row(s).",url_needs_review,,,,2026-07-16,active,,
python-cryptographic-authority,Python Cryptographic Authority,Vendor,3_Supporting,,https://cryptography.io/,"Python Cryptographic Authority — primary vendor website, sourced from the vendors catalog's existing verified record.",Verified,2026-07-07,No,No,No,No,No,No,Yes,No,0,,None,none,"Backfilled 2026-07-16 from pqc_authoritative_sources_reference_07162026.csv (pqc_authoritative_sources_reference) — trust_tier=3_Supporting assigned via Vendor's existing modal precedent in this registry, NOT independently researched; skim before treating as verified. Cited by 1 active migrate row(s), 1 active vendor row(s).",url_needs_review,,,,2026-07-16,active,,
python-software-foundation,Python Software Foundation,Vendor,3_Supporting,,https://www.python.org/,"Python Software Foundation — primary vendor website, sourced from the vendors catalog's existing verified record.",Verified,2026-07-07,No,No,No,No,No,No,Yes,No,0,,None,none,"Backfilled 2026-07-16 from pqc_authoritative_sources_reference_07162026.csv (pqc_authoritative_sources_reference) — trust_tier=3_Supporting assigned via Vendor's existing modal precedent in this registry, NOT independently researched; skim before treating as verified. Cited by 1 active migrate row(s), 1 active vendor row(s).",url_needs_review,,,,2026-07-16,active,,
q360-alliance,Quantum-Safe 360 Alliance,Industry_Workgroup,4_Contextual,Global,https://www.ibm.com/consulting,Alliance of IBM Consulting Keyfactor Quantinuum and Thales for PQC migration services,Verified,2026-02-13,No,No,No,No,No,No,No,No,0,,None,none,,url_needs_review,,,,2026-05-06,active,,
qanplatform,QANplatform,Vendor,3_Supporting,,https://qanplatform.com,"QANplatform — primary vendor website, sourced from the vendors catalog's existing verified record.",Verified,2026-07-07,No,No,No,No,No,No,Yes,No,0,,None,none,"Backfilled 2026-07-16 from pqc_authoritative_sources_reference_07162026.csv (pqc_authoritative_sources_reference) — trust_tier=3_Supporting assigned via Vendor's existing modal precedent in this registry, NOT independently researched; skim before treating as verified. Cited by 1 active migrate row(s), 1 active vendor row(s).",url_needs_review,,,,2026-07-16,active,,
qapp-russia,QApp (Russia),Vendor,3_Supporting,,https://qapp.ru,"QApp (Russia) — primary vendor website, sourced from the vendors catalog's existing verified record.",Verified,2026-07-07,No,No,No,No,No,No,Yes,No,0,,None,none,"Backfilled 2026-07-16 from pqc_authoritative_sources_reference_07162026.csv (pqc_authoritative_sources_reference) — trust_tier=3_Supporting assigned via Vendor's existing modal precedent in this registry, NOT independently researched; skim before treating as verified. Cited by 1 active migrate row(s), 1 active vendor row(s).",url_needs_review,,,,2026-07-16,active,,
qatar-national-cyber-security,Qatar National Cyber Security Agency,Government,3_Supporting,EMEA,https://ncsa.gov.qa/en,Qatar National Cyber Security Agency (est. 2021); national cybersecurity authority,Verified,2026-07-28,,,,,,,,No,,,,,"Confirmed live (200 via curl). Fills a Middle East gap; no PQC-specific publication independently verified on this page, so kept at Supporting tier.",url_authoritative,,,,,active,,
qc-report,Quantum Computing Report,Industry_Analyst,4_Contextual,Global,https://quantumcomputingreport.com/,Industry news aggregator covering PQC implementations and vendor announcements,Verified,2025-12-15,No,No,No,No,No,No,No,No,0,,None,none,,url_needs_review,,,,2026-05-06,active,,
qinvicta,Qinvicta,Vendor,3_Supporting,,https://qinvicta.com/,"Qinvicta — primary vendor website, sourced from the vendors catalog's existing verified record.",Verified,2026-07-07,No,No,No,No,No,No,Yes,No,0,,None,none,"Backfilled 2026-07-16 from pqc_authoritative_sources_reference_07162026.csv (pqc_authoritative_sources_reference) — trust_tier=3_Supporting assigned via Vendor's existing modal precedent in this registry, NOT independently researched; skim before treating as verified. Cited by 1 active migrate row(s), 1 active vendor row(s).",url_needs_review,,,,2026-07-16,active,,
qnu-labs-pvt-ltd,QNu Labs Pvt. Ltd.,Vendor,3_Supporting,,https://www.qnulabs.com,"QNu Labs Pvt. Ltd. — primary vendor website, sourced from the vendors catalog's existing verified record.",Verified,2026-07-07,No,No,No,No,No,No,Yes,No,0,,None,none,"Backfilled 2026-07-16 from pqc_authoritative_sources_reference_07162026.csv (pqc_authoritative_sources_reference) — trust_tier=3_Supporting assigned via Vendor's existing modal precedent in this registry, NOT independently researched; skim before treating as verified. Cited by 2 active migrate row(s), 1 active vendor row(s).",url_needs_review,,,,2026-07-16,active,,
qpki-project,QPKI Project,Vendor,3_Supporting,,https://github.com/qpki/qpki,,Verified,2026-07-31,No,No,No,No,No,No,No,No,0,,None,none,"Auto-created 2026-07-31 by register_vendor.py alongside vendor registration VND-531 — vendor's own primary website, not independently third-party verified.",url_needs_review,,,,,active,,
qrl-foundation,QRL Foundation,Vendor,3_Supporting,,https://theqrl.org,"QRL Foundation — primary vendor website, sourced from the vendors catalog's existing verified record.",Verified,2026-07-07,No,No,No,No,No,No,Yes,No,0,,None,none,"Backfilled 2026-07-16 from pqc_authoritative_sources_reference_07162026.csv (pqc_authoritative_sources_reference) — trust_tier=3_Supporting assigned via Vendor's existing modal precedent in this registry, NOT independently researched; skim before treating as verified. Cited by 1 active migrate row(s), 1 active vendor row(s).",url_needs_review,,,,2026-07-16,active,,
qrypt,Qrypt,Industry_Workgroup,4_Contextual,Americas,https://www.qrypt.com/,Quantum-secure encryption company; PKI Consortium member since 2024,Verified,2026-02-13,No,No,Yes,No,No,No,Yes,No,0,,None,none,,url_needs_review,,,,2026-05-06,active,,
qualcomm-incorporated,Qualcomm Incorporated,Vendor,3_Supporting,,https://qualcomm.com,"Qualcomm Incorporated — primary vendor website, sourced from the vendors catalog's existing verified record.",Verified,2026-07-07,No,No,No,No,No,No,Yes,No,0,,None,none,"Backfilled 2026-07-16 from pqc_authoritative_sources_reference_07162026.csv (pqc_authoritative_sources_reference) — trust_tier=3_Supporting assigned via Vendor's existing modal precedent in this registry, NOT independently researched; skim before treating as verified. Cited by 0 active migrate row(s), 1 active vendor row(s).",url_needs_review,,,,2026-07-16,active,,
qualys-inc,Qualys Inc.,Vendor,3_Supporting,,https://qualys.com,"Qualys Inc. — primary vendor website, sourced from the vendors catalog's existing verified record.",Verified,2026-07-07,No,No,No,No,No,No,Yes,No,0,,None,none,"Backfilled 2026-07-16 from pqc_authoritative_sources_reference_07162026.csv (pqc_authoritative_sources_reference) — trust_tier=3_Supporting assigned via Vendor's existing modal precedent in this registry, NOT independently researched; skim before treating as verified. Cited by 0 active migrate row(s), 1 active vendor row(s).",url_needs_review,,,,2026-07-16,active,,
quantinuum,Quantinuum,Industry_Workgroup,3_Supporting,Global,https://www.quantinuum.com/,Quantum computing and quantum-safe solutions; Quantum-Safe 360 Alliance member,Verified,2026-02-13,No,No,Yes,No,Yes,No,Yes,No,0,,None,none,,url_needs_review,,,,2026-05-06,active,,
quantropi-inc,Quantropi Inc.,Vendor,3_Supporting,,https://www.quantropi.com,"Quantropi Inc. — primary vendor website, sourced from the vendors catalog's existing verified record.",Verified,2026-07-07,No,No,No,No,No,No,Yes,No,0,,None,none,"Backfilled 2026-07-16 from pqc_authoritative_sources_reference_07162026.csv (pqc_authoritative_sources_reference) — trust_tier=3_Supporting assigned via Vendor's existing modal precedent in this registry, NOT independently researched; skim before treating as verified. Cited by 1 active migrate row(s), 1 active vendor row(s).",url_needs_review,,,,2026-07-16,active,,
quantum-bridge-technologies-inc,Quantum Bridge Technologies Inc.,Vendor,3_Supporting,,https://quantumbridge.com,"Quantum Bridge Technologies Inc. — primary vendor website, sourced from the vendors catalog's existing verified record.",Verified,2026-07-07,No,No,No,No,No,No,Yes,No,0,,None,none,"Backfilled 2026-07-16 from pqc_authoritative_sources_reference_07162026.csv (pqc_authoritative_sources_reference) — trust_tier=3_Supporting assigned via Vendor's existing modal precedent in this registry, NOT independently researched; skim before treating as verified. Cited by 1 active migrate row(s), 1 active vendor row(s).",url_needs_review,,,,2026-07-16,active,,
quantum-brilliance-pty-ltd,Quantum Brilliance Pty Ltd,Vendor,3_Supporting,APAC,https://quantumbrilliance.com,Australian quantum-computing hardware vendor; certified-randomness PQC partnership with CyberSeQ/LuxProvide.,Verified,2026-07-27,No,No,No,No,No,No,No,No,0,,None,none,Created 2026-07-27 alongside vendor-roadmaps registration.,url_needs_review,,,,,active,,
quantum-computing-report,Quantum Computing Report,Industry_Analyst,4_Contextual,Global,https://quantumcomputingreport.com/,Quantum-industry analysis and news site (Global Quantum Intelligence),Verified,2026-07-12,No,Yes,No,No,No,No,No,No,0,,None,none,,url_needs_review,,,,2026-07-09,active,,
quantum-corporation,Quantum Corporation,Vendor,3_Supporting,,https://quantum.com,US data storage company (NASDAQ: QMCO); FIPS 140-3 validated cryptographic module.,Verified,2026-07-27,No,No,No,No,No,No,Yes,No,0,,None,none,Created 2026-07-27 alongside vendor registration.,url_needs_review,,,,,active,,
quantum-emotion-inc,Quantum eMotion Inc.,Vendor,3_Supporting,,https://www.quantumemotion.com,"Quantum eMotion Inc. — primary vendor website, sourced from the vendors catalog's existing verified record.",Verified,2026-07-07,No,No,No,No,No,No,Yes,No,0,,None,none,"Backfilled 2026-07-16 from pqc_authoritative_sources_reference_07162026.csv (pqc_authoritative_sources_reference) — trust_tier=3_Supporting assigned via Vendor's existing modal precedent in this registry, NOT independently researched; skim before treating as verified. Cited by 1 active migrate row(s), 1 active vendor row(s).",url_needs_review,,,,2026-07-16,active,,
quantum-insider,The Quantum Insider,Industry_Analyst,4_Contextual,Global,https://thequantuminsider.com/,Quantum-industry news and market-intelligence outlet,Verified,2026-07-12,No,Yes,No,No,No,No,No,No,0,,None,none,,url_needs_review,,,,2026-07-09,active,,
quantum-knight-inc,"Quantum Knight, Inc.",Vendor,3_Supporting,,https://quantumknight.io/,"Quantum Knight, Inc. — primary vendor website, sourced from the vendors catalog's existing verified record.",Verified,2026-07-07,No,No,No,No,No,No,Yes,No,0,,None,none,"Backfilled 2026-07-16 from pqc_authoritative_sources_reference_07162026.csv (pqc_authoritative_sources_reference) — trust_tier=3_Supporting assigned via Vendor's existing modal precedent in this registry, NOT independently researched; skim before treating as verified. Cited by 1 active migrate row(s), 1 active vendor row(s).",url_needs_review,,,,2026-07-16,active,,
quantum-secure-encryption-corp,Quantum Secure Encryption Corp.,Vendor,3_Supporting,,https://quantumsecureencryption.com,"Vendor of QPA v2, an enterprise post-quantum cryptographic migration platform.",Verified,2026-07-27,No,No,No,No,No,No,Yes,No,0,,None,none,Created 2026-07-27 alongside vendor registration.,url_needs_review,,,,,active,,
quantum-security-defence,Quantum Security Defence,Vendor,4_Contextual,EMEA,https://www.quantumsecuritydefence.com/,UK quantum-security advisory firm (Steven Vaile); advocacy on national quantum-defence readiness,Verified,2026-07-12,Yes,No,No,No,No,No,No,No,0,,None,none,,url_needs_review,,,,2026-07-09,active,,
quantum-xchange,Quantum Xchange,Vendor,4_Contextual,Americas,https://quantumxc.com/,Quantum-safe key delivery vendor (Phio TX); crypto-agile key management products,Verified,2026-07-12,No,Yes,No,No,No,No,No,No,0,,None,none,,url_needs_review,,,,2026-07-09,active,,
quantum-xchange-inc,Quantum Xchange Inc.,Vendor,3_Supporting,,https://quantumxc.com,"Quantum Xchange Inc. — primary vendor website, sourced from the vendors catalog's existing verified record.",Verified,2026-07-07,No,No,No,No,No,No,Yes,No,0,,None,none,"Backfilled 2026-07-16 from pqc_authoritative_sources_reference_07162026.csv (pqc_authoritative_sources_reference) — trust_tier=3_Supporting assigned via Vendor's existing modal precedent in this registry, NOT independently researched; skim before treating as verified. Cited by 1 active migrate row(s), 1 active vendor row(s).",url_needs_review,,,,2026-07-16,active,,
quantum-zeitgeist,Quantum Zeitgeist,Industry_Analyst,4_Contextual,Global,https://quantumzeitgeist.com/,Quantum-technology news and commentary outlet,Verified,2026-07-12,No,Yes,No,No,No,No,No,No,0,,None,none,,url_needs_review,,,,2026-07-09,active,,
quantumctek-co-ltd,QuantumCTek Co. Ltd.,Vendor,3_Supporting,,https://www.quantumctec.com,"QuantumCTek Co. Ltd. — primary vendor website, sourced from the vendors catalog's existing verified record.",Verified,2026-07-07,No,No,No,No,No,No,Yes,No,0,,None,none,"Backfilled 2026-07-16 from pqc_authoritative_sources_reference_07162026.csv (pqc_authoritative_sources_reference) — trust_tier=3_Supporting assigned via Vendor's existing modal precedent in this registry, NOT independently researched; skim before treating as verified. Cited by 1 active migrate row(s), 1 active vendor row(s).",url_needs_review,,,,2026-07-16,active,,
quintessencelabs-pty-ltd,QuintessenceLabs Pty Ltd.,Vendor,3_Supporting,,https://quintessencelabs.com,"QuintessenceLabs Pty Ltd. — primary vendor website, sourced from the vendors catalog's existing verified record.",Verified,2026-07-07,No,No,No,No,No,No,Yes,No,0,,None,none,"Backfilled 2026-07-16 from pqc_authoritative_sources_reference_07162026.csv (pqc_authoritative_sources_reference) — trust_tier=3_Supporting assigned via Vendor's existing modal precedent in this registry, NOT independently researched; skim before treating as verified. Cited by 1 active migrate row(s), 1 active vendor row(s).",url_needs_review,,,,2026-07-16,active,,
quranium,Quranium,Vendor,3_Supporting,,https://www.quranium.org,"Quranium — primary vendor website, sourced from the vendors catalog's existing verified record.",Verified,2026-07-07,No,No,No,No,No,No,Yes,No,0,,None,none,"Backfilled 2026-07-16 from pqc_authoritative_sources_reference_07162026.csv (pqc_authoritative_sources_reference) — trust_tier=3_Supporting assigned via Vendor's existing modal precedent in this registry, NOT independently researched; skim before treating as verified. Cited by 1 active migrate row(s), 1 active vendor row(s).",url_needs_review,,,,2026-07-16,active,,
qusecure,QuSecure,Industry_Workgroup,4_Contextual,Americas,https://qusecure.com/,Quantum-resistant security solutions; PQCA founding member,Verified,2026-02-13,No,No,No,No,No,No,Yes,No,0,,None,none,,url_needs_review,,,,2026-05-06,active,,
r3-ltd,R3 Ltd.,Vendor,3_Supporting,,https://r3.com,"R3 Ltd. — primary vendor website, sourced from the vendors catalog's existing verified record.",Verified,2026-07-07,No,No,No,No,No,No,Yes,No,0,,None,none,"Backfilled 2026-07-16 from pqc_authoritative_sources_reference_07162026.csv (pqc_authoritative_sources_reference) — trust_tier=3_Supporting assigned via Vendor's existing modal precedent in this registry, NOT independently researched; skim before treating as verified. Cited by 0 active migrate row(s), 1 active vendor row(s).",url_needs_review,,,,2026-07-16,active,,
radboud-university,Radboud University,Academic,3_Supporting,EMEA,https://www.ru.nl/,Dutch research university with strong cryptographic research including PQC implementation analysis and side-channel security,Verified,2026-03-28,No,Yes,No,No,No,No,No,No,0,,None,none,,url_authoritative,,,,2026-05-06,active,,
radiant-logic-inc,"Radiant Logic, Inc.",Vendor,3_Supporting,,https://www.radiantlogic.com/,"Radiant Logic, Inc. — primary vendor website, sourced from the vendors catalog's existing verified record.",Verified,2026-07-07,No,No,No,No,No,No,Yes,No,0,,None,none,"Backfilled 2026-07-16 from pqc_authoritative_sources_reference_07162026.csv (pqc_authoritative_sources_reference) — trust_tier=3_Supporting assigned via Vendor's existing modal precedent in this registry, NOT independently researched; skim before treating as verified. Cited by 1 active migrate row(s), 1 active vendor row(s).",url_needs_review,,,,2026-07-16,active,,
rakuten-symphony-inc,Rakuten Symphony Inc.,Vendor,3_Supporting,,https://symphony.rakuten.com,"Rakuten Symphony Inc. — primary vendor website, sourced from the vendors catalog's existing verified record.",Verified,2026-07-07,No,No,No,No,No,No,Yes,No,0,,None,none,"Backfilled 2026-07-16 from pqc_authoritative_sources_reference_07162026.csv (pqc_authoritative_sources_reference) — trust_tier=3_Supporting assigned via Vendor's existing modal precedent in this registry, NOT independently researched; skim before treating as verified. Cited by 0 active migrate row(s), 1 active vendor row(s).",url_needs_review,,,,2026-07-16,active,,
rambus-inc,Rambus Inc.,Vendor,3_Supporting,,https://www.rambus.com,"Rambus Inc. — primary vendor website, sourced from the vendors catalog's existing verified record.",Verified,2026-07-07,No,No,No,No,No,No,Yes,No,0,,None,none,"Backfilled 2026-07-16 from pqc_authoritative_sources_reference_07162026.csv (pqc_authoritative_sources_reference) — trust_tier=3_Supporting assigned via Vendor's existing modal precedent in this registry, NOT independently researched; skim before treating as verified. Cited by 1 active migrate row(s), 1 active vendor row(s).",url_needs_review,,,,2026-07-16,active,,
rapid7-inc,Rapid7 Inc.,Vendor,3_Supporting,,https://rapid7.com,"Rapid7 Inc. — primary vendor website, sourced from the vendors catalog's existing verified record.",Verified,2026-07-07,No,No,No,No,No,No,Yes,No,0,,None,none,"Backfilled 2026-07-16 from pqc_authoritative_sources_reference_07162026.csv (pqc_authoritative_sources_reference) — trust_tier=3_Supporting assigned via Vendor's existing modal precedent in this registry, NOT independently researched; skim before treating as verified. Cited by 0 active migrate row(s), 1 active vendor row(s).",url_needs_review,,,,2026-07-16,active,,
rbi-india,Reserve Bank of India,Government,1_Authoritative,APAC,https://www.rbi.org.in/,India's central bank and financial-sector regulator; formed the Q-SAFE Expert Committee on quantum technology risk to the banking system.,Verified,2026-08-07,No,No,No,No,Yes,No,No,No,0,,None,none,Added 2026-08-07 (timeline refresh remediation): resolves a trusted_source_id gap for a Phase-2 intake timeline row.,url_needs_review,,,,2026-08-07,active,,
realtek-semiconductor-corp,Realtek Semiconductor Corp.,Vendor,3_Supporting,,https://www.realtek.com/,"Realtek Semiconductor Corp. — primary vendor website, sourced from the vendors catalog's existing verified record.",Verified,2026-07-07,No,No,No,No,No,No,Yes,No,0,,None,none,"Backfilled 2026-07-16 from pqc_authoritative_sources_reference_07162026.csv (pqc_authoritative_sources_reference) — trust_tier=3_Supporting assigned via Vendor's existing modal precedent in this registry, NOT independently researched; skim before treating as verified. Cited by 1 active migrate row(s), 1 active vendor row(s).",url_needs_review,,,,2026-07-16,active,,
recorded-future,Recorded Future,Vendor,3_Supporting,,https://www.recordedfuture.com,"Recorded Future — primary vendor website, sourced from the vendors catalog's existing verified record.",Verified,2026-07-07,No,No,No,No,No,No,Yes,No,0,,None,none,"Backfilled 2026-07-16 from pqc_authoritative_sources_reference_07162026.csv (pqc_authoritative_sources_reference) — trust_tier=3_Supporting assigned via Vendor's existing modal precedent in this registry, NOT independently researched; skim before treating as verified. Cited by 1 active migrate row(s), 1 active vendor row(s).",url_needs_review,,,,2026-07-16,active,,
red-hat,Red Hat (IBM),Industry_Workgroup,3_Supporting,Global,https://www.redhat.com/,RHEL crypto policies; OpenShift and Fedora PQC-ready packages and OpenSSL integration,Verified,2026-03-28,No,No,No,No,No,No,Yes,No,0,,None,none,,url_needs_review,,,,2026-05-06,active,,
red-hat-dogtag,Red Hat (Dogtag),Vendor,3_Supporting,,https://www.dogtagpki.org,"Red Hat (Dogtag) — primary vendor website, sourced from the vendors catalog's existing verified record.",Verified,2026-07-07,No,No,No,No,No,No,Yes,No,0,,None,none,"Backfilled 2026-07-16 from pqc_authoritative_sources_reference_07162026.csv (pqc_authoritative_sources_reference) — trust_tier=3_Supporting assigned via Vendor's existing modal precedent in this registry, NOT independently researched; skim before treating as verified. Cited by 0 active migrate row(s), 1 active vendor row(s).",url_needs_review,,,,2026-07-16,active,,
redis-community,Redis Community,Vendor,3_Supporting,,https://redis.io,"Redis Community — primary vendor website, sourced from the vendors catalog's existing verified record.",Verified,2026-07-07,No,No,No,No,No,No,Yes,No,0,,None,none,"Backfilled 2026-07-16 from pqc_authoritative_sources_reference_07162026.csv (pqc_authoritative_sources_reference) — trust_tier=3_Supporting assigned via Vendor's existing modal precedent in this registry, NOT independently researched; skim before treating as verified. Cited by 0 active migrate row(s), 1 active vendor row(s).",url_needs_review,,,,2026-07-16,active,,
renesas-electronics-corporation,Renesas Electronics Corporation,Vendor,3_Supporting,,https://www.renesas.com,"Renesas Electronics Corporation — primary vendor website, sourced from the vendors catalog's existing verified record.",Verified,2026-07-07,No,No,No,No,No,No,Yes,No,0,,None,none,"Backfilled 2026-07-16 from pqc_authoritative_sources_reference_07162026.csv (pqc_authoritative_sources_reference) — trust_tier=3_Supporting assigned via Vendor's existing modal precedent in this registry, NOT independently researched; skim before treating as verified. Cited by 1 active migrate row(s), 1 active vendor row(s).",url_needs_review,,,,2026-07-16,active,,
resquant,ResQuant,Industry_Workgroup,4_Contextual,EMEA,https://resquant.com/,Quantum risk assessment and PQC migration planning services,Verified,2026-02-13,No,No,No,No,No,No,No,No,0,,None,none,,url_needs_review,,,,2026-05-06,active,,
resque,RESQUE Consortium,Industry_Workgroup,4_Contextual,EMEA,https://www.thalesgroup.com/,French consortium (Thales TheGreenBow CryptoExperts CryptoNext ANSSI Inria) for secure communications,Verified,2026-02-13,No,No,Yes,No,No,No,No,No,0,,None,none,,url_needs_review,,,,2026-05-06,active,,
ripple-labs-inc,Ripple Labs Inc.,Vendor,3_Supporting,,https://ripple.com,"Ripple Labs Inc. — primary vendor website, sourced from the vendors catalog's existing verified record.",Verified,2026-07-07,No,No,No,No,No,No,Yes,No,0,,None,none,"Backfilled 2026-07-16 from pqc_authoritative_sources_reference_07162026.csv (pqc_authoritative_sources_reference) — trust_tier=3_Supporting assigned via Vendor's existing modal precedent in this registry, NOT independently researched; skim before treating as verified. Cited by 1 active migrate row(s), 1 active vendor row(s).",url_needs_review,,,,2026-07-16,active,,
risa-rwanda-information-societ,RISA — Rwanda Information Society Authority,Government,3_Supporting,EMEA,https://www.risa.gov.rw/,Rwanda's national digital-transformation and information-society authority,Verified,2026-07-28,,,,,,,,No,,,,,"Confirmed live via WebFetch. General-purpose digital-transformation authority, no PQC-specific content independently verified.",url_authoritative,,,,,active,,
robust-intelligence-inc,Robust Intelligence Inc.,Vendor,3_Supporting,,https://robustintelligence.com,"Robust Intelligence Inc. — primary vendor website, sourced from the vendors catalog's existing verified record.",Verified,2026-07-07,No,No,No,No,No,No,Yes,No,0,,None,none,"Backfilled 2026-07-16 from pqc_authoritative_sources_reference_07162026.csv (pqc_authoritative_sources_reference) — trust_tier=3_Supporting assigned via Vendor's existing modal precedent in this registry, NOT independently researched; skim before treating as verified. Cited by 0 active migrate row(s), 1 active vendor row(s).",url_needs_review,,,,2026-07-16,active,,
rocky-linux-foundation,Rocky Linux Foundation,Vendor,3_Supporting,,https://rockylinux.org,"Rocky Linux Foundation — primary vendor website, sourced from the vendors catalog's existing verified record.",Verified,2026-07-07,No,No,No,No,No,No,Yes,No,0,,None,none,"Backfilled 2026-07-16 from pqc_authoritative_sources_reference_07162026.csv (pqc_authoritative_sources_reference) — trust_tier=3_Supporting assigned via Vendor's existing modal precedent in this registry, NOT independently researched; skim before treating as verified. Cited by 1 active migrate row(s), 1 active vendor row(s).",url_needs_review,,,,2026-07-16,active,,
rosenpass,Rosenpass e.V.,Industry_Workgroup,3_Supporting,EMEA,https://rosenpass.eu/,German non-profit developing the Rosenpass post-quantum VPN protocol combining WireGuard with ML-KEM for hybrid quantum-safe tunnels,Verified,2026-03-28,No,Yes,No,No,No,No,No,No,0,,None,none,,url_needs_review,,,,2026-05-06,active,,
rtca,RTCA,Standards_Body,3_Supporting,Americas,https://www.rtca.org/,Radio Technical Commission for Aeronautics; DO-326A airworthiness cybersecurity,Verified,2026-03-28,No,No,No,Yes,No,Yes,No,No,0,,None,none,,url_authoritative,,,,2026-05-06,active,,
rub-crypto,Ruhr University Bochum Cryptography,Academic,3_Supporting,EMEA,https://www.crypto.rub.de/,Leading European PQC research; developers of NIST-selected CRYSTALS algorithms,Verified,2026-02-13,Yes,Yes,Yes,No,No,No,No,No,0,,None,none,,url_authoritative,,,,2026-05-06,active,,
rubrik,Rubrik,Vendor,3_Supporting,,https://www.rubrik.com,"Rubrik — primary vendor website, sourced from the vendors catalog's existing verified record.",Verified,2026-07-07,No,No,No,No,No,No,Yes,No,0,,None,none,"Backfilled 2026-07-16 from pqc_authoritative_sources_reference_07162026.csv (pqc_authoritative_sources_reference) — trust_tier=3_Supporting assigned via Vendor's existing modal precedent in this registry, NOT independently researched; skim before treating as verified. Cited by 1 active migrate row(s), 1 active vendor row(s).",url_needs_review,,,,2026-07-16,active,,
sa-quti,SA QuTI (South African Quantum Technology Initiative),Academic,2_Core,Africa,https://saquti.org/,"South Africa's national quantum technology initiative, funded by the Department of Science, Technology and Innovation (DSTI) -- a consortium of 6 universities across 3 pillars: quantum computing, communication, and metrology/sensing. Verified 2026-07-16: launched March 2021, entered second phase April 2025 backed by R142M in DSTI funding (confirmed via multiple independent sources).",Verified,2026-07-16,No,No,No,No,Yes,No,No,No,0,,None,none,"Added 2026-07-16 during timeline maintainer-process remediation (Phase 1.2 follow-up after deprecation-sweep research confirmed both are legitimate government-linked bodies) -- tier assigned by precedent-match against this registry's existing Academic/2_Core national-research-institute curation (tno-nl, cwi-amsterdam).",url_needs_review,,,,2026-07-16,active,,
sa-quti-consortium,SA QuTI Consortium,Vendor,3_Supporting,,https://saquti.org,"SA QuTI Consortium — primary vendor website, sourced from the vendors catalog's existing verified record.",Verified,2026-07-07,No,No,No,No,No,No,Yes,No,0,,None,none,"Backfilled 2026-07-16 from pqc_authoritative_sources_reference_07162026.csv (pqc_authoritative_sources_reference) — trust_tier=3_Supporting assigned via Vendor's existing modal precedent in this registry, NOT independently researched; skim before treating as verified. Cited by 1 active migrate row(s), 1 active vendor row(s).",url_needs_review,,,,2026-07-16,active,,
sabs-south-african-bureau-of-s,SABS — South African Bureau of Standards,Standards_Body,3_Supporting,EMEA,https://www.sabs.co.za/,South Africa's national standards body,Verified,2026-07-28,,,,,,,,No,,,,,"Confirmed live (200 via curl). General-purpose national standards body, no PQC-specific content independently verified.",url_authoritative,,,,,active,,
safelogic-inc,SafeLogic Inc.,Vendor,3_Supporting,,https://safelogic.com,"SafeLogic Inc. — primary vendor website, sourced from the vendors catalog's existing verified record.",Verified,2026-07-07,No,No,No,No,No,No,Yes,No,0,,None,none,"Backfilled 2026-07-16 from pqc_authoritative_sources_reference_07162026.csv (pqc_authoritative_sources_reference) — trust_tier=3_Supporting assigned via Vendor's existing modal precedent in this registry, NOT independently researched; skim before treating as verified. Cited by 0 active migrate row(s), 1 active vendor row(s).",url_needs_review,,,,2026-07-16,active,,
sailpoint-technologies-inc,"SailPoint Technologies, Inc.",Vendor,3_Supporting,,https://www.sailpoint.com,"SailPoint Technologies, Inc. — primary vendor website, sourced from the vendors catalog's existing verified record.",Verified,2026-07-07,No,No,No,No,No,No,Yes,No,0,,None,none,"Backfilled 2026-07-16 from pqc_authoritative_sources_reference_07162026.csv (pqc_authoritative_sources_reference) — trust_tier=3_Supporting assigned via Vendor's existing modal precedent in this registry, NOT independently researched; skim before treating as verified. Cited by 0 active migrate row(s), 1 active vendor row(s).",url_needs_review,,,,2026-07-16,active,,
samsik-denmark,SAMSIK (Danish Agency for Societal Security),Government,2_Core,EMEA,https://samsik.dk/,"Styrelsen for Samfundssikkerhed; Danish national coordinating body for societal/civil security, incl. quantum-safe cryptography transition guidance.",Verified,2026-08-07,No,No,No,No,Yes,No,No,No,0,,None,none,Added 2026-08-07 (timeline refresh remediation): resolves a trusted_source_id gap for a Phase-2 intake timeline row.,url_needs_review,,,,2026-08-07,active,,
samsung-electronics-co,Samsung Electronics Co.,Vendor,3_Supporting,,https://samsung.com,"Samsung Electronics Co. — primary vendor website, sourced from the vendors catalog's existing verified record.",Verified,2026-07-07,No,No,No,No,No,No,Yes,No,0,,None,none,"Backfilled 2026-07-16 from pqc_authoritative_sources_reference_07162026.csv (pqc_authoritative_sources_reference) — trust_tier=3_Supporting assigned via Vendor's existing modal precedent in this registry, NOT independently researched; skim before treating as verified. Cited by 0 active migrate row(s), 1 active vendor row(s).",url_needs_review,,,,2026-07-16,active,,
samsung-sds-co-ltd,Samsung SDS Co. Ltd.,Vendor,3_Supporting,,https://www.samsungsds.com,"Samsung SDS Co. Ltd. — primary vendor website, sourced from the vendors catalog's existing verified record.",Verified,2026-07-07,No,No,No,No,No,No,Yes,No,0,,None,none,"Backfilled 2026-07-16 from pqc_authoritative_sources_reference_07162026.csv (pqc_authoritative_sources_reference) — trust_tier=3_Supporting assigned via Vendor's existing modal precedent in this registry, NOT independently researched; skim before treating as verified. Cited by 1 active migrate row(s), 1 active vendor row(s).",url_needs_review,,,,2026-07-16,active,,
sandboxaq,SandboxAQ,Industry_Analyst,3_Supporting,Americas,https://www.sandboxaq.com/,Enterprise quantum-safe cryptography solutions; PQCA founding member,Verified,2026-02-13,Yes,No,Yes,No,Yes,No,Yes,No,3,2026-05-07,Active,none,,url_needs_review,,,,2026-05-06,active,,
sansec-technology-co-ltd,"Sansec Technology Co., Ltd.",Vendor,3_Supporting,,https://en.sansec.com.cn,"Sansec Technology Co., Ltd. — primary vendor website, sourced from the vendors catalog's existing verified record.",Verified,2026-07-07,No,No,No,No,No,No,Yes,No,0,,None,none,"Backfilled 2026-07-16 from pqc_authoritative_sources_reference_07162026.csv (pqc_authoritative_sources_reference) — trust_tier=3_Supporting assigned via Vendor's existing modal precedent in this registry, NOT independently researched; skim before treating as verified. Cited by 1 active migrate row(s), 1 active vendor row(s).",url_needs_review,,,,2026-07-16,active,,
sap,SAP SE,Vendor,3_Supporting,EMEA,https://www.sap.com/,"Enterprise software vendor. SAP Cryptographic Library 8.6 introduces ML-KEM (X25519MLKEM768) hybrid TLS key agreement across SAP ABAP, HANA, and cloud services. Community announcement: community.sap.com.",Verified,2026-03-28,No,No,No,No,No,No,Yes,No,0,,Partial,products,SAP Cryptographic Library in migrate catalog. SAP Community blog post on file.,url_needs_review,,,,2026-05-06,active,,
satoshilabs,SatoshiLabs,Industry_Workgroup,3_Supporting,EMEA,https://satoshilabs.com/,Creator of Trezor hardware wallet; authors SLIP (SatoshiLabs Improvement Proposals) including SLIP-0010 key derivation from master seed,Verified,2026-03-28,No,Yes,No,No,No,No,No,No,0,,None,none,,url_needs_review,,,,2026-05-06,active,,
saudi-nca,Saudi NCA,Government,2_Core,EMEA,https://nca.gov.sa/,Saudi National Cybersecurity Authority; national PQC strategy,Verified,2026-03-28,No,No,No,No,Yes,No,No,No,0,,None,none,,url_authoritative,,,,2026-05-06,active,,
saudi-telecom-company-stc,Saudi Telecom Company (STC),Vendor,3_Supporting,,https://www.stc.com.sa,"Saudi Telecom Company (STC) — primary vendor website, sourced from the vendors catalog's existing verified record.",Verified,2026-07-07,No,No,No,No,No,No,Yes,No,0,,None,none,"Backfilled 2026-07-16 from pqc_authoritative_sources_reference_07162026.csv (pqc_authoritative_sources_reference) — trust_tier=3_Supporting assigned via Vendor's existing modal precedent in this registry, NOT independently researched; skim before treating as verified. Cited by 0 active migrate row(s), 1 active vendor row(s).",url_needs_review,,,,2026-07-16,active,,
saviynt-inc,"Saviynt, Inc.",Vendor,3_Supporting,,https://saviynt.com,"Saviynt, Inc. — primary vendor website, sourced from the vendors catalog's existing verified record.",Verified,2026-07-07,No,No,No,No,No,No,Yes,No,0,,None,none,"Backfilled 2026-07-16 from pqc_authoritative_sources_reference_07162026.csv (pqc_authoritative_sources_reference) — trust_tier=3_Supporting assigned via Vendor's existing modal precedent in this registry, NOT independently researched; skim before treating as verified. Cited by 1 active migrate row(s), 1 active vendor row(s).",url_needs_review,,,,2026-07-16,active,,
scality,Scality,Vendor,3_Supporting,,https://www.scality.com,"Scality — primary vendor website, sourced from the vendors catalog's existing verified record.",Verified,2026-07-07,No,No,No,No,No,No,Yes,No,0,,None,none,"Backfilled 2026-07-16 from pqc_authoritative_sources_reference_07162026.csv (pqc_authoritative_sources_reference) — trust_tier=3_Supporting assigned via Vendor's existing modal precedent in this registry, NOT independently researched; skim before treating as verified. Cited by 1 active migrate row(s), 1 active vendor row(s).",url_needs_review,,,,2026-07-16,active,,
sccs,SCCS (Singapore Common Criteria Scheme),Government,1_Authoritative,APAC,https://www.csa.gov.sg/our-programmes/certification-and-labelling-schemes/singapore-common-criteria-scheme,"Singapore Common Criteria scheme, operated by the Cyber Security Agency of Singapore (CSA).",Verified,2026-07-31,No,No,No,No,No,Yes,No,No,0,,None,none,"Added 2026-07-31 (WP-3.3, remediation plan) -- cross-links the compliance-landscape certification-body row added in the same batch (Phase 5 B1). URL and description sourced from the same real document fetched for that row.",url_authoritative,,,,2026-07-31,active,,
sealsq,SEALSQ Corp,Vendor,2_Core,EMEA,https://www.sealsq.com/,Semiconductor vendor (WISeKey group) shipping post-quantum secure chips and root-of-trust products,Verified,2026-07-12,No,No,No,No,Yes,No,No,No,0,,None,none,,url_needs_review,,,,2026-07-09,active,,
sealsq-corp,SEALSQ Corp.,Vendor,3_Supporting,,https://sealsq.com,"SEALSQ Corp. — primary vendor website, sourced from the vendors catalog's existing verified record.",Verified,2026-07-07,No,No,No,No,No,No,Yes,No,0,,None,none,"Backfilled 2026-07-16 from pqc_authoritative_sources_reference_07162026.csv (pqc_authoritative_sources_reference) — trust_tier=3_Supporting assigned via Vendor's existing modal precedent in this registry, NOT independently researched; skim before treating as verified. Cited by 2 active migrate row(s), 1 active vendor row(s).",url_needs_review,,,,2026-07-16,active,,
secg,Standards for Efficient Cryptography Group (SECG),Industry_Workgroup,2_Core,Global,https://www.secg.org/,Industry consortium developing elliptic curve cryptography standards; authored SEC 1 and SEC 2 including secp256k1 and secp256r1,Verified,2026-03-28,No,Yes,Yes,No,No,No,No,No,0,,None,none,,url_needs_review,,,,2026-05-06,active,,
secom,SECOM CO. LTD.,Industry_Workgroup,3_Supporting,APAC,https://www.secom.co.jp/,Major Japanese security services company; active in PQC research and security infrastructure; Tadahiko Ito is PQC researcher,Verified,2026-03-28,Yes,No,No,No,No,No,No,No,0,,None,none,,url_needs_review,,,,2026-05-06,active,,
secqai-inc,SECQAI Inc.,Vendor,3_Supporting,,https://www.secqai.com,"SECQAI Inc. — primary vendor website, sourced from the vendors catalog's existing verified record.",Verified,2026-07-07,No,No,No,No,No,No,Yes,No,0,,None,none,"Backfilled 2026-07-16 from pqc_authoritative_sources_reference_07162026.csv (pqc_authoritative_sources_reference) — trust_tier=3_Supporting assigned via Vendor's existing modal precedent in this registry, NOT independently researched; skim before treating as verified. Cited by 1 active migrate row(s), 1 active vendor row(s).",url_needs_review,,,,2026-07-16,active,,
sectigo,Sectigo,Vendor,3_Supporting,Americas,https://www.sectigo.com,Certificate authority and PKI vendor with PQC certificate issuance and hybrid certificate research publications.,Verified,2026-05-06,No,Yes,No,No,No,No,No,No,0,,None,none,Added 2026-05-06: orphaned ID found in library.,url_needs_review,,,,2026-05-06,active,,
secunet-security-networks-ag,secunet Security Networks AG,Vendor,3_Supporting,,https://www.secunet.com,"secunet Security Networks AG — primary vendor website, sourced from the vendors catalog's existing verified record.",Verified,2026-07-07,No,No,No,No,No,No,Yes,No,0,,None,none,"Backfilled 2026-07-16 from pqc_authoritative_sources_reference_07162026.csv (pqc_authoritative_sources_reference) — trust_tier=3_Supporting assigned via Vendor's existing modal precedent in this registry, NOT independently researched; skim before treating as verified. Cited by 1 active migrate row(s), 1 active vendor row(s).",url_needs_review,,,,2026-07-16,active,,
secure-ic,Secure-IC,Vendor,3_Supporting,EMEA,https://secure-ic.com,French embedded security IP vendor (Secure-IC Securyzr); PQC solutions cert-validated.,Verified,2026-07-27,No,No,No,No,No,No,Yes,No,0,,None,none,"Created 2026-07-27 (review-proposals pass) alongside vendor registration — vendor's own primary website, not independently third-party verified beyond the GLEIF/CNPJ check already done for the vendor row.",url_needs_review,,,,,active,,
securemachines,SecureMachines,Vendor,3_Supporting,,https://securemachines.io,PQC cryptographic suite vendor (Prastaara); ACVP validated ML-DSA/ML-KEM/SLH-DSA.,Verified,2026-07-27,No,No,No,No,No,No,Yes,No,0,,None,none,"Created 2026-07-27 (review-proposals pass) alongside vendor registration — vendor's own primary website, not independently third-party verified beyond the GLEIF/CNPJ check already done for the vendor row.",url_needs_review,,,,,active,,
securosys-sa,Securosys SA,Vendor,3_Supporting,,https://securosys.com,"Securosys SA — primary vendor website, sourced from the vendors catalog's existing verified record.",Verified,2026-07-07,No,No,No,No,No,No,Yes,No,0,,None,none,"Backfilled 2026-07-16 from pqc_authoritative_sources_reference_07162026.csv (pqc_authoritative_sources_reference) — trust_tier=3_Supporting assigned via Vendor's existing modal precedent in this registry, NOT independently researched; skim before treating as verified. Cited by 1 active migrate row(s), 1 active vendor row(s).",url_needs_review,,,,2026-07-16,active,,
senetas-corporation-ltd,Senetas Corporation Ltd.,Vendor,3_Supporting,,https://senetas.com,"Senetas Corporation Ltd. — primary vendor website, sourced from the vendors catalog's existing verified record.",Verified,2026-07-07,No,No,No,No,No,No,Yes,No,0,,None,none,"Backfilled 2026-07-16 from pqc_authoritative_sources_reference_07162026.csv (pqc_authoritative_sources_reference) — trust_tier=3_Supporting assigned via Vendor's existing modal precedent in this registry, NOT independently researched; skim before treating as verified. Cited by 0 active migrate row(s), 1 active vendor row(s).",url_needs_review,,,,2026-07-16,active,,
sequre-quantum-sa,Sequre Quantum S.A.,Vendor,3_Supporting,,https://sequrequantum.com,"Sequre Quantum S.A. — primary vendor website, sourced from the vendors catalog's existing verified record.",Verified,2026-07-07,No,No,No,No,No,No,Yes,No,0,,None,none,"Backfilled 2026-07-16 from pqc_authoritative_sources_reference_07162026.csv (pqc_authoritative_sources_reference) — trust_tier=3_Supporting assigned via Vendor's existing modal precedent in this registry, NOT independently researched; skim before treating as verified. Cited by 1 active migrate row(s), 1 active vendor row(s).",url_needs_review,,,,2026-07-16,active,,
sertit,SERTIT (Norwegian Certification Authority for IT Security),Government,1_Authoritative,EMEA,https://sertit.no/the-norwegian-certification-scheme/about-the-certification-scheme/,"Norway Common Criteria certification authority, part of the Norwegian National Security Authority (NSM).",Verified,2026-07-31,No,No,No,No,No,Yes,No,No,0,,None,none,"Added 2026-07-31 (WP-3.3, remediation plan) -- cross-links the compliance-landscape certification-body row added in the same batch (Phase 5 B1). URL and description sourced from the same real document fetched for that row.",url_needs_review,,,,2026-07-31,active,,
session-technology-foundation,Session Technology Foundation,Vendor,3_Supporting,,https://session.foundation,"Session Technology Foundation — primary vendor website, sourced from the vendors catalog's existing verified record.",Verified,2026-07-07,No,No,No,No,No,No,Yes,No,0,,None,none,"Backfilled 2026-07-16 from pqc_authoritative_sources_reference_07162026.csv (pqc_authoritative_sources_reference) — trust_tier=3_Supporting assigned via Vendor's existing modal precedent in this registry, NOT independently researched; skim before treating as verified. Cited by 1 active migrate row(s), 1 active vendor row(s).",url_needs_review,,,,2026-07-16,active,,
shanghai-uni-sentry-intelligent-technology-co-ltd,"Shanghai Uni-Sentry Intelligent Technology Co., Ltd.",Vendor,3_Supporting,,http://www.uni-sentry.com,"Shanghai Uni-Sentry Intelligent Technology Co., Ltd. — primary vendor website, sourced from the vendors catalog's existing verified record.",Verified,2026-07-07,No,No,No,No,No,No,Yes,No,0,,None,none,"Backfilled 2026-07-16 from pqc_authoritative_sources_reference_07162026.csv (pqc_authoritative_sources_reference) — trust_tier=3_Supporting assigned via Vendor's existing modal precedent in this registry, NOT independently researched; skim before treating as verified. Cited by 1 active migrate row(s), 1 active vendor row(s).",url_needs_review,,,,2026-07-16,active,,
shinewave-international-inc,Shinewave International Inc.,Vendor,3_Supporting,,https://www.shinewave.com,"Shinewave International Inc. — primary vendor website, sourced from the vendors catalog's existing verified record.",Verified,2026-07-07,No,No,No,No,No,No,Yes,No,0,,None,none,"Backfilled 2026-07-16 from pqc_authoritative_sources_reference_07162026.csv (pqc_authoritative_sources_reference) — trust_tier=3_Supporting assigned via Vendor's existing modal precedent in this registry, NOT independently researched; skim before treating as verified. Cited by 1 active migrate row(s), 1 active vendor row(s).",url_needs_review,,,,2026-07-16,active,,
siemens-ag,Siemens AG,Vendor,3_Supporting,,https://siemens.com,"Siemens AG — primary vendor website, sourced from the vendors catalog's existing verified record.",Verified,2026-07-07,No,No,No,No,No,No,Yes,No,0,,None,none,"Backfilled 2026-07-16 from pqc_authoritative_sources_reference_07162026.csv (pqc_authoritative_sources_reference) — trust_tier=3_Supporting assigned via Vendor's existing modal precedent in this registry, NOT independently researched; skim before treating as verified. Cited by 0 active migrate row(s), 1 active vendor row(s).",url_needs_review,,,,2026-07-16,active,,
signal,Signal Foundation,Vendor,3_Supporting,Americas,https://signal.org/blog/pqxdh/,"Signal Foundation; developed and deployed PQXDH (Post-Quantum Extended Diffie-Hellman) for the Signal Protocol, first widely deployed PQC messaging upgrade",Verified,2026-03-31,No,Yes,No,No,No,No,No,No,0,,None,none,,url_needs_review,,,,2026-05-06,active,,
signiant,Signiant,Vendor,3_Supporting,,https://www.signiant.com,"Signiant — primary vendor website, sourced from the vendors catalog's existing verified record.",Verified,2026-07-07,No,No,No,No,No,No,Yes,No,0,,None,none,"Backfilled 2026-07-16 from pqc_authoritative_sources_reference_07162026.csv (pqc_authoritative_sources_reference) — trust_tier=3_Supporting assigned via Vendor's existing modal precedent in this registry, NOT independently researched; skim before treating as verified. Cited by 1 active migrate row(s), 1 active vendor row(s).",url_needs_review,,,,2026-07-16,active,,
signquantum,SignQuantum,Vendor,3_Supporting,,https://signquantum.com,"SignQuantum — primary vendor website, sourced from the vendors catalog's existing verified record.",Verified,2026-07-07,No,No,No,No,No,No,Yes,No,0,,None,none,"Backfilled 2026-07-16 from pqc_authoritative_sources_reference_07162026.csv (pqc_authoritative_sources_reference) — trust_tier=3_Supporting assigned via Vendor's existing modal precedent in this registry, NOT independently researched; skim before treating as verified. Cited by 1 active migrate row(s), 1 active vendor row(s).",url_needs_review,,,,2026-07-16,active,,
sigstore,Sigstore,Vendor,3_Supporting,,https://sigstore.dev,CNCF/OpenSSF software-supply-chain signing project; selected ML-DSA/SLH-DSA for PQC roadmap.,Verified,2026-07-27,No,No,No,No,No,No,No,No,0,,None,none,Created 2026-07-27 alongside vendor-roadmaps registration.,url_needs_review,,,,,active,,
silvus-technologies,Silvus Technologies,Vendor,3_Supporting,,https://silvustechnologies.com,"Silvus Technologies — primary vendor website, sourced from the vendors catalog's existing verified record.",Verified,2026-07-07,No,No,No,No,No,No,Yes,No,0,,None,none,"Backfilled 2026-07-16 from pqc_authoritative_sources_reference_07162026.csv (pqc_authoritative_sources_reference) — trust_tier=3_Supporting assigned via Vendor's existing modal precedent in this registry, NOT independently researched; skim before treating as verified. Cited by 1 active migrate row(s), 1 active vendor row(s).",url_needs_review,,,,2026-07-16,active,,
simon-tatham-putty-project,Simon Tatham / PuTTY Project,Vendor,3_Supporting,,https://putty.org,"Simon Tatham / PuTTY Project — primary vendor website, sourced from the vendors catalog's existing verified record.",Verified,2026-07-07,No,No,No,No,No,No,Yes,No,0,,None,none,"Backfilled 2026-07-16 from pqc_authoritative_sources_reference_07162026.csv (pqc_authoritative_sources_reference) — trust_tier=3_Supporting assigned via Vendor's existing modal precedent in this registry, NOT independently researched; skim before treating as verified. Cited by 0 active migrate row(s), 1 active vendor row(s).",url_needs_review,,,,2026-07-16,active,,
simplex-chat-ltd,SimpleX Chat Ltd,Vendor,3_Supporting,,https://simplex.chat,"SimpleX Chat Ltd — primary vendor website, sourced from the vendors catalog's existing verified record.",Verified,2026-07-07,No,No,No,No,No,No,Yes,No,0,,None,none,"Backfilled 2026-07-16 from pqc_authoritative_sources_reference_07162026.csv (pqc_authoritative_sources_reference) — trust_tier=3_Supporting assigned via Vendor's existing modal precedent in this registry, NOT independently researched; skim before treating as verified. Cited by 1 active migrate row(s), 1 active vendor row(s).",url_needs_review,,,,2026-07-16,active,,
singapore-telecommunications-ltd,Singapore Telecommunications Ltd.,Vendor,3_Supporting,,https://www.singtel.com,"Singapore Telecommunications Ltd. — primary vendor website, sourced from the vendors catalog's existing verified record.",Verified,2026-07-07,No,No,No,No,No,No,Yes,No,0,,None,none,"Backfilled 2026-07-16 from pqc_authoritative_sources_reference_07162026.csv (pqc_authoritative_sources_reference) — trust_tier=3_Supporting assigned via Vendor's existing modal precedent in this registry, NOT independently researched; skim before treating as verified. Cited by 1 active migrate row(s), 1 active vendor row(s).",url_needs_review,,,,2026-07-16,active,,
singlewire-software,Singlewire Software,Vendor,3_Supporting,,https://singlewire.com,US emergency notification software vendor; FIPS 140-3 validated cryptographic module.,Verified,2026-07-27,No,No,No,No,No,No,Yes,No,0,,None,none,"Created 2026-07-27 (review-proposals pass) alongside vendor registration — vendor's own primary website, not independently third-party verified beyond the GLEIF/CNPJ check already done for the vendor row.",url_needs_review,,,,,active,,
sixscape,Sixscape Communications,Industry_Workgroup,4_Contextual,Americas,https://www.sixscape.com/,IPv6 and quantum-safe network security solutions,Verified,2026-02-13,No,No,No,No,No,No,No,No,0,,None,none,,url_needs_review,,,,2026-05-06,active,,
sk-telecom-co-ltd,"SK Telecom Co., Ltd.",Vendor,3_Supporting,,https://www.sktelecom.com,"SK Telecom Co., Ltd. — primary vendor website, sourced from the vendors catalog's existing verified record.",Verified,2026-07-07,No,No,No,No,No,No,Yes,No,0,,None,none,"Backfilled 2026-07-16 from pqc_authoritative_sources_reference_07162026.csv (pqc_authoritative_sources_reference) — trust_tier=3_Supporting assigned via Vendor's existing modal precedent in this registry, NOT independently researched; skim before treating as verified. Cited by 0 active migrate row(s), 1 active vendor row(s).",url_needs_review,,,,2026-07-16,active,,
smallstep-labs-inc,Smallstep Labs Inc.,Vendor,3_Supporting,,https://smallstep.com,"Smallstep Labs Inc. — primary vendor website, sourced from the vendors catalog's existing verified record.",Verified,2026-07-07,No,No,No,No,No,No,Yes,No,0,,None,none,"Backfilled 2026-07-16 from pqc_authoritative_sources_reference_07162026.csv (pqc_authoritative_sources_reference) — trust_tier=3_Supporting assigned via Vendor's existing modal precedent in this registry, NOT independently researched; skim before treating as verified. Cited by 0 active migrate row(s), 1 active vendor row(s).",url_needs_review,,,,2026-07-16,active,,
sncsa-sweden,Swedish NCSA,Government,2_Core,EMEA,https://www.msb.se/,Swedish National Communication Security Authority; PQC policy,Verified,2026-03-28,No,No,No,No,Yes,No,No,No,0,,None,none,,url_authoritative,,,,2026-05-06,active,,
solana-foundation,Solana Foundation,Vendor,3_Supporting,Global,https://solana.org/,Solana Foundation stewarding the Solana network; tracks quantum threat to Ed25519 signatures,Verified,2026-07-12,No,Yes,No,No,No,No,Yes,No,0,,None,none,,url_needs_review,,,,2026-07-09,active,,
solarwinds-worldwide-llc,"SolarWinds Worldwide, LLC",Vendor,3_Supporting,,https://www.solarwinds.com,"SolarWinds Worldwide, LLC — primary vendor website, sourced from the vendors catalog's existing verified record.",Verified,2026-07-07,No,No,No,No,No,No,Yes,No,0,,None,none,"Backfilled 2026-07-16 from pqc_authoritative_sources_reference_07162026.csv (pqc_authoritative_sources_reference) — trust_tier=3_Supporting assigned via Vendor's existing modal precedent in this registry, NOT independently researched; skim before treating as verified. Cited by 1 active migrate row(s), 1 active vendor row(s).",url_needs_review,,,,2026-07-16,active,,
sonatype-inc,Sonatype Inc.,Vendor,3_Supporting,,https://sonatype.com,"Sonatype Inc. — primary vendor website, sourced from the vendors catalog's existing verified record.",Verified,2026-07-07,No,No,No,No,No,No,Yes,No,0,,None,none,"Backfilled 2026-07-16 from pqc_authoritative_sources_reference_07162026.csv (pqc_authoritative_sources_reference) — trust_tier=3_Supporting assigned via Vendor's existing modal precedent in this registry, NOT independently researched; skim before treating as verified. Cited by 0 active migrate row(s), 1 active vendor row(s).",url_needs_review,,,,2026-07-16,active,,
sonicwall-inc,SonicWall Inc.,Vendor,3_Supporting,,https://www.sonicwall.com,"SonicWall Inc. — primary vendor website, sourced from the vendors catalog's existing verified record.",Verified,2026-07-07,No,No,No,No,No,No,Yes,No,0,,None,none,"Backfilled 2026-07-16 from pqc_authoritative_sources_reference_07162026.csv (pqc_authoritative_sources_reference) — trust_tier=3_Supporting assigned via Vendor's existing modal precedent in this registry, NOT independently researched; skim before treating as verified. Cited by 0 active migrate row(s), 1 active vendor row(s).",url_needs_review,,,,2026-07-16,active,,
sophos-ltd,Sophos Ltd.,Vendor,3_Supporting,,https://www.sophos.com,"Sophos Ltd. — primary vendor website, sourced from the vendors catalog's existing verified record.",Verified,2026-07-07,No,No,No,No,No,No,Yes,No,0,,None,none,"Backfilled 2026-07-16 from pqc_authoritative_sources_reference_07162026.csv (pqc_authoritative_sources_reference) — trust_tier=3_Supporting assigned via Vendor's existing modal precedent in this registry, NOT independently researched; skim before treating as verified. Cited by 0 active migrate row(s), 1 active vendor row(s).",url_needs_review,,,,2026-07-16,active,,
soti,SOTI,Vendor,3_Supporting,,https://soti.net,"SOTI — primary vendor website, sourced from the vendors catalog's existing verified record.",Verified,2026-07-07,No,No,No,No,No,No,Yes,No,0,,None,none,"Backfilled 2026-07-16 from pqc_authoritative_sources_reference_07162026.csv (pqc_authoritative_sources_reference) — trust_tier=3_Supporting assigned via Vendor's existing modal precedent in this registry, NOT independently researched; skim before treating as verified. Cited by 1 active migrate row(s), 1 active vendor row(s).",url_needs_review,,,,2026-07-16,active,,
spdx-project,SPDX Project (Linux Foundation),Standards_Body,2_Core,Global,https://spdx.dev/,Linux Foundation standard for software bill of materials (ISO/IEC 5962); SBOM format relevant to CBOM work,Verified,2026-07-12,No,Yes,No,No,No,No,No,No,0,,None,none,,url_authoritative,,,,2026-07-09,active,,
sphereon-bv,Sphereon BV,Vendor,3_Supporting,,https://sphereon.com,"Sphereon BV — primary vendor website, sourced from the vendors catalog's existing verified record.",Verified,2026-07-07,No,No,No,No,No,No,Yes,No,0,,None,none,"Backfilled 2026-07-16 from pqc_authoritative_sources_reference_07162026.csv (pqc_authoritative_sources_reference) — trust_tier=3_Supporting assigned via Vendor's existing modal precedent in this registry, NOT independently researched; skim before treating as verified. Cited by 0 active migrate row(s), 1 active vendor row(s).",url_needs_review,,,,2026-07-16,active,,
spherity,Spherity,Vendor,4_Contextual,EMEA,https://www.spherity.com/,German decentralized-identity vendor; quantum-resilient organizational identity research,Verified,2026-07-12,No,Yes,No,No,No,No,No,No,0,,None,none,,url_needs_review,,,,2026-07-09,active,,
spherity-gmbh,Spherity GmbH,Vendor,3_Supporting,,https://spherity.com,"Spherity GmbH — primary vendor website, sourced from the vendors catalog's existing verified record.",Verified,2026-07-07,No,No,No,No,No,No,Yes,No,0,,None,none,"Backfilled 2026-07-16 from pqc_authoritative_sources_reference_07162026.csv (pqc_authoritative_sources_reference) — trust_tier=3_Supporting assigned via Vendor's existing modal precedent in this registry, NOT independently researched; skim before treating as verified. Cited by 1 active migrate row(s), 1 active vendor row(s).",url_needs_review,,,,2026-07-16,active,,
splunk-inc-cisco,Splunk Inc. (Cisco),Vendor,3_Supporting,,https://splunk.com,"Splunk Inc. (Cisco) — primary vendor website, sourced from the vendors catalog's existing verified record.",Verified,2026-07-07,No,No,No,No,No,No,Yes,No,0,,None,none,"Backfilled 2026-07-16 from pqc_authoritative_sources_reference_07162026.csv (pqc_authoritative_sources_reference) — trust_tier=3_Supporting assigned via Vendor's existing modal precedent in this registry, NOT independently researched; skim before treating as verified. Cited by 0 active migrate row(s), 1 active vendor row(s).",url_needs_review,,,,2026-07-16,active,,
spruce-systems-inc,Spruce Systems Inc.,Vendor,3_Supporting,,https://spruceid.com,"Spruce Systems Inc. — primary vendor website, sourced from the vendors catalog's existing verified record.",Verified,2026-07-07,No,No,No,No,No,No,Yes,No,0,,None,none,"Backfilled 2026-07-16 from pqc_authoritative_sources_reference_07162026.csv (pqc_authoritative_sources_reference) — trust_tier=3_Supporting assigned via Vendor's existing modal precedent in this registry, NOT independently researched; skim before treating as verified. Cited by 0 active migrate row(s), 1 active vendor row(s).",url_needs_review,,,,2026-07-16,active,,
srd-wireless-pte-ltd,SRD Wireless Pte Ltd,Vendor,3_Supporting,,https://srdwireless.com,"SRD Wireless Pte Ltd — primary vendor website, sourced from the vendors catalog's existing verified record.",Verified,2026-07-07,No,No,No,No,No,No,Yes,No,0,,None,none,"Backfilled 2026-07-16 from pqc_authoritative_sources_reference_07162026.csv (pqc_authoritative_sources_reference) — trust_tier=3_Supporting assigned via Vendor's existing modal precedent in this registry, NOT independently researched; skim before treating as verified. Cited by 1 active migrate row(s), 1 active vendor row(s).",url_needs_review,,,,2026-07-16,active,,
ssh-communications-security,SSH Communications Security,Vendor,3_Supporting,,https://www.ssh.com,"SSH Communications Security — primary vendor website, sourced from the vendors catalog's existing verified record.",Verified,2026-07-07,No,No,No,No,No,No,Yes,No,0,,None,none,"Backfilled 2026-07-16 from pqc_authoritative_sources_reference_07162026.csv (pqc_authoritative_sources_reference) — trust_tier=3_Supporting assigned via Vendor's existing modal precedent in this registry, NOT independently researched; skim before treating as verified. Cited by 1 active migrate row(s), 1 active vendor row(s).",url_needs_review,,,,2026-07-16,active,,
stanford-acg,Stanford Applied Crypto Group,Academic,3_Supporting,Americas,https://crypto.stanford.edu/,PQC protocol design and security analysis research,Verified,2025-12-15,No,Yes,Yes,No,No,No,No,No,0,,None,none,,url_authoritative,,,,2026-05-06,active,,
stmicroelectronics-nv,STMicroelectronics N.V.,Vendor,3_Supporting,,https://st.com,"STMicroelectronics N.V. — primary vendor website, sourced from the vendors catalog's existing verified record.",Verified,2026-07-07,No,No,No,No,No,No,Yes,No,0,,None,none,"Backfilled 2026-07-16 from pqc_authoritative_sources_reference_07162026.csv (pqc_authoritative_sources_reference) — trust_tier=3_Supporting assigned via Vendor's existing modal precedent in this registry, NOT independently researched; skim before treating as verified. Cited by 7 active migrate row(s), 1 active vendor row(s).",url_needs_review,,,,2026-07-16,active,,
strongswan,strongSwan Project,Open_Source_Project,3_Supporting,EMEA,https://strongswan.org/,"Open-source IKEv2/IPsec reference VPN implementation widely deployed in enterprise and government networks. Implements ML-KEM hybrid key exchange and ML-DSA authentication in IKEv2 per FIPS 203/204. Maintained by HSR University of Applied Sciences Rapperswil, Switzerland.",Verified,2026-03-28,No,No,No,No,No,No,Yes,No,0,,Partial,products,strongSwan in migrate catalog. strongswanpqc.pdf and hybrid IPsec paper on file.,url_needs_review,,,,2026-05-06,active,,
stv-group-as,STV Group a.s.,Vendor,3_Supporting,,https://www.stvgroup.cz,"STV Group a.s. — primary vendor website, sourced from the vendors catalog's existing verified record.",Verified,2026-07-07,No,No,No,No,No,No,Yes,No,0,,None,none,"Backfilled 2026-07-16 from pqc_authoritative_sources_reference_07162026.csv (pqc_authoritative_sources_reference) — trust_tier=3_Supporting assigned via Vendor's existing modal precedent in this registry, NOT independently researched; skim before treating as verified. Cited by 1 active migrate row(s), 1 active vendor row(s).",url_needs_review,,,,2026-07-16,active,,
stytch-inc,Stytch Inc.,Vendor,3_Supporting,,https://stytch.com,"Stytch Inc. — primary vendor website, sourced from the vendors catalog's existing verified record.",Verified,2026-07-07,No,No,No,No,No,No,Yes,No,0,,None,none,"Backfilled 2026-07-16 from pqc_authoritative_sources_reference_07162026.csv (pqc_authoritative_sources_reference) — trust_tier=3_Supporting assigned via Vendor's existing modal precedent in this registry, NOT independently researched; skim before treating as verified. Cited by 1 active migrate row(s), 1 active vendor row(s).",url_needs_review,,,,2026-07-16,active,,
sui-foundation,Sui Foundation,Vendor,3_Supporting,Global,https://sui.io/,Foundation stewarding the Sui blockchain ecosystem,Verified,2026-07-12,No,Yes,No,No,No,No,Yes,No,0,,None,none,,url_needs_review,,,,2026-07-09,active,,
surfshark,Surfshark,Vendor,3_Supporting,,https://surfshark.com,"Surfshark — primary vendor website, sourced from the vendors catalog's existing verified record.",Verified,2026-07-07,No,No,No,No,No,No,Yes,No,0,,None,none,"Backfilled 2026-07-16 from pqc_authoritative_sources_reference_07162026.csv (pqc_authoritative_sources_reference) — trust_tier=3_Supporting assigned via Vendor's existing modal precedent in this registry, NOT independently researched; skim before treating as verified. Cited by 1 active migrate row(s), 1 active vendor row(s).",url_needs_review,,,,2026-07-16,active,,
suse-llc,SUSE LLC,Vendor,3_Supporting,,https://suse.com,"SUSE LLC — primary vendor website, sourced from the vendors catalog's existing verified record.",Verified,2026-07-07,No,No,No,No,No,No,Yes,No,0,,None,none,"Backfilled 2026-07-16 from pqc_authoritative_sources_reference_07162026.csv (pqc_authoritative_sources_reference) — trust_tier=3_Supporting assigned via Vendor's existing modal precedent in this registry, NOT independently researched; skim before treating as verified. Cited by 0 active migrate row(s), 1 active vendor row(s).",url_needs_review,,,,2026-07-16,active,,
suse-llc-opensuse,SUSE LLC (openSUSE),Vendor,3_Supporting,,https://opensuse.org,"SUSE LLC (openSUSE) — primary vendor website, sourced from the vendors catalog's existing verified record.",Verified,2026-07-07,No,No,No,No,No,No,Yes,No,0,,None,none,"Backfilled 2026-07-16 from pqc_authoritative_sources_reference_07162026.csv (pqc_authoritative_sources_reference) — trust_tier=3_Supporting assigned via Vendor's existing modal precedent in this registry, NOT independently researched; skim before treating as verified. Cited by 0 active migrate row(s), 1 active vendor row(s).",url_needs_review,,,,2026-07-16,active,,
swift,SWIFT,Standards_Body,2_Core,Global,https://www.swift.com/,Society for Worldwide Interbank Financial Telecommunication; quantum-safe messaging,Verified,2026-03-28,No,No,No,Yes,No,Yes,No,No,0,,None,none,,url_authoritative,,,,2026-05-06,active,,
synopsys-inc,"Synopsys, Inc.",Vendor,3_Supporting,,https://www.synopsys.com,"Synopsys, Inc. — primary vendor website, sourced from the vendors catalog's existing verified record.",Verified,2026-07-07,No,No,No,No,No,No,Yes,No,0,,None,none,"Backfilled 2026-07-16 from pqc_authoritative_sources_reference_07162026.csv (pqc_authoritative_sources_reference) — trust_tier=3_Supporting assigned via Vendor's existing modal precedent in this registry, NOT independently researched; skim before treating as verified. Cited by 1 active migrate row(s), 1 active vendor row(s).",url_needs_review,,,,2026-07-16,active,,
tailscale-inc,Tailscale Inc.,Vendor,3_Supporting,,https://tailscale.com,"Tailscale Inc. — primary vendor website, sourced from the vendors catalog's existing verified record.",Verified,2026-07-07,No,No,No,No,No,No,Yes,No,0,,None,none,"Backfilled 2026-07-16 from pqc_authoritative_sources_reference_07162026.csv (pqc_authoritative_sources_reference) — trust_tier=3_Supporting assigned via Vendor's existing modal precedent in this registry, NOT independently researched; skim before treating as verified. Cited by 1 active migrate row(s), 1 active vendor row(s).",url_needs_review,,,,2026-07-16,active,,
taiwan-qsmc-migration-center,Taiwan QSMC Migration Center,Vendor,3_Supporting,,https://www.qsmc.org,"Taiwan QSMC Migration Center — primary vendor website, sourced from the vendors catalog's existing verified record.",Verified,2026-07-07,No,No,No,No,No,No,Yes,No,0,,None,none,"Backfilled 2026-07-16 from pqc_authoritative_sources_reference_07162026.csv (pqc_authoritative_sources_reference) — trust_tier=3_Supporting assigned via Vendor's existing modal precedent in this registry, NOT independently researched; skim before treating as verified. Cited by 0 active migrate row(s), 1 active vendor row(s).",url_needs_review,,,,2026-07-16,active,,
taurus-group,Taurus SA,Vendor,3_Supporting,EMEA,https://www.taurushq.com/,Swiss digital-asset custody and tokenization infrastructure provider,Verified,2026-07-12,No,Yes,No,No,No,No,No,No,0,,None,none,,url_needs_review,,,,2026-07-09,active,,
taurus-sa,Taurus SA,Vendor,3_Supporting,,https://taurushq.com,"Taurus SA — primary vendor website, sourced from the vendors catalog's existing verified record.",Verified,2026-07-07,No,No,No,No,No,No,Yes,No,0,,None,none,"Backfilled 2026-07-16 from pqc_authoritative_sources_reference_07162026.csv (pqc_authoritative_sources_reference) — trust_tier=3_Supporting assigned via Vendor's existing modal precedent in this registry, NOT independently researched; skim before treating as verified. Cited by 0 active migrate row(s), 1 active vendor row(s).",url_needs_review,,,,2026-07-16,active,,
tbs-canada,Treasury Board of Canada Secretariat (TBS),Government,2_Core,Americas,https://www.tbs-sct.gc.ca/,Canadian federal body for digital and security policy; issues SPIN (Security and Privacy Notices) on cryptographic transitions and quantum readiness,Verified,2026-03-28,No,No,No,No,Yes,No,No,No,0,,None,none,,url_authoritative,,,,2026-05-06,active,,
tc26-russia,"TC26 (Technical Committee 26 for Standardization “Cryptographic Information Protection”, Russia)",Standards_Body,2_Core,EMEA,https://tc26.ru/,Russia's national technical committee for cryptographic standardization (GOST cryptography); maintains a working group on post-quantum cryptographic mechanisms.,Verified,2026-08-07,No,No,No,No,Yes,No,No,No,0,,None,none,Added 2026-08-07 (timeline refresh remediation): resolves a trusted_source_id gap for a Phase-2 intake timeline row.,url_authoritative,,,,2026-08-07,active,,
tcg,Trusted Computing Group,Standards_Body,2_Core,Global,https://trustedcomputinggroup.org/,Hardware security standards including TPM PQC specifications,Verified,2025-12-15,No,Yes,Yes,No,Yes,Yes,No,No,4,2025-01-01,Blocked,library,TCG site blocks automated download,url_authoritative,,,,2026-05-06,active,,
technology-innovation-institute-tii,Technology Innovation Institute (TII),Vendor,3_Supporting,,https://www.tii.ae,"Technology Innovation Institute (TII) — primary vendor website, sourced from the vendors catalog's existing verified record.",Verified,2026-07-07,No,No,No,No,No,No,Yes,No,0,,None,none,"Backfilled 2026-07-16 from pqc_authoritative_sources_reference_07162026.csv (pqc_authoritative_sources_reference) — trust_tier=3_Supporting assigned via Vendor's existing modal precedent in this registry, NOT independently researched; skim before treating as verified. Cited by 1 active migrate row(s), 1 active vendor row(s).",url_needs_review,,,,2026-07-16,active,,
technology-nexus-secured-business-solutions-ab,Technology Nexus Secured Business Solutions AB,Vendor,3_Supporting,,https://www.nexusgroup.com,"Technology Nexus Secured Business Solutions AB — primary vendor website, sourced from the vendors catalog's existing verified record.",Verified,2026-07-07,No,No,No,No,No,No,Yes,No,0,,None,none,"Backfilled 2026-07-16 from pqc_authoritative_sources_reference_07162026.csv (pqc_authoritative_sources_reference) — trust_tier=3_Supporting assigned via Vendor's existing modal precedent in this registry, NOT independently researched; skim before treating as verified. Cited by 0 active migrate row(s), 1 active vendor row(s).",url_needs_review,,,,2026-07-16,active,,
telefonica,Telefonica,Industry_Workgroup,3_Supporting,Europe,https://www.telefonica.com/,"Spanish multinational telecom operator -- opened a dedicated Centre of Excellence for quantum technologies (crypto-agility, PQC) at MWC, March 2025. Verified 2026-07-16.",Verified,2026-07-16,No,No,No,No,Yes,No,No,No,0,,None,none,"Added 2026-07-16 during timeline maintainer-process remediation (Phase 1.2 follow-up) -- same Industry_Workgroup/3_Supporting tier as ibm-research/cybernetica-ee (a private company's own announcements, not a government body).",url_needs_review,,,,2026-07-16,active,,
telefonica-sa,Telefonica S.A.,Vendor,3_Supporting,,https://www.telefonica.com,"Telefonica S.A. — primary vendor website, sourced from the vendors catalog's existing verified record.",Verified,2026-07-07,No,No,No,No,No,No,Yes,No,0,,None,none,"Backfilled 2026-07-16 from pqc_authoritative_sources_reference_07162026.csv (pqc_authoritative_sources_reference) — trust_tier=3_Supporting assigned via Vendor's existing modal precedent in this registry, NOT independently researched; skim before treating as verified. Cited by 0 active migrate row(s), 1 active vendor row(s).",url_needs_review,,,,2026-07-16,active,,
telegram-fz-llc,Telegram FZ-LLC,Vendor,3_Supporting,,https://telegram.org,"Telegram FZ-LLC — primary vendor website, sourced from the vendors catalog's existing verified record.",Verified,2026-07-07,No,No,No,No,No,No,Yes,No,0,,None,none,"Backfilled 2026-07-16 from pqc_authoritative_sources_reference_07162026.csv (pqc_authoritative_sources_reference) — trust_tier=3_Supporting assigned via Vendor's existing modal precedent in this registry, NOT independently researched; skim before treating as verified. Cited by 0 active migrate row(s), 1 active vendor row(s).",url_needs_review,,,,2026-07-16,active,,
tellabs-enterprise-inc,"Tellabs Enterprise, Inc.",Vendor,3_Supporting,,https://www.tellabs.com,"Tellabs Enterprise, Inc. — primary vendor website, sourced from the vendors catalog's existing verified record.",Verified,2026-07-07,No,No,No,No,No,No,Yes,No,0,,None,none,"Backfilled 2026-07-16 from pqc_authoritative_sources_reference_07162026.csv (pqc_authoritative_sources_reference) — trust_tier=3_Supporting assigned via Vendor's existing modal precedent in this registry, NOT independently researched; skim before treating as verified. Cited by 1 active migrate row(s), 1 active vendor row(s).",url_needs_review,,,,2026-07-16,active,,
tenable-inc,Tenable Inc.,Vendor,3_Supporting,,https://tenable.com,"Tenable Inc. — primary vendor website, sourced from the vendors catalog's existing verified record.",Verified,2026-07-07,No,No,No,No,No,No,Yes,No,0,,None,none,"Backfilled 2026-07-16 from pqc_authoritative_sources_reference_07162026.csv (pqc_authoritative_sources_reference) — trust_tier=3_Supporting assigned via Vendor's existing modal precedent in this registry, NOT independently researched; skim before treating as verified. Cited by 0 active migrate row(s), 1 active vendor row(s).",url_needs_review,,,,2026-07-16,active,,
terra-quantum-ag,Terra Quantum AG,Vendor,3_Supporting,,https://terraquantum.swiss,"Terra Quantum AG — primary vendor website, sourced from the vendors catalog's existing verified record.",Verified,2026-07-07,No,No,No,No,No,No,Yes,No,0,,None,none,"Backfilled 2026-07-16 from pqc_authoritative_sources_reference_07162026.csv (pqc_authoritative_sources_reference) — trust_tier=3_Supporting assigned via Vendor's existing modal precedent in this registry, NOT independently researched; skim before treating as verified. Cited by 1 active migrate row(s), 1 active vendor row(s).",url_needs_review,,,,2026-07-16,active,,
testsslsh-project,testssl.sh Project,Vendor,3_Supporting,,https://testssl.sh,"testssl.sh Project — primary vendor website, sourced from the vendors catalog's existing verified record.",Verified,2026-07-07,No,No,No,No,No,No,Yes,No,0,,None,none,"Backfilled 2026-07-16 from pqc_authoritative_sources_reference_07162026.csv (pqc_authoritative_sources_reference) — trust_tier=3_Supporting assigned via Vendor's existing modal precedent in this registry, NOT independently researched; skim before treating as verified. Cited by 0 active migrate row(s), 1 active vendor row(s).",url_needs_review,,,,2026-07-16,active,,
thales-research,Thales Data Threat Reports,Industry_Analyst,3_Supporting,Global,https://cpl.thalesgroup.com/resources,Annual cybersecurity threat assessments including quantum risks,Verified,2025-12-15,Yes,Yes,No,Yes,No,No,Yes,No,1,2025-06-02,Active,threats,Fixed tagging: threats_csv,url_needs_review,,,,2026-05-06,active,,
thales-trusted-cyber-technologies,Thales Trusted Cyber Technologies,Vendor,3_Supporting,Americas,https://www.thalestct.com,"US business area of Thales Defense & Security, Inc.; government/defense-focused cybersecurity and crypto products",Verified,2026-07-14,No,No,No,No,No,No,Yes,No,0,,None,none,"Backfilled 2026-07-16 from pqc_authoritative_sources_reference_07162026.csv (pqc_authoritative_sources_reference) — trust_tier=3_Supporting assigned via Vendor's existing modal precedent in this registry, NOT independently researched; skim before treating as verified. Cited by 0 active migrate row(s), 1 active vendor row(s).",url_needs_review,,,,2026-07-16,active,,
threema-gmbh,Threema GmbH,Vendor,3_Supporting,,https://threema.ch,"Threema GmbH — primary vendor website, sourced from the vendors catalog's existing verified record.",Verified,2026-07-07,No,No,No,No,No,No,Yes,No,0,,None,none,"Backfilled 2026-07-16 from pqc_authoritative_sources_reference_07162026.csv (pqc_authoritative_sources_reference) — trust_tier=3_Supporting assigned via Vendor's existing modal precedent in this registry, NOT independently researched; skim before treating as verified. Cited by 1 active migrate row(s), 1 active vendor row(s).",url_needs_review,,,,2026-07-16,active,,
tianocore-community,TianoCore Community,Vendor,3_Supporting,,https://www.tianocore.org/,"TianoCore Community — primary vendor website, sourced from the vendors catalog's existing verified record.",Verified,2026-07-07,No,No,No,No,No,No,Yes,No,0,,None,none,"Backfilled 2026-07-16 from pqc_authoritative_sources_reference_07162026.csv (pqc_authoritative_sources_reference) — trust_tier=3_Supporting assigned via Vendor's existing modal precedent in this registry, NOT independently researched; skim before treating as verified. Cited by 0 active migrate row(s), 1 active vendor row(s).",url_needs_review,,,,2026-07-16,active,,
tii-uae,Technology Innovation Institute (UAE),Academic,2_Core,EMEA,https://www.tii.ae/,Technology Innovation Institute (Abu Dhabi); cryptography research center with PQC library work,Verified,2026-07-12,No,No,No,No,Yes,No,No,No,0,,None,none,,url_authoritative,,,,2026-07-09,active,,
tiktok-pte-ltd,TikTok Pte. Ltd.,Vendor,3_Supporting,,https://www.tiktok.com,"TikTok Pte. Ltd. — primary vendor website, sourced from the vendors catalog's existing verified record.",Verified,2026-07-07,No,No,No,No,No,No,Yes,No,0,,None,none,"Backfilled 2026-07-16 from pqc_authoritative_sources_reference_07162026.csv (pqc_authoritative_sources_reference) — trust_tier=3_Supporting assigned via Vendor's existing modal precedent in this registry, NOT independently researched; skim before treating as verified. Cited by 1 active migrate row(s), 1 active vendor row(s).",url_needs_review,,,,2026-07-16,active,,
tno-nl,TNO (Netherlands Org. for Applied Scientific Research),Academic,2_Core,EMEA,https://www.tno.nl/,Netherlands Organisation for Applied Scientific Research; co-author of the AIVD/CWI/TNO PQC Migration Handbook,Verified,2026-07-12,No,Yes,No,No,No,No,No,No,0,,None,none,,url_authoritative,,,,2026-07-09,active,,
toppan-digital-inc,TOPPAN Digital Inc.,Vendor,3_Supporting,,https://www.toppan.com,"TOPPAN Digital Inc. — primary vendor website, sourced from the vendors catalog's existing verified record.",Verified,2026-07-07,No,No,No,No,No,No,Yes,No,0,,None,none,"Backfilled 2026-07-16 from pqc_authoritative_sources_reference_07162026.csv (pqc_authoritative_sources_reference) — trust_tier=3_Supporting assigned via Vendor's existing modal precedent in this registry, NOT independently researched; skim before treating as verified. Cited by 1 active migrate row(s), 1 active vendor row(s).",url_needs_review,,,,2026-07-16,active,,
toppan-inc,Toppan Inc.,Vendor,3_Supporting,,https://www.holdings.toppan.com,"Toppan Inc. — primary vendor website, sourced from the vendors catalog's existing verified record.",Verified,2026-07-07,No,No,No,No,No,No,Yes,No,0,,None,none,"Backfilled 2026-07-16 from pqc_authoritative_sources_reference_07162026.csv (pqc_authoritative_sources_reference) — trust_tier=3_Supporting assigned via Vendor's existing modal precedent in this registry, NOT independently researched; skim before treating as verified. Cited by 1 active migrate row(s), 1 active vendor row(s).",url_needs_review,,,,2026-07-16,active,,
tor-project,Tor Project,Vendor,3_Supporting,,https://www.torproject.org,"Tor Project — primary vendor website, sourced from the vendors catalog's existing verified record.",Verified,2026-07-07,No,No,No,No,No,No,Yes,No,0,,None,none,"Backfilled 2026-07-16 from pqc_authoritative_sources_reference_07162026.csv (pqc_authoritative_sources_reference) — trust_tier=3_Supporting assigned via Vendor's existing modal precedent in this registry, NOT independently researched; skim before treating as verified. Cited by 1 active migrate row(s), 1 active vendor row(s).",url_needs_review,,,,2026-07-16,active,,
toshiba-corporation,Toshiba Corporation,Vendor,3_Supporting,,https://toshiba.com,"Toshiba Corporation — primary vendor website, sourced from the vendors catalog's existing verified record.",Verified,2026-07-07,No,No,No,No,No,No,Yes,No,0,,None,none,"Backfilled 2026-07-16 from pqc_authoritative_sources_reference_07162026.csv (pqc_authoritative_sources_reference) — trust_tier=3_Supporting assigned via Vendor's existing modal precedent in this registry, NOT independently researched; skim before treating as verified. Cited by 0 active migrate row(s), 1 active vendor row(s).",url_needs_review,,,,2026-07-16,active,,
toshiba-research-europe-ltd,Toshiba Research Europe Ltd.,Vendor,3_Supporting,,https://www.toshiba.eu/pages/eu/Research-and-Development,"Toshiba Research Europe Ltd. — primary vendor website, sourced from the vendors catalog's existing verified record.",Verified,2026-07-07,No,No,No,No,No,No,Yes,No,0,,None,none,"Backfilled 2026-07-16 from pqc_authoritative_sources_reference_07162026.csv (pqc_authoritative_sources_reference) — trust_tier=3_Supporting assigned via Vendor's existing modal precedent in this registry, NOT independently researched; skim before treating as verified. Cited by 1 active migrate row(s), 1 active vendor row(s).",url_needs_review,,,,2026-07-16,active,,
traefik-labs,Traefik Labs,Vendor,3_Supporting,EMEA,https://traefik.io/,"Cloud-native reverse proxy vendor, publishes PQC TLS support for Traefik Proxy",Verified,2026-07-07,No,No,No,No,No,No,Yes,No,0,,None,none,"Backfilled 2026-07-16 from pqc_authoritative_sources_reference_07162026.csv (pqc_authoritative_sources_reference) — trust_tier=3_Supporting assigned via Vendor's existing modal precedent in this registry, NOT independently researched; skim before treating as verified. Cited by 1 active migrate row(s), 1 active vendor row(s).",url_needs_review,,,,2026-07-16,active,,
trail-of-bits,Trail of Bits,Vendor,3_Supporting,,https://www.trailofbits.com,"Trail of Bits — primary vendor website, sourced from the vendors catalog's existing verified record.",Verified,2026-07-07,No,No,No,No,No,No,Yes,No,0,,None,none,"Backfilled 2026-07-16 from pqc_authoritative_sources_reference_07162026.csv (pqc_authoritative_sources_reference) — trust_tier=3_Supporting assigned via Vendor's existing modal precedent in this registry, NOT independently researched; skim before treating as verified. Cited by 1 active migrate row(s), 1 active vendor row(s).",url_needs_review,,,,2026-07-16,active,,
trend-micro-inc,Trend Micro Inc.,Vendor,3_Supporting,,https://www.trendmicro.com,"Trend Micro Inc. — primary vendor website, sourced from the vendors catalog's existing verified record.",Verified,2026-07-07,No,No,No,No,No,No,Yes,No,0,,None,none,"Backfilled 2026-07-16 from pqc_authoritative_sources_reference_07162026.csv (pqc_authoritative_sources_reference) — trust_tier=3_Supporting assigned via Vendor's existing modal precedent in this registry, NOT independently researched; skim before treating as verified. Cited by 1 active migrate row(s), 1 active vendor row(s).",url_needs_review,,,,2026-07-16,active,,
trezor-company-sro,Trezor Company s.r.o.,Vendor,3_Supporting,,https://trezor.io,"Trezor Company s.r.o. — primary vendor website, sourced from the vendors catalog's existing verified record.",Verified,2026-07-07,No,No,No,No,No,No,Yes,No,0,,None,none,"Backfilled 2026-07-16 from pqc_authoritative_sources_reference_07162026.csv (pqc_authoritative_sources_reference) — trust_tier=3_Supporting assigned via Vendor's existing modal precedent in this registry, NOT independently researched; skim before treating as verified. Cited by 0 active migrate row(s), 1 active vendor row(s).",url_needs_review,,,,2026-07-16,active,,
trustcloud-inc,"TrustCloud, Inc.",Vendor,3_Supporting,,https://www.trustcloud.ai,"TrustCloud, Inc. — primary vendor website, sourced from the vendors catalog's existing verified record.",Verified,2026-07-07,No,No,No,No,No,No,Yes,No,0,,None,none,"Backfilled 2026-07-16 from pqc_authoritative_sources_reference_07162026.csv (pqc_authoritative_sources_reference) — trust_tier=3_Supporting assigned via Vendor's existing modal precedent in this registry, NOT independently researched; skim before treating as verified. Cited by 1 active migrate row(s), 1 active vendor row(s).",url_needs_review,,,,2026-07-16,active,,
tse-cc,TSE Common Criteria Certification Scheme (Turkiye),Government,1_Authoritative,EMEA,https://www.tse.org.tr/,"Turkiye Common Criteria certification scheme, operated by the Turkish Standards Institution (TSE).",Verified,2026-07-31,No,No,No,No,No,Yes,No,No,0,,None,none,"Added 2026-07-31 (WP-3.3, remediation plan) -- cross-links the compliance-landscape certification-body row added in the same batch (Phase 5 B1). URL and description sourced from the same real document fetched for that row.",url_needs_review,,,,2026-07-31,active,,
tsinghua-ql,Tsinghua University Quantum Lab,Academic,4_Contextual,APAC,https://www.tsinghua.edu.cn/en/,Chinese quantum computing and PQC research,Verified,2025-12-15,Yes,No,Yes,No,No,No,No,No,0,,None,none,,url_authoritative,,,,2026-05-06,active,,
tu-darmstadt,TU Darmstadt (CROSSING / ENCRYPTO),Academic,3_Supporting,Europe,https://www.tu-darmstadt.de/,CROSSING excellence cluster; secure and trustworthy IT; PQC algorithm co-authors,Verified,2026-03-28,Yes,No,No,No,No,No,No,No,0,,None,none,,url_authoritative,,,,2026-05-06,active,,
tubitak-bilgem-turkey,TUBITAK BILGEM (Turkey),Vendor,3_Supporting,,https://en.bilgem.tubitak.gov.tr,"TUBITAK BILGEM (Turkey) — primary vendor website, sourced from the vendors catalog's existing verified record.",Verified,2026-07-07,No,No,No,No,No,No,Yes,No,0,,None,none,"Backfilled 2026-07-16 from pqc_authoritative_sources_reference_07162026.csv (pqc_authoritative_sources_reference) — trust_tier=3_Supporting assigned via Vendor's existing modal precedent in this registry, NOT independently researched; skim before treating as verified. Cited by 1 active migrate row(s), 1 active vendor row(s).",url_needs_review,,,,2026-07-16,active,,
tue-coding,TU Eindhoven Coding Theory,Academic,3_Supporting,EMEA,https://www.tue.nl/en/research/research-groups/coding-theory-and-cryptology,Code-based and lattice-based PQC research,Verified,2025-12-15,Yes,Yes,Yes,No,No,No,No,No,0,,None,none,,url_authoritative,,,,2026-05-06,active,,
tum-chair-of-security-in-infor,TUM Chair of Security in Information Technology — PQC Research,Academic,3_Supporting,EMEA,https://www.ce.cit.tum.de/en/eisec/forschung/post-quantum-cryptography/,Technical University of Munich research group on PQC hardware/software implementation and side-channel security,Verified,2026-07-28,,,,,,,,No,,,,,Confirmed live via WebFetch: side-channel vulnerability analysis and efficient hardware/software implementations of PQC signature schemes.,url_needs_review,,,,,active,,
turkcell-iletisim-hizmetleri-as,Turkcell Iletisim Hizmetleri A.S.,Vendor,3_Supporting,,https://www.turkcell.com.tr,"Turkcell Iletisim Hizmetleri A.S. — primary vendor website, sourced from the vendors catalog's existing verified record.",Verified,2026-07-07,No,No,No,No,No,No,Yes,No,0,,None,none,"Backfilled 2026-07-16 from pqc_authoritative_sources_reference_07162026.csv (pqc_authoritative_sources_reference) — trust_tier=3_Supporting assigned via Vendor's existing modal precedent in this registry, NOT independently researched; skim before treating as verified. Cited by 1 active migrate row(s), 1 active vendor row(s).",url_needs_review,,,,2026-07-16,active,,
tuta-gmbh,Tuta GmbH,Vendor,3_Supporting,,https://tuta.com,"Tuta GmbH — primary vendor website, sourced from the vendors catalog's existing verified record.",Verified,2026-07-07,No,No,No,No,No,No,Yes,No,0,,None,none,"Backfilled 2026-07-16 from pqc_authoritative_sources_reference_07162026.csv (pqc_authoritative_sources_reference) — trust_tier=3_Supporting assigned via Vendor's existing modal precedent in this registry, NOT independently researched; skim before treating as verified. Cited by 0 active migrate row(s), 1 active vendor row(s).",url_needs_review,,,,2026-07-16,active,,
tutus-data-ab,Tutus Data AB,Vendor,3_Supporting,,https://tutus.se,"Tutus Data AB — primary vendor website, sourced from the vendors catalog's existing verified record.",Verified,2026-07-07,No,No,No,No,No,No,Yes,No,0,,None,none,"Backfilled 2026-07-16 from pqc_authoritative_sources_reference_07162026.csv (pqc_authoritative_sources_reference) — trust_tier=3_Supporting assigned via Vendor's existing modal precedent in this registry, NOT independently researched; skim before treating as verified. Cited by 1 active migrate row(s), 1 active vendor row(s).",url_needs_review,,,,2026-07-16,active,,
u-limoges-xlim,University of Limoges XLIM,Academic,4_Contextual,EMEA,https://www.xlim.fr/en,French research institute; PQCrypto steering committee member,Verified,2026-02-13,No,No,Yes,No,No,No,No,No,0,,None,none,,url_authoritative,,,,2026-05-06,active,,
u-ryukyu,University of Ryukyu,Academic,4_Contextual,APAC,https://www.u-ryukyu.ac.jp/en/,Japanese PQCrypto research; regional PQC standardization collaboration,Verified,2026-02-13,No,No,Yes,No,No,No,No,No,0,,None,none,,url_authoritative,,,,2026-05-06,active,,
u-tokyo-q,University of Tokyo Quantum,Academic,4_Contextual,APAC,https://www.u-tokyo.ac.jp/en/,Japanese quantum security research programs,Verified,2025-12-15,No,No,Yes,No,No,No,No,No,0,,None,none,,url_authoritative,,,,2026-05-06,active,,
u-toronto,University of Toronto (Smart Grid Security Lab),Academic,3_Supporting,North_America,https://ece.utoronto.ca/,Smart grid security research; quantum threat analysis for energy infrastructure,Verified,2026-03-28,Yes,No,No,Yes,No,No,No,No,0,,None,none,,url_authoritative,,,,2026-05-06,active,,
u-toronto-sg,University of Toronto Smart Grid Security,Academic,4_Contextual,Americas,https://www.utoronto.ca/,Critical infrastructure quantum threat research,Verified,2025-12-15,No,No,No,Yes,No,No,No,No,0,,None,none,,url_authoritative,,,,2026-05-06,active,,
uae-csc,UAE Cybersecurity Council,Government,2_Core,EMEA,https://www.csc.gov.ae/,UAE Cybersecurity Council; quantum-safe strategy,Verified,2026-03-28,No,No,No,No,Yes,No,No,No,0,,None,none,,url_authoritative,,,,2026-05-06,active,,
uae-telecommunications-and-dig,UAE Telecommunications and Digital Government Regulatory Authority (TDRA),Government,3_Supporting,EMEA,https://www.tdra.gov.ae/,UAE's telecom and digital-government regulator,Verified,2026-07-28,,,,,,,,No,,,,,"Confirmed live via WebFetch. General-purpose regulator, no PQC-specific publication independently verified; fills a Middle East gap.",url_authoritative,,,,,active,,
uc-berkeley-bqic,UC Berkeley BQIC,Academic,3_Supporting,Americas,https://bqic.berkeley.edu/,Berkeley Quantum Information & Computation Center focusing on quantum cryptography and algorithm research,Verified,2026-02-13,No,No,Yes,No,No,No,No,No,0,,None,none,,url_authoritative,,,,2026-05-06,active,,
uc-cincinnati,University of Cincinnati Crypto,Academic,4_Contextual,Americas,https://homepages.uc.edu/~coudtj/,PQCrypto steering committee representation; lattice cryptography research,Verified,2026-02-13,Yes,No,Yes,No,No,No,No,No,0,,None,none,,url_authoritative,,,,2026-05-06,active,,
uefi-forum,UEFI Forum,Standards_Body,3_Supporting,Global,https://uefi.org,Unified Extensible Firmware Interface Forum; maintains UEFI Secure Boot specifications with PQC signature migration requirements,Verified,2026-03-31,No,Yes,No,No,No,No,No,No,0,,None,none,,url_authoritative,,,,2026-05-06,active,,
uk-dsit,"UK Department for Science, Innovation and Technology",Government,1_Authoritative,EMEA,https://www.gov.uk/government/organisations/department-for-science-innovation-and-technology,"UK ministerial department responsible for science, technology, and digital policy. Owns the UK CNI / cyber-skills programme and coordinates national PQC posture with NCSC.",Verified,2026-05-16,No,No,No,No,No,Yes,No,No,0,,None,none,Added 2026-05-16 to resolve compliance.UK-DSIT-CNI-PQC trusted_source_id orphan.,url_authoritative,,,,2026-05-16,active,,
uk-legislation-gov-uk,legislation.gov.uk (UK National Archives),Government,1_Authoritative,Europe,https://www.legislation.gov.uk/,"UK National Archives official database of UK legislation and retained EU law -- publishes the full text of EU-derived instruments such as PSD2 and its RTS on Strong Customer Authentication, which remain in force as retained EU law post-Brexit.",Verified,2026-08-01,No,Yes,No,No,No,No,No,No,0,,None,none,Added 2026-08-01 while sourcing PSD2/SCA RTS for the emv-payment-pqc module. eur-lex.europa.eu returned an AWS WAF challenge (x-amzn-waf-action: challenge) on every attempt; legislation.gov.uk mirrors the same legal texts as UK retained EU law and was directly fetchable and verified against the actual article text. trust_tier=1_Authoritative by precedent-match against eur-lex (same official-legislative-portal profile).,url_authoritative,,,,2026-08-01,active,,
unassigned,Unassigned (placeholder for unmapped vendor records),Vendor,3_Supporting,,https://pqctoday.com,"Unassigned — primary vendor website, sourced from the vendors catalog's existing verified record.",Verified,2026-07-07,No,No,No,No,No,No,Yes,No,0,,None,none,"Backfilled 2026-07-16 from pqc_authoritative_sources_reference_07162026.csv (pqc_authoritative_sources_reference) — trust_tier=3_Supporting assigned via Vendor's existing modal precedent in this registry, NOT independently researched; skim before treating as verified. Cited by 0 active migrate row(s), 1 active vendor row(s).",url_needs_review,,,,2026-07-16,active,,
unece,UNECE,Standards_Body,2_Core,Global,https://unece.org/,UN Economic Commission for Europe; WP.29 vehicle cybersecurity regulations,Verified,2026-03-28,No,No,No,Yes,No,Yes,No,No,0,,None,none,,url_authoritative,,,,2026-05-06,active,,
unece-wp29,UNECE World Forum for Harmonization of Vehicle Regulations (WP.29),Government,1_Authoritative,Global,https://unece.org/wp29-introduction,"UN treaty body (1958 Agreement) issuing UN Regulations for vehicle type-approval, incl. UN R155 vehicle cybersecurity management",Verified,2026-07-30,No,Yes,No,No,No,No,No,No,0,,None,none,Added 2026-07-30: found via complete-library-row on UN-Regulation-No-155-Cyber-Security-and-Cyber-Security-Manag.,url_needs_review,,,,2026-07-30,active,,
unisig,"UNISIG (Union Industry of Signalling — Alstom, Ansaldo, AZD, Bombardier, CAF, Siemens, Thales)",Industry_Workgroup,3_Supporting,Europe,https://www.era.europa.eu/domains/telematics-affairs/ertmsetcs/subsets_en,Rail signalling vendor consortium; authors ERTMS/ETCS SUBSET specifications including on-line key management (SUBSET-137),Verified,2026-07-30,No,Yes,No,No,No,No,No,No,0,,None,none,"Added 2026-07-30: found via complete-library-row on UNISIG-SUBSET-137-ERTMS-ETCS-On-line-Key-Management-FFFIS; distinct from era-rail (the hosting agency, not the authoring consortium).",url_needs_review,,,,2026-07-30,active,,
unisys,Unisys,Vendor,3_Supporting,,https://www.unisys.com,"Unisys — primary vendor website, sourced from the vendors catalog's existing verified record.",Verified,2026-07-07,No,No,No,No,No,No,Yes,No,0,,None,none,"Backfilled 2026-07-16 from pqc_authoritative_sources_reference_07162026.csv (pqc_authoritative_sources_reference) — trust_tier=3_Supporting assigned via Vendor's existing modal precedent in this registry, NOT independently researched; skim before treating as verified. Cited by 1 active migrate row(s), 1 active vendor row(s).",url_needs_review,,,,2026-07-16,active,,
universidad-carlos-iii-de-madrid,Universidad Carlos III de Madrid,Vendor,3_Supporting,EMEA,https://uc3m.es,Spanish public research university; hosts the PERLab HNDL-attack simulation research tool.,Verified,2026-07-27,No,No,No,No,No,No,Yes,No,0,,None,none,"Created 2026-07-27 (review-proposals pass) alongside vendor registration — vendor's own primary website, not independently third-party verified beyond the GLEIF/CNPJ check already done for the vendor row.",url_needs_review,,,,,active,,
us-census,US Census Bureau,Government,1_Authoritative,US,https://www.census.gov/,US federal statistical agency; retail/e-commerce sales and Census of Governments finance tables — official market-size grounding for the industry-landscape source,Verified,2026-07-29,No,No,No,No,No,No,No,No,0,,None,none,,url_authoritative,,,,2026-07-29,active,,
us-congress,United States Congress,Government,1_Authoritative,Americas,https://www.congress.gov/,U.S. legislature; Quantum Computing Cybersecurity Preparedness Act,Verified,2026-03-28,No,No,No,No,Yes,Yes,No,No,0,,None,none,,url_authoritative,,,,2026-05-06,active,,
us-doe-ed,US Department of Education,Government,1_Authoritative,Americas,https://www.ed.gov/,US Department of Education; education-sector cybersecurity guidance,Verified,2026-07-12,No,Yes,No,Yes,No,No,No,No,0,,None,none,,url_authoritative,,,,2026-07-09,active,,
us-treasury,U.S. Department of the Treasury,Government,2_Core,Americas,https://home.treasury.gov/,G7 CEG financial sector quantum risk assessment and PQC migration guidance,Verified,2026-03-28,No,No,No,Yes,Yes,Yes,No,No,0,,None,none,,url_authoritative,,,,2026-05-06,active,,
us-tsa,US Transportation Security Administration (TSA),Government,1_Authoritative,Americas,https://www.tsa.gov/,US Transportation Security Administration; pipeline/transport cybersecurity directives,Verified,2026-07-12,No,Yes,No,No,No,No,No,No,0,,None,none,,url_authoritative,,,,2026-07-09,active,,
usd-crypto,UC San Diego Cryptography Group,Academic,4_Contextual,Americas,https://cseweb.ucsd.edu/~nadiah/,PQC research publications and algorithm development,Verified,2026-02-13,No,No,Yes,No,No,No,No,No,0,,None,none,,url_authoritative,,,,2026-05-06,active,,
usenix-security,USENIX Security Symposium,Academic,2_Core,Global,https://www.usenix.org/conference/usenixsecurity,Premier peer-reviewed systems security research venue (USENIX Association); publishes practical cryptanalysis and security research including classical crypto backdoor/vulnerability demonstrations relevant to migration urgency.,Verified,2026-07-12,No,Yes,No,No,No,No,No,No,1,2026-07-04,Active,library,Added 2026-07-12: real gap found via check_run.py -- library row KLEPTO-2014-DualEC-Backdoor cited trusted_source_id=usenix-security but no such trusted-sources row existed. usenix.org confirmed live.,url_needs_review,,,,2026-07-12,active,,
uspto-patent-public-search,USPTO Patent Public Search,Government,1_Authoritative,Americas,https://ppubs.uspto.gov/pubwebapp/,"United States Patent and Trademark Office — the issuing authority for every patent in the PQC patent catalogue (all 1,185 active rows carry bare US patent numbers). Patent Public Search is the official record of grant and pre-grant publication.",Verified,2026-08-07,No,No,No,No,No,No,No,Yes,,,,,Issuing authority for all active patent rows (bare US patent numbers). Registered 2026-08-07 to give the patents source a provenance anchor.,url_authoritative,,,,2026-08-07,active,,
utimaco-is-gmbh,Utimaco IS GmbH,Vendor,3_Supporting,,https://utimaco.com,"Utimaco IS GmbH — primary vendor website, sourced from the vendors catalog's existing verified record.",Verified,2026-07-07,No,No,No,No,No,No,Yes,No,0,,None,none,"Backfilled 2026-07-16 from pqc_authoritative_sources_reference_07162026.csv (pqc_authoritative_sources_reference) — trust_tier=3_Supporting assigned via Vendor's existing modal precedent in this registry, NOT independently researched; skim before treating as verified. Cited by 2 active migrate row(s), 1 active vendor row(s).",url_needs_review,,,,2026-07-16,active,,
uwaterloo-iqc,University of Waterloo IQC,Academic,3_Supporting,Americas,https://uwaterloo.ca/institute-for-quantum-computing/,Quantum computing and post-quantum cryptography research institute,Verified,2025-12-15,No,No,Yes,No,Yes,No,No,No,0,,None,none,,url_authoritative,,,,2026-05-06,active,,
vandyke-software,VanDyke Software,Vendor,3_Supporting,,https://www.vandyke.com,"VanDyke Software — primary vendor website, sourced from the vendors catalog's existing verified record.",Verified,2026-07-07,No,No,No,No,No,No,Yes,No,0,,None,none,"Backfilled 2026-07-16 from pqc_authoritative_sources_reference_07162026.csv (pqc_authoritative_sources_reference) — trust_tier=3_Supporting assigned via Vendor's existing modal precedent in this registry, NOT independently researched; skim before treating as verified. Cited by 1 active migrate row(s), 1 active vendor row(s).",url_needs_review,,,,2026-07-16,active,,
vector-informatik-gmbh,Vector Informatik GmbH,Vendor,3_Supporting,EMEA,https://vector.com,German automotive embedded software/tools vendor (vSecPrim); SLH-DSA ACVP validated.,Verified,2026-07-27,No,No,No,No,No,No,Yes,No,0,,None,none,"Created 2026-07-27 (review-proposals pass) alongside vendor registration — vendor's own primary website, not independently third-party verified beyond the GLEIF/CNPJ check already done for the vendor row.",url_needs_review,,,,,active,,
veeam,Veeam,Vendor,3_Supporting,,https://www.veeam.com,"Veeam — primary vendor website, sourced from the vendors catalog's existing verified record.",Verified,2026-07-07,No,No,No,No,No,No,Yes,No,0,,None,none,"Backfilled 2026-07-16 from pqc_authoritative_sources_reference_07162026.csv (pqc_authoritative_sources_reference) — trust_tier=3_Supporting assigned via Vendor's existing modal precedent in this registry, NOT independently researched; skim before treating as verified. Cited by 1 active migrate row(s), 1 active vendor row(s).",url_needs_review,,,,2026-07-16,active,,
venafi,Venafi (CyberArk),Industry_Workgroup,3_Supporting,Americas,https://venafi.com/,Machine identity management vendor (acquired by CyberArk); publishes PKI and PQC readiness research,Verified,2026-05-10,No,Yes,No,No,No,No,Yes,No,2,2026-05-10,Active,library,Added 2026-05-10: restored library records require valid trust path,url_needs_review,Venafi (CyberArk),Industry_Workgroup,venafi.com,2026-05-10,active,,
venafi-inc,Venafi Inc.,Vendor,3_Supporting,,https://venafi.com,"Venafi Inc. — primary vendor website, sourced from the vendors catalog's existing verified record.",Verified,2026-07-07,No,No,No,No,No,No,Yes,No,0,,None,none,"Backfilled 2026-07-16 from pqc_authoritative_sources_reference_07162026.csv (pqc_authoritative_sources_reference) — trust_tier=3_Supporting assigned via Vendor's existing modal precedent in this registry, NOT independently researched; skim before treating as verified. Cited by 0 active migrate row(s), 1 active vendor row(s).",url_needs_review,,,,2026-07-16,active,,
veracode,Veracode,Vendor,3_Supporting,,https://www.veracode.com,"Veracode — primary vendor website, sourced from the vendors catalog's existing verified record.",Verified,2026-07-07,No,No,No,No,No,No,Yes,No,0,,None,none,"Backfilled 2026-07-16 from pqc_authoritative_sources_reference_07162026.csv (pqc_authoritative_sources_reference) — trust_tier=3_Supporting assigned via Vendor's existing modal precedent in this registry, NOT independently researched; skim before treating as verified. Cited by 1 active migrate row(s), 1 active vendor row(s).",url_needs_review,,,,2026-07-16,active,,
veracode-inc,Veracode Inc.,Vendor,3_Supporting,,https://veracode.com,"Veracode Inc. — primary vendor website, sourced from the vendors catalog's existing verified record.",Verified,2026-07-07,No,No,No,No,No,No,Yes,No,0,,None,none,"Backfilled 2026-07-16 from pqc_authoritative_sources_reference_07162026.csv (pqc_authoritative_sources_reference) — trust_tier=3_Supporting assigned via Vendor's existing modal precedent in this registry, NOT independently researched; skim before treating as verified. Cited by 0 active migrate row(s), 1 active vendor row(s).",url_needs_review,,,,2026-07-16,active,,
veracrypt-project,VeraCrypt Project,Vendor,3_Supporting,,https://veracrypt.fr,"VeraCrypt Project — primary vendor website, sourced from the vendors catalog's existing verified record.",Verified,2026-07-07,No,No,No,No,No,No,Yes,No,0,,None,none,"Backfilled 2026-07-16 from pqc_authoritative_sources_reference_07162026.csv (pqc_authoritative_sources_reference) — trust_tier=3_Supporting assigned via Vendor's existing modal precedent in this registry, NOT independently researched; skim before treating as verified. Cited by 0 active migrate row(s), 1 active vendor row(s).",url_needs_review,,,,2026-07-16,active,,
veridify-security-inc,Veridify Security Inc.,Vendor,3_Supporting,,https://www.veridify.com,"Veridify Security Inc. — primary vendor website, sourced from the vendors catalog's existing verified record.",Verified,2026-07-07,No,No,No,No,No,No,Yes,No,0,,None,none,"Backfilled 2026-07-16 from pqc_authoritative_sources_reference_07162026.csv (pqc_authoritative_sources_reference) — trust_tier=3_Supporting assigned via Vendor's existing modal precedent in this registry, NOT independently researched; skim before treating as verified. Cited by 1 active migrate row(s), 1 active vendor row(s).",url_needs_review,,,,2026-07-16,active,,
veritas,Veritas,Vendor,3_Supporting,,https://www.veritas.com,"Veritas — primary vendor website, sourced from the vendors catalog's existing verified record.",Verified,2026-07-07,No,No,No,No,No,No,Yes,No,0,,None,none,"Backfilled 2026-07-16 from pqc_authoritative_sources_reference_07162026.csv (pqc_authoritative_sources_reference) — trust_tier=3_Supporting assigned via Vendor's existing modal precedent in this registry, NOT independently researched; skim before treating as verified. Cited by 0 active migrate row(s), 1 active vendor row(s).",url_needs_review,,,,2026-07-16,active,,
veritas-technologies-llc,Veritas Technologies LLC,Vendor,3_Supporting,,https://www.veritas.com,"Veritas Technologies LLC — primary vendor website, sourced from the vendors catalog's existing verified record.",Verified,2026-07-07,No,No,No,No,No,No,Yes,No,0,,None,none,"Backfilled 2026-07-16 from pqc_authoritative_sources_reference_07162026.csv (pqc_authoritative_sources_reference) — trust_tier=3_Supporting assigned via Vendor's existing modal precedent in this registry, NOT independently researched; skim before treating as verified. Cited by 1 active migrate row(s), 1 active vendor row(s).",url_needs_review,,,,2026-07-16,active,,
versa-networks-inc,"Versa Networks, Inc.",Vendor,3_Supporting,,https://versa-networks.com,"Versa Networks, Inc. — primary vendor website, sourced from the vendors catalog's existing verified record.",Verified,2026-07-07,No,No,No,No,No,No,Yes,No,0,,None,none,"Backfilled 2026-07-16 from pqc_authoritative_sources_reference_07162026.csv (pqc_authoritative_sources_reference) — trust_tier=3_Supporting assigned via Vendor's existing modal precedent in this registry, NOT independently researched; skim before treating as verified. Cited by 1 active migrate row(s), 1 active vendor row(s).",url_needs_review,,,,2026-07-16,active,,
viavi,VIAVI Solutions,Vendor,3_Supporting,Americas,https://www.viavisolutions.com/,Network test and measurement vendor; quantum-safe network validation tooling,Verified,2026-07-12,No,Yes,No,No,No,No,No,No,0,,None,none,,url_needs_review,,,,2026-07-09,active,,
viavi-solutions-inc,VIAVI Solutions Inc.,Vendor,3_Supporting,,https://viavisolutions.com,"VIAVI Solutions Inc. — primary vendor website, sourced from the vendors catalog's existing verified record.",Verified,2026-07-07,No,No,No,No,No,No,Yes,No,0,,None,none,"Backfilled 2026-07-16 from pqc_authoritative_sources_reference_07162026.csv (pqc_authoritative_sources_reference) — trust_tier=3_Supporting assigned via Vendor's existing modal precedent in this registry, NOT independently researched; skim before treating as verified. Cited by 0 active migrate row(s), 1 active vendor row(s).",url_needs_review,,,,2026-07-16,active,,
virtru-corporation,Virtru Corporation,Vendor,3_Supporting,,https://virtru.com,"Virtru Corporation — primary vendor website, sourced from the vendors catalog's existing verified record.",Verified,2026-07-07,No,No,No,No,No,No,Yes,No,0,,None,none,"Backfilled 2026-07-16 from pqc_authoritative_sources_reference_07162026.csv (pqc_authoritative_sources_reference) — trust_tier=3_Supporting assigned via Vendor's existing modal precedent in this registry, NOT independently researched; skim before treating as verified. Cited by 0 active migrate row(s), 1 active vendor row(s).",url_needs_review,,,,2026-07-16,active,,
vodafone-group-plc,Vodafone Group Plc,Vendor,3_Supporting,,https://www.vodafone.com,"Vodafone Group Plc — primary vendor website, sourced from the vendors catalog's existing verified record.",Verified,2026-07-07,No,No,No,No,No,No,Yes,No,0,,None,none,"Backfilled 2026-07-16 from pqc_authoritative_sources_reference_07162026.csv (pqc_authoritative_sources_reference) — trust_tier=3_Supporting assigned via Vendor's existing modal precedent in this registry, NOT independently researched; skim before treating as verified. Cited by 1 active migrate row(s), 1 active vendor row(s).",url_needs_review,,,,2026-07-16,active,,
vtech-cyber,Virginia Tech Cybersecurity,Academic,4_Contextual,Americas,https://cyber.vt.edu/,Lattice-based cryptographic algorithm evaluation for NIST standardization,Verified,2026-02-13,No,No,Yes,No,No,No,No,No,0,,None,none,,url_authoritative,,,,2026-05-06,active,,
vultr,Vultr,Vendor,3_Supporting,,https://www.vultr.com,"Vultr — primary vendor website, sourced from the vendors catalog's existing verified record.",Verified,2026-07-07,No,No,No,No,No,No,Yes,No,0,,None,none,"Backfilled 2026-07-16 from pqc_authoritative_sources_reference_07162026.csv (pqc_authoritative_sources_reference) — trust_tier=3_Supporting assigned via Vendor's existing modal precedent in this registry, NOT independently researched; skim before treating as verified. Cited by 1 active migrate row(s), 1 active vendor row(s).",url_needs_review,,,,2026-07-16,active,,
w3c,World Wide Web Consortium (W3C),Standards_Body,2_Core,Global,https://www.w3.org,International standards body for web technologies including WebCrypto API and related quantum-safe transition work.,Verified,2026-05-06,No,Yes,No,Yes,No,No,No,No,0,,None,none,"Added 2026-05-06: orphaned ID found in library, quantum_threats files.",url_authoritative,,,,2026-05-06,active,,
waltid-gmbh,walt.id GmbH,Vendor,3_Supporting,,https://walt.id,"walt.id GmbH — primary vendor website, sourced from the vendors catalog's existing verified record.",Verified,2026-07-07,No,No,No,No,No,No,Yes,No,0,,None,none,"Backfilled 2026-07-16 from pqc_authoritative_sources_reference_07162026.csv (pqc_authoritative_sources_reference) — trust_tier=3_Supporting assigned via Vendor's existing modal precedent in this registry, NOT independently researched; skim before treating as verified. Cited by 0 active migrate row(s), 1 active vendor row(s).",url_needs_review,,,,2026-07-16,active,,
wco,World Customs Organization,Standards_Body,1_Authoritative,Global,https://www.wcoomd.org/,WCO SAFE Framework of Standards; customs supply chain cryptography,Verified,2026-03-28,No,Yes,No,Yes,No,No,No,No,0,,None,none,,url_authoritative,,,,2026-05-06,active,,
web3-foundation,Web3 Foundation,Vendor,3_Supporting,,https://web3.foundation,"Web3 Foundation — primary vendor website, sourced from the vendors catalog's existing verified record.",Verified,2026-07-07,No,No,No,No,No,No,Yes,No,0,,None,none,"Backfilled 2026-07-16 from pqc_authoritative_sources_reference_07162026.csv (pqc_authoritative_sources_reference) — trust_tier=3_Supporting assigned via Vendor's existing modal precedent in this registry, NOT independently researched; skim before treating as verified. Cited by 0 active migrate row(s), 1 active vendor row(s).",url_needs_review,,,,2026-07-16,active,,
wef,World Economic Forum (WEF),Industry_Analyst,2_Core,Global,https://www.weforum.org/,"Global multi-stakeholder platform; publishes PQC policy frameworks, quantum security leadership reports, and migration guidance",Verified,2026-03-28,Yes,Yes,No,No,No,No,No,No,0,,Blocked,none,WEF blocks automated downloads (403),url_needs_review,,,,2026-05-06,active,,
who,World Health Organization,Government,1_Authoritative,Global,https://www.who.int/,UN health agency; Global Health Expenditure Report — official market-size grounding for the industry-landscape source,Verified,2026-07-29,No,No,No,No,No,No,No,No,0,,None,none,,url_needs_review,,,,2026-07-29,active,,
wind-river-systems-inc,Wind River Systems Inc.,Vendor,3_Supporting,,https://windriver.com,"Wind River Systems Inc. — primary vendor website, sourced from the vendors catalog's existing verified record.",Verified,2026-07-07,No,No,No,No,No,No,Yes,No,0,,None,none,"Backfilled 2026-07-16 from pqc_authoritative_sources_reference_07162026.csv (pqc_authoritative_sources_reference) — trust_tier=3_Supporting assigned via Vendor's existing modal precedent in this registry, NOT independently researched; skim before treating as verified. Cited by 0 active migrate row(s), 1 active vendor row(s).",url_needs_review,,,,2026-07-16,active,,
windscribe,Windscribe,Vendor,3_Supporting,,https://windscribe.com,"Windscribe — primary vendor website, sourced from the vendors catalog's existing verified record.",Verified,2026-07-07,No,No,No,No,No,No,Yes,No,0,,None,none,"Backfilled 2026-07-16 from pqc_authoritative_sources_reference_07162026.csv (pqc_authoritative_sources_reference) — trust_tier=3_Supporting assigned via Vendor's existing modal precedent in this registry, NOT independently researched; skim before treating as verified. Cited by 1 active migrate row(s), 1 active vendor row(s).",url_needs_review,,,,2026-07-16,active,,
winscp-project-martin-prikryl,WinSCP Project (Martin Prikryl),Vendor,3_Supporting,,https://winscp.net,"WinSCP Project (Martin Prikryl) — primary vendor website, sourced from the vendors catalog's existing verified record.",Verified,2026-07-07,No,No,No,No,No,No,Yes,No,0,,None,none,"Backfilled 2026-07-16 from pqc_authoritative_sources_reference_07162026.csv (pqc_authoritative_sources_reference) — trust_tier=3_Supporting assigned via Vendor's existing modal precedent in this registry, NOT independently researched; skim before treating as verified. Cited by 1 active migrate row(s), 1 active vendor row(s).",url_needs_review,,,,2026-07-16,active,,
wire-swiss-gmbh,Wire Swiss GmbH,Vendor,3_Supporting,,https://wire.com,"Wire Swiss GmbH — primary vendor website, sourced from the vendors catalog's existing verified record.",Verified,2026-07-07,No,No,No,No,No,No,Yes,No,0,,None,none,"Backfilled 2026-07-16 from pqc_authoritative_sources_reference_07162026.csv (pqc_authoritative_sources_reference) — trust_tier=3_Supporting assigned via Vendor's existing modal precedent in this registry, NOT independently researched; skim before treating as verified. Cited by 0 active migrate row(s), 1 active vendor row(s).",url_needs_review,,,,2026-07-16,active,,
wireguard-project,WireGuard Project,Vendor,3_Supporting,,https://wireguard.com,"WireGuard Project — primary vendor website, sourced from the vendors catalog's existing verified record.",Verified,2026-07-07,No,No,No,No,No,No,Yes,No,0,,None,none,"Backfilled 2026-07-16 from pqc_authoritative_sources_reference_07162026.csv (pqc_authoritative_sources_reference) — trust_tier=3_Supporting assigned via Vendor's existing modal precedent in this registry, NOT independently researched; skim before treating as verified. Cited by 1 active migrate row(s), 1 active vendor row(s).",url_needs_review,,,,2026-07-16,active,,
wisecure-technologies-corporation,WiSECURE Technologies Corporation,Vendor,3_Supporting,,https://www.wisecure-tech.com,"WiSECURE Technologies Corporation — primary vendor website, sourced from the vendors catalog's existing verified record.",Verified,2026-07-07,No,No,No,No,No,No,Yes,No,0,,None,none,"Backfilled 2026-07-16 from pqc_authoritative_sources_reference_07162026.csv (pqc_authoritative_sources_reference) — trust_tier=3_Supporting assigned via Vendor's existing modal precedent in this registry, NOT independently researched; skim before treating as verified. Cited by 1 active migrate row(s), 1 active vendor row(s).",url_needs_review,,,,2026-07-16,active,,
wisekey,WISeKey,Vendor,3_Supporting,,https://wisekey.com,"WISeKey — primary vendor website, sourced from the vendors catalog's existing verified record.",Verified,2026-07-07,No,No,No,No,No,No,Yes,No,0,,None,none,"Backfilled 2026-07-16 from pqc_authoritative_sources_reference_07162026.csv (pqc_authoritative_sources_reference) — trust_tier=3_Supporting assigned via Vendor's existing modal precedent in this registry, NOT independently researched; skim before treating as verified. Cited by 1 active migrate row(s), 1 active vendor row(s).",url_needs_review,,,,2026-07-16,active,,
wiz-inc,Wiz Inc.,Vendor,3_Supporting,,https://www.wiz.io,"Wiz Inc. — primary vendor website, sourced from the vendors catalog's existing verified record.",Verified,2026-07-07,No,No,No,No,No,No,Yes,No,0,,None,none,"Backfilled 2026-07-16 from pqc_authoritative_sources_reference_07162026.csv (pqc_authoritative_sources_reference) — trust_tier=3_Supporting assigned via Vendor's existing modal precedent in this registry, NOT independently researched; skim before treating as verified. Cited by 1 active migrate row(s), 1 active vendor row(s).",url_needs_review,,,,2026-07-16,active,,
wolfssl,wolfSSL,Industry_Workgroup,3_Supporting,Global,https://www.wolfssl.com/,Embedded TLS library with FIPS 140-3 validation and PQC algorithm support,Verified,2026-03-28,No,No,No,No,No,No,Yes,No,0,,None,none,,url_needs_review,,,,2026-05-06,active,,
world-bank,World Bank,Government,1_Authoritative,Global,https://www.worldbank.org/,Intergovernmental development bank; World Development Indicators and Education Finance Watch — official market-size grounding for the industry-landscape source,Verified,2026-07-29,No,No,No,No,No,No,No,No,0,,None,none,,url_needs_review,,,,2026-07-29,active,,
xiphera,Xiphera,Industry_Workgroup,4_Contextual,EMEA,https://www.xiphera.com/,Hardware cryptographic IP cores including PQC implementations,Verified,2026-02-13,No,No,Yes,No,No,No,No,No,0,,None,none,,url_needs_review,,,,2026-05-06,active,,
xwiki-sas-cryptpad,XWiki SAS (CryptPad),Vendor,3_Supporting,,https://cryptpad.org,"XWiki SAS (CryptPad) — primary vendor website, sourced from the vendors catalog's existing verified record.",Verified,2026-07-07,No,No,No,No,No,No,Yes,No,0,,None,none,"Backfilled 2026-07-16 from pqc_authoritative_sources_reference_07162026.csv (pqc_authoritative_sources_reference) — trust_tier=3_Supporting assigned via Vendor's existing modal precedent in this registry, NOT independently researched; skim before treating as verified. Cited by 1 active migrate row(s), 1 active vendor row(s).",url_needs_review,,,,2026-07-16,active,,
yahoo-finance,Yahoo Finance,Industry_Analyst,4_Contextual,Global,https://finance.yahoo.com/,Financial news aggregator; market coverage of quantum-security vendors,Verified,2026-07-12,No,Yes,No,No,No,No,No,No,0,,None,none,,url_needs_review,,,,2026-07-09,active,,
yale-qi,Yale University Quantum Institute,Academic,4_Contextual,Americas,https://quantuminstitute.yale.edu/,Collaborative quantum research across physics engineering and computer science,Verified,2026-02-13,No,No,Yes,No,No,No,No,No,0,,None,none,,url_authoritative,,,,2026-05-06,active,,
yubico-ab,Yubico AB,Vendor,3_Supporting,,https://yubico.com,"Yubico AB — primary vendor website, sourced from the vendors catalog's existing verified record.",Verified,2026-07-07,No,No,No,No,No,No,Yes,No,0,,None,none,"Backfilled 2026-07-16 from pqc_authoritative_sources_reference_07162026.csv (pqc_authoritative_sources_reference) — trust_tier=3_Supporting assigned via Vendor's existing modal precedent in this registry, NOT independently researched; skim before treating as verified. Cited by 0 active migrate row(s), 1 active vendor row(s).",url_needs_review,,,,2026-07-16,active,,
zeek-project,Zeek Project,Vendor,3_Supporting,,https://zeek.org,"Zeek Project — primary vendor website, sourced from the vendors catalog's existing verified record.",Verified,2026-07-07,No,No,No,No,No,No,Yes,No,0,,None,none,"Backfilled 2026-07-16 from pqc_authoritative_sources_reference_07162026.csv (pqc_authoritative_sources_reference) — trust_tier=3_Supporting assigned via Vendor's existing modal precedent in this registry, NOT independently researched; skim before treating as verified. Cited by 0 active migrate row(s), 1 active vendor row(s).",url_needs_review,,,,2026-07-16,active,,
zerotier-inc,"ZeroTier, Inc.",Vendor,3_Supporting,,https://www.zerotier.com,"ZeroTier, Inc. — primary vendor website, sourced from the vendors catalog's existing verified record.",Verified,2026-07-07,No,No,No,No,No,No,Yes,No,0,,None,none,"Backfilled 2026-07-16 from pqc_authoritative_sources_reference_07162026.csv (pqc_authoritative_sources_reference) — trust_tier=3_Supporting assigned via Vendor's existing modal precedent in this registry, NOT independently researched; skim before treating as verified. Cited by 1 active migrate row(s), 1 active vendor row(s).",url_needs_review,,,,2026-07-16,active,,
zerto,Zerto,Vendor,3_Supporting,,https://www.zerto.com,"Zerto — primary vendor website, sourced from the vendors catalog's existing verified record.",Verified,2026-07-07,No,No,No,No,No,No,Yes,No,0,,None,none,"Backfilled 2026-07-16 from pqc_authoritative_sources_reference_07162026.csv (pqc_authoritative_sources_reference) — trust_tier=3_Supporting assigned via Vendor's existing modal precedent in this registry, NOT independently researched; skim before treating as verified. Cited by 2 active migrate row(s), 1 active vendor row(s).",url_needs_review,,,,2026-07-16,active,,
zodia,Zodia Custody,Vendor,3_Supporting,EMEA,https://zodia-custody.com/,Zodia Custody (Standard Chartered-backed) institution-grade digital-asset custodian,Verified,2026-07-12,No,Yes,No,No,No,No,No,No,0,,None,none,,url_needs_review,,,,2026-07-09,active,,
zodia-custody-ltd,Zodia Custody Ltd.,Vendor,3_Supporting,,https://zodiacustody.com,"Zodia Custody Ltd. — primary vendor website, sourced from the vendors catalog's existing verified record.",Verified,2026-07-07,No,No,No,No,No,No,Yes,No,0,,None,none,"Backfilled 2026-07-16 from pqc_authoritative_sources_reference_07162026.csv (pqc_authoritative_sources_reference) — trust_tier=3_Supporting assigned via Vendor's existing modal precedent in this registry, NOT independently researched; skim before treating as verified. Cited by 0 active migrate row(s), 1 active vendor row(s).",url_needs_review,,,,2026-07-16,active,,
zoom,Zoom,Vendor,3_Supporting,,https://zoom.us,"Zoom — primary vendor website, sourced from the vendors catalog's existing verified record.",Verified,2026-07-07,No,No,No,No,No,No,Yes,No,0,,None,none,"Backfilled 2026-07-16 from pqc_authoritative_sources_reference_07162026.csv (pqc_authoritative_sources_reference) — trust_tier=3_Supporting assigned via Vendor's existing modal precedent in this registry, NOT independently researched; skim before treating as verified. Cited by 2 active migrate row(s), 1 active vendor row(s).",url_needs_review,,,,2026-07-16,active,,
zscaler,Zscaler Inc.,Vendor,3_Supporting,Americas,https://www.zscaler.com/,"Cloud security / SASE vendor, publishes PQC support for its Zero Trust Exchange platform",Verified,2026-07-07,No,No,No,No,No,No,Yes,No,0,,None,none,"Backfilled 2026-07-16 from pqc_authoritative_sources_reference_07162026.csv (pqc_authoritative_sources_reference) — trust_tier=3_Supporting assigned via Vendor's existing modal precedent in this registry, NOT independently researched; skim before treating as verified. Cited by 2 active migrate row(s), 1 active vendor row(s).",url_needs_review,,,,2026-07-16,active,,
cyentia-institute,Cyentia Institute,Industry_Analyst,3_Supporting,Americas,https://www.cyentia.com/,"Independent cyber-risk data-science firm. Publisher of the Information Risk Insights Study (IRIS) series, the source of this platform's annual breach-probability defaults by organization size.",Verified,2026-08-11,No,Yes,No,No,No,No,No,No,1,2026-08-11,Complete,none,"Added 2026-08-11 when the IRIS 2025 primary report was retrieved and read. It had been cited in code comments well before then with no registry entry, which is how two of the three probability constants it backs stayed wrong.",url_needs_review,,,,2026-08-11,active,,
netdiligence,NetDiligence,Industry_Analyst,3_Supporting,Americas,https://netdiligence.com/,"Cyber-risk services firm publishing the annual Cyber Claims Study, an analysis of real cyber-insurance claims. Source of this platform's organization-size incident-cost anchors.",Verified,2026-08-11,No,Yes,No,No,No,No,No,No,1,2026-08-11,Complete,none,"Added 2026-08-11 when the 2025 Cyber Claims Study was retrieved and read. The study contains no quantum, rider, premium or pricing content, which disproved a UI claim that it supplied quantum-rider premium uplift figures.",url_needs_review,,,,2026-08-11,active,,
tsa,TSA Surface Transportation Security,Government,1_Authoritative,Americas,https://www.tsa.gov/for-industry/surface-transportation,US Transportation Security Administration; publisher of the Pipeline Security Guidelines cited by critical-infrastructure threat records,Verified,2026-08-14,No,No,No,Yes,No,No,No,No,0,,Active,none,"Added 2026-08-14: CI-003 cited the TSA Pipeline Security Guidelines but was attributed to nist-csrc, which does not publish them.",url_authoritative,,,,2026-08-14,active,,
at-t-labs,AT&T Labs,Vendor,3_Supporting,Global,https://about.att.com/innovation,AT&T Labs — added 2026-08-14 so records citing it are attributable; primary_url verified live.,Verified,2026-08-14,No,No,No,No,No,No,No,No,0,,Active,none,Added by the 2026-08-14 attribution audit: this organisation appeared as a source on active records but had no registry entry.,url_needs_review,,,,2026-08-14,active,,
autosar,AUTOSAR,Standards_Body,2_Core,Global,https://www.autosar.org/,AUTOSAR — added 2026-08-14 so records citing it are attributable; primary_url verified live.,Verified,2026-08-14,No,No,No,No,No,No,No,No,0,,Active,none,Added by the 2026-08-14 attribution audit: this organisation appeared as a source on active records but had no registry entry.,url_authoritative,,,,2026-08-14,active,,
academia-sinica,Academia Sinica,Academic,2_Core,Global,https://www.sinica.edu.tw/en,Academia Sinica — added 2026-08-14 so records citing it are attributable; primary_url verified live.,Verified,2026-08-14,No,No,No,No,No,No,No,No,0,,Active,none,Added by the 2026-08-14 attribution audit: this organisation appeared as a source on active records but had no registry entry.,url_authoritative,,,,2026-08-14,active,,
accenture,Accenture,Vendor,3_Supporting,Global,https://www.accenture.com/,Accenture — added 2026-08-14 so records citing it are attributable; primary_url verified live.,Verified,2026-08-14,No,No,No,No,No,No,No,No,0,,Active,none,Added by the 2026-08-14 attribution audit: this organisation appeared as a source on active records but had no registry entry.,url_needs_review,,,,2026-08-14,active,,
andreessen-horowitz,Andreessen Horowitz,Industry_Analyst,3_Supporting,Global,https://a16z.com/,Andreessen Horowitz — added 2026-08-14 so records citing it are attributable; primary_url verified live.,Verified,2026-08-14,No,No,No,No,No,No,No,No,0,,Active,none,Added by the 2026-08-14 attribution audit: this organisation appeared as a source on active records but had no registry entry.,url_needs_review,,,,2026-08-14,active,,
anduro,Anduro,Vendor,3_Supporting,Global,https://anduro.io/,Anduro — added 2026-08-14 so records citing it are attributable; primary_url verified live.,Verified,2026-08-14,No,No,No,No,No,No,No,No,0,,Active,none,Added by the 2026-08-14 attribution audit: this organisation appeared as a source on active records but had no registry entry.,url_needs_review,,,,2026-08-14,active,,
ares-technologies,Ares Technologies,Vendor,3_Supporting,Global,https://www.aresrpg.com/,Ares Technologies — added 2026-08-14 so records citing it are attributable; primary_url verified live.,Verified,2026-08-14,No,No,No,No,No,No,No,No,0,,Active,none,Added by the 2026-08-14 attribution audit: this organisation appeared as a source on active records but had no registry entry.,url_needs_review,,,,2026-08-14,active,,
august-cellars,August Cellars,Vendor,4_Contextual,Global,https://www.augustcellars.com/,August Cellars — added 2026-08-14 so records citing it are attributable; primary_url verified live.,Verified,2026-08-14,No,No,No,No,No,No,No,No,0,,Active,none,Added by the 2026-08-14 attribution audit: this organisation appeared as a source on active records but had no registry entry.,url_needs_review,,,,2026-08-14,active,,
authlete,Authlete,Vendor,3_Supporting,Global,https://www.authlete.com/,Authlete — added 2026-08-14 so records citing it are attributable; primary_url verified live.,Verified,2026-08-14,No,No,No,No,No,No,No,No,0,,Active,none,Added by the 2026-08-14 attribution audit: this organisation appeared as a source on active records but had no registry entry.,url_needs_review,,,,2026-08-14,active,,
bbn-technologies,BBN Technologies,Vendor,3_Supporting,Global,https://www.rtx.com/raytheon/what-we-do/bbn,BBN Technologies — added 2026-08-14 so records citing it are attributable; primary_url verified live.,Verified,2026-08-14,No,No,No,No,No,No,No,No,0,,Active,none,Added by the 2026-08-14 attribution audit: this organisation appeared as a source on active records but had no registry entry.,url_needs_review,,,,2026-08-14,active,,
brd-wallet,BRD Wallet,Vendor,3_Supporting,Global,https://brd.com/,BRD Wallet — added 2026-08-14 so records citing it are attributable; primary_url verified live.,Verified,2026-08-14,No,No,No,No,No,No,No,No,0,,Active,none,Added by the 2026-08-14 attribution audit: this organisation appeared as a source on active records but had no registry entry.,url_needs_review,,,,2026-08-14,active,,
ballistic-ventures,Ballistic Ventures,Industry_Analyst,3_Supporting,Global,https://www.ballisticventures.com/,Ballistic Ventures — added 2026-08-14 so records citing it are attributable; primary_url verified live.,Verified,2026-08-14,No,No,No,No,No,No,No,No,0,,Active,none,Added by the 2026-08-14 attribution audit: this organisation appeared as a source on active records but had no registry entry.,url_needs_review,,,,2026-08-14,active,,
bank-negara-malaysia,Bank Negara Malaysia,Government,1_Authoritative,Global,https://www.bnm.gov.my/,Bank Negara Malaysia — added 2026-08-14 so records citing it are attributable; primary_url verified live.,Verified,2026-08-14,No,No,No,No,No,No,No,No,0,,Active,none,Added by the 2026-08-14 attribution audit: this organisation appeared as a source on active records but had no registry entry.,url_authoritative,,,,2026-08-14,active,,
bank-of-america,Bank of America,Vendor,3_Supporting,Global,https://www.bankofamerica.com/,Bank of America — added 2026-08-14 so records citing it are attributable; primary_url verified live.,Verified,2026-08-14,No,No,No,No,No,No,No,No,0,,Active,none,Added by the 2026-08-14 attribution audit: this organisation appeared as a source on active records but had no registry entry.,url_needs_review,,,,2026-08-14,active,,
blockstream,Blockstream,Vendor,3_Supporting,Global,https://blockstream.com/,Blockstream — added 2026-08-14 so records citing it are attributable; primary_url verified live.,Verified,2026-08-14,No,No,No,No,No,No,No,No,0,,Active,none,Added by the 2026-08-14 attribution audit: this organisation appeared as a source on active records but had no registry entry.,url_needs_review,,,,2026-08-14,active,,
centre-for-cybersecurity-belgium,Centre for Cybersecurity Belgium,Government,1_Authoritative,Global,https://ccb.belgium.be/,Centre for Cybersecurity Belgium — added 2026-08-14 so records citing it are attributable; primary_url verified live.,Verified,2026-08-14,No,No,No,No,No,No,No,No,0,,Active,none,Added by the 2026-08-14 attribution audit: this organisation appeared as a source on active records but had no registry entry.,url_needs_review,,,,2026-08-14,active,,
ci-plus-llp,CI Plus LLP,Industry_Workgroup,3_Supporting,Global,https://www.ci-plus.com/,CI Plus LLP — added 2026-08-14 so records citing it are attributable; primary_url verified live.,Verified,2026-08-14,No,No,No,No,No,No,No,No,0,,Active,none,Added by the 2026-08-14 attribution audit: this organisation appeared as a source on active records but had no registry entry.,url_needs_review,,,,2026-08-14,active,,
center-for-internet-security,Center for Internet Security,Industry_Workgroup,2_Core,Global,https://www.cisecurity.org/,Center for Internet Security — added 2026-08-14 so records citing it are attributable; primary_url verified live.,Verified,2026-08-14,No,No,No,No,No,No,No,No,0,,Active,none,Added by the 2026-08-14 attribution audit: this organisation appeared as a source on active records but had no registry entry.,url_needs_review,,,,2026-08-14,active,,
cambridge-centre-for-alternative-finance,Cambridge Centre for Alternative Finance,Academic,2_Core,Global,https://www.jbs.cam.ac.uk/faculty-research/centres/alternative-finance/,Cambridge Centre for Alternative Finance — added 2026-08-14 so records citing it are attributable; primary_url verified live.,Verified,2026-08-14,No,No,No,No,No,No,No,No,0,,Active,none,Added by the 2026-08-14 attribution audit: this organisation appeared as a source on active records but had no registry entry.,url_authoritative,,,,2026-08-14,active,,
chaincode-labs,Chaincode Labs,Vendor,3_Supporting,Global,https://chaincode.com/,Chaincode Labs — added 2026-08-14 so records citing it are attributable; primary_url verified live.,Verified,2026-08-14,No,No,No,No,No,No,No,No,0,,Active,none,Added by the 2026-08-14 attribution audit: this organisation appeared as a source on active records but had no registry entry.,url_needs_review,,,,2026-08-14,active,,
chinese-university-of-hong-kong,Chinese University of Hong Kong,Academic,2_Core,Global,https://www.cuhk.edu.hk/,Chinese University of Hong Kong — added 2026-08-14 so records citing it are attributable; primary_url verified live.,Verified,2026-08-14,No,No,No,No,No,No,No,No,0,,Active,none,Added by the 2026-08-14 attribution audit: this organisation appeared as a source on active records but had no registry entry.,url_authoritative,,,,2026-08-14,active,,
cisco-research,Cisco Research,Vendor,3_Supporting,Global,https://research.cisco.com/,Cisco Research — added 2026-08-14 so records citing it are attributable; primary_url verified live.,Verified,2026-08-14,No,No,No,No,No,No,No,No,0,,Active,none,Added by the 2026-08-14 attribution audit: this organisation appeared as a source on active records but had no registry entry.,url_needs_review,,,,2026-08-14,active,,
nyu-courant-institute,NYU Courant Institute,Academic,2_Core,Global,https://cims.nyu.edu/,NYU Courant Institute — added 2026-08-14 so records citing it are attributable; primary_url verified live.,Verified,2026-08-14,No,No,No,No,No,No,No,No,0,,Active,none,Added by the 2026-08-14 attribution audit: this organisation appeared as a source on active records but had no registry entry.,url_authoritative,,,,2026-08-14,active,,
cryptopro,CryptoPro,Vendor,3_Supporting,Global,https://www.cryptopro.ru/,CryptoPro — added 2026-08-14 so records citing it are attributable; primary_url verified live.,Verified,2026-08-14,No,No,No,No,No,No,No,No,0,,Active,none,Added by the 2026-08-14 attribution audit: this organisation appeared as a source on active records but had no registry entry.,url_needs_review,,,,2026-08-14,active,,
cryptography-consulting-llc,Cryptography Consulting LLC,Vendor,3_Supporting,Global,https://cryptographyconsulting.com/,Cryptography Consulting LLC — added 2026-08-14 so records citing it are attributable; primary_url verified live.,Verified,2026-08-14,No,No,No,No,No,No,No,No,0,,Active,none,Added by the 2026-08-14 attribution audit: this organisation appeared as a source on active records but had no registry entry.,url_needs_review,,,,2026-08-14,active,,
cyber-risk-institute,Cyber Risk Institute,Industry_Workgroup,2_Core,Global,https://cyberriskinstitute.org/,Cyber Risk Institute — added 2026-08-14 so records citing it are attributable; primary_url verified live.,Verified,2026-08-14,No,No,No,No,No,No,No,No,0,,Active,none,Added by the 2026-08-14 attribution audit: this organisation appeared as a source on active records but had no registry entry.,url_needs_review,,,,2026-08-14,active,,
d-trust,D-Trust,Vendor,3_Supporting,Global,https://www.d-trust.net/,D-Trust — added 2026-08-14 so records citing it are attributable; primary_url verified live.,Verified,2026-08-14,No,No,No,No,No,No,No,No,0,,Active,none,Added by the 2026-08-14 attribution audit: this organisation appeared as a source on active records but had no registry entry.,url_needs_review,,,,2026-08-14,active,,
egypt-personal-data-protection-center,Egypt Personal Data Protection Center,Government,1_Authoritative,Global,https://mcit.gov.eg/,Egypt Personal Data Protection Center — added 2026-08-14 so records citing it are attributable; primary_url verified live.,Verified,2026-08-14,No,No,No,No,No,No,No,No,0,,Active,none,Added by the 2026-08-14 attribution audit: this organisation appeared as a source on active records but had no registry entry.,url_authoritative,,,,2026-08-14,active,,
data-protection-board-of-india,Data Protection Board of India,Government,1_Authoritative,Global,https://www.meity.gov.in/,Data Protection Board of India — added 2026-08-14 so records citing it are attributable; primary_url verified live.,Verified,2026-08-14,No,No,No,No,No,No,No,No,0,,Active,none,Added by the 2026-08-14 attribution audit: this organisation appeared as a source on active records but had no registry entry.,url_authoritative,,,,2026-08-14,active,,
datatribe,DataTribe,Industry_Analyst,3_Supporting,Global,https://datatribe.com/,DataTribe — added 2026-08-14 so records citing it are attributable; primary_url verified live.,Verified,2026-08-14,No,No,No,No,No,No,No,No,0,,Active,none,Added by the 2026-08-14 attribution audit: this organisation appeared as a source on active records but had no registry entry.,url_needs_review,,,,2026-08-14,active,,
elvis-plus,ELVIS-PLUS,Vendor,3_Supporting,Global,https://www.elvis.ru/,ELVIS-PLUS — added 2026-08-14 so records citing it are attributable; primary_url verified live.,Verified,2026-08-14,No,No,No,No,No,No,No,No,0,,Active,none,Added by the 2026-08-14 attribution audit: this organisation appeared as a source on active records but had no registry entry.,url_needs_review,,,,2026-08-14,active,,
electric-coin-company,Electric Coin Company,Vendor,3_Supporting,Global,https://electriccoin.co/,Electric Coin Company — added 2026-08-14 so records citing it are attributable; primary_url verified live.,Verified,2026-08-14,No,No,No,No,No,No,No,No,0,,Active,none,Added by the 2026-08-14 attribution audit: this organisation appeared as a source on active records but had no registry entry.,url_needs_review,,,,2026-08-14,active,,
cea-leti,CEA-Leti,Academic,2_Core,Global,https://www.leti-cea.com/,CEA-Leti — added 2026-08-14 so records citing it are attributable; primary_url verified live.,Verified,2026-08-14,No,No,No,No,No,No,No,No,0,,Active,none,Added by the 2026-08-14 attribution audit: this organisation appeared as a source on active records but had no registry entry.,url_needs_review,,,,2026-08-14,active,,
european-banking-authority,European Banking Authority,Government,1_Authoritative,Global,https://www.eba.europa.eu/,European Banking Authority — added 2026-08-14 so records citing it are attributable; primary_url verified live.,Verified,2026-08-14,No,No,No,No,No,No,No,No,0,,Active,none,Added by the 2026-08-14 attribution audit: this organisation appeared as a source on active records but had no registry entry.,url_needs_review,,,,2026-08-14,active,,
fbi-cjis-division,FBI CJIS Division,Government,1_Authoritative,Global,https://www.fbi.gov/services/cjis,FBI CJIS Division — added 2026-08-14 so records citing it are attributable; primary_url verified live.,Verified,2026-08-14,No,No,No,No,No,No,No,No,0,,Active,none,Added by the 2026-08-14 attribution audit: this organisation appeared as a source on active records but had no registry entry.,url_authoritative,,,,2026-08-14,active,,
ffiec,FFIEC,Government,1_Authoritative,Global,https://www.ffiec.gov/,FFIEC — added 2026-08-14 so records citing it are attributable; primary_url verified live.,Verified,2026-08-14,No,No,No,No,No,No,No,No,0,,Active,none,Added by the 2026-08-14 attribution audit: this organisation appeared as a source on active records but had no registry entry.,url_authoritative,,,,2026-08-14,active,,
futurewei-technologies,Futurewei Technologies,Vendor,3_Supporting,Global,https://www.futurewei.com/,Futurewei Technologies — added 2026-08-14 so records citing it are attributable; primary_url verified live.,Verified,2026-08-14,No,No,No,No,No,No,No,No,0,,Active,none,Added by the 2026-08-14 attribution audit: this organisation appeared as a source on active records but had no registry entry.,url_needs_review,,,,2026-08-14,active,,
gsk,GSK,Vendor,3_Supporting,Global,https://www.gsk.com/,GSK — added 2026-08-14 so records citing it are attributable; primary_url verified live.,Verified,2026-08-14,No,No,No,No,No,No,No,No,0,,Active,none,Added by the 2026-08-14 attribution audit: this organisation appeared as a source on active records but had no registry entry.,url_needs_review,,,,2026-08-14,active,,
georgia-institute-of-technology,Georgia Institute of Technology,Academic,2_Core,Global,https://www.gatech.edu/,Georgia Institute of Technology — added 2026-08-14 so records citing it are attributable; primary_url verified live.,Verified,2026-08-14,No,No,No,No,No,No,No,No,0,,Active,none,Added by the 2026-08-14 attribution audit: this organisation appeared as a source on active records but had no registry entry.,url_authoritative,,,,2026-08-14,active,,
harvard-university,Harvard University,Academic,2_Core,Global,https://www.harvard.edu/,Harvard University — added 2026-08-14 so records citing it are attributable; primary_url verified live.,Verified,2026-08-14,No,No,No,No,No,No,No,No,0,,Active,none,Added by the 2026-08-14 attribution audit: this organisation appeared as a source on active records but had no registry entry.,url_authoritative,,,,2026-08-14,active,,
hoover-institution,Hoover Institution,Academic,2_Core,Global,https://www.hoover.org/,Hoover Institution — added 2026-08-14 so records citing it are attributable; primary_url verified live.,Verified,2026-08-14,No,No,No,No,No,No,No,No,0,,Active,none,Added by the 2026-08-14 attribution audit: this organisation appeared as a source on active records but had no registry entry.,url_needs_review,,,,2026-08-14,active,,
icann,ICANN,Standards_Body,1_Authoritative,Global,https://www.icann.org/,ICANN — added 2026-08-14 so records citing it are attributable; primary_url verified live.,Verified,2026-08-14,No,No,No,No,No,No,No,No,0,,Active,none,Added by the 2026-08-14 attribution audit: this organisation appeared as a source on active records but had no registry entry.,url_authoritative,,,,2026-08-14,active,,
insa-toulouse,INSA Toulouse,Academic,3_Supporting,Global,https://www.insa-toulouse.fr/,INSA Toulouse — added 2026-08-14 so records citing it are attributable; primary_url verified live.,Verified,2026-08-14,No,No,No,No,No,No,No,No,0,,Active,none,Added by the 2026-08-14 attribution audit: this organisation appeared as a source on active records but had no registry entry.,url_needs_review,,,,2026-08-14,active,,
indian-institute-of-science,Indian Institute of Science,Academic,2_Core,Global,https://iisc.ac.in/,Indian Institute of Science — added 2026-08-14 so records citing it are attributable; primary_url verified live.,Verified,2026-08-14,No,No,No,No,No,No,No,No,0,,Active,none,Added by the 2026-08-14 attribution audit: this organisation appeared as a source on active records but had no registry entry.,url_authoritative,,,,2026-08-14,active,,
information-regulator-south-africa,Information Regulator South Africa,Government,1_Authoritative,Global,https://inforegulator.org.za/,Information Regulator South Africa — added 2026-08-14 so records citing it are attributable; primary_url verified live.,Verified,2026-08-14,No,No,No,No,No,No,No,No,0,,Active,none,Added by the 2026-08-14 attribution audit: this organisation appeared as a source on active records but had no registry entry.,url_needs_review,,,,2026-08-14,active,,
institute-of-science-tokyo,Institute of Science Tokyo,Academic,2_Core,Global,https://www.isct.ac.jp/en,Institute of Science Tokyo — added 2026-08-14 so records citing it are attributable; primary_url verified live.,Verified,2026-08-14,No,No,No,No,No,No,No,No,0,,Active,none,Added by the 2026-08-14 attribution audit: this organisation appeared as a source on active records but had no registry entry.,url_authoritative,,,,2026-08-14,active,,
iot-and-m2m-technologies-llc,"IoT and M2M Technologies, LLC",Vendor,3_Supporting,Global,https://www.iotandm2m.com/,"IoT and M2M Technologies, LLC — added 2026-08-14 so records citing it are attributable; primary_url verified live.",Verified,2026-08-14,No,No,No,No,No,No,No,No,0,,Active,none,Added by the 2026-08-14 attribution audit: this organisation appeared as a source on active records but had no registry entry.,url_needs_review,,,,2026-08-14,active,,
ionq,IonQ,Vendor,3_Supporting,Global,https://ionq.com/,IonQ — added 2026-08-14 so records citing it are attributable; primary_url verified live.,Verified,2026-08-14,No,No,No,No,No,No,No,No,0,,Active,none,Added by the 2026-08-14 attribution audit: this organisation appeared as a source on active records but had no registry entry.,url_needs_review,,,,2026-08-14,active,,
johns-hopkins-information-security-institute,Johns Hopkins Information Security Institute,Academic,2_Core,Global,https://isi.jhu.edu/,Johns Hopkins Information Security Institute — added 2026-08-14 so records citing it are attributable; primary_url verified live.,Verified,2026-08-14,No,No,No,No,No,No,No,No,0,,Active,none,Added by the 2026-08-14 attribution audit: this organisation appeared as a source on active records but had no registry entry.,url_authoritative,,,,2026-08-14,active,,
kanagawa-university,Kanagawa University,Academic,3_Supporting,Global,https://www.kanagawa-u.ac.jp/english/,Kanagawa University — added 2026-08-14 so records citing it are attributable; primary_url verified live.,Verified,2026-08-14,No,No,No,No,No,No,No,No,0,,Active,none,Added by the 2026-08-14 attribution audit: this organisation appeared as a source on active records but had no registry entry.,url_authoritative,,,,2026-08-14,active,,
kullo-gmbh,Kullo GmbH,Vendor,3_Supporting,Global,https://www.kullo.net/,Kullo GmbH — added 2026-08-14 so records citing it are attributable; primary_url verified live.,Verified,2026-08-14,No,No,No,No,No,No,No,No,0,,Active,none,Added by the 2026-08-14 attribution audit: this organisation appeared as a source on active records but had no registry entry.,url_needs_review,,,,2026-08-14,active,,
mattr,MATTR,Vendor,3_Supporting,Global,https://mattr.global/,MATTR — added 2026-08-14 so records citing it are attributable; primary_url verified live.,Verified,2026-08-14,No,No,No,No,No,No,No,No,0,,Active,none,Added by the 2026-08-14 attribution audit: this organisation appeared as a source on active records but had no registry entry.,url_needs_review,,,,2026-08-14,active,,
nat-consulting-llc,NAT Consulting LLC,Vendor,3_Supporting,Global,https://www.linkedin.com/company/nat-consulting-llc/,NAT Consulting LLC — added 2026-08-14 so records citing it are attributable; primary_url verified live.,Verified,2026-08-14,No,No,No,No,No,No,No,No,0,,Active,none,Added by the 2026-08-14 attribution audit: this organisation appeared as a source on active records but had no registry entry.,url_needs_review,,,,2026-08-14,active,,
ncsc-ireland,NCSC Ireland,Government,1_Authoritative,Global,https://www.ncsc.gov.ie/,NCSC Ireland — added 2026-08-14 so records citing it are attributable; primary_url verified live.,Verified,2026-08-14,No,No,No,No,No,No,No,No,0,,Active,none,Added by the 2026-08-14 attribution audit: this organisation appeared as a source on active records but had no registry entry.,url_authoritative,,,,2026-08-14,active,,
ntt-data,NTT DATA,Vendor,3_Supporting,Global,https://www.nttdata.com/,NTT DATA — added 2026-08-14 so records citing it are attributable; primary_url verified live.,Verified,2026-08-14,No,No,No,No,No,No,No,No,0,,Active,none,Added by the 2026-08-14 attribution audit: this organisation appeared as a source on active records but had no registry entry.,url_needs_review,,,,2026-08-14,active,,
naval-postgraduate-school,Naval Postgraduate School,Academic,2_Core,Global,https://nps.edu/,Naval Postgraduate School — added 2026-08-14 so records citing it are attributable; primary_url verified live.,Verified,2026-08-14,No,No,No,No,No,No,No,No,0,,Active,none,Added by the 2026-08-14 attribution audit: this organisation appeared as a source on active records but had no registry entry.,url_authoritative,,,,2026-08-14,active,,
nomura-research-institute,Nomura Research Institute,Vendor,3_Supporting,Global,https://www.nri.com/,Nomura Research Institute — added 2026-08-14 so records citing it are attributable; primary_url verified live.,Verified,2026-08-14,No,No,No,No,No,No,No,No,0,,Active,none,Added by the 2026-08-14 attribution audit: this organisation appeared as a source on active records but had no registry entry.,url_needs_review,,,,2026-08-14,active,,
ohio-state-university,Ohio State University,Academic,2_Core,Global,https://www.osu.edu/,Ohio State University — added 2026-08-14 so records citing it are attributable; primary_url verified live.,Verified,2026-08-14,No,No,No,No,No,No,No,No,0,,Active,none,Added by the 2026-08-14 attribution audit: this organisation appeared as a source on active records but had no registry entry.,url_authoritative,,,,2026-08-14,active,,
openca-labs,OpenCA Labs,Open_Source_Project,3_Supporting,Global,https://www.openca.org/,OpenCA Labs — added 2026-08-14 so records citing it are attributable; primary_url verified live.,Verified,2026-08-14,No,No,No,No,No,No,No,No,0,,Active,none,Added by the 2026-08-14 attribution audit: this organisation appeared as a source on active records but had no registry entry.,url_needs_review,,,,2026-08-14,active,,
openpgp,OpenPGP,Open_Source_Project,2_Core,Global,https://www.openpgp.org/,OpenPGP — added 2026-08-14 so records citing it are attributable; primary_url verified live.,Verified,2026-08-14,No,No,No,No,No,No,No,No,0,,Active,none,Added by the 2026-08-14 attribution audit: this organisation appeared as a source on active records but had no registry entry.,url_needs_review,,,,2026-08-14,active,,
openssl-foundation,OpenSSL Foundation,Open_Source_Project,1_Authoritative,Global,https://openssl-foundation.org/,OpenSSL Foundation — added 2026-08-14 so records citing it are attributable; primary_url verified live.,Verified,2026-08-14,No,No,No,No,No,No,No,No,0,,Active,none,Added by the 2026-08-14 attribution audit: this organisation appeared as a source on active records but had no registry entry.,url_needs_review,,,,2026-08-14,active,,
otoritas-jasa-keuangan,Otoritas Jasa Keuangan,Government,1_Authoritative,Global,https://www.ojk.go.id/,Otoritas Jasa Keuangan — added 2026-08-14 so records citing it are attributable; primary_url verified live.,Verified,2026-08-14,No,No,No,No,No,No,No,No,0,,Active,none,Added by the 2026-08-14 attribution audit: this organisation appeared as a source on active records but had no registry entry.,url_authoritative,,,,2026-08-14,active,,
protiviti,Protiviti,Vendor,3_Supporting,Global,https://www.protiviti.com/,Protiviti — added 2026-08-14 so records citing it are attributable; primary_url verified live.,Verified,2026-08-14,No,No,No,No,No,No,No,No,0,,Active,none,Added by the 2026-08-14 attribution audit: this organisation appeared as a source on active records but had no registry entry.,url_needs_review,,,,2026-08-14,active,,
psiquantum,PsiQuantum,Vendor,3_Supporting,Global,https://www.psiquantum.com/,PsiQuantum — added 2026-08-14 so records citing it are attributable; primary_url verified live.,Verified,2026-08-14,No,No,No,No,No,No,No,No,0,,Active,none,Added by the 2026-08-14 attribution audit: this organisation appeared as a source on active records but had no registry entry.,url_needs_review,,,,2026-08-14,active,,
r-v-college-of-engineering,R.V. College of Engineering,Academic,3_Supporting,Global,https://www.rvce.edu.in/,R.V. College of Engineering — added 2026-08-14 so records citing it are attributable; primary_url verified live.,Verified,2026-08-14,No,No,No,No,No,No,No,No,0,,Active,none,Added by the 2026-08-14 attribution audit: this organisation appeared as a source on active records but had no registry entry.,url_authoritative,,,,2026-08-14,active,,
estonian-information-system-authority,Estonian Information System Authority,Government,1_Authoritative,Global,https://www.ria.ee/,Estonian Information System Authority — added 2026-08-14 so records citing it are attributable; primary_url verified live.,Verified,2026-08-14,No,No,No,No,No,No,No,No,0,,Active,none,Added by the 2026-08-14 attribution audit: this organisation appeared as a source on active records but had no registry entry.,url_needs_review,,,,2026-08-14,active,,
rsa-security,RSA Security,Vendor,3_Supporting,Global,https://www.rsa.com/,RSA Security — added 2026-08-14 so records citing it are attributable; primary_url verified live.,Verified,2026-08-14,No,No,No,No,No,No,No,No,0,,Active,none,Added by the 2026-08-14 attribution audit: this organisation appeared as a source on active records but had no registry entry.,url_needs_review,,,,2026-08-14,active,,
rohde-schwarz-cybersecurity,Rohde & Schwarz Cybersecurity,Vendor,3_Supporting,Global,https://www.rohde-schwarz.com/,Rohde & Schwarz Cybersecurity — added 2026-08-14 so records citing it are attributable; primary_url verified live.,Verified,2026-08-14,No,No,No,No,No,No,No,No,0,,Active,none,Added by the 2026-08-14 attribution audit: this organisation appeared as a source on active records but had no registry entry.,url_needs_review,,,,2026-08-14,active,,
ruhr-university-bochum-casa,Ruhr University Bochum CASA,Academic,1_Authoritative,Global,https://casa.rub.de/,Ruhr University Bochum CASA — added 2026-08-14 so records citing it are attributable; primary_url verified live.,Verified,2026-08-14,No,No,No,No,No,No,No,No,0,,Active,none,Added by the 2026-08-14 attribution audit: this organisation appeared as a source on active records but had no registry entry.,url_needs_review,,,,2026-08-14,active,,
saudi-central-bank,Saudi Central Bank,Government,1_Authoritative,Global,https://www.sama.gov.sa/,Saudi Central Bank — added 2026-08-14 so records citing it are attributable; primary_url verified live.,Verified,2026-08-14,No,No,No,No,No,No,No,No,0,,Active,none,Added by the 2026-08-14 attribution audit: this organisation appeared as a source on active records but had no registry entry.,url_authoritative,,,,2026-08-14,active,,
seoul-national-university,Seoul National University,Academic,2_Core,Global,https://en.snu.ac.kr/,Seoul National University — added 2026-08-14 so records citing it are attributable; primary_url verified live.,Verified,2026-08-14,No,No,No,No,No,No,No,No,0,,Active,none,Added by the 2026-08-14 attribution audit: this organisation appeared as a source on active records but had no registry entry.,url_authoritative,,,,2026-08-14,active,,
simon-fraser-university,Simon Fraser University,Academic,2_Core,Global,https://www.sfu.ca/,Simon Fraser University — added 2026-08-14 so records citing it are attributable; primary_url verified live.,Verified,2026-08-14,No,No,No,No,No,No,No,No,0,,Active,none,Added by the 2026-08-14 attribution audit: this organisation appeared as a source on active records but had no registry entry.,url_needs_review,,,,2026-08-14,active,,
stanford-university,Stanford University,Academic,2_Core,Global,https://www.stanford.edu/,Stanford University — added 2026-08-14 so records citing it are attributable; primary_url verified live.,Verified,2026-08-14,No,No,No,No,No,No,No,No,0,,Active,none,Added by the 2026-08-14 attribution audit: this organisation appeared as a source on active records but had no registry entry.,url_authoritative,,,,2026-08-14,active,,
stanford-cisac,Stanford CISAC,Academic,2_Core,Global,https://cisac.fsi.stanford.edu/,Stanford CISAC — added 2026-08-14 so records citing it are attributable; primary_url verified live.,Verified,2026-08-14,No,No,No,No,No,No,No,No,0,,Active,none,Added by the 2026-08-14 attribution audit: this organisation appeared as a source on active records but had no registry entry.,url_authoritative,,,,2026-08-14,active,,
state-cryptography-administration,State Cryptography Administration,Government,1_Authoritative,Global,https://www.oscca.gov.cn/,State Cryptography Administration — added 2026-08-14 so records citing it are attributable; primary_url verified live.,Verified,2026-08-14,No,No,No,No,No,No,No,No,0,,Active,none,Added by the 2026-08-14 attribution audit: this organisation appeared as a source on active records but had no registry entry.,url_authoritative,,,,2026-08-14,active,,
sungshin-women-s-university,Sungshin Women's University,Academic,3_Supporting,Global,https://www.sungshin.ac.kr/,Sungshin Women's University — added 2026-08-14 so records citing it are attributable; primary_url verified live.,Verified,2026-08-14,No,No,No,No,No,No,No,No,0,,Active,none,Added by the 2026-08-14 attribution audit: this organisation appeared as a source on active records but had no registry entry.,url_authoritative,,,,2026-08-14,active,,
superintendencia-financiera-de-colombia,Superintendencia Financiera de Colombia,Government,1_Authoritative,Global,https://www.superfinanciera.gov.co/,Superintendencia Financiera de Colombia — added 2026-08-14 so records citing it are attributable; primary_url verified live.,Verified,2026-08-14,No,No,No,No,No,No,No,No,0,,Active,none,Added by the 2026-08-14 attribution audit: this organisation appeared as a source on active records but had no registry entry.,url_authoritative,,,,2026-08-14,active,,
superintendencia-de-banca-seguros-y-afp,"Superintendencia de Banca, Seguros y AFP",Government,1_Authoritative,Global,https://www.sbs.gob.pe/,"Superintendencia de Banca, Seguros y AFP — added 2026-08-14 so records citing it are attributable; primary_url verified live.",Verified,2026-08-14,No,No,No,No,No,No,No,No,0,,Active,none,Added by the 2026-08-14 attribution audit: this organisation appeared as a source on active records but had no registry entry.,url_authoritative,,,,2026-08-14,active,,
sutor-group-intelligence-and-advisory,Sutor Group Intelligence and Advisory,Industry_Analyst,3_Supporting,Global,https://www.sutor.com/,Sutor Group Intelligence and Advisory — added 2026-08-14 so records citing it are attributable; primary_url verified live.,Verified,2026-08-14,No,No,No,No,No,No,No,No,0,,Active,none,Added by the 2026-08-14 attribution audit: this organisation appeared as a source on active records but had no registry entry.,url_needs_review,,,,2026-08-14,active,,
technical-university-of-munich,Technical University of Munich,Academic,2_Core,Global,https://www.tum.de/en/,Technical University of Munich — added 2026-08-14 so records citing it are attributable; primary_url verified live.,Verified,2026-08-14,No,No,No,No,No,No,No,No,0,,Active,none,Added by the 2026-08-14 attribution audit: this organisation appeared as a source on active records but had no registry entry.,url_needs_review,,,,2026-08-14,active,,
tallinn-university-of-technology,Tallinn University of Technology,Academic,2_Core,Global,https://taltech.ee/en,Tallinn University of Technology — added 2026-08-14 so records citing it are attributable; primary_url verified live.,Verified,2026-08-14,No,No,No,No,No,No,No,No,0,,Active,none,Added by the 2026-08-14 attribution audit: this organisation appeared as a source on active records but had no registry entry.,url_needs_review,,,,2026-08-14,active,,
toshiba-europe-cambridge-research-laboratory,Toshiba Europe Cambridge Research Laboratory,Vendor,3_Supporting,Global,https://www.toshiba.eu/pages/eu/Cambridge-Research-Laboratory,Toshiba Europe Cambridge Research Laboratory — added 2026-08-14 so records citing it are attributable; primary_url verified live.,Verified,2026-08-14,No,No,No,No,No,No,No,No,0,,Active,none,Added by the 2026-08-14 attribution audit: this organisation appeared as a source on active records but had no registry entry.,url_needs_review,,,,2026-08-14,active,,
trinity-college-dublin,Trinity College Dublin,Academic,2_Core,Global,https://www.tcd.ie/,Trinity College Dublin — added 2026-08-14 so records citing it are attributable; primary_url verified live.,Verified,2026-08-14,No,No,No,No,No,No,No,No,0,,Active,none,Added by the 2026-08-14 attribution audit: this organisation appeared as a source on active records but had no registry entry.,url_needs_review,,,,2026-08-14,active,,
u-s-faster-payments-council,U.S. Faster Payments Council,Industry_Workgroup,3_Supporting,Global,https://fasterpaymentscouncil.org/,U.S. Faster Payments Council — added 2026-08-14 so records citing it are attributable; primary_url verified live.,Verified,2026-08-14,No,No,No,No,No,No,No,No,0,,Active,none,Added by the 2026-08-14 attribution audit: this organisation appeared as a source on active records but had no registry entry.,url_needs_review,,,,2026-08-14,active,,
university-of-illinois-chicago,University of Illinois Chicago,Academic,2_Core,Global,https://www.uic.edu/,University of Illinois Chicago — added 2026-08-14 so records citing it are attributable; primary_url verified live.,Verified,2026-08-14,No,No,No,No,No,No,No,No,0,,Active,none,Added by the 2026-08-14 attribution audit: this organisation appeared as a source on active records but had no registry entry.,url_authoritative,,,,2026-08-14,active,,
university-of-auckland,University of Auckland,Academic,2_Core,Global,https://www.auckland.ac.nz/,University of Auckland — added 2026-08-14 so records citing it are attributable; primary_url verified live.,Verified,2026-08-14,No,No,No,No,No,No,No,No,0,,Active,none,Added by the 2026-08-14 attribution audit: this organisation appeared as a source on active records but had no registry entry.,url_authoritative,,,,2026-08-14,active,,
university-of-bordeaux,University of Bordeaux,Academic,2_Core,Global,https://www.u-bordeaux.fr/,University of Bordeaux — added 2026-08-14 so records citing it are attributable; primary_url verified live.,Verified,2026-08-14,No,No,No,No,No,No,No,No,0,,Active,none,Added by the 2026-08-14 attribution audit: this organisation appeared as a source on active records but had no registry entry.,url_needs_review,,,,2026-08-14,active,,
university-of-haifa,University of Haifa,Academic,2_Core,Global,https://www.haifa.ac.il/,University of Haifa — added 2026-08-14 so records citing it are attributable; primary_url verified live.,Verified,2026-08-14,No,No,No,No,No,No,No,No,0,,Active,none,Added by the 2026-08-14 attribution audit: this organisation appeared as a source on active records but had no registry entry.,url_authoritative,,,,2026-08-14,active,,
university-of-limoges,University of Limoges,Academic,2_Core,Global,https://www.unilim.fr/,University of Limoges — added 2026-08-14 so records citing it are attributable; primary_url verified live.,Verified,2026-08-14,No,No,No,No,No,No,No,No,0,,Active,none,Added by the 2026-08-14 attribution audit: this organisation appeared as a source on active records but had no registry entry.,url_needs_review,,,,2026-08-14,active,,
university-of-michigan,University of Michigan,Academic,2_Core,Global,https://umich.edu/,University of Michigan — added 2026-08-14 so records citing it are attributable; primary_url verified live.,Verified,2026-08-14,No,No,No,No,No,No,No,No,0,,Active,none,Added by the 2026-08-14 attribution audit: this organisation appeared as a source on active records but had no registry entry.,url_authoritative,,,,2026-08-14,active,,
university-of-tsukuba,University of Tsukuba,Academic,2_Core,Global,https://www.tsukuba.ac.jp/en/,University of Tsukuba — added 2026-08-14 so records citing it are attributable; primary_url verified live.,Verified,2026-08-14,No,No,No,No,No,No,No,No,0,,Active,none,Added by the 2026-08-14 attribution audit: this organisation appeared as a source on active records but had no registry entry.,url_authoritative,,,,2026-08-14,active,,
university-of-washington-tacoma,University of Washington Tacoma,Academic,3_Supporting,Global,https://www.tacoma.uw.edu/,University of Washington Tacoma — added 2026-08-14 so records citing it are attributable; primary_url verified live.,Verified,2026-08-14,No,No,No,No,No,No,No,No,0,,Active,none,Added by the 2026-08-14 attribution audit: this organisation appeared as a source on active records but had no registry entry.,url_authoritative,,,,2026-08-14,active,,
university-of-zurich,University of Zurich,Academic,2_Core,Global,https://www.uzh.ch/en.html,University of Zurich — added 2026-08-14 so records citing it are attributable; primary_url verified live.,Verified,2026-08-14,No,No,No,No,No,No,No,No,0,,Active,none,Added by the 2026-08-14 attribution audit: this organisation appeared as a source on active records but had no registry entry.,url_needs_review,,,,2026-08-14,active,,
verisign,Verisign,Vendor,3_Supporting,Global,https://www.verisign.com/,Verisign — added 2026-08-14 so records citing it are attributable; primary_url verified live.,Verified,2026-08-14,No,No,No,No,No,No,No,No,0,,Active,none,Added by the 2026-08-14 attribution audit: this organisation appeared as a source on active records but had no registry entry.,url_needs_review,,,,2026-08-14,active,,
verisign-labs,Verisign Labs,Vendor,3_Supporting,Global,https://www.verisign.com/en_US/company-information/verisign-labs/index.xhtml,Verisign Labs — added 2026-08-14 so records citing it are attributable; primary_url verified live.,Verified,2026-08-14,No,No,No,No,No,No,No,No,0,,Active,none,Added by the 2026-08-14 attribution audit: this organisation appeared as a source on active records but had no registry entry.,url_needs_review,,,,2026-08-14,active,,
vigil-security,Vigil Security,Vendor,3_Supporting,Global,https://www.vigilsec.com/,Vigil Security — added 2026-08-14 so records citing it are attributable; primary_url verified live.,Verified,2026-08-14,No,No,No,No,No,No,No,No,0,,Active,none,Added by the 2026-08-14 attribution audit: this organisation appeared as a source on active records but had no registry entry.,url_needs_review,,,,2026-08-14,active,,
wallix-group,WALLIX Group,Vendor,3_Supporting,Global,https://www.wallix.com/,WALLIX Group — added 2026-08-14 so records citing it are attributable; primary_url verified live.,Verified,2026-08-14,No,No,No,No,No,No,No,No,0,,Active,none,Added by the 2026-08-14 attribution audit: this organisation appeared as a source on active records but had no registry entry.,url_needs_review,,,,2026-08-14,active,,
weizmann-institute-of-science,Weizmann Institute of Science,Academic,1_Authoritative,Global,https://www.weizmann.ac.il/,Weizmann Institute of Science — added 2026-08-14 so records citing it are attributable; primary_url verified live.,Verified,2026-08-14,No,No,No,No,No,No,No,No,0,,Active,none,Added by the 2026-08-14 attribution audit: this organisation appeared as a source on active records but had no registry entry.,url_authoritative,,,,2026-08-14,active,,
wells-fargo,Wells Fargo,Vendor,3_Supporting,Global,https://www.wellsfargo.com/,Wells Fargo — added 2026-08-14 so records citing it are attributable; primary_url verified live.,Verified,2026-08-14,No,No,No,No,No,No,No,No,0,,Active,none,Added by the 2026-08-14 attribution audit: this organisation appeared as a source on active records but had no registry entry.,url_needs_review,,,,2026-08-14,active,,
worldline,Worldline,Vendor,3_Supporting,Global,https://worldline.com/,Worldline — added 2026-08-14 so records citing it are attributable; primary_url verified live.,Verified,2026-08-14,No,No,No,No,No,No,No,No,0,,Active,none,Added by the 2026-08-14 attribution audit: this organisation appeared as a source on active records but had no registry entry.,url_needs_review,,,,2026-08-14,active,,
xlim-laboratory,XLIM Laboratory,Academic,2_Core,Global,https://www.xlim.fr/,XLIM Laboratory — added 2026-08-14 so records citing it are attributable; primary_url verified live.,Verified,2026-08-14,No,No,No,No,No,No,No,No,0,,Active,none,Added by the 2026-08-14 attribution audit: this organisation appeared as a source on active records but had no registry entry.,url_authoritative,,,,2026-08-14,active,,
yubico,Yubico,Vendor,3_Supporting,Global,https://www.yubico.com/,Yubico — added 2026-08-14 so records citing it are attributable; primary_url verified live.,Verified,2026-08-14,No,No,No,No,No,No,No,No,0,,Active,none,Added by the 2026-08-14 attribution audit: this organisation appeared as a source on active records but had no registry entry.,url_needs_review,,,,2026-08-14,active,,
cole-polytechnique,École Polytechnique,Academic,2_Core,Global,https://www.polytechnique.edu/en,École Polytechnique — added 2026-08-14 so records citing it are attributable; primary_url verified live.,Verified,2026-08-14,No,No,No,No,No,No,No,No,0,,Active,none,Added by the 2026-08-14 attribution audit: this organisation appeared as a source on active records but had no registry entry.,url_authoritative,,,,2026-08-14,active,,
3xa-security,3xA Security,Vendor,3_Supporting,Global,https://www.linkedin.com/company/3xa-security/,3xA Security — added 2026-08-14; primary_url verified live.,Verified,2026-08-14,No,No,No,No,No,No,No,No,0,,Active,none,Named inside a compound enforcement_body field that listed several co-equal bodies at once; split so each is attributable.,url_needs_review,,,,2026-08-14,active,,
a-sit-secure-information-technology-center-austria,A-SIT Secure Information Technology Center Austria,Government,1_Authoritative,Global,https://www.a-sit.at/,A-SIT Secure Information Technology Center Austria — added 2026-08-14; primary_url verified live.,Verified,2026-08-14,No,No,No,No,No,Yes,No,No,0,,Active,none,Named inside a compound enforcement_body field that listed several co-equal bodies at once; split so each is attributable.,url_needs_review,,,,2026-08-14,active,,
vietnam-ministry-of-public-security-a05,Vietnam Ministry of Public Security (A05),Government,1_Authoritative,Global,https://bocongan.gov.vn/,Vietnam Ministry of Public Security (A05) — added 2026-08-14; primary_url verified live.,Verified,2026-08-14,No,No,No,No,No,Yes,No,No,0,,Active,none,Named inside a compound enforcement_body field that listed several co-equal bodies at once; split so each is attributable.,url_authoritative,,,,2026-08-14,active,,
autoridad-nacional-de-protecci-n-de-datos-personales-peru,Autoridad Nacional de Protección de Datos Personales (Peru),Government,1_Authoritative,Global,https://www.gob.pe/minjus,Autoridad Nacional de Protección de Datos Personales (Peru) — added 2026-08-14; primary_url verified live.,Verified,2026-08-14,No,No,No,No,No,Yes,No,No,0,,Active,none,Named inside a compound enforcement_body field that listed several co-equal bodies at once; split so each is attributable.,url_authoritative,,,,2026-08-14,active,,
austrian-federal-ministry-of-the-interior-bmi,Austrian Federal Ministry of the Interior (BMI),Government,1_Authoritative,Global,https://www.bmi.gv.at/,Austrian Federal Ministry of the Interior (BMI) — added 2026-08-14; primary_url verified live.,Verified,2026-08-14,No,No,No,No,No,Yes,No,No,0,,Active,none,Named inside a compound enforcement_body field that listed several co-equal bodies at once; split so each is attributable.,url_needs_review,,,,2026-08-14,active,,
badan-siber-dan-sandi-negara-bssn,Badan Siber dan Sandi Negara (BSSN),Government,1_Authoritative,Global,https://www.bssn.go.id/,Badan Siber dan Sandi Negara (BSSN) — added 2026-08-14; primary_url verified live.,Verified,2026-08-14,No,No,No,No,No,Yes,No,No,0,,Active,none,Named inside a compound enforcement_body field that listed several co-equal bodies at once; split so each is attributable.,url_authoritative,,,,2026-08-14,active,,
information-and-communication-technologies-authority-btk,Information and Communication Technologies Authority (BTK),Government,1_Authoritative,Global,https://www.btk.gov.tr/,Information and Communication Technologies Authority (BTK) — added 2026-08-14; primary_url verified live.,Verified,2026-08-14,No,No,No,No,No,Yes,No,No,0,,Active,none,Named inside a compound enforcement_body field that listed several co-equal bodies at once; split so each is attributable.,url_authoritative,,,,2026-08-14,active,,
ciphrex,Ciphrex,Vendor,3_Supporting,Global,https://www.ciphrex.com/,Ciphrex — added 2026-08-14; primary_url verified live.,Verified,2026-08-14,No,No,No,No,No,No,No,No,0,,Active,none,Named inside a compound enforcement_body field that listed several co-equal bodies at once; split so each is attributable.,url_needs_review,,,,2026-08-14,active,,
colcert-colombia,ColCERT Colombia,Government,1_Authoritative,Global,https://www.colcert.gov.co/,ColCERT Colombia — added 2026-08-14; primary_url verified live.,Verified,2026-08-14,No,No,No,No,No,Yes,No,No,0,,Active,none,Named inside a compound enforcement_body field that listed several co-equal bodies at once; split so each is attributable.,url_authoritative,,,,2026-08-14,active,,
electronic-transactions-development-agency-etda,Electronic Transactions Development Agency (ETDA),Government,1_Authoritative,Global,https://www.etda.or.th/,Electronic Transactions Development Agency (ETDA) — added 2026-08-14; primary_url verified live.,Verified,2026-08-14,No,No,No,No,No,Yes,No,No,0,,Active,none,Named inside a compound enforcement_body field that listed several co-equal bodies at once; split so each is attributable.,url_needs_review,,,,2026-08-14,active,,
federal-security-service-of-the-russian-federation-fsb,Federal Security Service of the Russian Federation (FSB),Government,1_Authoritative,Global,http://www.fsb.ru/,Federal Security Service of the Russian Federation (FSB) — added 2026-08-14; primary_url verified live.,Verified,2026-08-14,No,No,No,No,No,Yes,No,No,0,,Active,none,Named inside a compound enforcement_body field that listed several co-equal bodies at once; split so each is attributable.,url_needs_review,,,,2026-08-14,active,,
israel-national-digital-agency,Israel National Digital Agency,Government,1_Authoritative,Global,https://www.gov.il/en/departments/units/national_digital_agency,Israel National Digital Agency — added 2026-08-14; primary_url verified live.,Verified,2026-08-14,No,No,No,No,No,Yes,No,No,0,,Active,none,Named inside a compound enforcement_body field that listed several co-equal bodies at once; split so each is attributable.,url_authoritative,,,,2026-08-14,active,,
ki-isel-verileri-koruma-kurumu-kvkk,Kişisel Verileri Koruma Kurumu (KVKK),Government,1_Authoritative,Global,https://www.kvkk.gov.tr/,Kişisel Verileri Koruma Kurumu (KVKK) — added 2026-08-14; primary_url verified live.,Verified,2026-08-14,No,No,No,No,No,Yes,No,No,0,,Active,none,Named inside a compound enforcement_body field that listed several co-equal bodies at once; split so each is attributable.,url_authoritative,,,,2026-08-14,active,,
vietnam-ministry-of-information-and-communications,Vietnam Ministry of Information and Communications,Government,1_Authoritative,Global,https://english.mic.gov.vn/,Vietnam Ministry of Information and Communications — added 2026-08-14; primary_url verified live.,Verified,2026-08-14,No,No,No,No,No,Yes,No,No,0,,Active,none,Named inside a compound enforcement_body field that listed several co-equal bodies at once; split so each is attributable.,url_authoritative,,,,2026-08-14,active,,
ministerio-tic-colombia,Ministerio TIC Colombia,Government,1_Authoritative,Global,https://www.mintic.gov.co/,Ministerio TIC Colombia — added 2026-08-14; primary_url verified live.,Verified,2026-08-14,No,No,No,No,No,Yes,No,No,0,,Active,none,Named inside a compound enforcement_body field that listed several co-equal bodies at once; split so each is attributable.,url_authoritative,,,,2026-08-14,active,,
ministry-of-digital-affairs-poland,Ministry of Digital Affairs (Poland),Government,1_Authoritative,Global,https://www.gov.pl/web/cyfryzacja,Ministry of Digital Affairs (Poland) — added 2026-08-14; primary_url verified live.,Verified,2026-08-14,No,No,No,No,No,Yes,No,No,0,,Active,none,Named inside a compound enforcement_body field that listed several co-equal bodies at once; split so each is attributable.,url_authoritative,,,,2026-08-14,active,,
nask-national-research-institute,NASK National Research Institute,Government,1_Authoritative,Global,https://www.nask.pl/,NASK National Research Institute — added 2026-08-14; primary_url verified live.,Verified,2026-08-14,No,No,No,No,No,Yes,No,No,0,,Active,none,Named inside a compound enforcement_body field that listed several co-equal bodies at once; split so each is attributable.,url_needs_review,,,,2026-08-14,active,,
national-cyber-security-agency-thailand,National Cyber Security Agency (Thailand),Government,1_Authoritative,Global,https://www.ncsa.or.th/,National Cyber Security Agency (Thailand) — added 2026-08-14; primary_url verified live.,Verified,2026-08-14,No,No,No,No,No,Yes,No,No,0,,Active,none,Named inside a compound enforcement_body field that listed several co-equal bodies at once; split so each is attributable.,url_needs_review,,,,2026-08-14,active,,
national-privacy-commission-philippines,National Privacy Commission (Philippines),Government,1_Authoritative,Global,https://privacy.gov.ph/,National Privacy Commission (Philippines) — added 2026-08-14; primary_url verified live.,Verified,2026-08-14,No,No,No,No,No,Yes,No,No,0,,Active,none,Named inside a compound enforcement_body field that listed several co-equal bodies at once; split so each is attributable.,url_authoritative,,,,2026-08-14,active,,
secretar-a-de-gobierno-y-transformaci-n-digital-peru,Secretaría de Gobierno y Transformación Digital (Peru),Government,1_Authoritative,Global,https://www.gob.pe/pcm,Secretaría de Gobierno y Transformación Digital (Peru) — added 2026-08-14; primary_url verified live.,Verified,2026-08-14,No,No,No,No,No,Yes,No,No,0,,Active,none,Named inside a compound enforcement_body field that listed several co-equal bodies at once; split so each is attributable.,url_authoritative,,,,2026-08-14,active,,
indonesia-pdp-authority-komdigi,Indonesia PDP Authority (KomDigi),Government,1_Authoritative,Global,https://www.komdigi.go.id/,Indonesia PDP Authority (KomDigi) — added 2026-08-14; primary_url verified live.,Verified,2026-08-14,No,No,No,No,No,Yes,No,No,0,,Active,none,Named inside a compound enforcement_body field that listed several co-equal bodies at once; split so each is attributable.,url_authoritative,,,,2026-08-14,active,,
superintendencia-de-industria-y-comercio-colombia,Superintendencia de Industria y Comercio (Colombia),Government,1_Authoritative,Global,https://www.sic.gov.co/,Superintendencia de Industria y Comercio (Colombia) — added 2026-08-14; primary_url verified live.,Verified,2026-08-14,No,No,No,No,No,Yes,No,No,0,,Active,none,Named inside a compound enforcement_body field that listed several co-equal bodies at once; split so each is attributable.,url_authoritative,,,,2026-08-14,active,,
t-bi-tak-bi-lgem,TÜBİTAK BİLGEM,Government,1_Authoritative,Global,https://bilgem.tubitak.gov.tr/,TÜBİTAK BİLGEM — added 2026-08-14; primary_url verified live.,Verified,2026-08-14,No,No,No,No,No,Yes,No,No,0,,Active,none,Named inside a compound enforcement_body field that listed several co-equal bodies at once; split so each is attributable.,url_authoritative,,,,2026-08-14,active,,
unidad-reguladora-y-de-control-de-datos-personales-uruguay,Unidad Reguladora y de Control de Datos Personales (Uruguay),Government,1_Authoritative,Global,https://www.gub.uy/unidad-reguladora-control-datos-personales/,Unidad Reguladora y de Control de Datos Personales (Uruguay) — added 2026-08-14; primary_url verified live.,Verified,2026-08-14,No,No,No,No,No,Yes,No,No,0,,Active,none,Named inside a compound enforcement_body field that listed several co-equal bodies at once; split so each is attributable.,url_needs_review,,,,2026-08-14,active,,
safe-global,Safe (formerly Gnosis Safe),Vendor,3_Supporting,Global,https://safe.global/,Safe Ecosystem Foundation; maintains the dominant DeFi multisig smart-account standard (safe-smart-account contracts),Verified,2026-08-16,No,Yes,No,No,No,No,No,No,0,,None,none,,url_needs_review,,,,2026-08-16,active,,
wormhole-foundation,Wormhole,Vendor,3_Supporting,Global,https://wormhole.com/,Wormhole cross-chain messaging protocol; publishes the Guardian network VAA signature specification used by the bridge,Verified,2026-08-16,No,Yes,No,No,No,No,No,No,0,,None,none,,url_needs_review,,,,2026-08-16,active,,
chainlink-labs,Chainlink Labs,Vendor,3_Supporting,Global,https://chain.link/,Chainlink Labs; publishes the Off-chain Reporting (OCR) protocol specifications underlying the dominant DeFi price-oracle network,Verified,2026-08-16,No,Yes,No,No,No,No,No,No,0,,None,none,,url_needs_review,,,,2026-08-16,active,,
input-output-global,Input Output Global,Vendor,3_Supporting,,https://iohk.io,,Verified,2026-08-16,No,No,No,No,No,No,No,,0,,None,none,"Auto-created 2026-08-16 by register_vendor.py alongside vendor registration VND-533 — vendor's own primary website, not independently third-party verified.",url_needs_review,,,,,active,,
safe-ecosystem-foundation,Safe Ecosystem Foundation,Vendor,3_Supporting,,https://safe.global,,Verified,2026-08-16,No,No,No,No,No,No,No,,0,,None,none,"Auto-created 2026-08-16 by register_vendor.py alongside vendor registration VND-534 — vendor's own primary website, not independently third-party verified.",url_needs_review,,,,,active,,
offchain-labs,Offchain Labs (Arbitrum),Vendor,3_Supporting,Global,https://arbitrum.io/,Offchain Labs; builds and maintains Arbitrum Nitro and the AnyTrust protocol,Verified,2026-08-16,No,Yes,No,No,No,No,No,No,0,,None,none,,url_needs_review,,,,2026-08-16,active,,
bfo,BFO (Big Faceless Organization),Vendor,3_Supporting,Global,https://bfo.com/,PDF software vendor; documented the first ML-DSA/SLH-DSA PDF signature exchange with Adobe,Verified,2026-08-16,No,Yes,No,No,No,No,No,No,0,,None,none,,url_needs_review,,,,2026-08-16,active,,
acs,Advanced Card Systems (ACS),Vendor,3_Supporting,China; Hong Kong,https://www.acs.com.hk/,Smart-card manufacturer; ACOSJ-P product line is PBOC 3.0 certified and documents SM2/SM3/SM4 support on its own spec sheet,Verified,2026-08-16,No,Yes,No,No,No,No,No,No,0,,None,none,,url_needs_review,,,,2026-08-16,active,,
cnss,Committee on National Security Systems (CNSS),Government,1_Authoritative,United States,https://www.cnss.gov/,"US inter-agency body issuing CNSS Policies governing National Security Systems, incl. CNSSP-11 (NIAP/CC acquisition) and CNSSP-15",Verified,2026-08-16,No,Yes,No,No,No,No,No,No,0,,None,none,,url_authoritative,,,,2026-08-16,active,,
oscca,State Cryptography Administration of China (OSCCA / 国家密码管理局),Government,1_Authoritative,China,https://www.oscca.gov.cn/,China's national cryptography regulator; issues GM/T standards and the Commercial Cryptography Product Certification Catalogue,Verified,2026-08-16,No,Yes,No,No,No,No,No,No,0,,None,none,,url_authoritative,,,,2026-08-16,active,,
npc-china,National People's Congress of China (全国人民代表大会),Government,1_Authoritative,China,http://www.npc.gov.cn/,China's national legislature; authoritative source for the Cryptography Law of the PRC,Verified,2026-08-16,No,Yes,No,No,No,No,No,No,0,,None,none,,url_authoritative,,,,2026-08-16,active,,
unionpay,China UnionPay (中国银联),Standards_Body,2_Core,China,https://cert.unionpay.com/,China domestic card scheme; operates its own terminal/card/chip security certification programs independent of PCI SSC,Verified,2026-08-16,No,Yes,No,No,No,No,No,No,0,,None,none,,url_authoritative,,,,2026-08-16,active,,
cabforum,CA/Browser Forum,Standards_Body,1_Authoritative,Global,https://cabforum.org/,"Sets Baseline Requirements binding all publicly-trusted CAs (TLS, S/MIME, Code Signing) — includes the CA private-key HSM-certification requirement (FIPS 140-3 L3 or CC EAL4+)",Verified,2026-08-16,No,Yes,No,No,No,No,No,No,0,,None,none,,url_authoritative,,,,2026-08-16,active,,
iana,Internet Assigned Numbers Authority (IANA/ICANN),Standards_Body,1_Authoritative,Global,https://www.iana.org/,Operates the DNS root zone; publishes the Root Zone KSK Operator DPS naming the FIPS 140 HSM requirement for root-zone key-signing,Verified,2026-08-16,No,Yes,No,No,No,No,No,No,0,,None,none,,url_authoritative,,,,2026-08-16,active,,
commoncriteriaportal,Common Criteria Portal (CCRA),Standards_Body,1_Authoritative,Global,https://www.commoncriteriaportal.org/,Official Common Criteria Recognition Arrangement site; publishes certified Protection Profiles including BSI-CC-PP-0114 (V2X HSM) and BSI-CC-PP-0100 (eUICC),Verified,2026-08-16,No,Yes,No,No,No,No,No,No,0,,None,none,,url_authoritative,,,,2026-08-16,active,,
scmsmanager,SCMS Manager (USDOT V2X PKI),Government,2_Core,United States,https://www.scmsmanager.org/,Operates the US Security Credential Management System for vehicle-to-everything (V2X) communications; publishes End-Entity HSM requirements,Verified,2026-08-16,No,Yes,No,No,No,No,No,No,0,,None,none,,url_needs_review,,,,2026-08-16,active,,
jrc,EU Joint Research Centre (JRC),Government,1_Authoritative,European Union,https://joint-research-centre.ec.europa.eu/,"EU Commission science service; hosts the C-ITS Certificate Policy and Trust List, and Smart Tachograph technical documentation",Verified,2026-08-16,No,Yes,No,No,No,No,No,No,0,,None,none,,url_needs_review,,,,2026-08-16,active,,
sfc,Hong Kong Securities and Futures Commission (SFC),Government,1_Authoritative,Hong Kong,https://www.sfc.hk/,"Hong Kong's securities regulator; issues the Guidelines for Virtual Asset Trading Platform Operators, incl. HSM custody requirements",Verified,2026-08-16,No,Yes,No,No,No,No,No,No,0,,None,none,,url_needs_review,,,,2026-08-16,active,,
vara,Dubai Virtual Assets Regulatory Authority (VARA),Government,1_Authoritative,United Arab Emirates,https://www.vara.ae/,Dubai's virtual-asset regulator; publishes the Custody Services and Technology & Information Rulebooks,Verified,2026-08-16,No,Yes,No,No,No,No,No,No,0,,None,none,,url_needs_review,,,,2026-08-16,active,,
cms,US Centers for Medicare & Medicaid Services,Government,1_Authoritative,US,https://www.cms.gov/,US federal agency (HHS); National Health Expenditure (NHE) Accounts — official market-size grounding for the industry-landscape source,Verified,2026-08-17,No,No,No,No,No,No,No,No,0,,None,none,,url_authoritative,,,,2026-08-17,active,,
codegic,Codegic,Vendor,3_Supporting,,https://codegic.com,,Verified,2026-08-18,No,No,No,No,No,No,No,,0,,None,none,"Auto-created 2026-08-18 by register_vendor.py alongside vendor registration VND-535 — vendor's own primary website, not independently third-party verified.",url_needs_review,,,,,active,,
zhengzhou-xinda-yimi-technology-co-ltd,"Zhengzhou Xinda Yimi Technology Co., Ltd.",Vendor,3_Supporting,APAC,,,Verified,2026-08-18,No,No,No,No,No,No,No,,0,,None,none,"Auto-created 2026-08-18 by register_vendor.py alongside vendor registration VND-536 — vendor's own primary website, not independently third-party verified.",url_needs_review,,,,,active,,
c2pa,Coalition for Content Provenance and Authenticity (C2PA),Standards_Body,2_Core,Global,https://c2pa.org/,Joint Development Foundation project publishing the Content Credentials (C2PA) technical specification for cryptographically signed media provenance manifests.,Verified,2026-08-21,No,Yes,No,No,No,No,No,No,1,,Active,library,"Registered 2026-08-21 for library row Content-Credentials-C2PA-Technical-Specification-Version-2-4. Tier 2_Core derived from the tiering of comparable industry-consortium standards bodies whose specifications the library holds (spdx-project, csc-cloudsig, pki-consortium, w3c, tcg — all 2_Core); 1_Authoritative in this file is reserved for treaty/government/formal SDOs (NIST, ETSI, IETF, ISO/IEC JTC1 SC27, IEEE-SA). primary_url verified live 2026-08-21 via check_urls.py (200, 88,275b).",url_authoritative,,,,2026-08-21,active,,
anvil-secure,Anvil Secure,Vendor,3_Supporting,,https://anvilsecure.com,,Verified,2026-08-27,No,No,No,No,No,No,No,,0,,None,none,"Auto-created 2026-08-27 by register_vendor.py alongside vendor registration VND-537 — vendor's own primary website, not independently third-party verified.",url_needs_review,,,,,active,,
cipheriq,CipherIQ,Vendor,3_Supporting,,https://cipheriq.com,,Verified,2026-08-27,No,No,No,No,No,No,No,,0,,None,none,"Auto-created 2026-08-27 by register_vendor.py alongside vendor registration VND-538 — vendor's own primary website, not independently third-party verified.",url_needs_review,,,,,active,,
symbolic-software,Symbolic Software,Vendor,3_Supporting,,https://symbolic.software,,Verified,2026-08-27,No,No,No,No,No,No,No,,0,,None,none,"Auto-created 2026-08-27 by register_vendor.py alongside vendor registration VND-539 — vendor's own primary website, not independently third-party verified.",url_needs_review,,,,,active,,
connect2id,Connect2id,Vendor,3_Supporting,,https://connect2id.com,,Verified,2026-08-27,No,No,No,No,No,No,No,,0,,None,none,"Auto-created 2026-08-27 by register_vendor.py alongside vendor registration VND-540 — vendor's own primary website, not independently third-party verified.",url_needs_review,,,,,active,,
shanghai-jiao-tong-university,Shanghai Jiao Tong University,Vendor,3_Supporting,,https://sjtu.edu.cn,,Verified,2026-08-27,No,No,No,No,No,No,No,,0,,None,none,"Auto-created 2026-08-27 by register_vendor.py alongside vendor registration VND-541 — vendor's own primary website, not independently third-party verified.",url_needs_review,,,,,active,,
brian-campbell,Brian Campbell,Vendor,3_Supporting,,https://bitbucket.org/b_c/jose4j,,Verified,2026-08-27,No,No,No,No,No,No,No,,0,,None,none,"Auto-created 2026-08-27 by register_vendor.py alongside vendor registration VND-542 — vendor's own primary website, not independently third-party verified.",url_needs_review,,,,,active,,
jos-padilla,José Padilla,Vendor,3_Supporting,,https://github.com/jpadilla/pyjwt,,Verified,2026-08-27,No,No,No,No,No,No,No,,0,,None,none,"Auto-created 2026-08-27 by register_vendor.py alongside vendor registration VND-543 — vendor's own primary website, not independently third-party verified.",url_needs_review,,,,,active,,
jeff-forcier,Jeff Forcier,Vendor,3_Supporting,,https://github.com/paramiko/paramiko,,Verified,2026-08-27,No,No,No,No,No,No,No,,0,,None,none,"Auto-created 2026-08-27 by register_vendor.py alongside vendor registration VND-544 — vendor's own primary website, not independently third-party verified.",url_needs_review,,,,,active,,
ron-frederick,Ron Frederick,Vendor,3_Supporting,,https://github.com/ronf/asyncssh,,Verified,2026-08-27,No,No,No,No,No,No,No,,0,,None,none,"Auto-created 2026-08-27 by register_vendor.py alongside vendor registration VND-545 — vendor's own primary website, not independently third-party verified.",url_needs_review,,,,,active,,
classic-mceliece-team,Classic McEliece Team,Vendor,3_Supporting,,https://classic.mceliece.org/,,Verified,2026-08-27,No,No,No,No,No,No,No,,0,,None,none,"Auto-created 2026-08-27 by register_vendor.py alongside vendor registration VND-546 — vendor's own primary website, not independently third-party verified.",url_needs_review,,,,,active,,
falcon-team,Falcon Team,Vendor,3_Supporting,,https://falcon-sign.info/,,Verified,2026-08-27,No,No,No,No,No,No,No,,0,,None,none,"Auto-created 2026-08-27 by register_vendor.py alongside vendor registration VND-547 — vendor's own primary website, not independently third-party verified.",url_needs_review,,,,,active,,
hawk-team,HAWK Team,Vendor,3_Supporting,,https://hawk-sign.info/,,Verified,2026-08-27,No,No,No,No,No,No,No,,0,,None,none,"Auto-created 2026-08-27 by register_vendor.py alongside vendor registration VND-548 — vendor's own primary website, not independently third-party verified.",url_needs_review,,,,,active,,
sphincs-team,SPHINCS+ Team,Vendor,3_Supporting,,https://github.com/sphincs/sphincsplus,,Verified,2026-08-27,No,No,No,No,No,No,No,,0,,None,none,"Auto-created 2026-08-27 by register_vendor.py alongside vendor registration VND-549 — vendor's own primary website, not independently third-party verified.",url_needs_review,,,,,active,,
xmss-reference-team,XMSS Reference Team,Vendor,3_Supporting,,https://github.com/XMSS/xmss-reference,,Verified,2026-08-27,No,No,No,No,No,No,No,,0,,None,none,"Auto-created 2026-08-27 by register_vendor.py alongside vendor registration VND-550 — vendor's own primary website, not independently third-party verified.",url_needs_review,,,,,active,,
citadel-protocol,Citadel Protocol,Vendor,3_Supporting,,https://github.com/citadel-protocol/citadel_pqcrypto,,Verified,2026-08-27,No,No,No,No,No,No,No,,0,,None,none,"Auto-created 2026-08-27 by register_vendor.py alongside vendor registration VND-551 — vendor's own primary website, not independently third-party verified.",url_needs_review,,,,,active,,
kpqc,KpqC,Vendor,3_Supporting,,,,Verified,2026-08-27,No,No,No,No,No,No,No,,0,,None,none,"Auto-created 2026-08-27 by register_vendor.py alongside vendor registration VND-552 — vendor's own primary website, not independently third-party verified.",url_needs_review,,,,,active,,
iata-international-air-transpo,IATA (International Air Transport Association) — Aviation Cybersecurity,Industry_Workgroup,2_Core,,https://www.iata.org/en/programs/security/cyber-security/,"Primary global airline industry body; publishes aviation cybersecurity guidance incl. quantum-threat/PQC fact sheet for aircraft datalinks (ADS-B/CPDLC/SATCOM) and ATA Spec 42. Tier decided by user: 2_Core / Industry_Workgroup, matching FS-ISAC/GSMA/ATIS precedent.",Pending,2026-09-01,,,,,,,,,,,,,,url_needs_review,,,,,active,,
mdpi,MDPI,Academic,3_Supporting,,https://www.mdpi.com/,"Open-access academic journal publisher (Switzerland). Cited for MDPI-2018-NTRU-SingleTrace-SCA, Campbell-Enterprise-PQC-Timelines-2026, PQ-SUCI-MLKEM-Profile-C-2025.",Pending,2026-09-02,,,,,,,,,,,,,,,,,,,active,,
university-of-oxford-departmen,University of Oxford Department of Computer Science,Academic,2_Core,,https://www.cs.ox.ac.uk/,Cited for BLE-Key-Negotiation-Downgrade-2020 (BLURtooth/KNOB research).,Pending,2026-09-02,,,,,,,,,,,,,,,,,,,active,,
iso-tc-22-road-vehicles,ISO/TC 22 Road vehicles,Standards_Body,1_Authoritative,,https://www.iso.org/committee/46706.html,"Cited for ISO-26262-Road-vehicles-Functional-safety. Neither existing ISO entry (iso-iec-sc27=JTC1 IT Security, iso-tc210=medical devices) is the correct committee for automotive functional safety.",Pending,2026-09-02,,,,,,,,,,,,,,,,,,,active,,
the-white-house-executive-orde,The White House — Executive Orders,Government,1_Authoritative,,https://www.whitehouse.gov/presidential-actions/executive-orders/,Cited for EO-14028. Distinct from the existing omb (Office of Management and Budget) entry — OMB implements/coordinates EO compliance but the President/White House is the actual issuing authority for an Executive Order.,Pending,2026-09-02,,,,,,,,,,,,,,,,,,,active,,
tencent,Tencent,Vendor,3_Supporting,,https://pqc.tencent.com,,Verified,2026-09-07,No,No,No,No,No,No,No,,0,,None,none,"Auto-created 2026-09-07 by register_vendor.py alongside vendor registration VND-553 — vendor's own primary website, not independently third-party verified.",url_needs_review,,,,,active,,
measurements-of-key-encapsulat,Measurements of key-encapsulation mechanisms,PENDING — needs human classification,PENDING — needs human tier assignment,,https://bench.cr.yp.to/results-kem.html,"Long-standing, widely-cited academic PQC benchmark reference maintained by Bernstein/Lange, not currently registered.",Pending,2026-09-07,,,,,,,,,,,,,,,,,,,active,,
mlkem-package-crypto-mlkem-go,mlkem package - crypto/mlkem - Go Packages,PENDING — needs human classification,PENDING — needs human tier assignment,,https://pkg.go.dev/crypto/mlkem,User override — approved despite being Go's package doc site rather than a dedicated PQC organization.,Pending,2026-09-07,,,,,,,,,,,,,,,,,,,active,,
