vendor_id,vendor_name,vendor_display_name,website,vendor_type,entity_category,hq_country,pqc_commitment,last_verified_date,lei_code,lei_legal_name,lei_entity_status,gleif_url,lei_last_verified_date,lei_coverage_flag,website_url_quality,gleif_url_quality,data_quality_notes,trusted_source_id,peer_reviewed,status,deprecated_at,deprecated_reason
VND-000,Unassigned,Unassigned,https://pqctoday.com,Open Source Community,Open Source Community,International,Unknown,2026-03-26,,,,,2026-07-12,lei_not_applicable,url_needs_review,missing,LEI not applicable: open-source project / government agency / non-profit consortium,unassigned,,active,,
VND-001,Amazon Web Services Inc.,AWS,https://aws.amazon.com,Trusted Vendor,Commercial Vendor,United States,Active,2026-03-26,2549000I2PRQGGIGCA75,"AMAZON WEB SERVICES, INC.",ACTIVE,https://search.gleif.org/#/record/2549000I2PRQGGIGCA75,2026-07-12,lei_verified,url_needs_review,url_authoritative,,amazon-aws,,active,,
VND-002,Apple Inc.,Apple,https://apple.com,Trusted Vendor,Commercial Vendor,United States,Active,2026-03-26,HWUPKR0MPOU8FGXBT394,Apple Inc.,ACTIVE,https://search.gleif.org/#/record/HWUPKR0MPOU8FGXBT394,2026-07-12,lei_verified,url_needs_review,url_authoritative,,apple,,active,,
VND-003,Arista Networks Inc.,Arista,https://arista.com,Trusted Vendor,Commercial Vendor,United States,Partial,2026-03-26,635400H1WKBLOQERUU95,"Arista Networks, Inc",ACTIVE,https://search.gleif.org/#/record/635400H1WKBLOQERUU95,2026-07-12,lei_verified,url_needs_review,url_authoritative,,arista-networks-inc,,active,,
VND-005,Blackberry Limited,BlackBerry,https://blackberry.com,Trusted Vendor,Commercial Vendor,Canada,Partial,2026-03-26,549300HJD8NEGT71RF07,BlackBerry Limited,ACTIVE,https://search.gleif.org/#/record/549300HJD8NEGT71RF07,2026-07-12,lei_verified,url_needs_review,url_authoritative,,blackberry-limited,,active,,
VND-006,Canonical Ltd.,Canonical,https://canonical.com,Community/Commercial,Hybrid Commercial/Community,United Kingdom,Partial,2026-03-26,21380048X62G9EH0C432,Canonical Limited,ACTIVE,https://search.gleif.org/#/record/21380048X62G9EH0C432,2026-07-12,no_lei,url_needs_review,url_authoritative,,canonical-ltd,,active,,
VND-007,Check Point Software Technologies Ltd.,Check Point,https://checkpoint.com,Trusted Vendor,Commercial Vendor,Israel,Active,2026-03-26,7RNVS30RHFQZV3GT3G55,Check Point Software Technologies Ltd.,ACTIVE,https://search.gleif.org/#/record/7RNVS30RHFQZV3GT3G55,2026-07-12,no_lei,url_needs_review,url_authoritative,,check-point-software-technologies-ltd,,active,,
VND-008,Cisco Systems Inc.,Cisco,https://cisco.com,Trusted Vendor,Commercial Vendor,United States,Active,2026-03-26,549300LKFJ962MZ46593,"CISCO SYSTEMS, INC.",ACTIVE,https://search.gleif.org/#/record/549300LKFJ962MZ46593,2026-07-12,lei_verified,url_needs_review,url_authoritative,,cisco-systems,,active,,
VND-009,Citrix Systems Inc.,Citrix,https://citrix.com,Trusted Vendor,Commercial Vendor,United States,Partial,2026-03-26,HCTKJGUQOPZ5NBK7NP58,"CITRIX SYSTEMS, INC.",ACTIVE,https://search.gleif.org/#/record/HCTKJGUQOPZ5NBK7NP58,2026-07-12,lei_verified,url_needs_review,url_authoritative,,citrix-systems-inc,,active,,
VND-010,Crypto4A Technologies Inc.,Crypto4A,https://crypto4a.com,Trusted Vendor,Commercial Vendor,Canada,Active,2026-03-26,254900F6X7PER8HVQO63,CRYPTO4A TECHNOLOGIES INC.,ACTIVE,https://search.gleif.org/#/record/254900F6X7PER8HVQO63,2026-07-12,lei_verified,url_needs_review,url_authoritative,,crypto4a-technologies-inc,,active,,
VND-011,CryptoNext Security,CryptoNext,https://www.cryptonext-security.com/,Trusted Vendor,Commercial Vendor,France,Active,2026-03-26,,,,https://search.gleif.org/#/search/entityName=CryptoNext%20Security,2026-07-12,no_lei,url_authoritative,url_authoritative,LEI lookup required: use GLEIF search link in gleif_url,cryptonext,,active,,
VND-012,DigiCert Inc.,DigiCert,https://digicert.com,Trusted Vendor,Commercial Vendor,United States,Active,2026-03-26,984500C4BDA7A9584A97,"DIGICERT, INC.",ACTIVE,https://search.gleif.org/#/record/984500C4BDA7A9584A97,2026-07-12,lei_verified,url_needs_review,url_authoritative,,digicert,,active,,
VND-013,Entrust Corporation,Entrust,https://entrust.com,Trusted Vendor,Commercial Vendor,United States,Active,2026-03-26,549300RRHR61YGCQ8575,ENTRUST CORPORATION,ACTIVE,https://search.gleif.org/#/record/549300RRHR61YGCQ8575,2026-07-12,lei_verified,url_needs_review,url_authoritative,,entrust,,active,,
VND-014,F5 Inc.,F5,https://f5.com,Trusted Vendor,Commercial Vendor,United States,Partial,2026-03-26,ZDBBS38LSXE38U2E1F32,"F5, INC.",ACTIVE,https://search.gleif.org/#/record/ZDBBS38LSXE38U2E1F32,2026-07-12,no_lei,url_needs_review,url_authoritative,,f5-inc-2,,active,,
VND-015,Fortanix Inc.,Fortanix,https://fortanix.com,Trusted Vendor,Commercial Vendor,United States,Active,2026-03-26,2549006UT24TAKSI7D51,"FORTANIX, INC.",ACTIVE,https://search.gleif.org/#/record/2549006UT24TAKSI7D51,2026-07-12,lei_verified,url_needs_review,url_authoritative,,fortanix-inc,,active,,
VND-016,Fortinet Inc.,Fortinet,https://fortinet.com,Trusted Vendor,Commercial Vendor,United States,Active,2026-03-26,549300O0QJWDBAS0QX03,"FORTINET, INC.",ACTIVE,https://search.gleif.org/#/record/549300O0QJWDBAS0QX03,2026-07-12,lei_verified,url_needs_review,url_authoritative,,fortinet,,active,,
VND-017,Futurex LP,Futurex,https://futurex.com,Trusted Vendor,Commercial Vendor,United States,Active,2026-03-26,,,,https://search.gleif.org/#/search/entityName=Futurex%20LP,2026-07-12,no_lei,url_needs_review,url_authoritative,LEI lookup required: use GLEIF search link in gleif_url,futurex-lp,,active,,
VND-018,Google LLC,Google,https://google.com,Trusted Vendor,Commercial Vendor,United States,Active,2026-03-26,7ZW8QJWVPR4P1J1KQY45,GOOGLE LLC,ACTIVE,https://search.gleif.org/#/record/7ZW8QJWVPR4P1J1KQY45,2026-07-12,lei_verified,url_needs_review,url_authoritative,,google,,active,,
VND-019,IBM Corporation,IBM,https://ibm.com,Trusted Vendor,Commercial Vendor,United States,Active,2026-03-26,3WJXVSRZK5H3C75FWO82,IBM WORLD TRADE CORPORATION,ACTIVE,https://search.gleif.org/#/record/3WJXVSRZK5H3C75FWO82,2026-07-12,lei_verified,url_needs_review,url_authoritative,,ibm-research,,active,,
VND-020,IDEMIA Group,IDEMIA,https://idemia.com,Trusted Vendor,Commercial Vendor,France,Active,2026-03-26,549300WTLJH5RTGZMD10,IDEMIA Group SAS,ACTIVE,https://search.gleif.org/#/record/549300WTLJH5RTGZMD10,2026-07-12,no_lei,url_needs_review,url_authoritative,,idemia,,active,,
VND-021,Infineon Technologies AG,Infineon,https://infineon.com,Trusted Vendor,Commercial Vendor,Germany,Active,2026-03-26,TSI2PJM6EPETEQ4X1U25,Infineon Technologies AG,ACTIVE,https://search.gleif.org/#/record/TSI2PJM6EPETEQ4X1U25,2026-07-12,lei_verified,url_needs_review,url_authoritative,,infineon,,active,,
VND-022,Intel Corporation,Intel,https://intel.com,Trusted Vendor,Commercial Vendor,United States,Active,2026-03-26,KNX4USFCNGPY45LOCE31,INTEL CORPORATION,ACTIVE,https://search.gleif.org/#/record/KNX4USFCNGPY45LOCE31,2026-07-12,lei_verified,url_needs_review,url_authoritative,,intel,,active,,
VND-023,Juniper Networks Inc.,Juniper,https://juniper.net,Trusted Vendor,Commercial Vendor,United States,Active,2026-03-26,AUHIXNGG7U2U7JEHM527,"JUNIPER NETWORKS, INC.",ACTIVE,https://search.gleif.org/#/record/AUHIXNGG7U2U7JEHM527,2026-07-12,lei_verified,url_needs_review,url_authoritative,,juniper-networks,,active,,
VND-024,Keyfactor Inc.,Keyfactor,https://keyfactor.com,Trusted Vendor,Commercial Vendor,United States,Active,2026-03-26,984500D0XB1A669C8642,"KEYFACTOR, INC.",ACTIVE,https://search.gleif.org/#/record/984500D0XB1A669C8642,2026-07-12,lei_verified,url_needs_review,url_authoritative,,keyfactor,,active,,
VND-025,Legion of the Bouncy Castle Inc.,Bouncy Castle,https://bouncycastle.org,Open Source Foundation,Open Source Foundation,International,Active,2026-03-26,1234567890ABCDEFGHIJ,,ACTIVE,https://search.gleif.org/#/record/1234567890ABCDEFGHIJ,2026-05-06,lei_not_applicable,url_needs_review,url_authoritative,,bouncy-castle,,active,,
VND-026,Marvell Technology Inc.,Marvell,https://marvell.com,Trusted Vendor,Commercial Vendor,United States,Active,2026-03-26,254900WVU0BM7ZCJ9E93,"MARVELL TECHNOLOGY, INC.",ACTIVE,https://search.gleif.org/#/record/254900WVU0BM7ZCJ9E93,2026-07-12,lei_verified,url_needs_review,url_authoritative,,marvell-technology-inc,,active,,
VND-027,Microsoft Corporation,Microsoft,https://microsoft.com,Trusted Vendor,Commercial Vendor,United States,Active,2026-03-26,INR2EJN1ERAN0W5ZP974,MICROSOFT CORPORATION,ACTIVE,https://search.gleif.org/#/record/INR2EJN1ERAN0W5ZP974,2026-07-12,lei_verified,url_needs_review,url_authoritative,,microsoft,,active,,
VND-028,NXP Semiconductors N.V.,NXP,https://nxp.com,Trusted Vendor,Commercial Vendor,Netherlands,Active,2026-03-26,724500M9BY5293JDF951,NXP Semiconductors N.V.,ACTIVE,https://search.gleif.org/#/record/724500M9BY5293JDF951,2026-07-12,lei_verified,url_authoritative,url_authoritative,,nxp-semiconductors-nv,,active,,
VND-029,Oracle Corporation,Oracle,https://oracle.com,Trusted Vendor,Commercial Vendor,United States,Active,2026-03-26,1Z4GXXU7ZHVWFCD8TV52,ORACLE CORPORATION,ACTIVE,https://search.gleif.org/#/record/1Z4GXXU7ZHVWFCD8TV52,2026-07-12,lei_verified,url_needs_review,url_authoritative,,oracle,,deprecated,2026-08-14,"deprecation-sweep (dead): all fetch tiers failed (last: crawl4ai, status=200, reason=)"
VND-030,PQShield Ltd.,PQShield,https://pqshield.com,Trusted Vendor,Commercial Vendor,United Kingdom,Active,2026-03-26,213800TIXYF2VWARKD58,PQSHIELD LTD,ACTIVE,https://search.gleif.org/#/record/213800TIXYF2VWARKD58,2026-07-12,lei_verified,url_needs_review,url_authoritative,,pqshield,,active,,
VND-031,Palo Alto Networks Inc.,Palo Alto Networks,https://paloaltonetworks.com,Trusted Vendor,Commercial Vendor,United States,Active,2026-03-26,549300QXR2YVZV231H43,"PALO ALTO NETWORKS, INC.",ACTIVE,https://search.gleif.org/#/record/549300QXR2YVZV231H43,2026-07-12,lei_verified,url_needs_review,url_authoritative,,palo-alto,,active,,
VND-032,Red Hat Inc.,Red Hat,https://redhat.com,Community/Commercial,Hybrid Commercial/Community,United States,Active,2026-03-26,549300VKOPWAMM9FVN57,"RED HAT, INC.",ACTIVE,https://search.gleif.org/#/record/549300VKOPWAMM9FVN57,2026-07-12,no_lei,url_needs_review,url_authoritative,,red-hat,,active,,
VND-033,SAP SE,SAP,https://sap.com,Trusted Vendor,Commercial Vendor,Germany,Active,2026-03-26,529900D6BF99LW9R2E68,SAP SE,ACTIVE,https://search.gleif.org/#/record/529900D6BF99LW9R2E68,2026-07-12,lei_verified,url_needs_review,url_authoritative,,sap,,active,,
VND-034,SafeLogic Inc.,SafeLogic,https://safelogic.com,Trusted Vendor,Commercial Vendor,United States,Active,2026-03-26,,,,https://search.gleif.org/#/search/entityName=SafeLogic%20Inc.,2026-07-12,no_lei,url_needs_review,url_authoritative,LEI lookup required: use GLEIF search link in gleif_url,safelogic-inc,,active,,
VND-035,Samsung Electronics Co.,Samsung,https://samsung.com,Trusted Vendor,Commercial Vendor,South Korea,Active,2026-03-26,5299006Z0HWC6YENXO27,"SAMSUNG ELECTRONICS CO., LTD.",ACTIVE,https://search.gleif.org/#/record/5299006Z0HWC6YENXO27,2026-07-12,no_lei,url_needs_review,url_authoritative,,samsung-electronics-co,,active,,
VND-036,SandboxAQ Inc.,SandboxAQ,https://sandboxaq.com,Trusted Vendor,Commercial Vendor,United States,Active,2026-03-26,,,,https://search.gleif.org/#/search/entityName=SandboxAQ%20Inc.,2026-07-12,no_lei,url_needs_review,url_authoritative,LEI lookup required: use GLEIF search link in gleif_url,sandboxaq,,active,,
VND-037,Securosys SA,Securosys,https://securosys.com,Trusted Vendor,Commercial Vendor,Switzerland,Active,2026-03-26,5493009P5M4RFVNS0C97,Securosys SA,ACTIVE,https://search.gleif.org/#/record/5493009P5M4RFVNS0C97,2026-07-12,no_lei,url_needs_review,url_authoritative,,securosys-sa,,active,,
VND-038,Senetas Corporation Ltd.,Senetas,https://senetas.com,Trusted Vendor,Commercial Vendor,Australia,Active,2026-03-26,549300ZV3N0ETCBSF027,Senetas Corporation Limited,ACTIVE,https://search.gleif.org/#/record/549300ZV3N0ETCBSF027,2026-07-12,no_lei,url_needs_review,url_authoritative,,senetas-corporation-ltd,,active,,
VND-039,STMicroelectronics N.V.,STMicroelectronics,https://st.com,Trusted Vendor,Commercial Vendor,Switzerland,Active,2026-03-26,213800Z8NOHIKRI42W10,STMICROELECTRONICS N.V.,ACTIVE,https://search.gleif.org/#/record/213800Z8NOHIKRI42W10,2026-07-12,lei_verified,url_authoritative,url_authoritative,,stmicroelectronics-nv,,active,,
VND-040,SUSE LLC,SUSE,https://suse.com,Community/Commercial,Hybrid Commercial/Community,Germany,Active,2026-03-26,5493000IBP32UQI0XN17,SUSE LLC,ACTIVE,https://search.gleif.org/#/record/5493000IBP32UQI0XN17,2026-07-12,no_lei,url_needs_review,url_authoritative,,suse-llc,,active,,
VND-041,Thales Group,Thales,https://cpl.thalesgroup.com,Trusted Vendor,Commercial Vendor,France,Active,2026-03-26,815600EFE2E3F6BBFD65,Thales SA,ACTIVE,https://search.gleif.org/#/record/815600EFE2E3F6BBFD65,2026-07-11,no_lei,url_needs_review,url_authoritative,,thales-research,,active,,
VND-042,Utimaco IS GmbH,Utimaco,https://utimaco.com,Trusted Vendor,Commercial Vendor,Germany,Active,2026-03-26,529900BQBVSF2OYLQX10,Utimaco IS GmbH,ACTIVE,https://search.gleif.org/#/record/529900BQBVSF2OYLQX10,2026-07-11,no_lei,url_needs_review,url_authoritative,,utimaco-is-gmbh,,active,,
VND-043,Wind River Systems Inc.,Wind River,https://windriver.com,Trusted Vendor,Commercial Vendor,United States,Active,2026-03-26,254900N5LGNK8GU00V97,WIND RIVER SYSTEMS INTERNATIONAL INC,ACTIVE,https://search.gleif.org/#/record/254900N5LGNK8GU00V97,2026-07-11,lei_verified,url_needs_review,url_authoritative,,wind-river-systems-inc,,active,,
VND-044,Yubico AB,Yubico,https://yubico.com,Trusted Vendor,Commercial Vendor,Sweden,Active,2026-03-26,549300I9RBIU9DW59H39,Yubico AB,ACTIVE,https://search.gleif.org/#/record/549300I9RBIU9DW59H39,2026-07-11,lei_verified,url_needs_review,url_authoritative,,yubico-ab,,active,,
VND-045,wolfSSL Inc.,wolfSSL,https://wolfssl.com,Trusted Vendor,Commercial Vendor,United States,Active,2026-03-26,,,,https://search.gleif.org/#/search/entityName=wolfSSL%20Inc.,2026-07-12,no_lei,url_authoritative,url_authoritative,LEI lookup required: use GLEIF search link in gleif_url,wolfssl,,active,,
VND-046,Apache Software Foundation,Apache,https://apache.org,Open Source Foundation,Open Source Foundation,International,Partial,2026-03-26,,,,,2026-07-11,lei_not_applicable,url_needs_review,missing,LEI not applicable: open-source project / government agency / non-profit consortium,apache-software-foundation,,active,,
VND-047,Hyperledger Foundation,Hyperledger,https://hyperledger.org,Open Source Foundation,Open Source Foundation,International,Partial,2026-03-26,,,,,2026-07-11,lei_not_applicable,url_needs_review,missing,LEI not applicable: open-source project / government agency / non-profit consortium,hyperledger-foundation,,active,,
VND-048,Open Quantum Safe Project,OQS Project,https://openquantumsafe.org,Open Source Foundation,Open Source Foundation,International,Active,2026-03-26,,,,,2026-07-11,lei_not_applicable,url_authoritative,missing,LEI not applicable: open-source project / government agency / non-profit consortium,oqs-project,,active,,
VND-049,The OpenSSL Corporation,OpenSSL,https://openssl.org,Open Source Foundation,Open Source Foundation,International,Active,2026-03-26,,,,https://search.gleif.org/#/search/entityName=The%20OpenSSL%20Corporation,2026-07-12,lei_not_applicable,url_authoritative,url_authoritative,,openssl-project,,active,,
VND-050,RustCrypto Organization,RustCrypto,https://github.com/RustCrypto,Open Source Community,Open Source Community,International,Active,2026-03-26,,,,,2026-07-11,lei_not_applicable,url_authoritative,missing,LEI not applicable: open-source project / government agency / non-profit consortium,github,,active,,
VND-051,Eclipse Foundation,Eclipse,https://eclipse.org,Open Source Foundation,Open Source Foundation,International,Partial,2026-03-26,,,,,2026-07-11,lei_not_applicable,url_needs_review,missing,LEI not applicable: open-source project / government agency / non-profit consortium,eclipse-foundation,,active,,
VND-052,01 Quantum Ltd.,01Quantum,https://01quantum.com,Trusted Vendor,Commercial Vendor,United States,Active,2026-03-26,,,,https://search.gleif.org/#/search/entityName=01%20Quantum%20Ltd.,2026-07-12,no_lei,url_authoritative,url_authoritative,LEI lookup required: use GLEIF search link in gleif_url,01quantum,,active,,
VND-053,ISARA Corporation,ISARA,https://isara.com,Trusted Vendor,Commercial Vendor,Canada,Active,2026-03-26,,,,https://search.gleif.org/#/search/entityName=ISARA%20Corporation,2026-07-12,no_lei,url_needs_review,url_authoritative,LEI lookup required: use GLEIF search link in gleif_url,isara-corporation,,active,,
VND-054,QuSecure Inc.,QuSecure,https://qusecure.com,Trusted Vendor,Commercial Vendor,United States,Active,2026-03-26,,,,https://search.gleif.org/#/search/entityName=QuSecure%20Inc.,2026-07-12,no_lei,url_needs_review,url_authoritative,LEI lookup required: use GLEIF search link in gleif_url,qusecure,,active,,
VND-055,evolutionQ Inc.,evolutionQ,https://evolutionq.com,Trusted Vendor,Commercial Vendor,Canada,Active,2026-03-26,,,,https://search.gleif.org/#/search/entityName=evolutionQ%20Inc.,2026-07-12,no_lei,url_needs_review,url_authoritative,LEI lookup required: use GLEIF search link in gleif_url,evolutionq-inc,,active,,
VND-056,SEALSQ Corp.,SEALSQ,https://sealsq.com,Trusted Vendor,Commercial Vendor,Switzerland,Active,2026-03-26,894500UBT7U7WMV2PG59,SEALSQ Corp.,ACTIVE,https://search.gleif.org/#/record/894500UBT7U7WMV2PG59,2026-07-11,lei_verified,url_needs_review,url_authoritative,,sealsq-corp,,active,,
VND-057,Cloudflare Inc.,Cloudflare,https://cloudflare.com,Trusted Vendor,Commercial Vendor,United States,Active,2026-03-26,5493007DY18BGNLDWU14,"CLOUDFLARE, INC.",ACTIVE,https://search.gleif.org/#/record/5493007DY18BGNLDWU14,2026-07-11,lei_verified,url_needs_review,url_authoritative,,cloudflare,,active,,
VND-058,HashiCorp Inc.,HashiCorp,https://hashicorp.com,Trusted Vendor,Commercial Vendor,United States,Active,2026-03-26,549300VYC57CQFBCMF68,"HASHICORP, INC.",ACTIVE,https://search.gleif.org/#/record/549300VYC57CQFBCMF68,2026-07-11,no_lei,url_needs_review,url_authoritative,,hashicorp-inc,,active,,
VND-059,Venafi Inc.,Venafi,https://venafi.com,Trusted Vendor,Commercial Vendor,United States,Active,2026-03-26,,,,https://search.gleif.org/#/search/entityName=Venafi%20Inc.,2026-07-12,no_lei,url_needs_review,url_authoritative,LEI lookup required: use GLEIF search link in gleif_url,venafi-inc,,active,,
VND-060,Okta Inc.,Okta,https://okta.com,Trusted Vendor,Commercial Vendor,United States,Partial,2026-03-26,549300N8J06I8MRHU620,"OKTA, INC.",ACTIVE,https://search.gleif.org/#/record/549300N8J06I8MRHU620,2026-07-11,lei_verified,url_needs_review,url_authoritative,,okta-inc,,active,,
VND-061,OpenSSH Project,OpenSSH,https://openssh.com,Open Source Community,Open Source Community,International,Partial,2026-03-26,,,,,2026-07-11,lei_not_applicable,url_needs_review,missing,LEI not applicable: open-source project / government agency / non-profit consortium,openssh,,active,,
VND-062,GnuTLS Project,GnuTLS,https://gnutls.org,Open Source Foundation,Open Source Foundation,International,Partial,2026-03-26,,,,,2026-07-11,lei_not_applicable,url_needs_review,missing,LEI not applicable: open-source project / government agency / non-profit consortium,gnutls-project,,active,,
VND-063,OpenBSD Foundation,OpenBSD / LibreSSL,https://openbsdfoundation.org,Open Source Foundation,Open Source Foundation,Canada,Partial,2026-03-26,,,,,2026-07-11,lei_not_applicable,url_needs_review,missing,LEI not applicable: open-source project / government agency / non-profit consortium,openbsd-foundation,,active,,
VND-064,Internet Security Research Group,ISRG / Let's Encrypt,https://www.abetterinternet.org,Open Source Foundation,Open Source Foundation,United States,Partial,2026-03-26,,,,,2026-07-11,lei_not_applicable,url_needs_review,missing,LEI not applicable: open-source project / government agency / non-profit consortium,internet-security-research-group,,active,,
VND-065,Internet Systems Consortium,ISC / BIND,https://www.isc.org,Open Source Foundation,Open Source Foundation,United States,Partial,2026-03-26,,,,,2026-07-11,lei_not_applicable,url_needs_review,missing,LEI not applicable: open-source project / government agency / non-profit consortium,internet-systems-consortium,,active,,
VND-066,WireGuard Project,WireGuard,https://wireguard.com,Open Source Community,Open Source Community,International,Partial,2026-03-26,,,,,2026-07-11,lei_not_applicable,url_needs_review,missing,LEI not applicable: open-source project / government agency / non-profit consortium,wireguard-project,,active,,
VND-067,OpenVPN Inc.,OpenVPN,https://openvpn.net,Open Source Community,Open Source Community,United States,Partial,2026-03-26,,,,,2026-07-11,lei_not_applicable,url_needs_review,missing,LEI not applicable: open-source project / government agency / non-profit consortium,openvpn-inc,,active,,
VND-068,strongSwan Project,strongSwan,https://strongswan.org,Open Source Community,Open Source Community,International,Active,2026-03-26,,,,,2026-07-11,lei_not_applicable,url_needs_review,missing,LEI not applicable: open-source project / non-profit,strongswan,,active,,
VND-069,Botan Project,Botan,https://botan.randombit.net,Open Source Community,Open Source Community,International,Active,2026-03-26,,,,,2026-07-11,lei_not_applicable,url_needs_review,missing,LEI not applicable: open-source project / government agency / non-profit consortium,botan-project,,active,,
VND-070,PyCryptodome Team,PyCryptodome,https://www.pycryptodome.org/,Open Source Community,Open Source Community,International,Partial,2026-03-26,,,,,2026-07-11,lei_not_applicable,url_authoritative,missing,LEI not applicable: open-source project / non-profit,pycryptodome-team,,active,,
VND-071,libssh Project,libssh,https://libssh.org,Open Source Community,Open Source Community,International,Partial,2026-03-26,,,,,2026-07-11,lei_not_applicable,url_needs_review,missing,LEI not applicable: open-source project / government agency / non-profit consortium,libssh-project,,active,,
VND-072,Cloud Native Computing Foundation,CNCF / Kubernetes,https://cncf.io,Open Source Foundation,Open Source Foundation,International,Partial,2026-03-26,,,,,2026-07-11,lei_not_applicable,url_needs_review,missing,LEI not applicable: open-source project / government agency / non-profit consortium,cloud-native-computing-foundation,,active,,
VND-073,Payara Foundation,Payara,https://payara.fish,Open Source Foundation,Open Source Foundation,International,Partial,2026-03-26,,,,,2026-07-11,lei_not_applicable,url_needs_review,missing,LEI not applicable: open-source project / government agency / non-profit consortium,payara-foundation,,active,,
VND-074,MariaDB Foundation,MariaDB,https://mariadb.org,Open Source Foundation,Open Source Foundation,International,Partial,2026-03-26,,,,,2026-07-11,lei_not_applicable,url_needs_review,missing,LEI not applicable: open-source project / government agency / non-profit consortium,mariadb-foundation,,active,,
VND-075,PostgreSQL Global Development Group,PostgreSQL,https://postgresql.org,Open Source Community,Open Source Community,International,Partial,2026-03-26,,,,,2026-07-11,lei_not_applicable,url_needs_review,missing,LEI not applicable: open-source project / government agency / non-profit consortium,postgresql-global-development-group,,active,,
VND-076,Redis Community,Redis,https://redis.io,Open Source Community,Open Source Community,International,,2026-03-26,,,,,2026-07-11,lei_not_applicable,url_needs_review,missing,LEI not applicable: open-source project / government agency / non-profit consortium,redis-community,,active,,
VND-077,pqm4 Research Team,pqm4,https://github.com/mupq/pqm4,Research Project,Research Project,International,Active,2026-03-26,,,,,2026-07-11,lei_not_applicable,url_authoritative,missing,LEI not applicable: open-source project / government agency / non-profit consortium,github,,active,,
VND-078,INRIA / HQC Consortium,HQC Consortium,https://pqc-hqc.org,Research Project,Research Project,France,Active,2026-03-26,,,,,2026-07-11,lei_not_applicable,url_needs_review,missing,LEI not applicable: open-source project / government agency / non-profit consortium,inria-hqc-consortium,,active,,
VND-079,mlkem-native Authors,mlkem-native,https://github.com/pq-code-package/mlkem-native,Research Project,Research Project,International,Active,2026-03-26,,,,,2026-07-11,lei_not_applicable,url_authoritative,missing,LEI not applicable: open-source project / government agency / non-profit consortium,github,,active,,
VND-080,NIST PQC Project,NIST PQC,https://csrc.nist.gov/projects/post-quantum-cryptography,Government / Standards Body,Government / Standards Body,United States,Active,2026-03-26,,,,,2026-07-11,lei_not_applicable,url_authoritative,missing,LEI not applicable: open-source project / government agency / non-profit consortium,nist-csrc,,active,,
VND-081,IETF,IETF,https://ietf.org,Government / Standards Body,Government / Standards Body,International,Active,2026-03-26,,,,,2026-07-11,lei_not_applicable,url_authoritative,missing,LEI not applicable: open-source project / government agency / non-profit consortium,ietf-2,,active,,
VND-082,OASIS Open,OASIS Open,https://oasis-open.org,Government / Standards Body,Government / Standards Body,International,Partial,2026-03-26,,,,,2026-07-11,lei_not_applicable,url_authoritative,missing,LEI not applicable: open-source project / government agency / non-profit consortium,oasis,,active,,
VND-083,testssl.sh Project,testssl.sh,https://testssl.sh,Open Source Community,Open Source Community,International,Partial,2026-03-26,,,,,2026-07-11,lei_not_applicable,url_needs_review,missing,LEI not applicable: open-source project / government agency / non-profit consortium,testsslsh-project,,active,,
VND-084,nabla-c0d3 / SSLyze,SSLyze,https://github.com/nabla-c0d3/sslyze,Open Source Community,Open Source Community,International,Partial,2026-03-26,,,,,2026-07-11,lei_not_applicable,url_authoritative,missing,LEI not applicable: open-source project / government agency / non-profit consortium,github,,active,,
VND-085,Cosmian SAS,Cosmian,https://cosmian.com,Trusted Vendor,Hybrid Commercial/Community,France,Active,2026-03-26,,,,https://search.gleif.org/#/search/entityName=Cosmian%20SAS,2026-07-12,no_lei,url_needs_review,url_authoritative,LEI lookup required: use GLEIF search link in gleif_url,cosmian-sas,,active,,
VND-086,Veracode Inc.,Veracode / Cryptosense,https://veracode.com,Trusted Vendor,Commercial Vendor,United States,Partial,2026-03-26,5493003XK9N4EO8MQQ54,"VERACODE, INC.",ACTIVE,https://search.gleif.org/#/record/5493003XK9N4EO8MQQ54,2026-07-11,lei_verified,url_needs_review,url_authoritative,,veracode-inc,,active,,
VND-087,Leancrypto Authors,leancrypto,https://github.com/smuellerDD/leancrypto,Open Source Community,Open Source Community,International,Active,2026-03-26,,,,,2026-07-11,lei_not_applicable,url_authoritative,missing,LEI not applicable: open-source project / government agency / non-profit consortium,github,,active,,
VND-088,Bitcoin Project,Bitcoin Core,https://bitcoin.org,Blockchain Protocol,Blockchain Protocol,International,,2026-03-26,,,,,2026-07-11,lei_not_applicable,url_needs_review,missing,LEI not applicable: open-source project / government agency / non-profit consortium,bitcoin-core,,active,,
VND-089,BTQ Technologies Corp.,BTQ Technologies,https://btq.com,Trusted Vendor,Commercial Vendor,Canada,Active,2026-03-26,,,,https://search.gleif.org/#/search/entityName=BTQ%20Technologies%20Corp.,2026-07-12,no_lei,url_needs_review,url_authoritative,LEI lookup required: use GLEIF search link in gleif_url,btq,,active,,
VND-090,Ethereum Foundation,Ethereum Foundation,https://ethereum.foundation,Blockchain Protocol,Blockchain Protocol,International,Partial,2026-03-26,,,,,2026-07-11,lei_not_applicable,url_needs_review,missing,LEI not applicable: open-source project / government agency / non-profit consortium,ethereum-foundation,,active,,
VND-091,Solana Foundation,Solana Foundation,https://solana.org,Blockchain Protocol,Blockchain Protocol,International,Partial,2026-03-26,,,,,2026-07-11,lei_not_applicable,url_needs_review,missing,LEI not applicable: open-source project / government agency / non-profit consortium,solana-foundation,,active,,
VND-092,Algorand Foundation,Algorand Foundation,https://algorand.foundation,Blockchain Protocol,Blockchain Protocol,International,Partial,2026-03-26,,,,,2026-07-11,lei_not_applicable,url_needs_review,missing,LEI not applicable: open-source project / government agency / non-profit consortium,algorand,,active,,
VND-093,Cardano Foundation,Cardano Foundation,https://cardanofoundation.org,Blockchain Protocol,Blockchain Protocol,International,Partial,2026-03-26,,,,,2026-07-11,lei_not_applicable,url_needs_review,missing,LEI not applicable: open-source project / government agency / non-profit consortium,cardano-foundation,,active,,
VND-094,IOTA Foundation,IOTA Foundation,https://iota.org,Blockchain Protocol,Blockchain Protocol,International,Active,2026-03-26,,,,,2026-07-11,lei_not_applicable,url_needs_review,missing,LEI not applicable: open-source project / government agency / non-profit consortium,iota-foundation,,active,,
VND-095,Web3 Foundation,Web3 Foundation,https://web3.foundation,Blockchain Protocol,Blockchain Protocol,International,Partial,2026-03-26,,,,,2026-07-11,lei_not_applicable,url_needs_review,missing,LEI not applicable: open-source project / government agency / non-profit consortium,web3-foundation,,active,,
VND-096,Interchain Foundation,Interchain Foundation,https://interchain.io,Blockchain Protocol,Blockchain Protocol,International,Partial,2026-03-26,,,,,2026-07-11,lei_not_applicable,url_needs_review,missing,LEI not applicable: open-source project / government agency / non-profit consortium,interchain-foundation,,active,,
VND-097,Aptos Foundation,Aptos Foundation,https://aptosfoundation.org,Blockchain Protocol,Blockchain Protocol,International,Partial,2026-03-26,,,,,2026-07-11,lei_not_applicable,url_needs_review,missing,LEI not applicable: open-source project / government agency / non-profit consortium,aptos-foundation,,active,,
VND-098,Ava Labs / Avalanche Foundation,Avalanche Foundation,https://avax.network,Blockchain Protocol,Blockchain Protocol,International,Partial,2026-03-26,,,,https://search.gleif.org/#/search/entityName=Ava%20Labs%20/%20Avalanche%20Foundation,2026-07-12,lei_not_applicable,url_needs_review,url_authoritative,,ava-labs-avalanche-foundation,,active,,
VND-099,Sui Foundation,Sui Foundation,https://sui.io,Blockchain Protocol,Blockchain Protocol,International,Partial,2026-03-26,,,,,2026-07-11,lei_not_applicable,url_needs_review,missing,LEI not applicable: open-source project / government agency / non-profit consortium,sui-foundation,,active,,
VND-100,QRL Foundation,QRL Foundation,https://theqrl.org,Blockchain Protocol,Blockchain Protocol,International,Active,2026-03-26,,,,,2026-07-11,lei_not_applicable,url_needs_review,missing,LEI not applicable: open-source project / government agency / non-profit consortium,qrl-foundation,,active,,
VND-101,R3 Ltd.,R3 Corda,https://r3.com,Trusted Vendor,Commercial Vendor,United Kingdom,Partial,2026-03-26,,,,,2026-07-12,no_lei,url_needs_review,url_authoritative,LEI lookup required: use GLEIF search link in gleif_url,r3-ltd,,active,,
VND-102,BitGo Inc.,BitGo,https://bitgo.com,Trusted Vendor,Commercial Vendor,United States,Partial,2026-03-26,254900FB0R9BFJID0L05,"BITGO, INC.",ACTIVE,https://search.gleif.org/#/record/254900FB0R9BFJID0L05,2026-07-11,lei_verified,url_needs_review,url_authoritative,,bitgo-inc,,active,,
VND-103,Anchorage Digital Bank,Anchorage Digital,https://anchorage.com,Trusted Vendor,Commercial Vendor,United States,Partial,2026-03-26,549300JJSDEHXA1AKJ69,ANCHORAGE DIGITAL BANK NATIONAL ASSOCIATION,ACTIVE,https://search.gleif.org/#/record/549300JJSDEHXA1AKJ69,2026-07-11,lei_verified,url_needs_review,url_authoritative,,anchorage-digital-bank,,active,,
VND-104,Fireblocks Inc.,Fireblocks,https://fireblocks.com,Trusted Vendor,Commercial Vendor,United States,Partial,2026-03-26,,,,https://search.gleif.org/#/search/entityName=Fireblocks%20Inc.,2026-07-12,no_lei,url_needs_review,url_authoritative,LEI lookup required: use GLEIF search link in gleif_url,fireblocks-inc,,active,,
VND-105,Coinbase Inc.,Coinbase Custody,https://coinbase.com,Trusted Vendor,Commercial Vendor,United States,Partial,2026-03-26,549300QHD76EP6ZKTT48,"COINBASE, INC.",ACTIVE,https://search.gleif.org/#/record/549300QHD76EP6ZKTT48,2026-07-11,lei_verified,url_needs_review,url_authoritative,,coinbase-inc,,active,,
VND-106,Hex Trust Ltd.,Hex Trust,https://hextrust.com,Trusted Vendor,Commercial Vendor,Hong Kong,Partial,2026-03-26,,,,https://search.gleif.org/#/search/entityName=Hex%20Trust%20Ltd.,2026-07-12,no_lei,url_needs_review,url_authoritative,LEI lookup required: use GLEIF search link in gleif_url,hex-trust-ltd,,active,,
VND-107,Taurus SA,Taurus SA,https://taurushq.com,Trusted Vendor,Commercial Vendor,Switzerland,Partial,2026-03-26,506700HJTJ42L5IJDG59,Taurus SA,ACTIVE,https://search.gleif.org/#/record/506700HJTJ42L5IJDG59,2026-07-11,lei_verified,url_needs_review,url_authoritative,,taurus-sa,,active,,
VND-108,Komainu Ltd.,Komainu,https://komainu.com,Trusted Vendor,Commercial Vendor,United Kingdom,Partial,2026-03-26,,,,https://search.gleif.org/#/search/entityName=Komainu%20Ltd.,2026-07-12,no_lei,url_needs_review,url_authoritative,LEI lookup required: use GLEIF search link in gleif_url,komainu-ltd,,active,,
VND-109,Copper Technologies Ltd.,Copper.co,https://copper.co,Trusted Vendor,Commercial Vendor,United Kingdom,Partial,2026-03-26,,,,https://search.gleif.org/#/search/entityName=Copper%20Technologies%20Ltd.,2026-07-12,no_lei,url_needs_review,url_authoritative,LEI lookup required: use GLEIF search link in gleif_url,copper-technologies-ltd,,active,,
VND-110,DFNS SAS,DFNS,https://www.dfns.co,Trusted Vendor,Commercial Vendor,France,Partial,2026-03-26,,,,https://search.gleif.org/#/search/entityName=DFNS%20SAS,2026-07-12,no_lei,url_needs_review,url_authoritative,LEI lookup required: use GLEIF search link in gleif_url,dfns-sas,,active,,
VND-111,Zodia Custody Ltd.,Zodia Custody,https://zodiacustody.com,Trusted Vendor,Commercial Vendor,United Kingdom,Partial,2026-03-26,213800HLGCVYVUOZPZ83,ZODIA CUSTODY (SINGAPORE) PTE. LTD.,ACTIVE,https://search.gleif.org/#/record/213800HLGCVYVUOZPZ83,2026-07-11,lei_verified,url_needs_review,url_authoritative,,zodia-custody-ltd,,active,,
VND-112,Ripple Labs Inc.,Metaco / Ripple,https://ripple.com,Trusted Vendor,Commercial Vendor,United States,Partial,2026-03-26,9845001L01C142EE4094,RIPPLE LABS INC.,ACTIVE,https://search.gleif.org/#/record/9845001L01C142EE4094,2026-07-11,lei_verified,url_needs_review,url_authoritative,,ripple-labs-inc,,active,,
VND-113,Ledger SAS,Ledger Enterprise,https://ledger.com,Trusted Vendor,Commercial Vendor,France,Partial,2026-03-26,9695008RVFQOAVZQAP16,LEDGER SAS,ACTIVE,https://search.gleif.org/#/record/9695008RVFQOAVZQAP16,2026-07-11,no_lei,url_needs_review,url_authoritative,,ledger-sas,,active,,
VND-114,1Password Inc.,1Password,https://1password.com,Trusted Vendor,SaaS Platform,Canada,Active,2026-03-26,,,,https://search.gleif.org/#/search/entityName=1Password%20Inc.,2026-07-12,no_lei,url_needs_review,url_authoritative,LEI lookup required: use GLEIF search link in gleif_url,1password-inc,,active,,
VND-115,Bitwarden Inc.,Bitwarden,https://bitwarden.com,Community/Commercial,Hybrid Commercial/Community,United States,Partial,2026-03-26,,,,https://search.gleif.org/#/search/entityName=Bitwarden%20Inc.,2026-07-12,no_lei,url_needs_review,url_authoritative,LEI lookup required: use GLEIF search link in gleif_url,bitwarden-inc,,active,,
VND-116,Signal Foundation,Signal,https://signal.org,Open Source Foundation,Open Source Foundation,United States,Active,2026-03-26,,,,,2026-07-11,lei_not_applicable,url_needs_review,missing,LEI not applicable: open-source project / non-profit,signal,,active,,
VND-117,Telegram FZ-LLC,Telegram,https://telegram.org,Trusted Vendor,Commercial Vendor,United Arab Emirates,,2026-03-26,,,,https://search.gleif.org/#/search/entityName=Telegram%20FZ-LLC,2026-07-12,no_lei,url_needs_review,url_authoritative,LEI lookup required: use GLEIF search link in gleif_url,telegram-fz-llc,,active,,
VND-118,Meta Platforms Inc.,Meta / WhatsApp,https://meta.com,Trusted Vendor,Commercial Vendor,United States,Partial,2026-03-26,BQ4BKCS1HXDV9HN80Z93,"META PLATFORMS, INC.",ACTIVE,https://search.gleif.org/#/record/BQ4BKCS1HXDV9HN80Z93,2026-07-11,lei_verified,url_needs_review,url_authoritative,,meta-platforms-inc,,active,,
VND-119,Mullvad VPN AB,Mullvad VPN,https://mullvad.net,Trusted Vendor,Commercial Vendor,Sweden,Active,2026-03-26,636700KMQ59YDJ6AW887,Mullvad VPN AB,ACTIVE,https://search.gleif.org/#/record/636700KMQ59YDJ6AW887,2026-07-11,lei_verified,url_needs_review,url_authoritative,,mullvad-vpn-ab,,active,,
VND-120,Kape Technologies / ExpressVPN,ExpressVPN,https://expressvpn.com,Trusted Vendor,Commercial Vendor,British Virgin Islands,Partial,2026-03-26,,,,https://search.gleif.org/#/search/entityName=Kape%20Technologies%20/%20ExpressVPN,2026-07-12,no_lei,url_needs_review,url_authoritative,LEI lookup required: use GLEIF search link in gleif_url,kape-technologies-expressvpn,,active,,
VND-121,GitLab Inc.,GitLab,https://gitlab.com,Community/Commercial,Hybrid Commercial/Community,United States,Partial,2026-03-26,9845004Y40FACG81ED49,GITLAB INC.,ACTIVE,https://search.gleif.org/#/record/9845004Y40FACG81ED49,2026-07-11,lei_verified,url_authoritative,url_authoritative,,gitlab-inc,,active,,
VND-122,GitHub Inc. (Microsoft),GitHub,https://github.com,Trusted Vendor,Commercial Vendor,United States,Partial,2026-03-26,5493001KJTIIGC8Y1R12,"GitHub, Inc.",ACTIVE,https://search.gleif.org/#/record/5493001KJTIIGC8Y1R12,2026-07-11,no_lei,url_authoritative,url_authoritative,,github,,active,,
VND-123,Jenkins / CloudBees,Jenkins,https://jenkins.io,Open Source Foundation,Open Source Foundation,International,Partial,2026-03-26,,,,,2026-07-11,lei_not_applicable,url_needs_review,missing,LEI not applicable: open-source project / government agency / non-profit consortium,jenkins-cloudbees,,active,,
VND-124,CircleCI LLC,CircleCI,https://circleci.com,Trusted Vendor,SaaS Platform,United States,Partial,2026-03-26,,,,https://search.gleif.org/#/search/entityName=CircleCI%20LLC,2026-07-12,no_lei,url_needs_review,url_authoritative,LEI lookup required: use GLEIF search link in gleif_url,circleci-llc,,active,,
VND-125,Nvidia Corporation,Nvidia,https://nvidia.com,Trusted Vendor,Commercial Vendor,United States,Active,2026-03-26,549300S4KLFTLO7GSQ80,NVIDIA CORPORATION,ACTIVE,https://search.gleif.org/#/record/549300S4KLFTLO7GSQ80,2026-07-11,lei_verified,url_needs_review,url_authoritative,,nvidia-corporation,,active,,
VND-126,Siemens AG,Siemens,https://siemens.com,Trusted Vendor,Commercial Vendor,Germany,Partial,2026-03-26,391200GVHYOMW4GQ0Y26,Siemens Pensionsfonds AG,ACTIVE,https://search.gleif.org/#/record/391200GVHYOMW4GQ0Y26,2026-07-11,lei_verified,url_needs_review,url_authoritative,,siemens-ag,,active,,
VND-127,Broadcom Inc.,Broadcom,https://broadcom.com,Trusted Vendor,Commercial Vendor,United States,Partial,2026-03-26,549300WV6GIDOZJTV909,BROADCOM INC.,ACTIVE,https://search.gleif.org/#/record/549300WV6GIDOZJTV909,2026-07-11,lei_verified,url_needs_review,url_authoritative,,broadcom-inc,,active,,
VND-128,Dragos Inc.,Dragos,https://dragos.com,Trusted Vendor,Commercial Vendor,United States,,2026-03-26,,,,https://search.gleif.org/#/search/entityName=Dragos%20Inc.,2026-07-12,no_lei,url_needs_review,url_authoritative,LEI lookup required: use GLEIF search link in gleif_url,dragos-inc,,active,,
VND-129,Claroty Ltd.,Claroty,https://claroty.com,Trusted Vendor,Commercial Vendor,Israel,,2026-03-26,,,,https://search.gleif.org/#/search/entityName=Claroty%20Ltd.,2026-07-12,no_lei,url_needs_review,url_authoritative,LEI lookup required: use GLEIF search link in gleif_url,claroty-ltd,,active,,
VND-130,Nozomi Networks Inc.,Nozomi Networks,https://nozomi.com,Trusted Vendor,Commercial Vendor,United States,,2026-03-26,,,,https://search.gleif.org/#/search/entityName=Nozomi%20Networks%20Inc.,2026-07-12,no_lei,url_authoritative,url_authoritative,LEI lookup required: use GLEIF search link in gleif_url,nozomi-networks-inc,,active,,
VND-131,VIAVI Solutions Inc.,VIAVI Solutions,https://viavisolutions.com,Trusted Vendor,Commercial Vendor,United States,,2026-03-26,5493006K3E3N1QOBF092,VIAVI SOLUTIONS INC.,ACTIVE,https://search.gleif.org/#/record/5493006K3E3N1QOBF092,2026-07-11,lei_verified,url_needs_review,url_authoritative,,viavi-solutions-inc,,active,,
VND-132,Keysight Technologies Inc.,Keysight,https://keysight.com,Trusted Vendor,Commercial Vendor,United States,Partial,2026-03-26,549300GLKVIO8YRCYN02,"KEYSIGHT TECHNOLOGIES, INC.",ACTIVE,https://search.gleif.org/#/record/549300GLKVIO8YRCYN02,2026-07-11,lei_verified,url_needs_review,url_authoritative,,keysight-technologies-inc,,active,,
VND-133,Mavenir Systems Inc.,Mavenir,https://mavenir.com,Trusted Vendor,Commercial Vendor,United States,Partial,2026-03-26,,,,https://search.gleif.org/#/search/entityName=Mavenir%20Systems%20Inc.,2026-07-12,no_lei,url_needs_review,url_authoritative,LEI lookup required: use GLEIF search link in gleif_url,mavenir-systems-inc,,active,,
VND-134,Rakuten Symphony Inc.,Rakuten Symphony,https://symphony.rakuten.com,Trusted Vendor,Commercial Vendor,Japan,Partial,2026-03-26,35380097GN15K7MH4A20,"Rakuten Symphony, Inc.",ACTIVE,https://search.gleif.org/#/record/35380097GN15K7MH4A20,2026-07-11,no_lei,url_needs_review,url_authoritative,,rakuten-symphony-inc,,active,,
VND-135,Hitachi Ltd.,Hitachi,https://www.hitachi.com/,Trusted Vendor,Commercial Vendor,Japan,Partial,2026-03-26,,,,,2026-07-11,no_lei,url_authoritative,url_authoritative,,hitachi-ltd,,active,,
VND-136,Descope Inc.,Descope,https://descope.com,Trusted Vendor,Commercial Vendor,United States,Partial,2026-03-26,,,,https://search.gleif.org/#/search/entityName=Descope%20Inc.,2026-07-12,no_lei,url_needs_review,url_authoritative,LEI lookup required: use GLEIF search link in gleif_url,descope-inc,,active,,
VND-137,FusionAuth Inc.,FusionAuth,https://fusionauth.io,Trusted Vendor,Commercial Vendor,United States,,2026-03-26,,,,https://search.gleif.org/#/search/entityName=FusionAuth%20Inc.,2026-07-12,no_lei,url_needs_review,url_authoritative,LEI lookup required: use GLEIF search link in gleif_url,fusionauth-inc,,active,,
VND-138,Stytch Inc.,Stytch,https://stytch.com,Trusted Vendor,Commercial Vendor,United States,,2026-03-26,254900AQYS03VQOJGM87,"Stytch, Inc.",ACTIVE,https://search.gleif.org/#/record/254900AQYS03VQOJGM87,2026-07-11,lei_verified,url_needs_review,url_authoritative,,stytch-inc,,active,,
VND-139,Qrypt Inc.,Qrypt,https://qrypt.com,Trusted Vendor,Commercial Vendor,United States,Active,2026-03-26,,,,https://search.gleif.org/#/search/entityName=Qrypt%20Inc.,2026-07-12,no_lei,url_needs_review,url_authoritative,LEI lookup required: use GLEIF search link in gleif_url,qrypt,,active,,
VND-140,Forward Edge-AI Inc.,Forward Edge-AI,https://forwardedge-ai.com,Trusted Vendor,Commercial Vendor,United States,Active,2026-03-26,,,,https://search.gleif.org/#/search/entityName=Forward%20Edge-AI%20Inc.,2026-07-12,no_lei,url_needs_review,url_authoritative,LEI lookup required: use GLEIF search link in gleif_url,forward-edge-ai-inc,,active,,
VND-141,PQC-LEO Authors,PQC-LEO,https://github.com/crt26/PQC-LEO,Research Project,Research Project,International,Active,2026-03-26,,,,,2026-07-11,lei_not_applicable,url_authoritative,missing,"LEI not applicable: open-source project / government agency / non-profit consortium | website corrected 2026-08-09: github.com/PQC-LEO has no owner segment, so GitHub answers 'Page not found'. PQC-LEO is a real project — a PQC benchmarking framework over OpenSSL and liboqs — hosted at github.com/crt26/PQC-LEO.",github,,active,,
VND-142,Cranium Inc.,Cranium AI,https://cranium.ai,Trusted Vendor,Commercial Vendor,United States,,2026-03-26,,,,https://search.gleif.org/#/search/entityName=Cranium%20Inc.,2026-07-12,no_lei,url_needs_review,url_authoritative,LEI lookup required: use GLEIF search link in gleif_url,cranium-inc,,active,,
VND-143,HiddenLayer Inc.,HiddenLayer,https://hiddenlayer.ai,Trusted Vendor,Commercial Vendor,United States,,2026-03-26,,,,https://search.gleif.org/#/search/entityName=HiddenLayer%20Inc.,2026-07-12,no_lei,url_needs_review,url_authoritative,LEI lookup required: use GLEIF search link in gleif_url,hiddenlayer-inc,,active,,
VND-144,Lakera AG,Lakera,https://lakera.ai,Trusted Vendor,Commercial Vendor,Switzerland,,2026-03-26,,,,https://search.gleif.org/#/search/entityName=Lakera%20AG,2026-07-12,no_lei,url_needs_review,url_authoritative,LEI lookup required: use GLEIF search link in gleif_url,lakera-ag,,active,,
VND-145,Protect AI Inc.,Protect AI,https://protectai.com,Trusted Vendor,Commercial Vendor,United States,,2026-03-26,,,,https://search.gleif.org/#/search/entityName=Protect%20AI%20Inc.,2026-07-12,no_lei,url_needs_review,url_authoritative,LEI lookup required: use GLEIF search link in gleif_url,protect-ai-inc,,active,,
VND-146,Robust Intelligence Inc.,Robust Intelligence,https://robustintelligence.com,Trusted Vendor,Commercial Vendor,United States,,2026-03-26,,,,https://search.gleif.org/#/search/entityName=Robust%20Intelligence%20Inc.,2026-07-12,no_lei,url_authoritative,url_authoritative,LEI lookup required: use GLEIF search link in gleif_url,robust-intelligence-inc,,active,,
VND-147,Galileo Technologies Inc.,Galileo,https://rungalileo.io,Trusted Vendor,Commercial Vendor,United States,,2026-03-26,254900M0NSSA3K4GQJ26,"GALILEO TECHNOLOGIES, INC.",ACTIVE,https://search.gleif.org/#/record/254900M0NSSA3K4GQJ26,2026-07-11,lei_verified,url_needs_review,url_authoritative,,galileo-technologies-inc,,active,,
VND-148,Advanced Micro Devices Inc.,AMD,https://amd.com,Trusted Vendor,Commercial Vendor,United States,Active,2026-03-26,R2I72C950HOYXII45366,"ADVANCED MICRO DEVICES, INC.",ACTIVE,https://search.gleif.org/#/record/R2I72C950HOYXII45366,2026-07-11,lei_verified,url_needs_review,url_authoritative,,advanced-micro-devices-inc,,active,,
VND-149,ARM Holdings plc,ARM,https://arm.com,Trusted Vendor,Commercial Vendor,United Kingdom,Active,2026-03-26,2138001E66EELTE7Y904,ARM HOLDINGS PLC,ACTIVE,https://search.gleif.org/#/record/2138001E66EELTE7Y904,2026-07-11,lei_verified,url_needs_review,url_authoritative,,arm-holdings-plc,,active,,
VND-150,Qualcomm Incorporated,Qualcomm,https://qualcomm.com,Trusted Vendor,Commercial Vendor,United States,Active,2026-03-26,H1J8DDZKZP6H7RWC0H53,QUALCOMM INCORPORATED,ACTIVE,https://search.gleif.org/#/record/H1J8DDZKZP6H7RWC0H53,2026-07-11,lei_verified,url_needs_review,url_authoritative,,qualcomm-incorporated,,active,,
VND-151,Microchip Technology Inc.,Microchip,https://microchip.com,Trusted Vendor,Commercial Vendor,United States,Active,2026-03-26,,,,https://search.gleif.org/#/search/entityName=Microchip%20Technology%20Inc.,2026-07-12,no_lei,url_needs_review,url_authoritative,LEI lookup required: use GLEIF search link in gleif_url,microchip-technology-inc,,active,,
VND-152,Adtran Networks SE (formerly ADVA),Adtran Networks,https://adtran.com,Trusted Vendor,Commercial Vendor,Germany,Partial,2026-03-26,529900G3SW56SHYNPR83,ADTRAN Networks SE,ACTIVE,https://search.gleif.org/#/record/529900G3SW56SHYNPR83,2026-07-11,no_lei,url_needs_review,url_authoritative,,adva,,active,,
VND-153,Ciena Corporation,Ciena,https://ciena.com,Trusted Vendor,Commercial Vendor,United States,Partial,2026-03-26,W0CZ7N0GH8UIGXDM1H41,CIENA CORPORATION,ACTIVE,https://search.gleif.org/#/record/W0CZ7N0GH8UIGXDM1H41,2026-07-11,lei_verified,url_needs_review,url_authoritative,,ciena,,active,,
VND-154,Ericsson AB,Ericsson,https://ericsson.com,Trusted Vendor,Commercial Vendor,Sweden,Active,2026-03-26,636700R18UA80HNGC224,Ståhle & Ericsson AB,ACTIVE,https://search.gleif.org/#/record/636700R18UA80HNGC224,2026-07-11,no_lei,url_needs_review,url_authoritative,,ericsson,,active,,
VND-155,Nokia Corporation,Nokia,https://nokia.com,Trusted Vendor,Commercial Vendor,Finland,Active,2026-03-26,5299004VJSYL2HM0ZC90,Nokia Corporation,ACTIVE,https://search.gleif.org/#/record/5299004VJSYL2HM0ZC90,2026-07-11,no_lei,url_needs_review,url_authoritative,,nokia,,active,,
VND-156,Quantum Bridge Technologies Inc.,Quantum Bridge,https://quantumbridge.com,Trusted Vendor,Commercial Vendor,Canada,Active,2026-03-26,,,,https://search.gleif.org/#/search/entityName=Quantum%20Bridge%20Technologies%20Inc.,2026-07-12,no_lei,url_authoritative,url_authoritative,LEI lookup required: use GLEIF search link in gleif_url,quantum-bridge-technologies-inc,,active,,
VND-157,ID Quantique SA,ID Quantique,https://idquantique.com,Trusted Vendor,Commercial Vendor,Switzerland,Active,2026-03-26,5493001PZGVZJKF4EF62,ID Quantique SA,ACTIVE,https://search.gleif.org/#/record/5493001PZGVZJKF4EF62,2026-07-11,no_lei,url_needs_review,url_authoritative,,id-quantique-sa,,active,,
VND-158,Toshiba Corporation,Toshiba,https://toshiba.com,Trusted Vendor,Commercial Vendor,Japan,Active,2026-03-26,,,,,2026-07-11,no_lei,url_needs_review,url_authoritative,,toshiba-corporation,,active,,
VND-159,Giesecke+Devrient GmbH,G+D,https://gi-de.com,Trusted Vendor,Commercial Vendor,Germany,Active,2026-03-26,529900YGGJOGXCNDQC85,Giesecke+Devrient Currency Technology GmbH,ACTIVE,https://search.gleif.org/#/record/529900YGGJOGXCNDQC85,2026-07-11,lei_verified,url_needs_review,url_authoritative,,giesecke-devrient-gmbh,,active,,
VND-160,BeyondTrust Corporation,BeyondTrust,https://beyondtrust.com,Trusted Vendor,Commercial Vendor,United States,,2026-03-26,549300IBDF2N3BKYPO26,BEYONDTRUST CORPORATION,ACTIVE,https://search.gleif.org/#/record/549300IBDF2N3BKYPO26,2026-07-12,lei_verified,url_needs_review,url_authoritative,LEI lookup required: use GLEIF search link in gleif_url,beyondtrust-corporation,,active,,
VND-161,CrowdStrike Holdings Inc.,CrowdStrike,https://crowdstrike.com,Trusted Vendor,Commercial Vendor,United States,,2026-03-26,549300YBY08K9KM4HX32,"CROWDSTRIKE HOLDINGS, INC.",ACTIVE,https://search.gleif.org/#/record/549300YBY08K9KM4HX32,2026-07-11,lei_verified,url_needs_review,url_authoritative,,crowdstrike-holdings-inc,,active,,
VND-162,CyberArk Software Ltd.,CyberArk,https://cyberark.com,Trusted Vendor,Commercial Vendor,Israel,,2026-03-26,529900YEXNDM894PWS93,CyberArk Software Ltd.,ACTIVE,https://search.gleif.org/#/record/529900YEXNDM894PWS93,2026-07-11,lei_verified,url_needs_review,url_authoritative,,cyberark-software-ltd,,active,,
VND-164,Qualys Inc.,Qualys,https://qualys.com,Trusted Vendor,Commercial Vendor,United States,,2026-03-26,549300EMBXYOW9W1XA17,"QUALYS, INC.",ACTIVE,https://search.gleif.org/#/record/549300EMBXYOW9W1XA17,2026-07-11,lei_verified,url_needs_review,url_authoritative,,qualys-inc,,active,,
VND-165,Rapid7 Inc.,Rapid7,https://rapid7.com,Trusted Vendor,Commercial Vendor,United States,,2026-03-26,549300GNVG5D60KEYN14,"RAPID7, INC.",ACTIVE,https://search.gleif.org/#/record/549300GNVG5D60KEYN14,2026-07-11,lei_verified,url_needs_review,url_authoritative,,rapid7-inc,,active,,
VND-166,Adobe Inc.,Adobe,https://adobe.com,Trusted Vendor,Commercial Vendor,United States,,2026-03-26,FU4LY2G4933NH2E1CP29,ADOBE INC.,ACTIVE,https://search.gleif.org/#/record/FU4LY2G4933NH2E1CP29,2026-07-11,lei_verified,url_authoritative,url_authoritative,,adobe-inc,,active,,
VND-167,AppViewX Inc.,AppViewX,https://appviewx.com,Trusted Vendor,Commercial Vendor,United States,,2026-03-26,984500495DBD8DNF1D68,"APPVIEWX, INC.",ACTIVE,https://search.gleif.org/#/record/984500495DBD8DNF1D68,2026-07-11,lei_verified,url_needs_review,url_authoritative,,appviewx-inc,,active,,
VND-168,Arqit Quantum Inc.,Arqit,https://arqitgroup.com,Trusted Vendor,Commercial Vendor,United Kingdom,Active,2026-07-14,254900G93Z1SN49J9J68,ARQIT QUANTUM INC.,ACTIVE,https://search.gleif.org/#/record/254900G93Z1SN49J9J68,2026-07-11,lei_verified,url_authoritative,url_authoritative, Website updated 2026-07-14: arqit.uk now 301-redirects to arqitgroup.com (verified live).,arqit-quantum-inc,,active,,
VND-169,Cryptomathic A/S,Cryptomathic,https://cryptomathic.com,Trusted Vendor,Commercial Vendor,Denmark,Active,2026-03-26,254900D56CUAAGTKZ214,CRYPTOMATHIC A/S,ACTIVE,https://search.gleif.org/#/record/254900D56CUAAGTKZ214,2026-07-11,lei_verified,url_needs_review,url_authoritative,,cryptomathic-a-s,,active,,
VND-170,Delinea Inc.,Delinea,https://delinea.com,Trusted Vendor,Commercial Vendor,United States,,2026-03-26,98450012C62DD794AE31,DELINEA INC.,ACTIVE,https://search.gleif.org/#/record/98450012C62DD794AE31,2026-07-11,lei_verified,url_needs_review,url_authoritative,,delinea-inc,,active,,
VND-171,DocuSign Inc.,DocuSign,https://docusign.com,Trusted Vendor,SaaS Platform,United States,,2026-03-26,549300Q7PVDWRZ39JG09,"DOCUSIGN, INC.",ACTIVE,https://search.gleif.org/#/record/549300Q7PVDWRZ39JG09,2026-07-11,lei_verified,url_needs_review,url_authoritative,,docusign-inc,,active,,
VND-172,Elastic NV,Elastic,https://elastic.co,Trusted Vendor,Commercial Vendor,Netherlands,,2026-03-26,724500FLZQKJDNN9TD20,ELASTIC N.V.,ACTIVE,https://search.gleif.org/#/record/724500FLZQKJDNN9TD20,2026-07-11,no_lei,url_needs_review,url_authoritative,,elastic-nv,,active,,
VND-173,GlobalSign Ltd.,GlobalSign,https://globalsign.com,Trusted Vendor,Commercial Vendor,United Kingdom,Active,2026-03-26,2138008ZOJATNYEVZG72,GlobalSign nv-sa,ACTIVE,https://search.gleif.org/#/record/2138008ZOJATNYEVZG72,2026-07-11,no_lei,url_needs_review,url_authoritative,,globalsign-ltd,,active,,
VND-174,JFrog Ltd.,JFrog,https://jfrog.com,Trusted Vendor,Commercial Vendor,United States,,2026-03-26,529900WM3BVFLNOPUY96,JFrog Ltd.,ACTIVE,https://search.gleif.org/#/record/529900WM3BVFLNOPUY96,2026-07-11,no_lei,url_needs_review,url_authoritative,,jfrog-ltd,,active,,
VND-175,JumpCloud Inc.,JumpCloud,https://jumpcloud.com,Trusted Vendor,Commercial Vendor,United States,,2026-03-26,254900Q8Q2TLW37CO742,JUMPCLOUD INC.,ACTIVE,https://search.gleif.org/#/record/254900Q8Q2TLW37CO742,2026-07-11,lei_verified,url_needs_review,url_authoritative,,jumpcloud-inc,,active,,
VND-176,Kong Inc.,Kong,https://konghq.com,Trusted Vendor,Commercial Vendor,United States,,2026-03-26,64881AE38K9K51S6YN72,Kong Inc.,ACTIVE,https://search.gleif.org/#/record/64881AE38K9K51S6YN72,2026-07-11,lei_verified,url_needs_review,url_authoritative,,kong-inc,,active,,
VND-177,NEC Corporation,NEC,https://nec.com,Trusted Vendor,Commercial Vendor,Japan,Partial,2026-03-26,,,,,2026-07-11,no_lei,url_needs_review,url_authoritative,,nec-corporation,,active,,
VND-178,Ping Identity Holdings Corp.,Ping Identity,https://pingidentity.com,Trusted Vendor,Commercial Vendor,United States,,2026-03-26,549300PXUGBQMPHRB789,Ping Identity Holding Corp.,ACTIVE,https://search.gleif.org/#/record/549300PXUGBQMPHRB789,2026-07-11,no_lei,url_needs_review,url_authoritative,,ping-identity-holdings-corp,,active,,
VND-179,Quantinuum Ltd.,Quantinuum,https://quantinuum.com,Trusted Vendor,Commercial Vendor,United Kingdom,Active,2026-03-26,21380068R1FSHNXO5N75,Quantinuum Ltd,ACTIVE,https://search.gleif.org/#/record/21380068R1FSHNXO5N75,2026-07-11,no_lei,url_needs_review,url_authoritative,,quantinuum,,active,,
VND-180,QuintessenceLabs Pty Ltd.,QuintessenceLabs,https://quintessencelabs.com,Trusted Vendor,Commercial Vendor,Australia,Active,2026-03-26,549300FB7GHEXGCNF327,QuintessenceLabs Pty Ltd,ACTIVE,https://search.gleif.org/#/record/549300FB7GHEXGCNF327,2026-07-11,no_lei,url_needs_review,url_authoritative,,quintessencelabs-pty-ltd,,active,,
VND-181,Sectigo Ltd.,Sectigo,https://sectigo.com,Trusted Vendor,Commercial Vendor,United States,Active,2026-03-26,213800JTMVKZ6JH9I480,Sectigo Limited,ACTIVE,https://search.gleif.org/#/record/213800JTMVKZ6JH9I480,2026-07-11,no_lei,url_needs_review,url_authoritative,,sectigo,,active,,
VND-182,Sonatype Inc.,Sonatype,https://sonatype.com,Trusted Vendor,Commercial Vendor,United States,,2026-03-26,254900YU718YCXYG7I77,"SONATYPE, INC.",ACTIVE,https://search.gleif.org/#/record/254900YU718YCXYG7I77,2026-07-11,lei_verified,url_needs_review,url_authoritative,,sonatype-inc,,active,,
VND-183,Splunk Inc. (Cisco),Splunk,https://splunk.com,Trusted Vendor,Commercial Vendor,United States,,2026-03-26,549300J4DRSUAOC5II71,SPLUNK INC.,ACTIVE,https://search.gleif.org/#/record/549300J4DRSUAOC5II71,2026-07-11,no_lei,url_needs_review,url_authoritative,,splunk-inc-cisco,,active,,
VND-184,Gravitational Inc.,Teleport,https://goteleport.com,Trusted Vendor,Commercial Vendor,United States,,2026-03-26,2549001ZJPSS2TVAJV86,"Gravitational, Inc.",ACTIVE,https://search.gleif.org/#/record/2549001ZJPSS2TVAJV86,2026-07-11,lei_verified,url_needs_review,url_authoritative,,gravitational-inc,,active,,
VND-185,Tenable Inc.,Tenable,https://tenable.com,Trusted Vendor,Commercial Vendor,United States,,2026-03-26,5493004S5OMPESF0EF83,"TENABLE HOLDINGS, INC.",ACTIVE,https://search.gleif.org/#/record/5493004S5OMPESF0EF83,2026-07-11,lei_verified,url_needs_review,url_authoritative,,tenable-inc,,active,,
VND-186,Traefik Labs,Traefik,https://traefik.io,Trusted Vendor,Hybrid Commercial/Community,France,,2026-03-26,,,,https://search.gleif.org/#/search/entityName=Traefik%20Labs,2026-07-12,no_lei,url_needs_review,url_authoritative,LEI lookup required: use GLEIF search link in gleif_url,traefik-labs,,active,,
VND-187,Tuta GmbH,Tuta,https://tuta.com,Trusted Vendor,Commercial Vendor,Germany,Active,2026-03-26,,,,https://search.gleif.org/#/search/entityName=Tuta%20GmbH,2026-07-12,no_lei,url_needs_review,url_authoritative,LEI lookup required: use GLEIF search link in gleif_url,tuta-gmbh,,active,,
VND-188,Virtru Corporation,Virtru,https://virtru.com,Trusted Vendor,Commercial Vendor,United States,Partial,2026-03-26,,,,https://search.gleif.org/#/search/entityName=Virtru%20Corporation,2026-07-12,no_lei,url_needs_review,url_authoritative,LEI lookup required: use GLEIF search link in gleif_url,virtru-corporation,,active,,
VND-189,Wire Swiss GmbH,Wire,https://wire.com,Trusted Vendor,Commercial Vendor,Switzerland,Partial,2026-03-26,5299009GLMJXTGQK5061,Wire Swiss GmbH,ACTIVE,https://search.gleif.org/#/record/5299009GLMJXTGQK5061,2026-07-11,lei_verified,url_needs_review,url_authoritative,,wire-swiss-gmbh,,active,,
VND-190,Zscaler Inc.,Zscaler,https://zscaler.com,Trusted Vendor,Commercial Vendor,United States,,2026-03-26,529900MZ0RTK1BWRNF46,"ZSCALER, INC.",ACTIVE,https://search.gleif.org/#/record/529900MZ0RTK1BWRNF46,2026-07-11,lei_verified,url_needs_review,url_authoritative,,zscaler,,active,,
VND-191,AnyDesk Software GmbH,AnyDesk,https://anydesk.com,Trusted Vendor,Commercial Vendor,Germany,,2026-03-26,,,,https://search.gleif.org/#/search/entityName=AnyDesk%20Software%20GmbH,2026-07-12,no_lei,url_needs_review,url_authoritative,LEI lookup required: use GLEIF search link in gleif_url,anydesk-software-gmbh,,active,,
VND-192,Garantir Inc.,Garantir,https://garantir.io,Trusted Vendor,Commercial Vendor,United States,Active,2026-03-26,,,,https://search.gleif.org/#/search/entityName=Garantir%20Inc.,2026-07-12,no_lei,url_needs_review,url_authoritative,LEI lookup required: use GLEIF search link in gleif_url,garantir-inc,,active,,
VND-193,MikroTik SIA,MikroTik,https://mikrotik.com,Trusted Vendor,Commercial Vendor,Latvia,,2026-03-26,,,,https://search.gleif.org/#/search/entityName=MikroTik%20SIA,2026-07-12,no_lei,url_needs_review,url_authoritative,LEI lookup required: use GLEIF search link in gleif_url,mikrotik-sia,,active,,
VND-194,Deciso BV,Deciso / OPNsense,https://deciso.com,Trusted Vendor,Hybrid Commercial/Community,Netherlands,,2026-03-26,,,,https://search.gleif.org/#/search/entityName=Deciso%20BV,2026-07-12,no_lei,url_needs_review,url_authoritative,LEI lookup required: use GLEIF search link in gleif_url,deciso-bv,,active,,
VND-195,Netgate Inc.,Netgate / pfSense,https://netgate.com,Trusted Vendor,Hybrid Commercial/Community,United States,,2026-03-26,,,,https://search.gleif.org/#/search/entityName=Netgate%20Inc.,2026-07-12,no_lei,url_needs_review,url_authoritative,LEI lookup required: use GLEIF search link in gleif_url,netgate-inc,,active,,
VND-196,GnuPG Project,GnuPG,https://gnupg.org,Open Source Community,Open Source Community,Germany,Partial,2026-03-26,,,,,2026-07-11,lei_not_applicable,url_needs_review,missing,LEI not applicable: open-source project / government agency / non-profit consortium,gnupg-project,,active,,
VND-197,HAProxy Technologies,HAProxy,https://haproxy.org,Open Source Community,Open Source Community,International,,2026-03-26,,,,https://search.gleif.org/#/search/entityName=HAProxy%20Technologies,2026-07-12,lei_not_applicable,url_needs_review,url_authoritative,LEI lookup required: use GLEIF search link in gleif_url,haproxy-technologies,,active,,
VND-198,Linux Foundation,Linux Foundation,https://linuxfoundation.org,Open Source Foundation,Open Source Foundation,International,Partial,2026-03-26,,,,,2026-07-11,lei_not_applicable,url_needs_review,missing,LEI not applicable: open-source project / government agency / non-profit consortium,lf-qsc,,active,,
VND-199,OpenJS Foundation,OpenJS / Node.js,https://openjsf.org,Open Source Foundation,Open Source Foundation,International,,2026-03-26,,,,,2026-07-11,lei_not_applicable,url_needs_review,missing,LEI not applicable: open-source project / government agency / non-profit consortium,openjs-foundation,,active,,
VND-200,OpenWrt Project,OpenWrt,https://openwrt.org,Open Source Community,Open Source Community,International,,2026-03-26,,,,,2026-07-11,lei_not_applicable,url_needs_review,missing,LEI not applicable: open-source project / government agency / non-profit consortium,openwrt-project,,active,,
VND-201,FreeBSD Foundation,FreeBSD,https://freebsdfoundation.org,Open Source Foundation,Open Source Foundation,International,,2026-03-26,,,,,2026-07-11,lei_not_applicable,url_needs_review,missing,LEI not applicable: open-source project / government agency / non-profit consortium,freebsd-foundation,,active,,
VND-202,Debian Project,Debian,https://debian.org,Open Source Community,Open Source Community,International,,2026-03-26,,,,,2026-07-11,lei_not_applicable,url_needs_review,missing,LEI not applicable: open-source project / government agency / non-profit consortium,debian-project,,active,,
VND-203,Zeek Project,Zeek,https://zeek.org,Open Source Community,Open Source Community,International,,2026-03-26,,,,,2026-07-11,lei_not_applicable,url_needs_review,missing,LEI not applicable: open-source project / government agency / non-profit consortium,zeek-project,,active,,
VND-204,Open Information Security Foundation,OISF / Suricata,https://oisf.net,Open Source Foundation,Open Source Foundation,International,,2026-03-26,,,,,2026-07-11,lei_not_applicable,url_needs_review,missing,LEI not applicable: open-source project / non-profit,open-information-security-foundation,,active,,
VND-205,Libreswan Project,Libreswan,https://libreswan.org,Open Source Community,Open Source Community,International,Active,2026-03-26,,,,,2026-07-11,lei_not_applicable,url_needs_review,missing,LEI not applicable: open-source project / government agency / non-profit consortium,libreswan-project,,active,,
VND-206,VeraCrypt Project,VeraCrypt,https://veracrypt.fr,Open Source Community,Open Source Community,International,,2026-03-26,,,,,2026-07-11,lei_not_applicable,url_needs_review,missing,LEI not applicable: open-source project / government agency / non-profit consortium,veracrypt-project,,active,,
VND-207,TianoCore Community,TianoCore,https://www.tianocore.org/,Open Source Community,Open Source Community,International,,2026-03-26,,,,,2026-07-11,lei_not_applicable,url_authoritative,missing,LEI not applicable: open-source project / government agency / non-profit consortium,tianocore-community,,active,,
VND-208,p11-glue Project,p11-glue / SoftHSM2,https://p11-glue.github.io,Open Source Community,Open Source Community,International,,2026-03-26,,,,,2026-07-11,lei_not_applicable,url_authoritative,missing,LEI not applicable: open-source project / government agency / non-profit consortium,p11-glue-project,,active,,
VND-209,Alpine Linux Project,Alpine Linux,https://alpinelinux.org,Open Source Community,Open Source Community,International,,2026-03-26,,,,,2026-07-11,lei_not_applicable,url_needs_review,missing,LEI not applicable: open-source project / government agency / non-profit consortium,alpine-linux-project,,active,,
VND-210,Rocky Linux Foundation,Rocky Linux,https://rockylinux.org,Open Source Foundation,Open Source Foundation,International,,2026-03-26,,,,,2026-07-11,lei_not_applicable,url_needs_review,missing,LEI not applicable: open-source project / government agency / non-profit consortium,rocky-linux-foundation,,active,,
VND-211,NixOS Foundation,NixOS,https://nixos.org,Open Source Foundation,Open Source Foundation,International,,2026-03-26,,,,,2026-07-11,lei_not_applicable,url_needs_review,missing,LEI not applicable: open-source project / government agency / non-profit consortium,nixos-foundation,,active,,
VND-212,Arch Linux Project,Arch Linux,https://archlinux.org,Open Source Community,Open Source Community,International,,2026-03-26,,,,,2026-07-11,lei_not_applicable,url_needs_review,missing,LEI not applicable: open-source project / government agency / non-profit consortium,arch-linux-project,,active,,
VND-213,coreboot Project,coreboot,https://coreboot.org,Open Source Community,Open Source Community,International,,2026-03-26,,,,,2026-07-11,lei_not_applicable,url_needs_review,missing,LEI not applicable: open-source project / government agency / non-profit consortium,coreboot-project,,active,,
VND-214,Animo Solutions BV,Animo / Paradym,https://animo.id,Trusted Vendor,Commercial Vendor,Netherlands,,2026-03-26,,,,https://search.gleif.org/#/search/entityName=Animo%20Solutions%20BV,2026-07-12,no_lei,url_needs_review,url_authoritative,LEI lookup required: use GLEIF search link in gleif_url,animo-solutions-bv,,active,,
VND-215,Procivis AG,Procivis,https://procivis.ch,Trusted Vendor,Commercial Vendor,Switzerland,,2026-03-26,,,,https://search.gleif.org/#/search/entityName=Procivis%20AG,2026-07-12,no_lei,url_needs_review,url_authoritative,LEI lookup required: use GLEIF search link in gleif_url,procivis-ag,,active,,
VND-216,Sphereon BV,Sphereon,https://sphereon.com,Trusted Vendor,Commercial Vendor,Netherlands,,2026-03-26,,,,https://search.gleif.org/#/search/entityName=Sphereon%20BV,2026-07-12,no_lei,url_needs_review,url_authoritative,LEI lookup required: use GLEIF search link in gleif_url,sphereon-bv,,active,,
VND-217,Spruce Systems Inc.,SpruceID,https://spruceid.com,Trusted Vendor,Commercial Vendor,United States,,2026-03-26,2549003085N0NADX0X11,"SPRUCE SYSTEMS, INC.",ACTIVE,https://search.gleif.org/#/record/2549003085N0NADX0X11,2026-07-11,lei_verified,url_needs_review,url_authoritative,,spruce-systems-inc,,active,,
VND-218,walt.id GmbH,walt.id,https://walt.id,Trusted Vendor,Commercial Vendor,Austria,,2026-03-26,,,,https://search.gleif.org/#/search/entityName=walt.id%20GmbH,2026-07-12,no_lei,url_needs_review,url_authoritative,LEI lookup required: use GLEIF search link in gleif_url,waltid-gmbh,,active,,
VND-219,CREDEBL Community,CREDEBL,https://credebl.id,Open Source Community,Open Source Community,International,,2026-03-26,,,,,2026-07-11,lei_not_applicable,url_needs_review,missing,LEI not applicable: open-source project / government agency / non-profit consortium,credebl-community,,active,,
VND-220,European Commission,European Commission,https://digital-strategy.ec.europa.eu,Government / Standards Body,Government / Standards Body,European Union,Active,2026-03-26,,,,,2026-07-11,lei_not_applicable,url_needs_review,missing,LEI not applicable: open-source project / government agency / non-profit consortium,ec,,active,,
VND-221,CockroachDB Inc.,CockroachDB,https://cockroachlabs.com,Trusted Vendor,Commercial Vendor,United States,,2026-03-26,,,,https://search.gleif.org/#/search/entityName=CockroachDB%20Inc.,2026-07-12,no_lei,url_needs_review,url_authoritative,LEI lookup required: use GLEIF search link in gleif_url,cockroachdb-inc,,active,,
VND-222,MongoDB Inc.,MongoDB,https://mongodb.com,Trusted Vendor,Commercial Vendor,United States,,2026-03-26,549300TPTG69WKWE1Z37,"MONGODB, INC.",ACTIVE,https://search.gleif.org/#/record/549300TPTG69WKWE1Z37,2026-07-11,lei_verified,url_needs_review,url_authoritative,,mongodb-inc,,active,,
VND-223,UEFI Forum,UEFI Forum,https://uefi.org,Government / Standards Body,Government / Standards Body,International,,2026-03-26,,,,,2026-07-11,lei_not_applicable,url_needs_review,missing,LEI not applicable: open-source project / government agency / non-profit consortium,uefi-forum,,active,,
VND-224,Smallstep Labs Inc.,Smallstep,https://smallstep.com,Trusted Vendor,Commercial Vendor,United States,Active,2026-03-26,636700IJQG1DLEXZK504,"SMALLSTEP LABS, INC.",ACTIVE,https://search.gleif.org/#/record/636700IJQG1DLEXZK504,2026-07-11,lei_verified,url_needs_review,url_authoritative,,smallstep-labs-inc,,active,,
VND-225,Proton AG,Proton,https://proton.me,Trusted Vendor,Commercial Vendor,Switzerland,Active,2026-03-26,506700YLQ614KA7PB723,Proton AG,ACTIVE,https://search.gleif.org/#/record/506700YLQ614KA7PB723,2026-07-11,lei_verified,url_needs_review,url_authoritative,,proton-ag,,active,,
VND-226,Element HQ Ltd.,Element,https://element.io,Trusted Vendor,Hybrid Commercial/Community,United Kingdom,Partial,2026-03-26,,,,https://search.gleif.org/#/search/entityName=Element%20HQ%20Ltd.,2026-07-12,no_lei,url_needs_review,url_authoritative,LEI lookup required: use GLEIF search link in gleif_url,element-hq-ltd,,active,,
VND-227,SUSE LLC (openSUSE),openSUSE,https://opensuse.org,Open Source Community,Hybrid Commercial/Community,Germany,Active,2026-03-26,5493000IBP32UQI0XN17,SUSE LLC,ACTIVE,https://search.gleif.org/#/record/5493000IBP32UQI0XN17,2026-07-11,no_lei,url_needs_review,url_authoritative,,suse-llc-opensuse,,active,,
VND-228,Simon Tatham / PuTTY Project,PuTTY,https://putty.org,Open Source Community,Open Source Community,United Kingdom,,2026-03-26,,,,,2026-07-11,lei_not_applicable,url_needs_review,missing,LEI not applicable: open-source project / government agency / non-profit consortium,simon-tatham-putty-project,,active,,
VND-229,CyberZero,CyberZero,https://cyberzero.io,Vendor,Commercial Vendor,Canada,Active,2026-04-01,,,,https://search.gleif.org/#/search/entityName=CyberZero,2026-07-12,no_lei,url_needs_review,url_authoritative,LEI lookup required: use GLEIF search link in gleif_url,cyberzero,,active,,
VND-230,Confluent Inc.,Confluent,https://www.confluent.io,Trusted Vendor,Commercial Vendor,United States,Partial,2026-03-31,254900MRZ83YWUV7SN74,"Confluent, Inc.",ACTIVE,https://search.gleif.org/#/record/254900MRZ83YWUV7SN74,2026-07-11,lei_verified,url_needs_review,url_authoritative,,confluent-inc,,active,,
VND-231,Wiz Inc.,Wiz,https://www.wiz.io,Trusted Vendor,Commercial Vendor,United States,Partial,2026-03-31,6488C2T08TXT755U3P86,"WIZ, INC.",ACTIVE,https://search.gleif.org/#/record/6488C2T08TXT755U3P86,2026-07-12,lei_verified,url_needs_review,url_authoritative,LEI lookup required: use GLEIF search link in gleif_url,wiz-inc,,active,,
VND-232,Veritas Technologies LLC,Veritas,https://www.veritas.com,Trusted Vendor,Commercial Vendor,United States,Partial,2026-03-31,549300CLY1573F25E252,VERITAS TECHNOLOGIES LLC,ACTIVE,https://search.gleif.org/#/record/549300CLY1573F25E252,2026-07-12,lei_verified,url_needs_review,url_authoritative,LEI lookup required: use GLEIF search link in gleif_url,veritas-technologies-llc,,active,,
VND-233,Huawei Technologies Co. Ltd.,Huawei,https://www.huawei.com,Trusted Vendor,Commercial Vendor,China,Active,2026-03-31,2138003CNZLK0ABXL569,"HUAWEI TECHNOLOGIES CO., LTD.",ACTIVE,https://search.gleif.org/#/record/2138003CNZLK0ABXL569,2026-07-11,no_lei,url_needs_review,url_authoritative,,huawei-technologies-co-ltd,,active,,
VND-234,NTT Corporation,NTT,https://www.ntt.com,Trusted Vendor,Commercial Vendor,Japan,Active,2026-03-31,353800A3OOTBUAI4LC36,NIPPON TELEGRAPH AND TELEPHONE CORPORATION,ACTIVE,https://search.gleif.org/#/record/353800A3OOTBUAI4LC36,2026-07-11,no_lei,url_needs_review,url_authoritative,,ntt-corporation,,active,,
VND-235,Samsung SDS Co. Ltd.,Samsung SDS,https://www.samsungsds.com,Trusted Vendor,Commercial Vendor,South Korea,Active,2026-03-31,98450048A8A4WS2F1L35,"Samsung SDS Co., Ltd.",ACTIVE,https://search.gleif.org/#/record/98450048A8A4WS2F1L35,2026-07-11,no_lei,url_needs_review,url_authoritative,,samsung-sds-co-ltd,,active,,
VND-236,Centre for Development of Telematics (C-DOT),C-DOT India,https://www.cdot.in,Government / Standards Body,Government / Standards Body,India,Active,2026-03-31,,,,,2026-07-11,lei_not_applicable,url_authoritative,missing,LEI not applicable: open-source project / government agency / non-profit consortium,centre-for-development-of-telematics-c-dot,,active,,
VND-237,Singapore Telecommunications Ltd.,Singtel,https://www.singtel.com,Trusted Vendor,Commercial Vendor,Singapore,Active,2026-03-31,549300QJQEQ3TE9JF924,Singapore Telecommunications Limited,ACTIVE,https://search.gleif.org/#/record/549300QJQEQ3TE9JF924,2026-07-11,no_lei,url_needs_review,url_authoritative,,singapore-telecommunications-ltd,,active,,
VND-238,Toshiba Research Europe Ltd.,Toshiba Europe,https://www.global.toshiba/ww/products-solutions/security-ict/qkd.html,Trusted Vendor,Commercial Vendor,United Kingdom,Active,2026-03-31,,,,https://search.gleif.org/#/search/entityName=Toshiba%20Research%20Europe%20Ltd.,2026-07-12,no_lei,url_authoritative,url_authoritative,"LEI lookup required: use GLEIF search link in gleif_url | website repointed 2026-08-09: toshiba.eu/pages/eu/Research-and-Development is a soft-404 after a site restructure. Repointed to Toshiba's QKD product page, which is the relevant surface for this catalog.",toshiba-research-europe-ltd,,active,,
VND-239,Eviden SAS (Atos Group),Eviden,https://eviden.com,Trusted Vendor,Commercial Vendor,France,Active,2026-03-31,,,,https://search.gleif.org/#/search/entityName=Eviden%20SAS%20%28Atos%20Group%29,2026-07-12,no_lei,url_needs_review,url_authoritative,LEI lookup required: use GLEIF search link in gleif_url,eviden-sas-atos-group,,active,,
VND-240,Orange S.A.,Orange Business,https://www.orange-business.com,Trusted Vendor,Commercial Vendor,France,Active,2026-03-31,5493001HU79KPOSZWC86,ORANGE FINANCE S.A.,ACTIVE,https://search.gleif.org/#/record/5493001HU79KPOSZWC86,2026-07-11,lei_verified,url_needs_review,url_authoritative,,orange-sa,,active,,
VND-241,secunet Security Networks AG,Secunet,https://www.secunet.com,Trusted Vendor,Commercial Vendor,Germany,Active,2026-03-31,529900T3GKCGNKGQBI57,secunet Security Networks AG,ACTIVE,https://search.gleif.org/#/record/529900T3GKCGNKGQBI57,2026-07-11,no_lei,url_needs_review,url_authoritative,,secunet-security-networks-ag,,active,,
VND-242,Genua GmbH (Bundesdruckerei Group),Genua,https://www.genua.de,Trusted Vendor,Commercial Vendor,Germany,Active,2026-03-31,391200VZWK19DPVBFH68,genua GmbH,ACTIVE,https://search.gleif.org/#/record/391200VZWK19DPVBFH68,2026-07-11,no_lei,url_needs_review,url_authoritative,,genua-gmbh-bundesdruckerei-group,,active,,
VND-243,Vodafone Group Plc,Vodafone,https://www.vodafone.com,Trusted Vendor,Commercial Vendor,United Kingdom,Active,2026-03-31,254900CBJL0MR9RXC408,VODAFONE GROUP PLC ADRHEDGED,ACTIVE,https://search.gleif.org/#/record/254900CBJL0MR9RXC408,2026-07-11,lei_verified,url_needs_review,url_authoritative,,vodafone-group-plc,,active,,
VND-244,HP Inc.,HP Inc.,https://www.hp.com,Trusted Vendor,Commercial Vendor,United States,Partial,2026-03-31,WHKXQACZ14C5XRO8LW03,HP INC.,ACTIVE,https://search.gleif.org/#/record/WHKXQACZ14C5XRO8LW03,2026-07-11,lei_verified,url_needs_review,url_authoritative,,hp-inc,,active,,
VND-245,PowerDNS BV / deSEC e.V.,PowerDNS / deSEC,https://www.powerdns.com,Open Source Community,Open Source Community,Netherlands,Active,2026-03-31,,,,https://search.gleif.org/#/search/entityName=PowerDNS%20BV%20/%20deSEC%20e.V.,2026-07-12,lei_not_applicable,url_needs_review,url_authoritative,LEI lookup required: use GLEIF search link in gleif_url,powerdns-bv-desec-ev,,active,,
VND-246,European Telecommunications Standards Institute (ETSI),ETSI,https://www.etsi.org,Government / Standards Body,Government / Standards Body,France,Active,2026-03-31,,,,,2026-07-11,lei_not_applicable,url_authoritative,missing,LEI not applicable: open-source project / government agency / non-profit consortium,etsi-cyber,,active,,
VND-247,Agence nationale de la sécurité des systèmes d'information (ANSSI),ANSSI,https://www.ssi.gouv.fr,Government / Standards Body,Government / Standards Body,France,Active,2026-03-31,,,,,2026-07-11,lei_not_applicable,url_needs_review,missing,LEI not applicable: open-source project / government agency / non-profit consortium,anssi,,active,,
VND-248,Bundesamt für Sicherheit in der Informationstechnik (BSI),BSI,https://www.bsi.bund.de,Government / Standards Body,Government / Standards Body,Germany,Active,2026-03-31,,,,,2026-07-11,lei_not_applicable,url_authoritative,missing,LEI not applicable: open-source project / government agency / non-profit consortium,bsi,,active,,
VND-249,National Cyber Security Centre (NCSC),NCSC UK,https://www.ncsc.gov.uk,Government / Standards Body,Government / Standards Body,United Kingdom,Active,2026-03-31,,,,,2026-07-11,lei_not_applicable,url_authoritative,missing,LEI not applicable: open-source project / government agency / non-profit consortium,ncsc-uk,,active,,
VND-250,National Security Research Institute (NSRI / NIS),NSRI Korea,https://www.nsr.re.kr,Government / Standards Body,Government / Standards Body,South Korea,Active,2026-03-31,,,,,2026-07-11,lei_not_applicable,url_authoritative,missing,LEI not applicable: open-source project / government agency / non-profit consortium,national-security-research-institute-nsri-nis,,active,,
VND-251,Department of Science and Technology (DST) India,DST India,https://dst.gov.in,Government / Standards Body,Government / Standards Body,India,Active,2026-03-31,,,,,2026-07-11,lei_not_applicable,url_needs_review,missing,LEI not applicable: open-source project / government agency / non-profit consortium,department-of-science-and-technology-dst-india,,active,,
VND-252,curl Project (Daniel Stenberg),curl,https://curl.se,Open Source Community,Open Source Community,Sweden,Active,2026-03-31,,,,,2026-07-11,lei_not_applicable,url_needs_review,missing,LEI not applicable: open-source project / government agency / non-profit consortium,curl-project-daniel-stenberg,,active,,
VND-253,pQCee Inc.,pQCee,https://www.pqcee.com/,Trusted Vendor,Commercial Vendor,United States,Active,2026-04-01,,,,https://search.gleif.org/#/search/entityName=pQCee%20Inc.,2026-07-12,no_lei,url_authoritative,url_authoritative,LEI lookup required: use GLEIF search link in gleif_url,pqcee-inc,,active,,
VND-254,Quantum Xchange Inc.,Quantum Xchange,https://quantumxc.com,Trusted Vendor,Commercial Vendor,United States,Active,2026-04-01,,,,https://search.gleif.org/#/search/entityName=Quantum%20Xchange%20Inc.,2026-07-12,no_lei,url_needs_review,url_authoritative,LEI lookup required: use GLEIF search link in gleif_url,quantum-xchange-inc,,active,,
VND-255,Quantum eMotion Inc.,Quantum eMotion,https://www.quantumemotion.com,Trusted Vendor,Commercial Vendor,Canada,Active,2026-04-01,,,,https://search.gleif.org/#/search/entityName=Quantum%20eMotion%20Inc.,2026-07-12,no_lei,url_needs_review,url_authoritative,LEI lookup required: use GLEIF search link in gleif_url,quantum-emotion-inc,,active,,
VND-256,KiviCore Oy,KiviCore,https://kivicore.com,Trusted Vendor,Commercial Vendor,Germany,Active,2026-04-01,,,,https://search.gleif.org/#/search/entityName=KiviCore%20Oy,2026-07-12,no_lei,url_needs_review,url_authoritative,LEI lookup required: use GLEIF search link in gleif_url,kivicore-oy,,active,,
VND-257,Bank for International Settlements (BIS),BIS,https://www.bis.org,Government / Standards Body,Government / Standards Body,Switzerland,Active,2026-04-01,,,,,2026-07-11,lei_not_applicable,url_needs_review,missing,LEI not applicable: open-source project / government agency / non-profit consortium,bis,,active,,
VND-258,NetSfere (Infinite Convergence Solutions),NetSfere,https://netsfere.com,Trusted Vendor,Commercial Vendor,United States,Active,2026-04-01,,,,https://search.gleif.org/#/search/entityName=NetSfere%20%28Infinite%20Convergence%20Solutions%29,2026-07-12,no_lei,url_needs_review,url_authoritative,LEI lookup required: use GLEIF search link in gleif_url,netsfere-infinite-convergence-solutions,,active,,
VND-259,Cellcrypt Limited,Cellcrypt,https://www.cellcrypt.com,Trusted Vendor,Commercial Vendor,United Kingdom,Active,2026-04-01,,,,https://search.gleif.org/#/search/entityName=Cellcrypt%20Limited,2026-07-12,no_lei,url_needs_review,url_authoritative,LEI lookup required: use GLEIF search link in gleif_url,cellcrypt-limited,,active,,
VND-260,Kiteworks Inc.,Kiteworks,https://kiteworks.com,Trusted Vendor,Commercial Vendor,United States,Partial,2026-04-01,,,,https://search.gleif.org/#/search/entityName=Kiteworks%20Inc.,2026-07-12,no_lei,url_needs_review,url_authoritative,LEI lookup required: use GLEIF search link in gleif_url,kiteworks-inc,,active,,
VND-261,XWiki SAS (CryptPad),CryptPad,https://cryptpad.org,Open Source Foundation,Open Source Foundation,France,Partial,2026-04-01,,,,https://search.gleif.org/#/search/entityName=XWiki%20SAS%20%28CryptPad%29,2026-07-12,lei_not_applicable,url_needs_review,url_authoritative,LEI lookup required: use GLEIF search link in gleif_url,xwiki-sas-cryptpad,,active,,
VND-262,Technology Innovation Institute (TII),TII,https://www.tii.ae,Research Project,Research Project,United Arab Emirates,Active,2026-04-01,,,,https://search.gleif.org/#/search/entityName=Technology%20Innovation%20Institute%20%28TII%29,2026-07-12,lei_not_applicable,url_needs_review,url_authoritative,LEI lookup required: use GLEIF search link in gleif_url,technology-innovation-institute-tii,,active,,
VND-263,Quranium,Quranium,https://www.quranium.org,Blockchain Protocol,Blockchain Protocol,United Arab Emirates,Active,2026-04-01,,,,https://search.gleif.org/#/search/entityName=Quranium,2026-07-12,lei_not_applicable,url_needs_review,url_authoritative,,quranium,,active,,
VND-264,Enquantum Ltd.,Enquantum,https://www.enquantum.com,Trusted Vendor,Commercial Vendor,Israel,Active,2026-04-01,,,,https://search.gleif.org/#/search/entityName=Enquantum%20Ltd.,2026-07-12,no_lei,url_needs_review,url_authoritative,LEI lookup required: use GLEIF search link in gleif_url,enquantum-ltd,,active,,
VND-265,SA QuTI Consortium,SA QuTI,https://saquti.org,Research Project,Research Project,South Africa,Active,2026-04-01,,,,,2026-07-11,lei_not_applicable,url_needs_review,missing,LEI not applicable: open-source project / government agency / non-profit consortium,sa-quti-consortium,,active,,
VND-266,Africa Quantum Consortium,Africa Quantum,https://africaquantum.org,Government / Standards Body,Government / Standards Body,International,Active,2026-04-01,,,,,2026-07-11,lei_not_applicable,url_needs_review,missing,LEI not applicable: open-source project / government agency / non-profit consortium,africa-quantum-consortium,,active,,
VND-267,GSM Association (GSMA),GSMA,https://www.gsma.com,Government / Standards Body,Government / Standards Body,United Kingdom,Active,2026-04-01,,,,,2026-07-11,lei_not_applicable,url_authoritative,missing,LEI not applicable: open-source project / government agency / non-profit consortium,gsma,,active,,
VND-268,Kryotech Software,Kryotech,https://vox-messenger.app,Trusted Vendor,Commercial Vendor,Unknown,Active,2026-04-01,,,,https://search.gleif.org/#/search/entityName=Kryotech%20Software,2026-07-12,no_lei,url_needs_review,url_authoritative,LEI lookup required: use GLEIF search link in gleif_url,kryotech-software,,active,,
VND-269,Kryptus Segurança da Informação S.A.,Kryptus,https://kryptus.com,Trusted Vendor,Commercial Vendor,Brazil,Active,2026-04-01,,,,https://search.gleif.org/#/search/entityName=Kryptus%20Solu%C3%A7%C3%B5es%20em%20TI%20Ltda.,2026-07-12,no_lei,url_needs_review,url_authoritative,"LEI lookup required: use GLEIF search link in gleif_url | vendor_name corrected 2026-07-27 (review-proposals pass): CNPJ lookup (05.761.098/0001-13) confirms real razao social is 'Kryptus Segurança da Informação S.A.' (trade name 'Kryptus Soluções em Segurança da Informação'), not 'Kryptus Soluções em TI Ltda.'. Same company, single CNPJ family (matriz + 1 filial), no separate 'Kryptus TI' entity found. Confirms the 2 queued vendor-candidate items ('Kryptus Seguranca da Informacao S.A.', 'Kryptus') are this same already-registered vendor, not new registrations.",kryptus-solu-es-em-ti-ltda,,active,,
VND-270,FENASBAC (Federation of Brazilian Banks),FENASBAC,https://fenasbac.com.br,Government / Standards Body,Government / Standards Body,Brazil,Active,2026-04-01,,,,,2026-07-11,lei_not_applicable,url_needs_review,missing,LEI not applicable: open-source project / government agency / non-profit consortium,fenasbac-federation-of-brazilian-banks,,active,,
VND-271,Sequre Quantum S.A.,Sequre Quantum,https://sequrequantum.com,Trusted Vendor,Commercial Vendor,Chile,Active,2026-04-01,,,,https://search.gleif.org/#/search/entityName=Sequre%20Quantum%20S.A.,2026-07-12,no_lei,url_needs_review,url_authoritative,LEI lookup required: use GLEIF search link in gleif_url,sequre-quantum-sa,,active,,
VND-272,Government of Chile,Chile Govt,https://www.gob.cl,Government / Standards Body,Government / Standards Body,Chile,Active,2026-04-01,,,,,2026-07-11,lei_not_applicable,url_needs_review,missing,LEI not applicable: open-source project / government agency / non-profit consortium,government-of-chile,,active,,
VND-273,Telefonica S.A.,Telefonica,https://www.telefonica.com,Trusted Vendor,Commercial Vendor,Spain,Active,2026-04-01,549300PXDEUZK6TQE635,TELEFONICA CHILE S.A.,ACTIVE,https://search.gleif.org/#/record/549300PXDEUZK6TQE635,2026-07-11,lei_verified,url_needs_review,url_authoritative,,telefonica-sa,,active,,
VND-274,Saudi Telecom Company (STC),STC,https://www.stc.com.sa,Trusted Vendor,Commercial Vendor,Saudi Arabia,Active,2026-04-01,529900YVWQ2LGAGFFL12,Saudi Telecom Company,ACTIVE,https://search.gleif.org/#/record/529900YVWQ2LGAGFFL12,2026-07-11,no_lei,url_needs_review,url_authoritative,,saudi-telecom-company-stc,,active,,
VND-275,Emirates Telecommunications Group Company (e&),e&,https://eand.com,Trusted Vendor,Commercial Vendor,United Arab Emirates,Active,2026-04-01,4PQUHN3JPFGFNF3BB413,Emirates Telecommunications Group Company PJSC,ACTIVE,https://search.gleif.org/#/record/4PQUHN3JPFGFNF3BB413,2026-07-11,no_lei,url_needs_review,url_authoritative,,emirates-telecommunications-group-company-e,,active,,
VND-276,TUBITAK BILGEM (Turkey),TUBITAK BILGEM,https://en.bilgem.tubitak.gov.tr,Government / Standards Body,Government / Standards Body,Turkey,Active,2026-04-01,,,,https://search.gleif.org/#/search/entityName=TUBITAK%20BILGEM%20%28Turkey%29,2026-07-12,lei_not_applicable,url_needs_review,url_authoritative,LEI lookup required: use GLEIF search link in gleif_url,tubitak-bilgem-turkey,,active,,
VND-277,Turkcell Iletisim Hizmetleri A.S.,Turkcell,https://www.turkcell.com.tr,Trusted Vendor,Commercial Vendor,Turkey,Active,2026-04-01,789000NM7QSPF5U83S46,Turkcell İletişim Hizmetleri A.Ş.,ACTIVE,https://search.gleif.org/#/record/789000NM7QSPF5U83S46,2026-07-11,no_lei,url_needs_review,url_authoritative,,turkcell-iletisim-hizmetleri-as,,active,,
VND-278,Hamad Bin Khalifa University (HBKU),HBKU,https://www.hbku.edu.qa,Research Project,Research Project,Qatar,Active,2026-04-01,,,,https://search.gleif.org/#/search/entityName=Hamad%20Bin%20Khalifa%20University%20%28HBKU%29,2026-07-12,lei_not_applicable,url_needs_review,url_authoritative,LEI lookup required: use GLEIF search link in gleif_url,hamad-bin-khalifa-university-hbku,,active,,
VND-279,African Institute for Mathematical Sciences (AIMS),AIMS,https://qla.aimsric.org,Research Project,Research Project,Pan-Africa,Active,2026-04-01,,,,,2026-07-11,lei_not_applicable,url_needs_review,missing,LEI not applicable: open-source project / government agency / non-profit consortium,african-institute-for-mathematical-sciences-aims,,active,,
VND-280,QuantumCTek Co. Ltd.,QuantumCTek,https://www.quantumctec.com,Trusted Vendor,Commercial Vendor,China,Active,2026-04-01,,,,https://search.gleif.org/#/search/entityName=QuantumCTek%20Co.%20Ltd.,2026-07-12,no_lei,url_authoritative,url_authoritative,LEI lookup required: use GLEIF search link in gleif_url,quantumctek-co-ltd,,active,,
VND-281,China Telecom Corporation Limited,China Telecom,https://www.chinatelecom-h.com,Trusted Vendor,Commercial Vendor,China,Active,2026-04-01,254900IQPUI40WQFZM96,CHINA TELECOM CORPORATION LIMITED,ACTIVE,https://search.gleif.org/#/record/254900IQPUI40WQFZM96,2026-07-11,no_lei,url_needs_review,url_authoritative,,china-telecom-corporation-limited,,active,,
VND-282,ICCS China National Standards,ICCS China,https://www.sac.gov.cn,Government / Standards Body,Government / Standards Body,China,Active,2026-04-01,,,,https://search.gleif.org/#/search/entityName=ICCS%20China%20National%20Standards,2026-07-12,lei_not_applicable,url_needs_review,url_authoritative,LEI lookup required: use GLEIF search link in gleif_url,iccs-china-national-standards,,active,,
VND-283,Toppan Inc.,Toppan,https://www.holdings.toppan.com,Trusted Vendor,Commercial Vendor,Japan,Active,2026-04-01,353800M0D20XNZDXJC93,Toppan Inc.,ACTIVE,https://search.gleif.org/#/record/353800M0D20XNZDXJC93,2026-07-11,no_lei,url_needs_review,url_authoritative,,toppan-inc,,active,,
VND-284,Fujitsu Limited,Fujitsu,https://www.fujitsu.com,Trusted Vendor,Commercial Vendor,Japan,Active,2026-04-01,2549005PLTSWMNK0EV24,Fujitsu New Zealand Limited,ACTIVE,https://search.gleif.org/#/record/2549005PLTSWMNK0EV24,2026-07-11,lei_verified,url_needs_review,url_authoritative,,fujitsu-limited,,active,,
VND-285,NEDO (New Energy and Industrial Technology Development Organization),NEDO,https://www.nedo.go.jp,Government / Standards Body,Government / Standards Body,Japan,Active,2026-04-01,,,,,2026-07-11,lei_not_applicable,url_needs_review,missing,LEI not applicable: open-source project / government agency / non-profit consortium,nedo-new-energy-and-industrial-technology-development-organization,,active,,
VND-286,Chelpis Quantum Corp.,Chelpis,https://www.chelpis.com,Trusted Vendor,Commercial Vendor,Taiwan,Active,2026-04-01,,,,https://search.gleif.org/#/search/entityName=Chelpis%20Quantum%20Corp.,2026-07-12,no_lei,url_needs_review,url_authoritative,LEI lookup required: use GLEIF search link in gleif_url,chelpis-quantum-corp,,active,,
VND-287,SECQAI Inc.,SECQAI,https://www.secqai.com,Trusted Vendor,Commercial Vendor,Taiwan,Active,2026-04-01,,,,https://search.gleif.org/#/search/entityName=SECQAI%20Inc.,2026-07-12,no_lei,url_needs_review,url_authoritative,LEI lookup required: use GLEIF search link in gleif_url,secqai-inc,,active,,
VND-288,Taiwan QSMC Migration Center,QSMC Taiwan,https://www.qsmc.org,Government / Standards Body,Government / Standards Body,Taiwan,Active,2026-04-01,,,,,2026-07-11,lei_not_applicable,url_needs_review,missing,LEI not applicable: open-source project / government agency / non-profit consortium,taiwan-qsmc-migration-center,,active,,
VND-289,"NACSA (National Cyber Security Agency, Malaysia)",NACSA,https://www.cybersecurity.my,Government / Standards Body,Government / Standards Body,Malaysia,Active,2026-04-01,,,,,2026-07-11,lei_not_applicable,url_needs_review,missing,LEI not applicable: open-source project / government agency / non-profit consortium,nacsa-national-cyber-security-agency-malaysia,,active,,
VND-290,BSSN / BSN (Indonesia),BSSN Indonesia,https://bssn.go.id,Government / Standards Body,Government / Standards Body,Indonesia,Active,2026-04-01,,,,,2026-07-11,lei_not_applicable,url_authoritative,missing,LEI not applicable: open-source project / government agency / non-profit consortium,bssn-bsn-indonesia,,active,,
VND-291,Cybernetica AS,Cybernetica,https://cyber.ee,Trusted Vendor,Commercial Vendor,Estonia,Active,2026-04-01,,,,https://search.gleif.org/#/search/entityName=Cybernetica%20AS,2026-07-12,no_lei,url_needs_review,url_authoritative,LEI lookup required: use GLEIF search link in gleif_url,cybernetica-as,,active,,
VND-292,CyberSecurityHub.cz (Czech Republic),CyberSecHub CZ,https://www.cybersecurityhub.cz,Government / Standards Body,Government / Standards Body,Czech Republic,Active,2026-04-01,,,,https://search.gleif.org/#/search/entityName=CyberSecurityHub.cz%20%28Czech%20Republic%29,2026-07-12,lei_not_applicable,url_needs_review,url_authoritative,LEI lookup required: use GLEIF search link in gleif_url,cybersecurityhubcz-czech-republic,,active,,
VND-293,PSNC (Poznan Supercomputing and Networking Center),PSNC,https://www.psnc.pl,Research Project,Research Project,Poland,Active,2026-04-01,,,,,2026-07-11,lei_not_applicable,url_needs_review,missing,LEI not applicable: open-source project / government agency / non-profit consortium,psnc-poznan-supercomputing-and-networking-center,,active,,
VND-294,Government of Spain,Spain Govt,https://www.lamoncloa.gob.es,Government / Standards Body,Government / Standards Body,Spain,Active,2026-04-01,,,,,2026-07-11,lei_not_applicable,url_needs_review,missing,LEI not applicable: open-source project / government agency / non-profit consortium,government-of-spain,,active,,
VND-295,IMDEA Networks Institute,IMDEA Networks,https://networks.imdea.org,Research Project,Research Project,Spain,Active,2026-04-01,,,,,2026-07-11,lei_not_applicable,url_needs_review,missing,LEI not applicable: open-source project / government agency / non-profit consortium,imdea-networks-institute,,active,,
VND-296,Australian Signals Directorate (ASD),ASD Australia,https://www.cyber.gov.au,Government / Standards Body,Government / Standards Body,Australia,Active,2026-04-01,,,,,2026-07-11,lei_not_applicable,url_authoritative,missing,LEI not applicable: open-source project / government agency / non-profit consortium,acsc,,active,,
VND-297,Government Communications Security Bureau (GCSB) New Zealand,GCSB NZ,https://www.nzism.gcsb.govt.nz,Government / Standards Body,Government / Standards Body,New Zealand,Active,2026-04-01,,,,,2026-07-11,lei_not_applicable,url_needs_review,missing,LEI not applicable: open-source project / government agency / non-profit consortium,nzism,,active,,
VND-298,QApp (Russia),QApp,https://qapp.ru,Trusted Vendor,Commercial Vendor,Russia,Partial,2026-04-01,,,,https://search.gleif.org/#/search/entityName=QApp%20%28Russia%29,2026-07-12,no_lei,url_authoritative,url_authoritative,LEI lookup required: use GLEIF search link in gleif_url,qapp-russia,,active,,
VND-299,ICS Holding / Kryptonite (Russia),Kryptonite Russia,https://postquantum.com,Trusted Vendor,Commercial Vendor,Russia,Active,2026-04-01,,,,https://search.gleif.org/#/search/entityName=ICS%20Holding%20/%20Kryptonite%20%28Russia%29,2026-07-12,no_lei,url_needs_review,url_authoritative,LEI lookup required: use GLEIF search link in gleif_url,ics-holding-kryptonite-russia,,active,,
VND-300,EU NIS Cooperation Group,EU NIS Group,https://digital-strategy.ec.europa.eu,Government / Standards Body,Government / Standards Body,European Union,Active,2026-04-01,,,,,2026-07-11,lei_not_applicable,url_needs_review,missing,LEI not applicable: open-source project / government agency / non-profit consortium,ec,,active,,
VND-301,Bradesco S.A. (Banco Bradesco),Bradesco,https://banco.bradesco,Trusted Vendor,Commercial Vendor,Brazil,Partial,2026-04-01,549300CTUU1RFXHQJE44,BANCO BRADESCO S.A.,ACTIVE,https://search.gleif.org/#/record/549300CTUU1RFXHQJE44,2026-07-11,lei_verified,url_needs_review,url_authoritative,,bradesco-sa-banco-bradesco,,active,,
VND-302,getsops (CNCF Sandbox),SOPS / getsops,https://github.com/getsops/sops,Open Source Community,Open Source Community,International,Active,2026-04-16,,,,,2026-07-11,lei_not_applicable,url_authoritative,missing,LEI not applicable: open-source project / government agency / non-profit consortium | Correction 2026-07-30: pqc_commitment normalized 'Yes' -> 'Active' (canonical vocab: Active/Partial/Pending/Unknown; proposals-queue review).,github,,active,,
VND-303,ASUSTOR Inc.,ASUSTOR,https://www.asustor.com,Trusted Vendor,Commercial Vendor,Taiwan,Pending,2026-05-01,,,,,2026-07-12,no_lei,,,,asustor-inc,,active,,
VND-304,"Akamai Technologies, Inc.",Akamai,https://www.akamai.com,Trusted Vendor,Commercial Vendor,United States,Active,2026-05-01,OC1LZNN2LF5WTJ5RIL89,"AKAMAI TECHNOLOGIES, INC.",ACTIVE,https://search.gleif.org/#/record/OC1LZNN2LF5WTJ5RIL89,2026-07-12,lei_verified,,,,akamai-technologies-inc,,active,,
VND-305,Applivery,Applivery,https://www.applivery.com,Trusted Vendor,Commercial Vendor,Spain,Pending,2026-05-01,,,,,2026-07-12,no_lei,,,,applivery,,active,,
VND-306,Fraunhofer Institute for Secure Information Technology (Dyber Project),Dyber (Fraunhofer SIT),https://www.sit.fraunhofer.de,Research Institute,Research/Academic,Germany,Active,2026-05-01,,,,,2026-07-12,no_lei,,,,fraunhofer-institute-for-secure-information-technology-dyber-project,,active,,
VND-307,ETAS GmbH (Robert Bosch subsidiary),ETAS (Bosch),https://www.etas.com,Trusted Vendor,Commercial Vendor,Germany,Active,2026-05-01,,,,,2026-07-12,no_lei,,,,etas-gmbh-robert-bosch-subsidiary,,active,,
VND-308,"Fastly, Inc.",Fastly,https://www.fastly.com,Trusted Vendor,Commercial Vendor,United States,Active,2026-05-01,549300E2FZC83FJ3H565,"FASTLY, INC.",ACTIVE,https://search.gleif.org/#/record/549300E2FZC83FJ3H565,2026-07-12,lei_verified,,,,fastly-inc,,active,,
VND-309,"Forward Networks, Inc.",Forward Networks,https://www.forwardnetworks.com,Trusted Vendor,Commercial Vendor,United States,Pending,2026-05-01,,,,,2026-07-12,no_lei,,,,forward-networks-inc,,active,,
VND-310,Internxt SL,Internxt,https://internxt.com,Trusted Vendor,Commercial Vendor,Spain,Active,2026-05-01,,,,,2026-07-12,no_lei,,,,internxt-sl,,active,,
VND-311,"IronCore Labs, Inc.",IronCore Labs,https://ironcorelabs.com,Trusted Vendor,Commercial Vendor,United States,Active,2026-05-01,,,,,2026-07-12,no_lei,,,,ironcore-labs-inc,,active,,
VND-312,"Netskope, Inc.",Netskope,https://www.netskope.com,Trusted Vendor,Commercial Vendor,United States,Active,2026-05-01,254900CS525VJG6KO570,"NETSKOPE, INC.",ACTIVE,https://search.gleif.org/#/record/254900CS525VJG6KO570,2026-07-12,lei_verified,,,,netskope-inc,,active,,
VND-313,OVH Groupe SA,OVHcloud,https://www.ovhcloud.com,Trusted Vendor,Commercial Vendor,France,Active,2026-05-01,,,,,2026-07-12,no_lei,,,,ovh-groupe-sa,,active,,
VND-314,Opera Limited,Opera,https://www.opera.com,Trusted Vendor,Commercial Vendor,Norway,Pending,2026-05-01,21380026DGSSDN2ZE516,GARSINGTON OPERA LIMITED,ACTIVE,https://search.gleif.org/#/record/21380026DGSSDN2ZE516,2026-07-12,lei_verified,,,,opera-limited,,active,,
VND-315,"PQSecure Technologies, Inc.",PQSecure Technologies,https://pqsecurity.com,Trusted Vendor,Commercial Vendor,United States,Active,2026-05-01,,,,,2026-07-12,no_lei,,,,pqsecure-technologies-inc,,active,,
VND-316,Postfix Project,Postfix Project,https://www.postfix.org,Open Source Community,Open Source Community,International,Active,2026-05-01,,,,,2026-07-12,lei_not_applicable,,,,postfix-project,,active,,
VND-317,Prestige Systems,Prestige Systems,https://prestigesystems.com,Trusted Vendor,Commercial Vendor,International,Pending,2026-05-01,,,,,2026-07-12,no_lei,,,,prestige-systems,,active,,
VND-318,QANplatform,QANplatform,https://qanplatform.com,Trusted Vendor,Commercial Vendor,Hungary,Active,2026-05-01,,,,,2026-07-12,no_lei,,,,qanplatform,,active,,
VND-319,QNu Labs Pvt. Ltd.,QNu Labs,https://www.qnulabs.com,Trusted Vendor,Commercial Vendor,India,Active,2026-05-01,,,,,2026-07-12,no_lei,,,,qnu-labs-pvt-ltd,,active,,
VND-320,Quantropi Inc.,Quantropi,https://www.quantropi.com,Trusted Vendor,Commercial Vendor,Canada,Active,2026-05-01,,,,,2026-07-12,no_lei,,,,quantropi-inc,,active,,
VND-321,Rambus Inc.,Rambus,https://www.rambus.com,Trusted Vendor,Commercial Vendor,United States,Active,2026-05-01,2549000211GDCQSLV833,RAMBUS INC.,ACTIVE,https://search.gleif.org/#/record/2549000211GDCQSLV833,2026-07-12,lei_verified,,,,rambus-inc,,active,,
VND-322,Society for Worldwide Interbank Financial Telecommunication SC,SWIFT,https://www.swift.com,Trusted Vendor,Industry Body,Belgium,Active,2026-05-01,,,,,2026-07-12,no_lei,,,,swift,,active,,
VND-323,Session Technology Foundation,Session Technology Foundation,https://session.foundation,Open Source Community,Foundation,International,Active,2026-05-01,,,,,2026-07-12,no_lei,,,,session-technology-foundation,,active,,
VND-324,SignQuantum,SignQuantum,https://signquantum.com,Trusted Vendor,Commercial Vendor,International,Pending,2026-05-01,,,,,2026-07-12,no_lei,,,,signquantum,,active,,
VND-325,SimpleX Chat Ltd,SimpleX,https://simplex.chat,Trusted Vendor,Commercial Vendor,United Kingdom,Active,2026-05-01,,,,,2026-07-12,no_lei,,,,simplex-chat-ltd,,active,,
VND-326,Spherity GmbH,Spherity,https://spherity.com,Trusted Vendor,Commercial Vendor,Germany,Active,2026-05-01,8945009FTKJ5UNQHLA94,Spherity Gmbh,ACTIVE,https://search.gleif.org/#/record/8945009FTKJ5UNQHLA94,2026-07-12,lei_verified,,,,spherity-gmbh,,active,,
VND-327,Tailscale Inc.,Tailscale,https://tailscale.com,Trusted Vendor,Commercial Vendor,Canada,Active,2026-05-01,64882LUV0271DC8RX087,Tailscale Inc.,ACTIVE,https://search.gleif.org/#/record/64882LUV0271DC8RX087,2026-07-12,lei_verified,,,,tailscale-inc,,active,,
VND-328,"TrustCloud, Inc.",TrustCloud,https://www.trustcloud.ai,Trusted Vendor,Commercial Vendor,United States,Pending,2026-05-01,,,,,2026-07-12,no_lei,,,,trustcloud-inc,,active,,
VND-329,"Versa Networks, Inc.",Versa Networks,https://versa-networks.com,Trusted Vendor,Commercial Vendor,United States,Active,2026-05-01,9845007908K8920F8D73,VERSA NETWORKS INDIA PRIVATE LIMITED,ACTIVE,https://search.gleif.org/#/record/9845007908K8920F8D73,2026-07-12,lei_verified,,,,versa-networks-inc,,active,,
VND-330,WinSCP Project (Martin Prikryl),WinSCP,https://winscp.net,Open Source Community,Open Source Community,Czech Republic,Active,2026-05-01,,,,,2026-07-12,lei_not_applicable,,,,winscp-project-martin-prikryl,,active,,
VND-331,"ZeroTier, Inc.",ZeroTier,https://www.zerotier.com,Trusted Vendor,Commercial Vendor,United States,Active,2026-05-01,,,,,2026-07-12,no_lei,,,,zerotier-inc,,active,,
VND-332,Backbone HQ,backbone-hq,https://backbone.hq,Trusted Vendor,Commercial Vendor,International,Pending,2026-05-01,,,,,2026-07-12,no_lei,,,,backbone-hq,,active,,
VND-333,6WIND SA,6WIND,https://www.6wind.com,Trusted Vendor,Commercial Vendor,France,Active,2026-05-01,,,,,2026-07-12,no_lei,,,,6wind-sa,,active,,
VND-334,Advanced Technology Research Council,ATRC,https://www.atrc.ae,Research Institute,Research/Academic,United Arab Emirates,Active,2026-05-01,,,,,2026-07-12,no_lei,,,,advanced-technology-research-council,,active,,
VND-335,ByteDance Ltd.,ByteDance,https://www.bytedance.com,Trusted Vendor,Commercial Vendor,China,Pending,2026-05-01,54930057HU24VGK3CO92,BYTEDANCE LTD.,ACTIVE,https://search.gleif.org/#/record/54930057HU24VGK3CO92,2026-07-12,lei_verified,,,,bytedance-ltd,,active,,
VND-336,Cybersecurity and Infrastructure Security Agency,CISA,https://www.cisa.gov,Government Agency,Government Agency,United States,Active,2026-05-01,,,,,2026-07-12,no_lei,,,,cisa,,active,,
VND-337,IBM Research,IBM Research,https://research.ibm.com,Research Institute,Research/Academic,United States,Active,2026-05-01,,,,,2026-07-12,no_lei,,,,ibm-research,,active,,
VND-338,Inturai,Inturai,https://inturai.com,Trusted Vendor,Commercial Vendor,International,Pending,2026-05-01,254900BXPP1RS4PCE216,Inturai Ventures Corp.,ACTIVE,https://search.gleif.org/#/record/254900BXPP1RS4PCE216,2026-07-12,lei_verified,,,,inturai,,active,,
VND-339,Landis+Gyr Group AG,Landis+Gyr,https://www.landisgyr.com,Trusted Vendor,Commercial Vendor,Switzerland,Active,2026-05-01,,,,,2026-07-12,no_lei,,,,landis-gyr-group-ag,,active,,
VND-340,MTG AG,MTG AG,https://www.mtg.de,Trusted Vendor,Commercial Vendor,Germany,Active,2026-05-01,,,,,2026-07-12,no_lei,,,,mtg-ag,,active,,
VND-341,Mastercard Incorporated,Mastercard,https://www.mastercard.com,Trusted Vendor,Commercial Vendor,United States,Active,2026-05-01,AR5L2ODV9HN37376R084,MASTERCARD INCORPORATED,ACTIVE,https://search.gleif.org/#/record/AR5L2ODV9HN37376R084,2026-07-12,lei_verified,,,,mastercard-incorporated,,active,,
VND-342,Mozilla Corporation,Mozilla,https://www.mozilla.org,Open Source Community,Foundation,United States,Active,2026-05-01,549300018LTJV5QRVC46,Mozilla Corporation,ACTIVE,https://search.gleif.org/#/record/549300018LTJV5QRVC46,2026-07-12,lei_verified,,,,mozilla,,active,,
VND-343,National Institute of Information and Communications Technology,NICT,https://www.nict.go.jp,Government Agency,Government Agency,Japan,Active,2026-05-01,,,,,2026-07-12,no_lei,,,,national-institute-of-information-and-communications-technology,,active,,
VND-344,PQ Station,PQ Station,https://pqstation.com,Trusted Vendor,Commercial Vendor,International,Pending,2026-05-01,,,,,2026-07-12,no_lei,,,,pqstation,,active,,
VND-345,PacketLight Networks Ltd.,PacketLight Networks,https://www.packetlight.com,Trusted Vendor,Commercial Vendor,Israel,Active,2026-05-01,,,,,2026-07-12,no_lei,,,,packetlight-networks-ltd,,active,,
VND-346,Post-Quantum Ltd,Post-Quantum,https://www.post-quantum.com,Trusted Vendor,Commercial Vendor,United Kingdom,Active,2026-05-01,,,,,2026-07-12,no_lei,,,,post-quantum-ltd,,active,,
VND-347,Renesas Electronics Corporation,Renesas,https://www.renesas.com,Trusted Vendor,Commercial Vendor,Japan,Active,2026-05-01,,,,,2026-07-12,no_lei,,,,renesas-electronics-corporation,,active,,
VND-348,"SK Telecom Co., Ltd.",SK Telecom,https://www.sktelecom.com,Trusted Vendor,Commercial Vendor,South Korea,Active,2026-05-01,,,,,2026-07-12,no_lei,,,,sk-telecom-co-ltd,,active,,
VND-349,SRD Wireless Pte Ltd,SRD Wireless,https://srdwireless.com,Trusted Vendor,Commercial Vendor,Singapore,Pending,2026-05-01,,,,,2026-07-12,no_lei,,,,srd-wireless-pte-ltd,,active,,
VND-350,STV Group a.s.,STV Group,https://www.stvgroup.cz,Trusted Vendor,Commercial Vendor,Czech Republic,Pending,2026-05-01,315700HFM6P9OTOLMU46,STV GROUP a.s.,ACTIVE,https://search.gleif.org/#/record/315700HFM6P9OTOLMU46,2026-07-12,lei_verified,,,,stv-group-as,,active,,
VND-351,SatoshiLabs s.r.o.,SatoshiLabs,https://satoshilabs.com,Trusted Vendor,Commercial Vendor,Czech Republic,Active,2026-05-01,,,,,2026-07-12,no_lei,,,,satoshilabs,,active,,
VND-352,TOPPAN Digital Inc.,TOPPAN Digital,https://www.toppan.com,Trusted Vendor,Commercial Vendor,Japan,Active,2026-05-01,,,,,2026-07-12,no_lei,,,,toppan-digital-inc,,active,,
VND-353,Threema GmbH,Threema AG,https://threema.ch,Trusted Vendor,Commercial Vendor,Switzerland,Active,2026-05-01,,,,,2026-07-12,no_lei,,,,threema-gmbh,,active,,
VND-354,TikTok Pte. Ltd.,TikTok,https://www.tiktok.com,Trusted Vendor,Commercial Vendor,Singapore,Pending,2026-05-01,549300OSM46B8Y8TXZ97,TIKTOK PTE. LTD.,ACTIVE,https://search.gleif.org/#/record/549300OSM46B8Y8TXZ97,2026-07-12,lei_verified,,,,tiktok-pte-ltd,,active,,
VND-355,Trezor Company s.r.o.,Trezor,https://trezor.io,Trusted Vendor,Commercial Vendor,Czech Republic,Active,2026-05-01,3157009C7CTD3LVQLV28,Trezor Company s.r.o.,ACTIVE,https://search.gleif.org/#/record/3157009C7CTD3LVQLV28,2026-07-12,lei_verified,,,,trezor-company-sro,,active,,
VND-356,Veridify Security Inc.,Veridify Security,https://www.veridify.com,Trusted Vendor,Commercial Vendor,United States,Active,2026-05-01,,,,,2026-07-12,no_lei,,,,veridify-security-inc,,active,,
VND-163,Imperva Inc.,Imperva,https://imperva.com,Trusted Vendor,Commercial Vendor,US,Unknown,2026-03-26,549300204GJIBLPF1S81,"IMPERVA, INC.",ACTIVE,https://search.gleif.org/#/record/549300204GJIBLPF1S81,2026-07-12,lei_verified,,,Correction 2026-07-30: pqc_commitment normalized 'None' -> 'Unknown' (canonical vocab: Active/Partial/Pending/Unknown; proposals-queue review).,imperva-inc,,active,,restored from archive 2026-03-26
VND-357,AdGuard,AdGuard,https://adguard-dns.io,Commercial,Commercial Vendor,CY,Unknown,2026-06-02,,AdGuard Software Ltd.,,,2026-07-11,no_lei,url_authoritative,,"Backfilled 2026-06-02 — vendor referenced by catalog but absent from prior vendors CSV. Manual review recommended for LEI, pqc_commitment.",adguard,,active,,
VND-358,Alibaba Cloud,Alibaba Cloud,https://www.alibabacloud.com,Commercial,Commercial Vendor,CN,Unknown,2026-06-02,335800CBOA5D8TCNSQ12,ALIBABA CLOUD (INDIA) LLP,ACTIVE,https://search.gleif.org/#/record/335800CBOA5D8TCNSQ12,2026-07-11,lei_verified,url_authoritative,,"Backfilled 2026-06-02 — vendor referenced by catalog but absent from prior vendors CSV. Manual review recommended for LEI, pqc_commitment.",alibaba-cloud,,active,,
VND-359,American Binary,American Binary,https://www.americanbinary.com,Commercial,Commercial Vendor,US,Unknown,2026-06-02,,American Binary Inc.,,,2026-07-11,no_lei,url_authoritative,,"Backfilled 2026-06-02 — vendor referenced by catalog but absent from prior vendors CSV. Manual review recommended for LEI, pqc_commitment.",american-binary,,active,,
VND-360,Barracuda Networks,Barracuda Networks,https://www.barracuda.com,Commercial,Commercial Vendor,US,Unknown,2026-06-02,549300CXGRZWNMPU8080,"BARRACUDA NETWORKS, INC.",ACTIVE,https://search.gleif.org/#/record/549300CXGRZWNMPU8080,2026-07-11,lei_verified,url_authoritative,,"Backfilled 2026-06-02 — vendor referenced by catalog but absent from prior vendors CSV. Manual review recommended for LEI, pqc_commitment.",barracuda-networks,,active,,
VND-361,Bitvise,Bitvise,https://www.bitvise.com,Commercial,Commercial Vendor,US,Unknown,2026-06-02,,Bitvise Limited,,,2026-07-11,no_lei,url_authoritative,,"Backfilled 2026-06-02 — vendor referenced by catalog but absent from prior vendors CSV. Manual review recommended for LEI, pqc_commitment.",bitvise,,active,,
VND-362,Brave Software,Brave Software,https://brave.com,Commercial,Commercial Vendor,US,Unknown,2026-06-02,,Brave Software Inc.,,,2026-07-11,no_lei,url_authoritative,,"Backfilled 2026-06-02 — vendor referenced by catalog but absent from prior vendors CSV. Manual review recommended for LEI, pqc_commitment.",brave-software,,active,,
VND-363,Broadcom,Broadcom,https://www.broadcom.com,Commercial,Commercial Vendor,US,Unknown,2026-06-02,549300WV6GIDOZJTV909,BROADCOM INC.,ACTIVE,https://search.gleif.org/#/record/549300WV6GIDOZJTV909,2026-07-11,lei_verified,url_authoritative,,"Backfilled 2026-06-02 — vendor referenced by catalog but absent from prior vendors CSV. Manual review recommended for LEI, pqc_commitment.",broadcom,,active,,
VND-364,Cato Networks,Cato Networks,https://www.catonetworks.com,Commercial,Commercial Vendor,IL,Unknown,2026-06-02,,Cato Networks Ltd.,,,2026-07-11,no_lei,url_authoritative,,"Backfilled 2026-06-02 — vendor referenced by catalog but absent from prior vendors CSV. Manual review recommended for LEI, pqc_commitment.",cato-networks,,active,,
VND-365,Caddy Project,Caddy Project,https://caddyserver.com,Open Source,Open Source Foundation,US,Unknown,2026-06-02,,Caddy Project (Light Code Labs),,,2026-07-11,lei_not_applicable,url_authoritative,,"Backfilled 2026-06-02 — vendor referenced by catalog but absent from prior vendors CSV. Manual review recommended for LEI, pqc_commitment.",caddy-project,,active,,
VND-366,Checkmarx,Checkmarx,https://checkmarx.com,Commercial,Commercial Vendor,IL,Unknown,2026-06-02,894500WKI2RI8JBV5I46,Checkmarx Ltd.,ACTIVE,https://search.gleif.org/#/record/894500WKI2RI8JBV5I46,2026-07-11,lei_verified,url_authoritative,,"Backfilled 2026-06-02 — vendor referenced by catalog but absent from prior vendors CSV. Manual review recommended for LEI, pqc_commitment.",checkmarx,,active,,
VND-367,Cohesity,Cohesity,https://www.cohesity.com,Commercial,Commercial Vendor,US,Unknown,2026-06-02,254900JU2GC36CXYYG09,"Cohesity, Inc.",ACTIVE,https://search.gleif.org/#/record/254900JU2GC36CXYYG09,2026-07-11,lei_verified,url_authoritative,,"Backfilled 2026-06-02 — vendor referenced by catalog but absent from prior vendors CSV. Manual review recommended for LEI, pqc_commitment.",cohesity,,active,,
VND-368,Commvault,Commvault,https://www.commvault.com,Commercial,Commercial Vendor,US,Unknown,2026-06-02,335800E7N1W8CK1FTS28,COMMVAULT SYSTEMS (INDIA) PRIVATE LIMITED,ACTIVE,https://search.gleif.org/#/record/335800E7N1W8CK1FTS28,2026-07-11,lei_verified,url_authoritative,,"Backfilled 2026-06-02 — vendor referenced by catalog but absent from prior vendors CSV. Manual review recommended for LEI, pqc_commitment.",commvault,,active,,
VND-369,Dashlane,Dashlane,https://www.dashlane.com,Commercial,Commercial Vendor,US,Unknown,2026-06-02,2549007N5NFEL2F86D77,DASHLANE INVESTMENT CORP.,ACTIVE,https://search.gleif.org/#/record/2549007N5NFEL2F86D77,2026-07-11,lei_verified,url_authoritative,,"Backfilled 2026-06-02 — vendor referenced by catalog but absent from prior vendors CSV. Manual review recommended for LEI, pqc_commitment.",dashlane,,active,,
VND-370,Docker,Docker,https://www.docker.com,Commercial,Commercial Vendor,US,Unknown,2026-06-02,2549000RVI3MXKU6VF93,"DOCKER, INC.",ACTIVE,https://search.gleif.org/#/record/2549000RVI3MXKU6VF93,2026-07-11,lei_verified,url_authoritative,,"Backfilled 2026-06-02 — vendor referenced by catalog but absent from prior vendors CSV. Manual review recommended for LEI, pqc_commitment.",docker,,active,,
VND-371,Red Hat (Dogtag),Red Hat (Dogtag),https://www.dogtagpki.org,Open Source,Open Source Foundation,US,Unknown,2026-06-02,,Red Hat Inc. — Dogtag PKI,,,2026-07-11,lei_not_applicable,url_authoritative,,"Backfilled 2026-06-02 — vendor referenced by catalog but absent from prior vendors CSV. Manual review recommended for LEI, pqc_commitment.",red-hat-dogtag,,active,,
VND-372,Druva,Druva,https://www.druva.com,Commercial,Commercial Vendor,US,Unknown,2026-06-02,3358004LU6X74AM23X39,DRUVA DATA SOLUTIONS PRIVATE LIMITED,ACTIVE,https://search.gleif.org/#/record/3358004LU6X74AM23X39,2026-07-11,lei_verified,url_authoritative,,"Backfilled 2026-06-02 — vendor referenced by catalog but absent from prior vendors CSV. Manual review recommended for LEI, pqc_commitment.",druva,,active,,
VND-373,DuckDuckGo,DuckDuckGo,https://duckduckgo.com,Commercial,Commercial Vendor,US,Unknown,2026-06-02,,DuckDuckGo Inc.,,,2026-07-11,no_lei,url_authoritative,,"Backfilled 2026-06-02 — vendor referenced by catalog but absent from prior vendors CSV. Manual review recommended for LEI, pqc_commitment.",duckduckgo,,active,,
VND-375,FIS,FIS,https://www.fisglobal.com,Commercial,Commercial Vendor,US,Unknown,2026-06-02,81560029553EAADF8406,FIS S.R.L.,ACTIVE,https://search.gleif.org/#/record/81560029553EAADF8406,2026-07-11,lei_verified,url_authoritative,,"Backfilled 2026-06-02 — vendor referenced by catalog but absent from prior vendors CSV. Manual review recommended for LEI, pqc_commitment.",fis,,active,,
VND-376,Forcepoint,Forcepoint,https://www.forcepoint.com,Commercial,Commercial Vendor,US,Unknown,2026-06-02,984500M851BF3AT88380,FORCEPOINT LLC,ACTIVE,https://search.gleif.org/#/record/984500M851BF3AT88380,2026-07-11,lei_verified,url_authoritative,,"Backfilled 2026-06-02 — vendor referenced by catalog but absent from prior vendors CSV. Manual review recommended for LEI, pqc_commitment.",forcepoint,,active,,
VND-377,General Dynamics Mission Systems,General Dynamics Mission Systems,https://gdmissionsystems.com,Commercial,Commercial Vendor,US,Unknown,2026-06-02,,General Dynamics Mission Systems Inc.,,,2026-07-11,no_lei,url_authoritative,,"Backfilled 2026-06-02 — vendor referenced by catalog but absent from prior vendors CSV. Manual review recommended for LEI, pqc_commitment.",general-dynamics-mission-systems,,active,,
VND-378,HHS / OCR,HHS / OCR,https://www.hhs.gov/hipaa,Standards Body,Government,US,Unknown,2026-06-02,,U.S. Department of Health and Human Services (HIPAA),,,2026-07-11,no_lei,url_authoritative,,"Backfilled 2026-06-02 — vendor referenced by catalog but absent from prior vendors CSV. Manual review recommended for LEI, pqc_commitment.",hhs-ocr,,active,,
VND-379,Hewlett Packard Enterprise,Hewlett Packard Enterprise,https://www.hpe.com,Commercial,Commercial Vendor,US,Unknown,2026-06-02,097900CAKA0000227828,"Hewlett Packard Enterprise Slovakia, s.r.o.",ACTIVE,https://search.gleif.org/#/record/097900CAKA0000227828,2026-07-11,lei_verified,url_authoritative,,"Backfilled 2026-06-02 — vendor referenced by catalog but absent from prior vendors CSV. Manual review recommended for LEI, pqc_commitment.",hewlett-packard-enterprise,,active,,
VND-380,Hyland,Hyland,https://www.hyland.com,Commercial,Commercial Vendor,US,Unknown,2026-06-02,2549000TRSLUSOTOGB14,Hyland UK Operations Limited,ACTIVE,https://search.gleif.org/#/record/2549000TRSLUSOTOGB14,2026-07-11,lei_verified,url_authoritative,,"Backfilled 2026-06-02 — vendor referenced by catalog but absent from prior vendors CSV. Manual review recommended for LEI, pqc_commitment.",hyland,,active,,
VND-381,Ivanti,Ivanti,https://www.ivanti.com,Commercial,Commercial Vendor,US,Unknown,2026-06-02,54930055LEVMYB3Y0F23,"IVANTI, INC.",ACTIVE,https://search.gleif.org/#/record/54930055LEVMYB3Y0F23,2026-07-11,lei_verified,url_authoritative,,"Backfilled 2026-06-02 — vendor referenced by catalog but absent from prior vendors CSV. Manual review recommended for LEI, pqc_commitment.",ivanti,,active,,
VND-382,Jamf,Jamf,https://www.jamf.com,Commercial,Commercial Vendor,US,Unknown,2026-06-02,969500CSQXKEIJBP8E81,JAMF CONSEIL,ACTIVE,https://search.gleif.org/#/record/969500CSQXKEIJBP8E81,2026-07-11,lei_verified,url_authoritative,,"Backfilled 2026-06-02 — vendor referenced by catalog but absent from prior vendors CSV. Manual review recommended for LEI, pqc_commitment.",jamf,,active,,
VND-383,JetBrains,JetBrains,https://www.jetbrains.com,Commercial,Commercial Vendor,CZ,Unknown,2026-06-02,8945006FVPAFF8HAWM31,"JETBRAINS AMERICAS, INC.",ACTIVE,https://search.gleif.org/#/record/8945006FVPAFF8HAWM31,2026-07-11,lei_verified,url_authoritative,,"Backfilled 2026-06-02 — vendor referenced by catalog but absent from prior vendors CSV. Manual review recommended for LEI, pqc_commitment.",jetbrains,,active,,
VND-384,Keeper Security,Keeper Security,https://www.keepersecurity.com,Commercial,Commercial Vendor,US,Unknown,2026-06-02,254900Y4NTFKWIPT9X74,"KEEPER SECURITY, INC.",ACTIVE,https://search.gleif.org/#/record/254900Y4NTFKWIPT9X74,2026-07-11,lei_verified,url_authoritative,,"Backfilled 2026-06-02 — vendor referenced by catalog but absent from prior vendors CSV. Manual review recommended for LEI, pqc_commitment.",keeper-security,,active,,
VND-385,Lattice Semiconductor,Lattice Semiconductor,https://www.latticesemi.com,Commercial,Commercial Vendor,US,Unknown,2026-06-02,335800K6FAUTNR9JKP48,LATTICE SEMICONDUCTOR (INDIA) PRIVATE LIMITED,ACTIVE,https://search.gleif.org/#/record/335800K6FAUTNR9JKP48,2026-07-11,lei_verified,url_authoritative,,"Backfilled 2026-06-02 — vendor referenced by catalog but absent from prior vendors CSV. Manual review recommended for LEI, pqc_commitment.",lattice-semiconductor,,active,,
VND-387,Mimecast,Mimecast,https://www.mimecast.com,Commercial,Commercial Vendor,GB,Unknown,2026-06-02,2138005QBMWU9QNIUT46,MIMECAST GERMANY GMBH,ACTIVE,https://search.gleif.org/#/record/2138005QBMWU9QNIUT46,2026-07-11,lei_verified,url_authoritative,,"Backfilled 2026-06-02 — vendor referenced by catalog but absent from prior vendors CSV. Manual review recommended for LEI, pqc_commitment.",mimecast,,active,,
VND-388,MinIO,MinIO,https://min.io,Commercial,Commercial Vendor,US,Unknown,2026-06-02,254900F3WR97FVTL7697,"MINIO, INC.",ACTIVE,https://search.gleif.org/#/record/254900F3WR97FVTL7697,2026-07-11,lei_verified,url_authoritative,,"Backfilled 2026-06-02 — vendor referenced by catalog but absent from prior vendors CSV. Manual review recommended for LEI, pqc_commitment.",minio,,active,,
VND-389,Mozilla,Mozilla,https://www.mozilla.org,Open Source,Open Source Foundation,US,Unknown,2026-06-02,,Mozilla Foundation,,,2026-07-11,lei_not_applicable,url_authoritative,,"Backfilled 2026-06-02 — vendor referenced by catalog but absent from prior vendors CSV. Manual review recommended for LEI, pqc_commitment.",mozilla,,active,,
VND-390,NetApp,NetApp,https://www.netapp.com,Commercial,Commercial Vendor,US,Unknown,2026-06-02,QTX3D84DZDD5JYOCYH15,"NETAPP, INC.",ACTIVE,https://search.gleif.org/#/record/QTX3D84DZDD5JYOCYH15,2026-07-11,lei_verified,url_authoritative,,"Backfilled 2026-06-02 — vendor referenced by catalog but absent from prior vendors CSV. Manual review recommended for LEI, pqc_commitment.",netapp,,active,,
VND-391,Nord Security,Nord Security,https://nordvpn.com,Commercial,Commercial Vendor,LT,Unknown,2026-06-02,,Nord Security UAB,,,2026-07-11,no_lei,url_authoritative,,"Backfilled 2026-06-02 — vendor referenced by catalog but absent from prior vendors CSV. Manual review recommended for LEI, pqc_commitment.",nord-security,,active,,
VND-392,Nutanix,Nutanix,https://www.nutanix.com,Commercial,Commercial Vendor,US,Unknown,2026-06-02,549300X7J6E8TKVIXW09,"Nutanix, Inc.",ACTIVE,https://search.gleif.org/#/record/549300X7J6E8TKVIXW09,2026-07-11,lei_verified,url_authoritative,,"Backfilled 2026-06-02 — vendor referenced by catalog but absent from prior vendors CSV. Manual review recommended for LEI, pqc_commitment.",nutanix,,active,,
VND-393,OpenMLS Project,OpenMLS Project,https://openmls.tech,Open Source,Open Source Foundation,Unknown,Unknown,2026-06-02,,OpenMLS Project (RustCrypto-adjacent),,,2026-07-11,lei_not_applicable,url_authoritative,,"Backfilled 2026-06-02 — vendor referenced by catalog but absent from prior vendors CSV. Manual review recommended for LEI, pqc_commitment.",openmls-project,,active,,
VND-394,OpenPGP.js Project,OpenPGP.js Project,https://openpgpjs.org,Open Source,Open Source Foundation,CH,Unknown,2026-06-02,,OpenPGP.js Project (ProtonMail),,,2026-07-11,lei_not_applicable,url_authoritative,,"Backfilled 2026-06-02 — vendor referenced by catalog but absent from prior vendors CSV. Manual review recommended for LEI, pqc_commitment.",openpgpjs-project,,active,,
VND-395,OpenText,OpenText,https://www.opentext.com,Commercial,Commercial Vendor,CA,Unknown,2026-06-02,,OpenText Corp.,,,2026-07-11,no_lei,url_authoritative,,"Backfilled 2026-06-02 — vendor referenced by catalog but absent from prior vendors CSV. Manual review recommended for LEI, pqc_commitment.",opentext,,active,,
VND-396,Proofpoint,Proofpoint,https://www.proofpoint.com,Commercial,Commercial Vendor,US,Unknown,2026-06-02,529900C5FODDK0WSR085,"Proofpoint, Inc.",ACTIVE,https://search.gleif.org/#/record/529900C5FODDK0WSR085,2026-07-11,lei_verified,url_authoritative,,"Backfilled 2026-06-02 — vendor referenced by catalog but absent from prior vendors CSV. Manual review recommended for LEI, pqc_commitment.",proofpoint,,active,,
VND-397,Pure Storage,Pure Storage,https://www.purestorage.com,Commercial,Commercial Vendor,US,Unknown,2026-06-02,549300VPZ9RXV0H7M510,PURE STORAGE INDIA PRIVATE LIMITED,ACTIVE,https://search.gleif.org/#/record/549300VPZ9RXV0H7M510,2026-07-11,lei_verified,url_authoritative,,"Backfilled 2026-06-02 — vendor referenced by catalog but absent from prior vendors CSV. Manual review recommended for LEI, pqc_commitment.",pure-storage,,active,,
VND-399,Recorded Future,Recorded Future,https://www.recordedfuture.com,Commercial,Commercial Vendor,US,Unknown,2026-06-02,254900HN22339LFUM243,Recorded Future GmbH,ACTIVE,https://search.gleif.org/#/record/254900HN22339LFUM243,2026-07-11,lei_verified,url_authoritative,,"Backfilled 2026-06-02 — vendor referenced by catalog but absent from prior vendors CSV. Manual review recommended for LEI, pqc_commitment.",recorded-future,,active,,
VND-400,Rubrik,Rubrik,https://www.rubrik.com,Commercial,Commercial Vendor,US,Unknown,2026-06-02,254900TRGK2WTBYMYU27,"Rubrik, Inc.",ACTIVE,https://search.gleif.org/#/record/254900TRGK2WTBYMYU27,2026-07-11,lei_verified,url_authoritative,,"Backfilled 2026-06-02 — vendor referenced by catalog but absent from prior vendors CSV. Manual review recommended for LEI, pqc_commitment.",rubrik,,active,,
VND-401,AICPA,AICPA,https://www.aicpa-cima.com,Standards Body,Government,US,Unknown,2026-06-02,,American Institute of Certified Public Accountants (SOC 2),,,2026-07-11,no_lei,url_authoritative,,"Backfilled 2026-06-02 — vendor referenced by catalog but absent from prior vendors CSV. Manual review recommended for LEI, pqc_commitment.",aicpa,,active,,
VND-402,SOTI,SOTI,https://soti.net,Commercial,Commercial Vendor,CA,Unknown,2026-06-02,2594000Y7W5DGXZ7A607,SOTI NATURAL SPÓŁKA Z OGRANICZONĄ ODPOWIEDZIALNOŚCIĄ,ACTIVE,https://search.gleif.org/#/record/2594000Y7W5DGXZ7A607,2026-07-11,lei_verified,url_authoritative,,"Backfilled 2026-06-02 — vendor referenced by catalog but absent from prior vendors CSV. Manual review recommended for LEI, pqc_commitment.",soti,,active,,
VND-403,Scality,Scality,https://www.scality.com,Commercial,Commercial Vendor,FR,Unknown,2026-06-02,,Scality SA,,,2026-07-11,no_lei,url_authoritative,,"Backfilled 2026-06-02 — vendor referenced by catalog but absent from prior vendors CSV. Manual review recommended for LEI, pqc_commitment.",scality,,active,,
VND-404,Signiant,Signiant,https://www.signiant.com,Commercial,Commercial Vendor,US,Unknown,2026-06-02,,Signiant Inc.,,,2026-07-11,no_lei,url_authoritative,,"Backfilled 2026-06-02 — vendor referenced by catalog but absent from prior vendors CSV. Manual review recommended for LEI, pqc_commitment.",signiant,,active,,
VND-405,Surfshark,Surfshark,https://surfshark.com,Commercial,Commercial Vendor,NL,Unknown,2026-06-02,,Surfshark Ltd.,,,2026-07-11,no_lei,url_authoritative,,"Backfilled 2026-06-02 — vendor referenced by catalog but absent from prior vendors CSV. Manual review recommended for LEI, pqc_commitment.",surfshark,,active,,
VND-406,Tor Project,Tor Project,https://www.torproject.org,Open Source,Open Source Foundation,US,Unknown,2026-06-02,,The Tor Project Inc.,,,2026-07-11,lei_not_applicable,url_authoritative,,"Backfilled 2026-06-02 — vendor referenced by catalog but absent from prior vendors CSV. Manual review recommended for LEI, pqc_commitment.",tor-project,,active,,
VND-407,Unisys,Unisys,https://www.unisys.com,Commercial,Commercial Vendor,US,Unknown,2026-06-02,984500F6388Y39F8EA05,UNISYS LIMITED,ACTIVE,https://search.gleif.org/#/record/984500F6388Y39F8EA05,2026-07-11,lei_verified,url_authoritative,,"Backfilled 2026-06-02 — vendor referenced by catalog but absent from prior vendors CSV. Manual review recommended for LEI, pqc_commitment.",unisys,,active,,
VND-408,VanDyke Software,VanDyke Software,https://www.vandyke.com,Commercial,Commercial Vendor,US,Unknown,2026-06-02,,VanDyke Software Inc.,,,2026-07-11,no_lei,url_authoritative,,"Backfilled 2026-06-02 — vendor referenced by catalog but absent from prior vendors CSV. Manual review recommended for LEI, pqc_commitment.",vandyke-software,,active,,
VND-409,Veeam,Veeam,https://www.veeam.com,Commercial,Commercial Vendor,CH,Unknown,2026-06-02,254900JX2S1WAFPQXV33,Veeam Pty Ltd,ACTIVE,https://search.gleif.org/#/record/254900JX2S1WAFPQXV33,2026-07-11,lei_verified,url_authoritative,,"Backfilled 2026-06-02 — vendor referenced by catalog but absent from prior vendors CSV. Manual review recommended for LEI, pqc_commitment.",veeam,,active,,
VND-410,Veracode,Veracode,https://www.veracode.com,Commercial,Commercial Vendor,US,Unknown,2026-06-02,5493003XK9N4EO8MQQ54,"VERACODE, INC.",ACTIVE,https://search.gleif.org/#/record/5493003XK9N4EO8MQQ54,2026-07-11,lei_verified,url_authoritative,,"Backfilled 2026-06-02 — vendor referenced by catalog but absent from prior vendors CSV. Manual review recommended for LEI, pqc_commitment.",veracode,,active,,
VND-411,Veritas,Veritas,https://www.veritas.com,Commercial,Commercial Vendor,US,Unknown,2026-06-02,391200IXKLX6QYF1BB90,Veritas GmbH,ACTIVE,https://search.gleif.org/#/record/391200IXKLX6QYF1BB90,2026-07-11,lei_verified,url_authoritative,,"Backfilled 2026-06-02 — vendor referenced by catalog but absent from prior vendors CSV. Manual review recommended for LEI, pqc_commitment.",veritas,,active,,
VND-412,Vultr,Vultr,https://www.vultr.com,Commercial,Commercial Vendor,US,Unknown,2026-06-02,984500DC873F3B1X4998,VULTR INDIA PRIVATE LIMITED,ACTIVE,https://search.gleif.org/#/record/984500DC873F3B1X4998,2026-07-11,lei_verified,url_authoritative,,"Backfilled 2026-06-02 — vendor referenced by catalog but absent from prior vendors CSV. Manual review recommended for LEI, pqc_commitment.",vultr,,active,,
VND-413,WISeKey,WISeKey,https://wisekey.com,Commercial,Commercial Vendor,CH,Unknown,2026-06-02,,WISeKey International Holding Ltd. (WISeSat),,,2026-07-11,no_lei,url_authoritative,,"Backfilled 2026-06-02 — vendor referenced by catalog but absent from prior vendors CSV. Manual review recommended for LEI, pqc_commitment.",wisekey,,active,,
VND-414,Windscribe,Windscribe,https://windscribe.com,Commercial,Commercial Vendor,CA,Unknown,2026-06-02,,Windscribe Ltd.,,,2026-07-11,no_lei,url_authoritative,,"Backfilled 2026-06-02 — vendor referenced by catalog but absent from prior vendors CSV. Manual review recommended for LEI, pqc_commitment.",windscribe,,active,,
VND-415,Zerto,Zerto,https://www.zerto.com,Commercial,Commercial Vendor,IL,Unknown,2026-06-02,529900AHI2J1ZTWAJ685,Zerto Foundation,ACTIVE,https://search.gleif.org/#/record/529900AHI2J1ZTWAJ685,2026-07-11,lei_verified,url_authoritative,,"Backfilled 2026-06-02 — vendor referenced by catalog but absent from prior vendors CSV. Manual review recommended for LEI, pqc_commitment.",zerto,,active,,
VND-416,Zoom,Zoom,https://zoom.us,Commercial,Commercial Vendor,US,Unknown,2026-06-02,335800WSZXJ8NDA66J30,ZOOM ENTERPRISE,ACTIVE,https://search.gleif.org/#/record/335800WSZXJ8NDA66J30,2026-07-11,lei_verified,url_authoritative,,"Backfilled 2026-06-02 — vendor referenced by catalog but absent from prior vendors CSV. Manual review recommended for LEI, pqc_commitment.",zoom,,active,,
VND-417,ns-3 Project,ns-3 Project,https://www.nsnam.org,Open Source,Open Source Foundation,US,Unknown,2026-06-02,,ns-3 Project (NSNAM Consortium),,,2026-07-11,lei_not_applicable,url_authoritative,,"Backfilled 2026-06-02 — vendor referenced by catalog but absent from prior vendors CSV. Manual review recommended for LEI, pqc_commitment.",ns-3-project,,active,,
VND-418,libtpms Project,libtpms Project,https://github.com/stefanberger/libtpms,Open Source,Open Source Foundation,US,Unknown,2026-06-02,,libtpms Project (Stefan Berger / IBM),,,2026-07-11,lei_not_applicable,url_authoritative,,"Backfilled 2026-06-02 — vendor referenced by catalog but absent from prior vendors CSV. Manual review recommended for LEI, pqc_commitment.",libtpms-project,,active,,
VND-419,pqctoday Project,pqctoday Project,https://github.com/pqctoday-org/pqctoday-tpm,Open Source,Open Source Foundation,US,Unknown,2026-06-02,,pqctoday Project (Eric Amador et al.),,,2026-07-11,lei_not_applicable,url_authoritative,,"Backfilled 2026-06-02 — vendor referenced by catalog but absent from prior vendors CSV. Manual review recommended for LEI, pqc_commitment.",pqctoday-project,,active,,
VND-420,OpenQKD Project,OpenQKD Project,https://openqkd.eu,Open Source,Open Source Foundation,EU,Unknown,2026-06-02,,OpenQKDNetwork Initiative,,,2026-07-11,lei_not_applicable,url_authoritative,,"Backfilled 2026-06-02 — vendor referenced by catalog but absent from prior vendors CSV. Manual review recommended for LEI, pqc_commitment.",openqkd-project,,active,,
VND-421,age Project,age Project,https://age-encryption.org,Open Source,Open Source Foundation,US,Unknown,2026-06-02,,age — File Encryption (Filippo Valsorda),,,2026-07-11,lei_not_applicable,url_authoritative,,"Backfilled 2026-06-02 — vendor referenced by catalog but absent from prior vendors CSV. Manual review recommended for LEI, pqc_commitment.",age-project,,active,,
VND-423,IBM Research (CBOMkit),IBM Research (CBOMkit),https://github.com/IBM/cbomkit,Commercial,Commercial Vendor,US,Unknown,2026-06-02,,IBM Research,,,2026-07-11,no_lei,url_authoritative,,"Backfilled 2026-06-02 — vendor referenced by catalog but absent from prior vendors CSV. Manual review recommended for LEI, pqc_commitment.",ibm-research-cbomkit,,active,,
VND-424,OPA Project,OPA Project,https://www.openpolicyagent.org,Open Source,Open Source Foundation,US,Unknown,2026-06-02,,Open Policy Agent (CNCF),,,2026-07-11,lei_not_applicable,url_authoritative,,"Backfilled 2026-06-02 — vendor referenced by catalog but absent from prior vendors CSV. Manual review recommended for LEI, pqc_commitment.",opa-project,,active,,
VND-425,cdxgen Project,cdxgen Project,https://github.com/CycloneDX/cdxgen,Open Source,Open Source Foundation,US,Unknown,2026-06-02,,cdxgen — OWASP CycloneDX,,,2026-07-11,lei_not_applicable,url_authoritative,,"Backfilled 2026-06-02 — vendor referenced by catalog but absent from prior vendors CSV. Manual review recommended for LEI, pqc_commitment.",cdxgen-project,,active,,
VND-openssl,OpenSSL Project,OpenSSL Project,https://openssl-library.org,Open Source,Open Source Foundation,US,Unknown,2026-06-02,,OpenSSL Foundation Inc.,,,2026-07-11,lei_not_applicable,url_authoritative,,"Backfilled 2026-06-02 — vendor referenced by catalog but absent from prior vendors CSV. Manual review recommended for LEI, pqc_commitment.",openssl-project,,active,,
VND-426,SSH Communications Security,SSH (SSH.COM),https://www.ssh.com,Commercial,Commercial Vendor,FI,Active,2026-06-02,7437007N96FK4N3WHT09,SSH Communications Security Oyj,ACTIVE,https://search.gleif.org/#/record/7437007N96FK4N3WHT09,2026-07-11,lei_verified,url_authoritative,,New vendor added 2026-06-02 to resolve blank vendor_id on catalog product. | Correction 2026-07-30: pqc_commitment normalized 'Yes' -> 'Active' (canonical vocab: Active/Partial/Pending/Unknown; proposals-queue review).,ssh-communications-security,,active,,
VND-427,IVPN,IVPN,https://www.ivpn.net,Commercial,Commercial Vendor,GI,Active,2026-06-02,,Privatus Limited (IVPN),,,2026-07-11,no_lei,url_authoritative,,New vendor added 2026-06-02 to resolve blank vendor_id on catalog product. | Correction 2026-07-30: pqc_commitment normalized 'Yes' -> 'Active' (canonical vocab: Active/Partial/Pending/Unknown; proposals-queue review).,ivpn,,active,,
VND-428,Cryspen,Cryspen,https://cryspen.com,Commercial,Commercial Vendor,DE,Active,2026-06-02,969500V68R4EOSE0MM13,CRYSPEN,ACTIVE,https://search.gleif.org/#/record/969500V68R4EOSE0MM13,2026-07-11,lei_verified,url_authoritative,,New vendor added 2026-06-02 to resolve blank vendor_id on catalog product. | Correction 2026-07-30: pqc_commitment normalized 'Yes' -> 'Active' (canonical vocab: Active/Partial/Pending/Unknown; proposals-queue review).,cryspen,,active,,
VND-429,Trail of Bits,Trail of Bits,https://www.trailofbits.com,Commercial,Commercial Vendor,US,Active,2026-06-02,,Trail of Bits Inc.,,,2026-07-11,no_lei,url_authoritative,,New vendor added 2026-06-02 to resolve blank vendor_id on catalog product. | Correction 2026-07-30: pqc_commitment normalized 'Yes' -> 'Active' (canonical vocab: Active/Partial/Pending/Unknown; proposals-queue review).,trail-of-bits,,active,,
VND-430,InfoSec Global,InfoSec Global,https://www.infosecglobal.com,Commercial,Commercial Vendor,CA,Active,2026-06-02,984500BFA105GF67Y877,INFOSEC GLOBAL INC.,ACTIVE,https://search.gleif.org/#/record/984500BFA105GF67Y877,2026-07-11,lei_verified,url_authoritative,,New vendor added 2026-06-02 to resolve blank vendor_id on catalog product. | Correction 2026-07-30: pqc_commitment normalized 'Yes' -> 'Active' (canonical vocab: Active/Partial/Pending/Unknown; proposals-queue review).,infosec-global,,active,,
VND-431,chrony Project,chrony Project,https://chrony-project.org,Open Source,Open Source Foundation,UK,Partial,2026-06-02,,chrony Project (community),,,2026-07-11,lei_not_applicable,url_authoritative,,New vendor added 2026-06-02 to resolve blank vendor_id on catalog product.,chrony-project,,active,,
VND-432,osslsigncode Project,osslsigncode,https://github.com/mtrojnar/osslsigncode,Open Source,Open Source Foundation,PL,Unknown,2026-06-02,,Michał Trojnar (osslsigncode),,,2026-07-11,lei_not_applicable,url_authoritative,,New vendor added 2026-06-02 to resolve blank vendor_id on catalog product.,osslsigncode-project,,active,,
VND-433,OpenBao (LF Edge),OpenBao,https://openbao.org,Open Source,Open Source Foundation,US,Pending,2026-06-02,,The Linux Foundation (OpenBao project),,,2026-07-11,lei_not_applicable,url_authoritative,,New vendor added 2026-06-02 to resolve blank vendor_id on catalog product. | Correction 2026-07-30: pqc_commitment normalized 'Roadmap' -> 'Pending' (canonical vocab: Active/Partial/Pending/Unknown; proposals-queue review).,openbao-lf-edge,,active,,
VND-434,"A10 Networks, Inc.",A10 Networks,https://www.a10networks.com/,Commercial,Commercial Vendor,US,Active,2026-06-19,549300UQD4IWUML81Q35,"A10 NETWORKS, INC.",ACTIVE,https://search.gleif.org/#/record/549300UQD4IWUML81Q35,2026-07-11,no_lei,url_authoritative,,New vendor added 2026-06-19 (de-dup vendor_id backfill; research confidence=high). Source: https://www.a10networks.com/blog/post-quantum-cryptography-comes-to-a10-ssl-tls-,a10-networks-inc,,active,,
VND-435,ANGELATEK LTD.,ANGELATEK,https://angelatek.com/,Commercial,Commercial Vendor,CA,Active,2026-06-19,,,,,2026-07-11,no_lei,url_unverified,,"New vendor added 2026-06-19 (de-dup vendor_id backfill; research confidence=low). Source: https://angelatek.com/ (SPA shell, no public HQ address; country inferred from C",angelatek-ltd,,active,,
VND-436,archTIS Limited,archTIS,https://www.archtis.com,Commercial,Commercial Vendor,AU,Partial,2026-06-19,529900T2EIKEGIT1U167,ARCHTIS LIMITED,ACTIVE,https://search.gleif.org/#/record/529900T2EIKEGIT1U167,2026-07-11,lei_verified,url_authoritative,,New vendor added 2026-06-19 (de-dup vendor_id backfill; research confidence=high). Source: https://www.archtis.com,archtis-limited,,active,,
VND-437,Arctera US LLC,Arctera,https://www.arctera.io/,Commercial,Commercial Vendor,US,Partial,2026-06-19,98450096BDF5N8E23987,ARCTERA US LLC,ACTIVE,https://search.gleif.org/#/record/98450096BDF5N8E23987,2026-07-11,lei_verified,url_authoritative,,New vendor added 2026-06-19 (de-dup vendor_id backfill; research confidence=high). Source: https://www.arctera.io/homepage,arctera-us-llc,,active,,
VND-438,Ascertia Ltd.,Ascertia,https://www.ascertia.com/,Commercial,Commercial Vendor,GB,Active,2026-06-19,984500C95081B53F3C18,ASCERTIA LIMITED,ACTIVE,https://search.gleif.org/#/record/984500C95081B53F3C18,2026-07-11,no_lei,url_authoritative,,New vendor added 2026-06-19 (de-dup vendor_id backfill; research confidence=high). Source: https://www.ascertia.com/company/about-us/,ascertia-ltd,,active,,
VND-439,CGI Federal Inc.,CGI Federal,https://www.cgi.com/us/en-us/federal,Commercial,Commercial Vendor,US,Partial,2026-06-19,,,,,2026-07-11,no_lei,url_authoritative,,New vendor added 2026-06-19 (de-dup vendor_id backfill; research confidence=high). Source: https://www.cgi.com/us/en-us/federal,cgi-federal-inc,,active,,
VND-440,CipherPlus Pte. Ltd.,CipherPlus,https://www.cipherplus.io/,Commercial,Commercial Vendor,SG,Active,2026-06-19,,,,,2026-07-11,no_lei,url_authoritative,,New vendor added 2026-06-19 (de-dup vendor_id backfill; research confidence=high). Source: https://www.cipherplus.io/,cipherplus-pte-ltd,,active,,
VND-441,"Cloudera, Inc.",Cloudera,https://www.cloudera.com/,Commercial,Commercial Vendor,US,Partial,2026-06-19,549300PGONC4JOI0RG62,"CLOUDERA, INC.",ACTIVE,https://search.gleif.org/#/record/549300PGONC4JOI0RG62,2026-07-11,lei_verified,url_authoritative,,New vendor added 2026-06-19 (de-dup vendor_id backfill; research confidence=high). Source: https://www.cloudera.com/about/locations.html,cloudera-inc,,active,,
VND-442,"Codebat Technologies, Inc.",Codebat,https://codebat.ai/,Commercial,Commercial Vendor,US,Active,2026-06-19,,,,,2026-07-11,no_lei,url_unverified,,New vendor added 2026-06-19 (de-dup vendor_id backfill; research confidence=medium). Source: https://codebat.ai/,codebat-technologies-inc,,active,,
VND-443,CTERA Networks Ltd.,CTERA,https://www.ctera.com/,Commercial,Commercial Vendor,IL,Partial,2026-06-19,,,,,2026-07-11,no_lei,url_authoritative,,New vendor added 2026-06-19 (de-dup vendor_id backfill; research confidence=high). Source: https://www.ctera.com/company/contact-ctera/,ctera-networks-ltd,,active,,
VND-444,CZERTAINLY s.r.o.,CZERTAINLY,https://www.czertainly.com/,Commercial,Commercial Vendor,CZ,Active,2026-06-19,,,,,2026-07-11,no_lei,url_authoritative,,New vendor added 2026-06-19 (de-dup vendor_id backfill; research confidence=high). Source: https://www.czertainly.com/,czertainly-sro,,active,,
VND-445,essendi it GmbH,essendi it,https://www.essendi.de,Commercial,Commercial Vendor,DE,Partial,2026-06-19,,,,,2026-07-11,no_lei,url_authoritative,,New vendor added 2026-06-19 (de-dup vendor_id backfill; research confidence=high). Source: https://www.essendi.de/en/,essendi-it-gmbh,,active,,
VND-446,EVERTRUST SAS,Evertrust,https://evertrust.io/,Commercial,Commercial Vendor,FR,Active,2026-06-19,,,,,2026-07-11,no_lei,url_authoritative,,New vendor added 2026-06-19 (de-dup vendor_id backfill; research confidence=high). Source: https://evertrust.io/,evertrust-sas,,active,,
VND-447,"FortifyIQ, Inc.",FortifyIQ,https://fortifyiq.com,Commercial,Commercial Vendor,US,Active,2026-06-19,,,,,2026-07-11,no_lei,url_authoritative,,New vendor added 2026-06-19 (de-dup vendor_id backfill; research confidence=high). Source: https://fortifyiq.com/company/about-us/,fortifyiq-inc,,active,,
VND-448,HID Global Corporation,HID Global,https://www.hidglobal.com,Commercial,Commercial Vendor,US,Active,2026-06-19,64885HCZKL1955U86C89,HID Global Corporation,ACTIVE,https://search.gleif.org/#/record/64885HCZKL1955U86C89,2026-07-11,lei_verified,url_authoritative,,New vendor added 2026-06-19 (de-dup vendor_id backfill; research confidence=high). Source: https://www.hidglobal.com/contact/corporate-offices,hid-global-corporation,,active,,
VND-449,"HOYE Technology CO., LTD.",Hoye Technology,https://www.hoyetec.com,Commercial,Commercial Vendor,TW,Active,2026-06-19,,,,,2026-07-11,no_lei,url_authoritative,,New vendor added 2026-06-19 (de-dup vendor_id backfill; research confidence=high). Source: https://www.hoyetec.com/en/index.html,hoye-technology-co-ltd,,active,,
VND-450,Kudelski Group,Kudelski,https://www.nagra.com,Commercial,Commercial Vendor,CH,Active,2026-06-19,549300FKTMFFJ0FCTP58,Kudelski S.A.,ACTIVE,https://search.gleif.org/#/record/549300FKTMFFJ0FCTP58,2026-07-11,no_lei,url_authoritative,,New vendor added 2026-06-19 (de-dup vendor_id backfill; research confidence=high). Source: https://www.nagra.com/group/contact,kudelski-group,,active,,
VND-451,"Novachips Co., Ltd.",Novachips,https://www.novachips.com,Commercial,Commercial Vendor,KR,Partial,2026-06-19,,,,,2026-07-11,no_lei,url_authoritative,,New vendor added 2026-06-19 (de-dup vendor_id backfill; research confidence=high). Source: https://www.novachips.com/about_us.shtml,novachips-co-ltd,,active,,
VND-452,Nuvoton Technology Corporation,Nuvoton,https://www.nuvoton.com,Commercial,Commercial Vendor,TW,Partial,2026-06-19,,,,,2026-07-11,no_lei,url_authoritative,,New vendor added 2026-06-19 (de-dup vendor_id backfill; research confidence=high). Source: https://www.nuvoton.com/contact-us/,nuvoton-technology-corporation,,active,,
VND-453,Open Security Research Inc.,Open Security Research,https://www.osr-tech.com/,Commercial,Commercial Vendor,CN,Active,2026-06-19,,,,,2026-07-11,no_lei,url_unverified,,New vendor added 2026-06-19 (de-dup vendor_id backfill; research confidence=medium). Source: https://www.osr-tech.com/,open-security-research-inc,,active,,
VND-454,PUFsecurity Corporation,PUFsecurity,https://www.pufsecurity.com/,Commercial,Commercial Vendor,TW,Active,2026-06-19,,,,,2026-07-11,no_lei,url_authoritative,,New vendor added 2026-06-19 (de-dup vendor_id backfill; research confidence=high). Source: https://www.pufsecurity.com/,pufsecurity-corporation,,active,,
VND-455,Qinvicta,Qinvicta,https://qinvicta.com/,Commercial,Commercial Vendor,US,Active,2026-06-19,,,,,2026-07-11,no_lei,url_authoritative,,New vendor added 2026-06-19 (de-dup vendor_id backfill; research confidence=high). Source: https://qinvicta.com/,qinvicta,,active,,
VND-456,"Quantum Knight, Inc.",Quantum Knight,https://quantumknight.io/,Commercial,Commercial Vendor,US,Active,2026-06-19,,,,,2026-07-11,no_lei,url_authoritative,,New vendor added 2026-06-19 (de-dup vendor_id backfill; research confidence=high). Source: https://quantumknight.io/,quantum-knight-inc,,active,,
VND-457,"Radiant Logic, Inc.",Radiant Logic,https://www.radiantlogic.com/,Commercial,Commercial Vendor,US,Partial,2026-06-19,254900I0ZBCYWSSOO231,"Radiant Logic, Inc.",ACTIVE,https://search.gleif.org/#/record/254900I0ZBCYWSSOO231,2026-07-11,no_lei,url_authoritative,,New vendor added 2026-06-19 (de-dup vendor_id backfill; research confidence=high). Source: https://search.gleif.org/#/record/254900I0ZBCYWSSOO231,radiant-logic-inc,,active,,
VND-458,Realtek Semiconductor Corp.,Realtek,https://www.realtek.com/,Commercial,Commercial Vendor,TW,Partial,2026-06-19,5299002E7F36O00MYY75,Realtek Semiconductor Corporation,ACTIVE,https://search.gleif.org/#/record/5299002E7F36O00MYY75,2026-07-11,no_lei,url_authoritative,,New vendor added 2026-06-19 (de-dup vendor_id backfill; research confidence=high). Source: https://search.gleif.org/#/record/5299002E7F36O00MYY75,realtek-semiconductor-corp,,active,,
VND-459,"Sansec Technology Co., Ltd.",Sansec,https://en.sansec.com.cn,Commercial,Commercial Vendor,CN,Active,2026-06-19,,,,,2026-07-11,no_lei,url_authoritative,,New vendor added 2026-06-19 (de-dup vendor_id backfill; research confidence=high). Source: https://en.sansec.com.cn/About.html,sansec-technology-co-ltd,,active,,
VND-460,"Saviynt, Inc.",Saviynt,https://saviynt.com,Commercial,Commercial Vendor,US,Pending,2026-06-19,984500E9603BB2DG3792,"SAVIYNT, INC.",ACTIVE,https://search.gleif.org/#/record/984500E9603BB2DG3792,2026-07-11,lei_verified,url_authoritative,,New vendor added 2026-06-19 (de-dup vendor_id backfill; research confidence=high). Source: https://saviynt.com/company/about-saviynt,saviynt-inc,,active,,
VND-461,"Shanghai Uni-Sentry Intelligent Technology Co., Ltd.",Uni-Sentry,http://www.uni-sentry.com,Commercial,Commercial Vendor,CN,Active,2026-06-19,,,,,2026-07-11,no_lei,url_authoritative,,New vendor added 2026-06-19 (de-dup vendor_id backfill; research confidence=high). Source: http://www.uni-sentry.com/about/index.html?lang=en,shanghai-uni-sentry-intelligent-technology-co-ltd,,active,,
VND-462,Silvus Technologies,Silvus Technologies,https://silvustechnologies.com,Commercial,Commercial Vendor,US,Partial,2026-06-19,,,,,2026-07-11,no_lei,url_authoritative,,New vendor added 2026-06-19 (de-dup vendor_id backfill; research confidence=high). Source: https://silvustechnologies.com/,silvus-technologies,,active,,
VND-463,"SolarWinds Worldwide, LLC",SolarWinds,https://www.solarwinds.com,Commercial,Commercial Vendor,US,Pending,2026-06-19,54930030N5MKQ6DN3F48,"SOLARWINDS WORLDWIDE, LLC",ACTIVE,https://search.gleif.org/#/record/54930030N5MKQ6DN3F48,2026-07-11,lei_verified,url_authoritative,,New vendor added 2026-06-19 (de-dup vendor_id backfill; research confidence=high). Source: https://search.gleif.org/#/record/54930030N5MKQ6DN3F48,solarwinds-worldwide-llc,,active,,
VND-464,"Synopsys, Inc.",Synopsys,https://www.synopsys.com,Commercial,Commercial Vendor,US,Active,2026-06-19,QG7T915N9S0NY5UKNE63,"SYNOPSYS, INC.",ACTIVE,https://search.gleif.org/#/record/QG7T915N9S0NY5UKNE63,2026-07-11,lei_verified,url_authoritative,,New vendor added 2026-06-19 (de-dup vendor_id backfill; research confidence=high). Source: https://www.synopsys.com/designware-ip/security-ip/cryptography-ip/public-key-ac,synopsys-inc,,active,,
VND-465,Technology Nexus Secured Business Solutions AB,Nexus Group,https://www.nexusgroup.com,Commercial,Commercial Vendor,SE,Partial,2026-06-19,,,,,2026-07-11,no_lei,url_authoritative,,"New vendor added 2026-06-19 (de-dup vendor_id backfill; research confidence=high). Source: https://www.nexusgroup.com (HQ Hagersten/Stockholm, Sweden; identity & PKI secur",technology-nexus-secured-business-solutions-ab,,active,,
VND-466,"Tellabs Enterprise, Inc.",Tellabs,https://www.tellabs.com,Commercial,Commercial Vendor,US,Partial,2026-06-19,,,,,2026-07-11,no_lei,url_unverified,,"New vendor added 2026-06-19 (de-dup vendor_id backfill; research confidence=medium). Source: https://www.tellabs.com (Carrollton, Texas, US, optical/PON networking. GLEIF ha",tellabs-enterprise-inc,,active,,
VND-467,Terra Quantum AG,Terra Quantum,https://terraquantum.swiss,Commercial,Commercial Vendor,CH,Active,2026-06-19,,,,,2026-07-11,no_lei,url_authoritative,,"New vendor added 2026-06-19 (de-dup vendor_id backfill; research confidence=high). Source: https://terraquantum.swiss (HQ St. Gallen, Switzerland; quantum & post-quantum s",terra-quantum-ag,,active,,
VND-468,Trend Micro Inc.,Trend Micro,https://www.trendmicro.com,Commercial,Commercial Vendor,JP,Partial,2026-06-19,3538005O5UJ5RNAGVE16,トレンドマイクロ株式会社 (Trend Micro Incorporated),ACTIVE,https://search.gleif.org/#/record/3538005O5UJ5RNAGVE16,2026-07-11,no_lei,url_authoritative,,"New vendor added 2026-06-19 (de-dup vendor_id backfill; research confidence=high). Source: https://www.trendmicro.com (Global HQ Tokyo, Japan. GLEIF parent entity LEI 3538",trend-micro-inc,,active,,
VND-469,Tutus Data AB,Tutus,https://tutus.se,Commercial,Commercial Vendor,SE,Active,2026-06-19,,,,,2026-07-11,no_lei,url_authoritative,,New vendor added 2026-06-19 (de-dup vendor_id backfill; research confidence=high). Source: https://tutus.se (Swedish supplier of government-approved IT-security/VPN & file,tutus-data-ab,,active,,
VND-470,WiSECURE Technologies Corporation,WiSECURE Technologies,https://www.wisecure-tech.com,Commercial,Commercial Vendor,TW,Active,2026-06-19,,,,,2026-07-11,no_lei,url_authoritative,,"New vendor added 2026-06-19 (de-dup vendor_id backfill; research confidence=high). Source: https://www.wisecure-tech.com (HQ Taipei, Taiwan; HSM / key management vendor, f",wisecure-technologies-corporation,,active,,
VND-471,Centre for Development of Telematics,C-DOT,https://www.cdot.in/,Government / Standards Body,Government / Standards Body,IN,Active,2026-06-19,,,,,2026-07-11,lei_not_applicable,url_authoritative,,New vendor added 2026-06-19 (de-dup vendor_id backfill; Indian govt R&D org). Source: https://www.cdot.in/cdotweb/web/aboutus.php?lang=en,centre-for-development-of-telematics,,deprecated,2026-07-18,"duplicate: VND-236 (Centre for Development of Telematics (C-DOT)) is the canonical record -- same organization, same website (cdot.in). VND-471 was created 2026-06-19 by a de-dup vendor_id backfill that was supposed to consolidate duplicates but created a second active one instead. VND-236 predates it and is cited by 2 catalog products vs VND-471's 1 (now remapped to VND-236 in pqc_product_catalog_07182026.csv)."
VND-472,Sophos Ltd.,Sophos,https://www.sophos.com,Commercial,Commercial Vendor,GB,Partial,2026-06-19,2549005H9NBZS64QSP31,SOPHOS MANAGEMENT LTD,ACTIVE,https://search.gleif.org/#/record/2549005H9NBZS64QSP31,2026-07-11,lei_verified,url_authoritative,,New vendor added 2026-06-19 (residual vendor_id backfill; confidence=high).,sophos-ltd,,active,,
VND-473,SonicWall Inc.,SonicWall,https://www.sonicwall.com,Commercial,Commercial Vendor,US,Partial,2026-06-19,,,,,2026-07-11,no_lei,url_authoritative,,New vendor added 2026-06-19 (residual vendor_id backfill; confidence=high).,sonicwall-inc,,active,,
VND-474,"SailPoint Technologies, Inc.",SailPoint,https://www.sailpoint.com,Commercial,Commercial Vendor,US,Partial,2026-06-19,529900U0N6Y2D8P43A67,"SailPoint Technologies, Inc.",ACTIVE,https://search.gleif.org/#/record/529900U0N6Y2D8P43A67,2026-07-11,lei_verified,url_authoritative,,New vendor added 2026-06-19 (residual vendor_id backfill; confidence=high).,sailpoint-technologies-inc,,active,,
VND-475,Crypto Quantique Ltd.,Crypto Quantique,https://www.cryptoquantique.com,Commercial,Commercial Vendor,GB,Active,2026-06-19,,,,,2026-07-11,no_lei,url_authoritative,,New vendor added 2026-06-19 (residual vendor_id backfill; confidence=high).,crypto-quantique-ltd,,active,,
VND-476,ASUSTeK Computer Inc.,ASUS,https://www.asus.com,Commercial,Commercial Vendor,TW,Partial,2026-06-19,254900B3WB4OGRB7HM13,華碩電腦股份有限公司,ACTIVE,https://search.gleif.org/#/record/254900B3WB4OGRB7HM13,2026-07-11,no_lei,url_authoritative,,New vendor added 2026-06-19 (residual vendor_id backfill; confidence=high).,asustek-computer-inc,,active,,
VND-477,"Code Siren, LLC",Code Siren,https://www.codesiren.com,Commercial,Commercial Vendor,US,Active,2026-06-19,969500TQ2B8O0GIA5K48,LLC,ACTIVE,https://search.gleif.org/#/record/969500TQ2B8O0GIA5K48,2026-07-11,lei_verified,url_authoritative,,New vendor added 2026-06-19 (residual vendor_id backfill; confidence=high).,code-siren-llc,,active,,
VND-478,"EigenQ, Inc.",EigenQ,https://www.eigenq.com,Commercial,Commercial Vendor,US,Active,2026-06-19,,,,,2026-07-11,no_lei,url_authoritative,,New vendor added 2026-06-19 (residual vendor_id backfill; confidence=high).,eigenq-inc,,active,,
VND-479,Shinewave International Inc.,Shinewave,https://www.shinewave.com,Commercial,Commercial Vendor,TW,Unknown,2026-06-19,,,,,2026-07-11,no_lei,url_unverified,,New vendor added 2026-06-19 (residual vendor_id backfill; confidence=medium).,shinewave-international-inc,,active,,
VND-480,Python Cryptographic Authority,Python Cryptographic Authority,https://cryptography.io/,Open Source,Open Source Project,,,2026-07-07,,,,,2026-07-12,no_lei,url_authoritative,,New vendor row added 2026-07-07 to close an orphaned vendor_id reference from the migrate catalog (product row already cited this VND-ID via vendor_name_original but no matching vendor record existed).,python-cryptographic-authority,,active,,
VND-481,Python Software Foundation,Python Software Foundation,https://www.python.org/,Non-Profit,Non-Profit Foundation,United States,,2026-07-07,,,,,2026-07-12,no_lei,url_authoritative,,New vendor row added 2026-07-07 to close an orphaned vendor_id reference from the migrate catalog (product row already cited this VND-ID via vendor_name_original but no matching vendor record existed).,python-software-foundation,,active,,
VND-482,Prometheus Authors (CNCF),Prometheus Authors (CNCF),https://prometheus.io/,Open Source,Open Source Project,,,2026-07-07,,,,,2026-07-12,no_lei,url_authoritative,,New vendor row added 2026-07-07 to close an orphaned vendor_id reference from the migrate catalog (product row already cited this VND-ID via vendor_name_original but no matching vendor record existed).,prometheus-authors-cncf,,active,,
VND-483,Cryptsoft Pty Ltd,Cryptsoft Pty Ltd,https://www.cryptsoft.com/,Commercial,Commercial Vendor,Australia,,2026-07-07,,,,,2026-07-12,no_lei,url_authoritative,,New vendor row added 2026-07-07 to close an orphaned vendor_id reference from the migrate catalog (product row already cited this VND-ID via vendor_name_original but no matching vendor record existed).,cryptsoft-pty-ltd,,active,,
VND-004,Best PQC Intelligent Cybersecurity Ltd.,Best PQC,https://bestpqc.com,Trusted Vendor,Commercial Vendor,China,Active,2026-03-26,,,,https://search.gleif.org/#/search/entityName=Best%20PQC%20Intelligent%20Cybersecurity%20Ltd.,,lei_pending_gleif_lookup,url_needs_review,url_authoritative,LEI lookup required: use GLEIF search link in gleif_url,best-pqc-intelligent-cybersecurity-ltd,,deprecated,2026-07-11,"Website (bestpqc.com) resolves to a registrar parking page (title: ""A Brand New Domain!""), confirmed by deprecation_sweep.py (run deprecation-20260711-1427) and re-verified live before this edit — not a real vendor site."
VND-374,F5,F5,https://www.f5.com,Commercial,Commercial Vendor,US,Unknown,2026-06-02,,F5 Inc.,,,,no_lei,url_authoritative,,"Backfilled 2026-06-02 — vendor referenced by catalog but absent from prior vendors CSV. Manual review recommended for LEI, pqc_commitment.",f5,,deprecated,2026-07-07,"Duplicate of VND-014 (F5 Inc.) -- same company, same website (f5.com), no product currently references this row. Backfilled 2026-06-02 as filler; whatever originally referenced it has since been retagged."
VND-398,QVerse,QVerse,,Commercial,Commercial Vendor,Unknown,Unknown,2026-06-02,,QVerse (Unknown affiliation),,,,no_lei,,,"Backfilled 2026-06-02 — vendor referenced by catalog but absent from prior vendors CSV. Manual review recommended for LEI, pqc_commitment.",qnu-labs-pvt-ltd,,deprecated,2026-07-07,"Duplicate: 'QVerse' is a product of QNu Labs Pvt. Ltd. (VND-319), not an independent vendor. This row was created from the product name itself and has no real company behind it (no website, no LEI)."
VND-484,"Chainguard, Inc.",Chainguard,https://www.chainguard.dev,Commercial,Commercial Vendor,US,Unknown,2026-07-14,,,,https://search.gleif.org/#/search/simpleSearch/Chainguard,2026-07-14,no_lei,url_authoritative,,"Added via vendor registration research 2026-07-14 (ACVP cert A7584 etc., Chainguard FIPS Provider for OpenSSL). GLEIF checked (exact + fuzzy-completions API), no LEI on file. No trusted-sources registry entry exists yet for this vendor — trusted_source_id left blank rather than pointing at a non-resolving id (would fail MP-4); register a proper trusted-sources row separately if warranted.",chainguard-inc,,active,,
VND-485,Thales Trusted Cyber Technologies,Thales Trusted Cyber Technologies,https://www.thalestct.com,Commercial,Commercial Vendor,US,Unknown,2026-07-14,,,,https://search.gleif.org/#/search/simpleSearch/Thales%20Trusted%20Cyber%20Technologies,2026-07-14,no_lei,url_authoritative,,"Added via vendor registration research 2026-07-14. Registered separately from the existing ""Thales Group"" vendor row per explicit user decision — a distinct US business area of Thales Defense & Security, Inc. GLEIF checked (exact + fuzzy-completions), no LEI on file under this name or ""Thales Defense & Security."" No trusted-sources registry entry exists yet for this vendor — trusted_source_id left blank rather than pointing at a non-resolving id (would fail MP-4); register a proper trusted-sources row separately if warranted.",thales-trusted-cyber-technologies,,active,,
VND-486,"Beijing JN TASS Technology Co., Ltd.",Beijing JN TASS Technology,https://www.tass.com.cn,Commercial,Commercial Vendor,CN,Unknown,2026-07-14,,,,https://search.gleif.org/#/search/simpleSearch/Beijing%20JN%20TASS%20Technology,2026-07-14,no_lei,url_authoritative,,"Added via vendor registration research 2026-07-14 (ACVP certs A6959/A6960/A7183, TASS Crypto Engine PQC/LMS + TASS CloudHSM SJJ1528 — all verified genuine directly against NIST CSRC). GLEIF checked (exact + fuzzy + Chinese legal name), no LEI on file. Note: Sansec Technology Co., Ltd. agreed Oct 2024 to acquire 81.82% stake. No trusted-sources registry entry exists yet for this vendor — trusted_source_id left blank rather than pointing at a non-resolving id (would fail MP-4); register a proper trusted-sources row separately if warranted.",beijing-jn-tass-technology,,active,,
VND-487,Geomys LLC,Geomys,https://geomys.org,Commercial,Commercial Vendor,US,Unknown,2026-07-14,,,,https://search.gleif.org/#/search/simpleSearch/Geomys%20LLC,2026-07-14,no_lei,url_authoritative,,"Added via vendor registration research 2026-07-14 (CMVP cert #5247, Go Cryptographic Module, FIPS 140-3, active). Classified Commercial Vendor per user decision — for-profit US LLC, named CMVP certificate holder, though it also self-describes as an open source maintainer collective. GLEIF checked, no LEI on file. No trusted-sources registry entry exists yet for this vendor — trusted_source_id left blank rather than pointing at a non-resolving id (would fail MP-4); register a proper trusted-sources row separately if warranted.",geomys,,active,,
VND-488,Industrial Technology Research Institute (ITRI),ITRI,https://www.itri.org.tw/english/,Research Institute,Research/Academic,TW,Unknown,2026-07-14,,,,https://search.gleif.org/#/search/simpleSearch/Industrial%20Technology%20Research%20Institute,2026-07-14,no_lei,url_authoritative,,"Added via vendor registration research 2026-07-14 (ACVP certs A7682/A7683/A7363, ML-KEM/ML-DSA/SLH-DSA FPGA implementations — all verified genuine directly against NIST CSRC). Government-funded non-profit R&D foundation under Taiwan MOEA; classified Research/Academic per user decision (registry precedent is inconsistent: NSRI=Government/Standards Body, TII=Research Project, Fraunhofer=Research/Academic). GLEIF checked, no LEI on file. No trusted-sources registry entry exists yet for this vendor — trusted_source_id left blank rather than pointing at a non-resolving id (would fail MP-4); register a proper trusted-sources row separately if warranted.",itri,,active,,
VND-489,Dell Technologies Inc.,Dell Technologies,https://www.dell.com,Commercial,Commercial Vendor,US,Unknown,2026-07-14,549300TJB5YBRUPOG437,Dell Technologies Inc.,ACTIVE,https://search.gleif.org/#/record/549300TJB5YBRUPOG437,2026-07-14,lei_verified,url_authoritative,url_authoritative,"Added via vendor registration research 2026-07-14 (ACVP certs A8272/A6943, Dell BSAFE Crypto Module for C v3.1 / for Java, ML-DSA/ML-KEM). NIST's own BSAFE cert records consistently list vendor as ""Dell Australia Pty Limited, BSAFE Product Team"" (no LEI under that name) but per explicit user decision this row registers the real ultimate parent, Dell Technologies Inc., which has a verified LEI (entity ACTIVE, LEI registration renewal LAPSED). No trusted-sources registry entry exists yet for this vendor — trusted_source_id left blank rather than pointing at a non-resolving id (would fail MP-4); register a proper trusted-sources row separately if warranted.",dell-technologies,,active,,
VND-490,Xiphera Ltd.,Xiphera,https://xiphera.com,Commercial,Commercial Vendor,FI,Unknown,2026-07-14,,,,https://search.gleif.org/#/search/simpleSearch/Xiphera,2026-07-14,no_lei,url_authoritative,,"Added via vendor registration research 2026-07-14 (Xiphera XIP6110B ML-KEM hardware IP core). GLEIF checked (exact + ""Xiphera Oy""), no LEI on file.",xiphera,,active,,
VND-491,I4P-informatikai Kft. (I4P Informatics Ltd.),I4P Informatics,https://www.i4p.com,Commercial,Commercial Vendor,HU,Unknown,2026-07-14,,,,https://search.gleif.org/#/search/simpleSearch/I4P%20Informatikai%20Kft,2026-07-14,no_lei,url_authoritative,,"Added via vendor registration research 2026-07-14 (Trident HSM product line, ""Trident version 3.2.3"" per source record). GLEIF checked, no LEI on file. Worth confirming the exact Trident version cited matches I4P's current product line. No trusted-sources registry entry exists yet for this vendor — trusted_source_id left blank rather than pointing at a non-resolving id (would fail MP-4); register a proper trusted-sources row separately if warranted.",i4p-informatikai,,active,,
VND-492,AhP-Tech Inc.,AhP-Tech,https://www.ahptech.com.tw/en/,Commercial,Commercial Vendor,TW,Unknown,2026-07-14,,,,https://search.gleif.org/#/search/simpleSearch/AhP-Tech%20Inc,2026-07-14,no_lei,url_authoritative,,"Added via vendor registration research 2026-07-14 (Ah-Crypto library for AhP-Tech Quantum Computing Cloud Platform, real NIST CAVP FIPS-203/204 validation corroborated via press). GLEIF checked, no LEI on file. No trusted-sources registry entry exists yet for this vendor — trusted_source_id left blank rather than pointing at a non-resolving id (would fail MP-4); register a proper trusted-sources row separately if warranted.",ahp-tech,,active,,
VND-493,"Analog Devices, Inc.",Analog Devices,https://www.analog.com,Commercial,Commercial Vendor,US,Unknown,2026-07-14,GYVOE5EZ4GDAVTU4CQ61,"ANALOG DEVICES, INC.",ACTIVE,https://search.gleif.org/#/record/GYVOE5EZ4GDAVTU4CQ61,2026-07-14,lei_verified,url_authoritative,url_authoritative,"Added via vendor registration research 2026-07-14 (ACVP cert A8344, ""Optical Security (HW)"" v1.0, ML-DSA/ML-KEM — verified genuine directly against NIST CSRC despite an initial false-positive fabrication concern raised during research; confirmed real). Parent entity registered, not a subsidiary (ADI has several regional subsidiary LEIs not used here). No trusted-sources registry entry exists yet for this vendor — trusted_source_id left blank rather than pointing at a non-resolving id (would fail MP-4); register a proper trusted-sources row separately if warranted.",analog-devices,,active,,
VND-494,"Chunghwa Telecom Co., Ltd. Telecommunication Laboratories",Chunghwa Telecom Laboratories,https://www.chttl.com.tw/en/,Commercial,Commercial Vendor,TW,Unknown,2026-07-14,,,,https://search.gleif.org/#/search/simpleSearch/Chunghwa%20Telecom,2026-07-14,no_lei,url_authoritative,,"Added via vendor registration research 2026-07-14 (ACVP cert A7735, HiPKI SafGuard 2000 PQC Library). GLEIF checked (exact + wildcard + fulltext) — no LEI for Chunghwa Telecom itself; do not confuse with unrelated sister entities Chunghwa Post Co. or Chunghwa Picture Tubes, which do have LEIs. No trusted-sources registry entry exists yet for this vendor — trusted_source_id left blank rather than pointing at a non-resolving id (would fail MP-4); register a proper trusted-sources row separately if warranted.",chunghwa-telecom-labs,,active,,
VND-495,"Ctrl IQ, Inc.",CIQ,https://ciq.com,Commercial,Commercial Vendor,US,Unknown,2026-07-14,984500EF4BD079F99B30,"CTRL IQ, INC.",ACTIVE,https://search.gleif.org/#/record/984500EF4BD079F99B30,2026-07-14,lei_verified,url_authoritative,url_authoritative,"Added via vendor registration research 2026-07-14 (Rocky Linux 9 NSS Cryptographic Module, Generic C). No trusted-sources registry entry exists yet for this vendor — trusted_source_id left blank rather than pointing at a non-resolving id (would fail MP-4); register a proper trusted-sources row separately if warranted.",ctrl-iq,,active,,
VND-496,DINAMO Cyber Security Company,DINAMO,https://dinamosec.com,Commercial,Commercial Vendor,BR,Unknown,2026-07-14,,,,https://search.gleif.org/#/search/simpleSearch/Dinamo,2026-07-14,no_lei,url_authoritative,,"Added via vendor registration research 2026-07-14 (ACVP cert A8232, DINAMO Hardware Security Module Cryptographic Library). Registered under current rebranded name per user decision — the underlying NIST cert record and compliance-data.json list the pre-rebrand name ""Dinamo Networks, Inc."" (dinamonetworks.com now 301-redirects to dinamosec.com). GLEIF checked (both names), no LEI on file for either. No trusted-sources registry entry exists yet for this vendor — trusted_source_id left blank rather than pointing at a non-resolving id (would fail MP-4); register a proper trusted-sources row separately if warranted.",dinamo-cyber-security,,active,,
VND-497,"Hangzhou Hikvision Digital Technology Co., Ltd.",Hikvision,https://www.hikvision.com/en/,Commercial,Commercial Vendor,CN,Unknown,2026-07-14,3003000T24CMHQ382Y71,"Hangzhou HIKVISION Digital Technology Co.,Ltd.",ACTIVE,https://search.gleif.org/#/record/3003000T24CMHQ382Y71,2026-07-14,lei_verified,url_authoritative,url_authoritative,"Added via vendor registration research 2026-07-14 (Hikvision FIPS Provider). Do not confuse with separate subsidiary LEIs (Hikvision Singapore/Poland — lapsed, India/Hong Kong — active) that also exist in GLEIF. No trusted-sources registry entry exists yet for this vendor — trusted_source_id left blank rather than pointing at a non-resolving id (would fail MP-4); register a proper trusted-sources row separately if warranted.",hikvision,,active,,
VND-498,"AT&T Enterprises, LLC",AT&T Business,https://www.business.att.com,Commercial,Commercial Vendor,US,Unknown,2026-07-14,254900BOOH55HZ1NF803,"AT&T Enterprises, LLC",ACTIVE,https://search.gleif.org/#/record/254900BOOH55HZ1NF803,2026-07-14,lei_verified,url_authoritative,url_authoritative,"Added via vendor registration research 2026-07-14 (Quantum Resilient SD-WAN with Cisco). Registered as AT&T Enterprises, LLC (LEI verified) rather than the holding-company parent ""AT&T Inc."" or the dissolved ""AT&T Corp."" — regulatory filings confirm AT&T Corp. merged into AT&T Enterprises, LLC effective 2024-05-01 as successor-in-interest for AT&T Business enterprise network services, the real operating entity behind this product.",att-enterprises,,active,,
VND-499,KU Leuven COSIC,COSIC (KU Leuven),https://www.esat.kuleuven.be/cosic/,Research Project,Research Project,Belgium,Active,2026-07-15,,,,,2026-07-15,lei_not_applicable,url_authoritative,,"Added via proposals-queue review 2026-07-15 (ML-DSA-OSH open-source hardware implementation). COSIC (Computer Security and Industrial Cryptography) is a KU Leuven research group; academic research project, not a commercial entity -- LEI not applicable per the TII/HBKU/AIMS precedent.",ku-leuven-cosic,,active,,
VND-500,JISA Softech Private Limited,JISA Softech Private Limited,https://jisasoftech.com,Vendor,Commercial Vendor,IN,,2026-07-27,894500ZMA99WE9LSOM08,,,https://search.gleif.org/#/record/894500ZMA99WE9LSOM08,2026-07-27,,,,,jisa-softech-private-limited,,active,,
VND-501,Singlewire Software,Singlewire Software,https://singlewire.com,Vendor,Commercial Vendor,US,,2026-07-27,254900T7ZZPCPQWC7A35,,,https://search.gleif.org/#/record/254900T7ZZPCPQWC7A35,2026-07-27,,,,,singlewire-software,,active,,
VND-502,Gigamon Inc.,Gigamon Inc.,https://gigamon.com,Vendor,Commercial Vendor,US,,2026-07-27,5493000R61KI7LN11029,,,https://search.gleif.org/#/record/5493000R61KI7LN11029,2026-07-27,,,,,gigamon-inc,,active,,
VND-503,Vector Informatik GmbH,Vector Informatik GmbH,https://vector.com,Vendor,Commercial Vendor,DE,,2026-07-27,529900WI6TGC61FLJM76,,,https://search.gleif.org/#/record/529900WI6TGC61FLJM76,2026-07-27,,,,,vector-informatik-gmbh,,active,,
VND-504,Kaseya US LLC,Kaseya US LLC,https://kaseya.com,Vendor,Commercial Vendor,US,,2026-07-27,254900MISXMLRZ63NH46,,,https://search.gleif.org/#/record/254900MISXMLRZ63NH46,2026-07-27,,,,,kaseya-us-llc,,active,,
VND-505,KIOXIA Corporation,KIOXIA Corporation,https://kioxia.com,Vendor,Commercial Vendor,JP,,2026-07-27,35380080RTKRARNH4R73,,,https://search.gleif.org/#/record/35380080RTKRARNH4R73,2026-07-27,,,,,kioxia-corporation,,active,,
VND-506,N-able Technologies Inc.,N-able Technologies Inc.,https://n-able.com,Vendor,Commercial Vendor,US,,2026-07-27,254900A8E99QCJOGAZ34,,,https://search.gleif.org/#/record/254900A8E99QCJOGAZ34,2026-07-27,,,,,n-able-technologies-inc,,active,,
VND-507,Minimus,Minimus,https://minimus.io,Vendor,Commercial Vendor,US,,2026-07-27,9845003AB44AK9577A28,,,https://search.gleif.org/#/record/9845003AB44AK9577A28,2026-07-27,,,,,minimus,,active,,
VND-508,Cloudian Inc.,Cloudian Inc.,https://cloudian.com,Vendor,Commercial Vendor,US,,2026-07-27,,,,,,,,,,cloudian-inc,,active,,
VND-509,Secure-IC,Secure-IC,https://secure-ic.com,Vendor,Commercial Vendor,FR,,2026-07-27,,,,,,,,,,secure-ic,,active,,
VND-510,Kloudfuse Inc,Kloudfuse Inc,https://kloudfuse.com,Vendor,Commercial Vendor,US,,2026-07-27,,,,,,,,,,kloudfuse-inc,,active,,
VND-511,"HYCU, Inc.","HYCU, Inc.",https://hycu.com,Vendor,Commercial Vendor,US,,2026-07-27,,,,,,,,,,hycu-inc,,active,,
VND-512,ExeQuantum,ExeQuantum,https://exequantum.com,Vendor,Commercial Vendor,,,2026-07-27,,,,,,,,,,exequantum,,active,,
VND-513,ITE Tech. Inc.,ITE Tech. Inc.,https://ite.com.tw,Vendor,Commercial Vendor,TW,,2026-07-27,,,,,,,,,,ite-tech-inc,,active,,
VND-514,Jmem Technology,Jmem Technology,https://jmemtech.com,Vendor,Commercial Vendor,,,2026-07-27,,,,,,,,,,jmem-technology,,active,,
VND-515,Higher Ground LLC,Higher Ground LLC,https://highergroundcomms.com,Vendor,Commercial Vendor,US,,2026-07-27,,,,,,,,,,higher-ground-llc,,active,,
VND-516,SecureMachines,SecureMachines,https://securemachines.io,Vendor,Commercial Vendor,,,2026-07-27,,,,,,,,,,securemachines,,active,,
VND-517,Universidad Carlos III de Madrid,Universidad Carlos III de Madrid,https://uc3m.es,Research Project,Research Project,ES,,2026-07-27,959800YGD08ZKV5GZH46,,,https://search.gleif.org/#/record/959800YGD08ZKV5GZH46,2026-07-27,,,,,universidad-carlos-iii-de-madrid,,active,,
VND-518,OpenJDK,OpenJDK,https://openjdk.org,Open Source Foundation,Open Source Foundation,,,2026-07-27,,,,,,,,,,openjdk,,active,,
VND-519,Quantum Corporation,Quantum Corporation,https://quantum.com,Vendor,Commercial Vendor,US,,2026-07-27,5493007210175UIK7S88,,,https://search.gleif.org/#/record/5493007210175UIK7S88,2026-07-27,,,,,quantum-corporation,,active,,
VND-520,Post-Quantum Cryptography Alliance,Post-Quantum Cryptography Alliance,https://pqca.org,Open Source Foundation,Open Source Foundation,,,2026-07-27,,,,,,,,,,post-quantum-cryptography-alliance,,active,,
VND-521,Quantum Secure Encryption Corp.,Quantum Secure Encryption Corp.,https://quantumsecureencryption.com,Vendor,Commercial Vendor,,,2026-07-27,,,,,,,,,,quantum-secure-encryption-corp,,active,,
VND-522,GlobalFoundries U.S. Inc.,GlobalFoundries U.S. Inc.,https://gf.com,Vendor,Commercial Vendor,US,,2026-07-27,549300JKUAJDUQK5P850,,,https://search.gleif.org/#/record/549300JKUAJDUQK5P850,2026-07-27,,,,,globalfoundries-u-s-inc,,active,,
VND-523,Gopher Security,Gopher Security,https://gopher.security,Vendor,Commercial Vendor,,,2026-07-27,,,,,,,,,,gopher-security,,active,,
VND-524,Korea Telecom Corporation,Korea Telecom Corporation,https://kt.com,Vendor,Commercial Vendor,KR,,2026-07-27,,,,,,,,,,korea-telecom-corporation,,active,,
VND-525,OneSpan Inc.,OneSpan Inc.,https://onespan.com,Vendor,Commercial Vendor,US,,2026-07-27,984500E502E6DC354D26,,,https://search.gleif.org/#/record/984500E502E6DC354D26,2026-07-27,,,,,onespan-inc,,active,,
VND-526,Sigstore,Sigstore,https://sigstore.dev,Open Source Foundation,Open Source Foundation,,,2026-07-27,,,,,,,,,,sigstore,,active,,
VND-527,European Space Agency,European Space Agency,https://esa.int,Government / Standards Body,Government / Standards Body,FR,,2026-07-27,,,,,,,,,,european-space-agency,,active,,
VND-528,Quantum Brilliance Pty Ltd,Quantum Brilliance Pty Ltd,https://quantumbrilliance.com,Vendor,Commercial Vendor,AU,,2026-07-27,,,,,,,,,,quantum-brilliance-pty-ltd,,active,,
VND-529,PQnet Project,PQnet Project,https://github.com/pdb0102/PQnet,Open Source Community,Open Source Community,International,,2026-07-31,,,,,,,,,,pqnet-project,,active,,
VND-530,CryptoScan Project,CryptoScan Project,https://github.com/csnp/cryptoscan,Open Source Community,Open Source Community,International,,2026-07-31,,,,,,,,,,cryptoscan-project,,active,,
VND-531,QPKI Project,QPKI Project,https://github.com/qpki/qpki,Open Source Community,Open Source Community,International,,2026-07-31,,,,,,,,,,qpki-project,,active,,
VND-532,libbitcoinpqc Project,libbitcoinpqc Project,https://github.com/cryptoquick/libbitcoinpqc,Open Source Community,Open Source Community,International,,2026-07-31,,,,,,,,,,libbitcoinpqc-project,,active,,
VND-533,Input Output Global,Input Output Global,https://iohk.io,Private,,,,2026-08-16,,,,,,,,,,input-output-global,,active,,
VND-534,Safe Ecosystem Foundation,Safe Ecosystem Foundation,https://safe.global,Foundation,,,,2026-08-16,,,,,,,,,,safe-ecosystem-foundation,,active,,
VND-535,Codegic,Codegic,https://codegic.com,Trusted Vendor,Commercial Vendor,PK,,2026-08-18,,,,,,,,,,codegic,,active,,
VND-536,"Zhengzhou Xinda Yimi Technology Co., Ltd.","Zhengzhou Xinda Yimi Technology Co., Ltd.",,Trusted Vendor,Commercial Vendor,CN,,2026-08-18,,,,,,,,,,zhengzhou-xinda-yimi-technology-co-ltd,,active,,
VND-537,Anvil Secure,Anvil Secure,https://anvilsecure.com,,Commercial Vendor,,,2026-08-27,,,,,,,,,,anvil-secure,,active,,
VND-538,CipherIQ,CipherIQ,https://cipheriq.com,,Commercial Vendor,,,2026-08-27,,,,,,,,,,cipheriq,,active,,
VND-539,Symbolic Software,Symbolic Software,https://symbolic.software,,Commercial Vendor,,,2026-08-27,,,,,,,,,,symbolic-software,,active,,
VND-540,Connect2id,Connect2id,https://connect2id.com,,Commercial Vendor,,,2026-08-27,,,,,,,,,,connect2id,,active,,
VND-541,Shanghai Jiao Tong University,Shanghai Jiao Tong University,https://sjtu.edu.cn,,Research/Academic,,,2026-08-27,,,,,,,,,,shanghai-jiao-tong-university,,active,,
VND-542,Brian Campbell,Brian Campbell,https://bitbucket.org/b_c/jose4j,,Open Source Community,,,2026-08-27,,,,,,,,,,brian-campbell,,active,,
VND-543,José Padilla,José Padilla,https://github.com/jpadilla/pyjwt,,Open Source Community,,,2026-08-27,,,,,,,,,,jos-padilla,,active,,
VND-544,Jeff Forcier,Jeff Forcier,https://github.com/paramiko/paramiko,,Open Source Community,,,2026-08-27,,,,,,,,,,jeff-forcier,,active,,
VND-545,Ron Frederick,Ron Frederick,https://github.com/ronf/asyncssh,,Open Source Community,,,2026-08-27,,,,,,,,,,ron-frederick,,active,,
VND-546,Classic McEliece Team,Classic McEliece Team,https://classic.mceliece.org/,,Research Project,,,2026-08-27,,,,,,,,,,classic-mceliece-team,,active,,
VND-547,Falcon Team,Falcon Team,https://falcon-sign.info/,,Research Project,,,2026-08-27,,,,,,,,,,falcon-team,,active,,
VND-548,HAWK Team,HAWK Team,https://hawk-sign.info/,,Research Project,,,2026-08-27,,,,,,,,,,hawk-team,,active,,
VND-549,SPHINCS+ Team,SPHINCS+ Team,https://github.com/sphincs/sphincsplus,,Research Project,,,2026-08-27,,,,,,,,,,sphincs-team,,active,,
VND-550,XMSS Reference Team,XMSS Reference Team,https://github.com/XMSS/xmss-reference,,Research Project,,,2026-08-27,,,,,,,,,,xmss-reference-team,,active,,
VND-551,Citadel Protocol,Citadel Protocol,https://github.com/citadel-protocol/citadel_pqcrypto,,Open Source Community,,,2026-08-27,,,,,,,,,,citadel-protocol,,active,,
VND-552,KpqC,KpqC,,,Government / Standards Body,,,2026-08-27,,,,,,,,,,kpqc,,active,,
VND-553,Tencent,Tencent,https://pqc.tencent.com,Corporate,,VG,,2026-09-07,254900IBOVBXR6X04V66,,,https://search.gleif.org/#/record/254900IBOVBXR6X04V66,2026-09-07,,,,,tencent,,active,,
